sample,size_bin,draw,ROGUE
GSM4138110,625,0,0.9044878598455504
GSM4138110,625,1,0.9058143512206895
GSM4138110,625,2,0.9060586767708346
GSM4138110,625,3,0.9052323382642361
GSM4138110,625,4,0.9052434120804547
GSM4138110,625,5,0.9061521536607939
GSM4138110,625,6,0.9061219655025732
GSM4138110,625,7,0.9063792336174494
GSM4138110,625,8,0.9060543043911135
GSM4138110,625,9,0.9028516155264845
GSM4138110,25,0,1.0
GSM4138110,25,1,0.9877469333453621
GSM4138110,25,2,0.9901908807209365
GSM4138110,25,3,0.9843391085712946
GSM4138110,25,4,0.9560328423873808
GSM4138110,25,5,0.9862011022489273
GSM4138110,25,6,0.992258379864511
GSM4138110,25,7,0.9568867408803801
GSM4138110,25,8,0.9806211905044574
GSM4138110,25,9,0.9822692552963818
GSM4138111,175,0,0.6886990274747619
GSM4138111,175,1,0.6925957775694622
GSM4138111,175,2,0.6707066140732376
GSM4138111,175,3,0.694600597918347
GSM4138111,175,4,0.674536724161175
GSM4138111,175,5,0.6688172134747743
GSM4138111,175,6,0.7036778009196348
GSM4138111,175,7,0.709945523322387
GSM4138111,175,8,0.6706990857732703
GSM4138111,175,9,0.6605797500064488
GSM4138111,200,0,0.698456638812213
GSM4138111,200,1,0.6582566225646432
GSM4138111,200,2,0.6890699359050458
GSM4138111,200,3,0.7009143786440368
GSM4138111,200,4,0.6988673391782749
GSM4138111,200,5,0.6649576178133
GSM4138111,200,6,0.7098399820770871
GSM4138111,200,7,0.6689752263298708
GSM4138111,200,8,0.6598204183192047
GSM4138111,200,9,0.6774889654966257
GSM4138111,75,0,0.7807066551647036
GSM4138111,75,1,0.8379676292384426
GSM4138111,75,2,0.7932758823537358
GSM4138111,75,3,0.7804815672350209
GSM4138111,75,4,0.8000966728576016
GSM4138111,75,5,0.7430182106973005
GSM4138111,75,6,0.7598643995025521
GSM4138111,75,7,0.803715356425462
GSM4138111,75,8,0.8223128025860705
GSM4138111,75,9,0.8147939623431881
GSM4138112,350,0,0.8693690244501016
GSM4138112,350,1,0.8756503664934917
GSM4138112,350,2,0.8773011375729722
GSM4138112,350,3,0.8726386325349125
GSM4138112,350,4,0.875440788041579
GSM4138112,350,5,0.8790696024253624
GSM4138112,350,6,0.8728300339084242
GSM4138112,350,7,0.8725179827682134
GSM4138112,350,8,0.8798834965096585
GSM4138112,350,9,0.8769479145687176
GSM4138112,25,0,0.9496075622814292
GSM4138112,25,1,0.9663652193831482
GSM4138112,25,2,0.9693386751585176
GSM4138112,25,3,0.9605137261978484
GSM4138112,25,4,0.9490513458138018
GSM4138112,25,5,0.959447935324011
GSM4138112,25,6,0.9742959987353855
GSM4138112,25,7,0.981518043465144
GSM4138112,25,8,0.9680026608997377
GSM4138112,25,9,0.9594514316792097
GSM4138113,100,0,0.7786201400973752
GSM4138113,100,1,0.7737210374443791
GSM4138113,100,2,0.7509690994461709
GSM4138113,100,3,0.7563135311638338
GSM4138113,100,4,0.7551700239260677
GSM4138113,100,5,0.7776653361515921
GSM4138113,100,6,0.7868299405828033
GSM4138113,100,7,0.7438811019609295
GSM4138113,100,8,0.7319077919468342
GSM4138113,100,9,0.773384223379098
GSM4138113,50,0,0.7996567699221507
GSM4138113,50,1,0.8074953886573668
GSM4138113,50,2,0.8187165347817313
GSM4138113,50,3,0.8329958379936142
GSM4138113,50,4,0.8302160505905889
GSM4138113,50,5,0.8611461608041036
GSM4138113,50,6,0.8589722511009961
GSM4138113,50,7,0.8286439815638194
GSM4138113,50,8,0.8266355417829139
GSM4138113,50,9,0.8914459178151811
GSM4138114,350,0,0.8858730024363667
GSM4138114,350,1,0.8860496564955199
GSM4138114,350,2,0.8836846907396746
GSM4138114,350,3,0.8861357890149046
GSM4138114,350,4,0.8857941417284232
GSM4138114,350,5,0.8840836815740057
GSM4138114,350,6,0.8867428696173958
GSM4138114,350,7,0.8862720267046541
GSM4138114,350,8,0.8841146824901283
GSM4138114,350,9,0.8846071296333876
GSM4138115,75,0,0.8515285196781244
GSM4138115,75,1,0.8217833116165827
GSM4138115,75,2,0.8390999799120317
GSM4138115,75,3,0.8232959780950868
GSM4138115,75,4,0.8435096780799083
GSM4138115,75,5,0.8368063813386069
GSM4138115,75,6,0.8218647437812044
GSM4138115,75,7,0.854890126479122
GSM4138115,75,8,0.8513055457261651
GSM4138115,75,9,0.845000295120207
GSM4138115,125,0,0.7636479552596726
GSM4138115,125,1,0.7646473149201708
GSM4138115,125,2,0.7851388330442711
GSM4138115,125,3,0.7634981448683098
GSM4138115,125,4,0.7632618060812483
GSM4138115,125,5,0.7860995045904708
GSM4138115,125,6,0.7704176869736235
GSM4138115,125,7,0.7586137840395921
GSM4138115,125,8,0.7561082576994363
GSM4138115,125,9,0.7609516448231355
GSM4138115,25,0,0.9578038355484906
GSM4138115,25,1,0.9608974824567417
GSM4138115,25,2,0.9509144830130065
GSM4138115,25,3,0.9699396434277225
GSM4138115,25,4,0.9542055480469339
GSM4138115,25,5,0.972622831499572
GSM4138115,25,6,0.9872899863036828
GSM4138115,25,7,0.9428015605808046
GSM4138115,25,8,0.9619446768741906
GSM4138115,25,9,1.0
GSM4138116,700,0,0.9223071828038439
GSM4138116,700,1,0.9220338338667746
GSM4138116,700,2,0.9226125292007742
GSM4138116,700,3,0.9217918126613787
GSM4138116,700,4,0.9214985373993411
GSM4138116,700,5,0.9246370425544189
GSM4138116,700,6,0.9218443068980193
GSM4138116,700,7,0.9218229837452538
GSM4138116,700,8,0.9227580129546973
GSM4138116,700,9,0.9220016619002931
GSM4138117,175,0,0.747620897820957
GSM4138117,175,1,0.7187408874602582
GSM4138117,175,2,0.6869358357029435
GSM4138117,175,3,0.7088387650200959
GSM4138117,175,4,0.7263085849619946
GSM4138117,175,5,0.7079563237353685
GSM4138117,175,6,0.7375904688694699
GSM4138117,175,7,0.7065358149115849
GSM4138117,175,8,0.6974902593657542
GSM4138117,175,9,0.7167769578932555
GSM4138117,200,0,0.7238462845309466
GSM4138117,200,1,0.714941896965973
GSM4138117,200,2,0.7028317277565892
GSM4138117,200,3,0.7042865829657002
GSM4138117,200,4,0.7053746904044362
GSM4138117,200,5,0.7244204570446652
GSM4138117,200,6,0.7057087442736909
GSM4138117,200,7,0.72429862501278
GSM4138117,200,8,0.7098661417611072
GSM4138117,200,9,0.7357653125973088
GSM4138117,25,0,0.9268079989252456
GSM4138117,25,1,0.9290277403003249
GSM4138117,25,2,0.9589093920785261
GSM4138117,25,3,0.9411193825991432
GSM4138117,25,4,0.9035844916845025
GSM4138117,25,5,0.9178686710135948
GSM4138117,25,6,0.945588213670291
GSM4138117,25,7,0.9215383265814678
GSM4138117,25,8,0.8606276117244328
GSM4138117,25,9,0.9458578923704242
GSM4138119,50,0,0.8133149427042724
GSM4138119,50,1,0.7722099775961816
GSM4138119,50,2,0.8135636497809811
GSM4138119,50,3,0.7570224954520915
GSM4138119,50,4,0.799110713661441
GSM4138119,50,5,0.8058515337368105
GSM4138119,50,6,0.7503307680189419
GSM4138119,50,7,0.8433643930816744
GSM4138119,50,8,0.792265466365345
GSM4138119,50,9,0.8290965864703477
GSM4138119,75,0,0.6834941629025202
GSM4138119,75,1,0.7254914574865223
GSM4138119,75,2,0.6887563860095783
GSM4138119,75,3,0.7390293051278074
GSM4138119,75,4,0.6665817859432144
GSM4138119,75,5,0.6796215251972668
GSM4138119,75,6,0.7332198936484691
GSM4138119,75,7,0.7191639564599028
GSM4138119,75,8,0.6942837824740574
GSM4138119,75,9,0.7258569384657312
GSM4138120,600,0,0.8438325034715738
GSM4138120,600,1,0.8454785874538795
GSM4138120,600,2,0.8438278278824853
GSM4138120,600,3,0.8432372643042606
GSM4138120,600,4,0.8446583304357279
GSM4138120,600,5,0.8434550790346816
GSM4138120,600,6,0.845524991431645
GSM4138120,600,7,0.8449038281620961
GSM4138120,600,8,0.8435801718688499
GSM4138120,600,9,0.8464195996666848
GSM4138121,50,0,0.7574828163854692
GSM4138121,50,1,0.7375877726496506
GSM4138121,50,2,0.7691558156989615
GSM4138121,50,3,0.7924195322647891
GSM4138121,50,4,0.7645826554450383
GSM4138121,50,5,0.7920063939126918
GSM4138121,50,6,0.793465565939293
GSM4138121,50,7,0.7960159043606316
GSM4138121,50,8,0.753420830489888
GSM4138121,50,9,0.7602552640145952
GSM4138121,150,0,0.6184551788253769
GSM4138121,150,1,0.6281303088955019
GSM4138121,150,2,0.6571742016182603
GSM4138121,150,3,0.6386317282281304
GSM4138121,150,4,0.6405957632510686
GSM4138121,150,5,0.6401008530760868
GSM4138121,150,6,0.6333589038033807
GSM4138121,150,7,0.6440745616002789
GSM4138121,150,8,0.6473069732694428
GSM4138121,150,9,0.6472343693895449
GSM4138121,25,0,0.8683659338910378
GSM4138121,25,1,0.853142263767975
GSM4138121,25,2,0.9503482833905386
GSM4138121,25,3,0.9240064394495998
GSM4138121,25,4,0.8556982560965839
GSM4138121,25,5,0.8945095083151915
GSM4138121,25,6,0.8335197085712213
GSM4138121,25,7,0.8621395369960139
GSM4138121,25,8,0.903769389159943
GSM4138121,25,9,0.9087549466793485
GSM4138122,550,0,0.882146823580509
GSM4138122,550,1,0.882779045665177
GSM4138122,550,2,0.8778843383595112
GSM4138122,550,3,0.8830969924552499
GSM4138122,550,4,0.8829311341978034
GSM4138122,550,5,0.8827097143015148
GSM4138122,550,6,0.8840309628922465
GSM4138122,550,7,0.8845489100430587
GSM4138122,550,8,0.8817532151642283
GSM4138122,550,9,0.8825544438275422
GSM4138122,25,0,0.9863940205206712
GSM4138122,25,1,0.9902585985971527
GSM4138122,25,2,0.9825032857214423
GSM4138122,25,3,0.981390729310679
GSM4138122,25,4,0.984264378639892
GSM4138122,25,5,1.0
GSM4138122,25,6,0.9824764630138438
GSM4138122,25,7,0.9537458582159317
GSM4138122,25,8,0.9825422434451544
GSM4138122,25,9,0.9768534944527244
GSM4138123,25,0,0.8719920713146785
GSM4138123,25,1,0.8835330515786202
GSM4138123,25,2,0.8940212885663552
GSM4138123,25,3,0.8691024011509404
GSM4138123,25,4,0.8862885474232381
GSM4138123,25,5,0.8943264398773847
GSM4138123,25,6,0.8950900412143414
GSM4138123,25,7,0.8318079442062848
GSM4138123,25,8,0.8572927085404759
GSM4138123,25,9,0.9030386226603151
GSM4138123,600,0,0.6830021250038683
GSM4138123,600,1,0.6717866514702381
GSM4138123,600,2,0.6806987738792306
GSM4138123,600,3,0.6780429924001246
GSM4138123,600,4,0.6789798748591933
GSM4138123,600,5,0.6763775110119651
GSM4138123,600,6,0.6775231530768111
GSM4138123,600,7,0.6749055643013406
GSM4138123,600,8,0.6725317033519316
GSM4138123,600,9,0.6748037319079875
GSM4138123,50,0,0.7512158165785555
GSM4138123,50,1,0.768265415028695
GSM4138123,50,2,0.8138728484248019
GSM4138123,50,3,0.7497756404193192
GSM4138123,50,4,0.7977457576128868
GSM4138123,50,5,0.7696928514340933
GSM4138123,50,6,0.7873687935725412
GSM4138123,50,7,0.8394706212963823
GSM4138123,50,8,0.7860374166051252
GSM4138123,50,9,0.7638203687254401
GSM4138125,175,0,0.7217663078191402
GSM4138125,175,1,0.7281923447720617
GSM4138125,175,2,0.7253070562222238
GSM4138125,175,3,0.7197926623105296
GSM4138125,175,4,0.7267676639582841
GSM4138125,175,5,0.6945096620263517
GSM4138125,175,6,0.7042745509074069
GSM4138125,175,7,0.7466601652108583
GSM4138125,175,8,0.7706033739046276
GSM4138125,175,9,0.7267802081218011
GSM4138125,425,0,0.7090122433502732
GSM4138125,425,1,0.7032965206951688
GSM4138125,425,2,0.710526235378181
GSM4138125,425,3,0.7118556105716443
GSM4138125,425,4,0.7211293929702052
GSM4138125,425,5,0.7128457967268633
GSM4138125,425,6,0.6946036240074176
GSM4138125,425,7,0.7033763347599706
GSM4138125,425,8,0.7058654000765988
GSM4138125,425,9,0.702453781228052
GSM4138126,750,0,0.9547207391243546
GSM4138126,750,1,0.9542908432917656
GSM4138126,750,2,0.9539137662328367
GSM4138126,750,3,0.9538840358848754
GSM4138126,750,4,0.9537482940814416
GSM4138126,750,5,0.9551201711172049
GSM4138126,750,6,0.9542181787386523
GSM4138126,750,7,0.9542500530823596
GSM4138126,750,8,0.9538520499139675
GSM4138126,750,9,0.9543329689500974
GSM4138127,175,0,0.773156105375074
GSM4138127,175,1,0.7523479941700196
GSM4138127,175,2,0.7389606913975092
GSM4138127,175,3,0.7782865476597824
GSM4138127,175,4,0.7455900809155643
GSM4138127,175,5,0.7839412092400265
GSM4138127,175,6,0.7659682428262263
GSM4138127,175,7,0.7814142758689091
GSM4138127,175,8,0.765545326447578
GSM4138127,175,9,0.7718401717744594
GSM4138127,325,0,0.7265882906904123
GSM4138127,325,1,0.7239194860601255
GSM4138127,325,2,0.7215790874222854
GSM4138127,325,3,0.721353125003918
GSM4138127,325,4,0.7163069650148017
GSM4138127,325,5,0.7237950082282845
GSM4138127,325,6,0.726849045529204
GSM4138127,325,7,0.7014991772817503
GSM4138127,325,8,0.7198051677299037
GSM4138127,325,9,0.7315634931203003
GSM4138127,25,0,0.9785641799396846
GSM4138127,25,1,0.9728149163385593
GSM4138127,25,2,0.9781543386287395
GSM4138127,25,3,0.9693027358073382
GSM4138127,25,4,0.9257671575426196
GSM4138127,25,5,0.9663128879094967
GSM4138127,25,6,0.9410829696617095
GSM4138127,25,7,0.9153224865448772
GSM4138127,25,8,0.9429371658235141
GSM4138127,25,9,0.9398576844449794
GSM4138128,550,0,0.8835857881461663
GSM4138128,550,1,0.883532575220478
GSM4138128,550,2,0.8827198629767582
GSM4138128,550,3,0.8829262316077408
GSM4138128,550,4,0.8816207400455123
GSM4138128,550,5,0.8817374830135857
GSM4138128,550,6,0.8825998691867316
GSM4138128,550,7,0.8843064660275342
GSM4138128,550,8,0.8826969792896713
GSM4138128,550,9,0.8845364963678853
GSM4138128,25,0,0.9578137320032336
GSM4138128,25,1,0.9645311773453332
GSM4138128,25,2,0.9587362785598915
GSM4138128,25,3,0.9594489528642742
GSM4138128,25,4,0.9890904819908171
GSM4138128,25,5,0.9655967339780155
GSM4138128,25,6,0.9538636707124382
GSM4138128,25,7,0.9740434450300139
GSM4138128,25,8,1.0
GSM4138128,25,9,0.966050052100464
GSM4138129,100,0,0.7952570320417183
GSM4138129,100,1,0.7984439521413755
GSM4138129,100,2,0.7580786515057851
GSM4138129,100,3,0.7930179342805002
GSM4138129,100,4,0.7921126685651279
GSM4138129,100,5,0.8071171623667687
GSM4138129,100,6,0.7735486358182988
GSM4138129,100,7,0.8094428045975778
GSM4138129,100,8,0.768331921948494
GSM4138129,100,9,0.7652838812061021
GSM4138129,175,0,0.7161350537370088
GSM4138129,175,1,0.7134026338005846
GSM4138129,175,2,0.7240445639770117
GSM4138129,175,3,0.7110860280954872
GSM4138129,175,4,0.7068170740916546
GSM4138129,175,5,0.6956596036664089
GSM4138129,175,6,0.7450139575852495
GSM4138129,175,7,0.7257831507233437
GSM4138129,175,8,0.7274315656973076
GSM4138129,175,9,0.7216455121229018
GSM4138129,25,0,0.9618403851261447
GSM4138129,25,1,1.0
GSM4138129,25,2,0.8946153449139134
GSM4138129,25,3,0.9399859840379323
GSM4138129,25,4,0.9002294939500187
GSM4138129,25,5,0.8598596167464879
GSM4138129,25,6,0.9615525243681258
GSM4138129,25,7,0.8769496903024758
GSM4138129,25,8,0.8795862228038807
GSM4138129,25,9,0.9416040808151845
GSM4138130,575,0,0.9012238479694736
GSM4138130,575,1,0.9001941162225784
GSM4138130,575,2,0.8988402959161067
GSM4138130,575,3,0.9010612036460035
GSM4138130,575,4,0.897636368690905
GSM4138130,575,5,0.9047014769877377
GSM4138130,575,6,0.9026017835835747
GSM4138130,575,7,0.89712382190582
GSM4138130,575,8,0.8981277100315406
GSM4138130,575,9,0.8981261347773997
GSM4138130,25,0,0.9863775442968625
GSM4138130,25,1,0.9865621080799353
GSM4138130,25,2,0.9871172856305588
GSM4138130,25,3,0.9696087799297833
GSM4138130,25,4,0.9653914855710122
GSM4138130,25,5,0.9835597640883946
GSM4138130,25,6,1.0
GSM4138130,25,7,0.9876664646373576
GSM4138130,25,8,0.9695222675130836
GSM4138130,25,9,0.9769303613503583
GSM4138131,150,0,0.7459323318956685
GSM4138131,150,1,0.7641557593536318
GSM4138131,150,2,0.7420579117755217
GSM4138131,150,3,0.73880708937566
GSM4138131,150,4,0.7354740360934375
GSM4138131,150,5,0.7413423721945015
GSM4138131,150,6,0.7526870953817442
GSM4138131,150,7,0.7176596112550886
GSM4138131,150,8,0.751214108876851
GSM4138131,150,9,0.7465475741902805
GSM4138131,575,0,0.6868645304264984
GSM4138131,575,1,0.6877435259289448
GSM4138131,575,2,0.7060604730844877
GSM4138131,575,3,0.691627165247666
GSM4138131,575,4,0.6946564599483807
GSM4138131,575,5,0.6960610690864729
GSM4138131,575,6,0.6920617340721781
GSM4138131,575,7,0.695644278480036
GSM4138131,575,8,0.6853359764971174
GSM4138131,575,9,0.6902927235743022
GSM4138131,125,0,0.7389040364916952
GSM4138131,125,1,0.749668330132824
GSM4138131,125,2,0.7566391847192162
GSM4138131,125,3,0.7160627149737999
GSM4138131,125,4,0.7594178920875386
GSM4138131,125,5,0.7709360926417609
GSM4138131,125,6,0.7215861080854575
GSM4138131,125,7,0.7250309143451761
GSM4138131,125,8,0.7528881199452833
GSM4138131,125,9,0.7523866714461678
GSM4138133,100,0,0.7884046709866506
GSM4138133,100,1,0.8074877730937676
GSM4138133,100,2,0.8023385768820228
GSM4138133,100,3,0.7943324308590815
GSM4138133,100,4,0.8016739267038597
GSM4138133,100,5,0.8234486701910491
GSM4138133,100,6,0.8117105389006458
GSM4138133,100,7,0.805737463052721
GSM4138133,100,8,0.8206381086611115
GSM4138133,100,9,0.7950117138700064
GSM4138133,275,0,0.7561853344215996
GSM4138133,275,1,0.7479145043079616
GSM4138133,275,2,0.7628416745500732
GSM4138133,275,3,0.7580791601266206
GSM4138133,275,4,0.7620010134004711
GSM4138133,275,5,0.766128402373186
GSM4138133,275,6,0.7545459897143488
GSM4138133,275,7,0.7514821606645837
GSM4138133,275,8,0.7603065503433007
GSM4138133,275,9,0.7566674600644802
GSM4138133,25,0,0.8503514390740918
GSM4138133,25,1,0.9196334487562196
GSM4138133,25,2,0.8875415247960672
GSM4138133,25,3,0.9339929757076103
GSM4138133,25,4,0.9009280675815179
GSM4138133,25,5,0.8844919536521502
GSM4138133,25,6,0.9156170070854803
GSM4138133,25,7,0.915825514372252
GSM4138133,25,8,0.8468776826523695
GSM4138133,25,9,0.9172000833168258
GSM4138134,1225,0,0.9511450173056524
GSM4138134,1225,1,0.9514025847137044
GSM4138134,1225,2,0.9513793207176614
GSM4138134,1225,3,0.9516624645994022
GSM4138134,1225,4,0.9513908430713574
GSM4138134,1225,5,0.9514451202345684
GSM4138134,1225,6,0.9504232249017697
GSM4138134,1225,7,0.9520852386227812
GSM4138134,1225,8,0.9512768313567648
GSM4138134,1225,9,0.95081295504707
GSM4138134,25,0,0.971455748615751
GSM4138134,25,1,0.9885148195466067
GSM4138134,25,2,0.9786245879070373
GSM4138134,25,3,0.9838091799313682
GSM4138134,25,4,0.9723590478170304
GSM4138134,25,5,0.9836401155809027
GSM4138134,25,6,0.9877919418163045
GSM4138134,25,7,0.9735300365481916
GSM4138134,25,8,0.9833662844222958
GSM4138134,25,9,0.9732919531126879
GSM4138135,150,0,0.7375892986536734
GSM4138135,150,1,0.7377096669369315
GSM4138135,150,2,0.7264239586072463
GSM4138135,150,3,0.7220441242938299
GSM4138135,150,4,0.7178343462120148
GSM4138135,150,5,0.7152494913642681
GSM4138135,150,6,0.7289161623352509
GSM4138135,150,7,0.7442340142125268
GSM4138135,150,8,0.7325159213611623
GSM4138135,150,9,0.7070442945909394
GSM4138135,775,0,0.6773779454632711
GSM4138135,775,1,0.676822456852241
GSM4138135,775,2,0.6765227543537065
GSM4138135,775,3,0.6743735730904081
GSM4138135,775,4,0.6775673361681009
GSM4138135,775,5,0.6740095628496958
GSM4138135,775,6,0.6735533671813778
GSM4138135,775,7,0.6771903885779657
GSM4138135,775,8,0.6764518421351795
GSM4138135,775,9,0.6696519051105789
GSM4138135,25,0,0.932319736365074
GSM4138135,25,1,0.9247112287557796
GSM4138135,25,2,0.9408614972802887
GSM4138135,25,3,0.8877617168643402
GSM4138135,25,4,0.9456467081260913
GSM4138135,25,5,0.8995532073383431
GSM4138135,25,6,0.9514915554485545
GSM4138135,25,7,0.8773469542117915
GSM4138135,25,8,0.9429833694225128
GSM4138135,25,9,1.0
GSM4138137,125,0,0.7810844605810414
GSM4138137,125,1,0.8237802439768834
GSM4138137,125,2,0.7963524579904091
GSM4138137,125,3,0.8174648334236975
GSM4138137,125,4,0.8145644786565409
GSM4138137,125,5,0.799594780172978
GSM4138137,125,6,0.7870856065308793
GSM4138137,125,7,0.779239017390688
GSM4138137,125,8,0.8097580652659419
GSM4138137,125,9,0.8158254693290622
GSM4138137,650,0,0.7457418431304308
GSM4138137,650,1,0.7550483880988931
GSM4138137,650,2,0.745606282398144
GSM4138137,650,3,0.7503311543213173
GSM4138137,650,4,0.7492029781999251
GSM4138137,650,5,0.7381798198138558
GSM4138137,650,6,0.7486910886648914
GSM4138137,650,7,0.7554211548234778
GSM4138137,650,8,0.7625663257738768
GSM4138137,650,9,0.751841457365495
GSM4138138,575,0,0.9044943398501407
GSM4138138,575,1,0.9029818746494912
GSM4138138,575,2,0.9040655238455418
GSM4138138,575,3,0.9040337853253033
GSM4138138,575,4,0.9042013618747141
GSM4138138,575,5,0.9048042770959075
GSM4138138,575,6,0.9047364650874055
GSM4138138,575,7,0.903584678223054
GSM4138138,575,8,0.9046958871759333
GSM4138138,575,9,0.9031492101243099
GSM4138139,200,0,0.6590661610679379
GSM4138139,200,1,0.6748875023295444
GSM4138139,200,2,0.6449859889338039
GSM4138139,200,3,0.6632014515839937
GSM4138139,200,4,0.6453890060774309
GSM4138139,200,5,0.6833543751049489
GSM4138139,200,6,0.6964803228453825
GSM4138139,200,7,0.6933989455632779
GSM4138139,200,8,0.6660371261019188
GSM4138139,200,9,0.6946386709740193
GSM4138139,550,0,0.638114933360753
GSM4138139,550,1,0.6359731119261152
GSM4138139,550,2,0.6323054828738668
GSM4138139,550,3,0.6374014799675567
GSM4138139,550,4,0.626822657329847
GSM4138139,550,5,0.6326109710713915
GSM4138139,550,6,0.6406800958668517
GSM4138139,550,7,0.6391796162195778
GSM4138139,550,8,0.6283770320345711
GSM4138139,550,9,0.6392906979318077
GSM4138139,25,0,0.9476889124550645
GSM4138139,25,1,0.9267517244120083
GSM4138139,25,2,0.9032733679869751
GSM4138139,25,3,0.9201749080531002
GSM4138139,25,4,0.9138490299402248
GSM4138139,25,5,1.0
GSM4138139,25,6,0.972944214086495
GSM4138139,25,7,0.9194671369596603
GSM4138139,25,8,0.918674898706348
GSM4138139,25,9,0.8908080392942314
GSM4138140,700,0,0.9047802428710094
GSM4138140,700,1,0.9078437073389186
GSM4138140,700,2,0.9038098593927311
GSM4138140,700,3,0.9041391464426324
GSM4138140,700,4,0.9053864672548414
GSM4138140,700,5,0.908394454005902
GSM4138140,700,6,0.9077566371079671
GSM4138140,700,7,0.904193969767249
GSM4138140,700,8,0.9078056353318991
GSM4138140,700,9,0.908232414765621
GSM4138141,325,0,0.7252011904853809
GSM4138141,325,1,0.718010747447465
GSM4138141,325,2,0.7312651571133395
GSM4138141,325,3,0.7221078214823149
GSM4138141,325,4,0.7181974349689462
GSM4138141,325,5,0.7380310863918239
GSM4138141,325,6,0.7532787415205024
GSM4138141,325,7,0.7383890731065108
GSM4138141,325,8,0.7438755573582482
GSM4138141,325,9,0.7355146415419774
GSM4138141,275,0,0.7384643537679629
GSM4138141,275,1,0.7399413441422341
GSM4138141,275,2,0.760036383775748
GSM4138141,275,3,0.7434367675096372
GSM4138141,275,4,0.7313908590251583
GSM4138141,275,5,0.7409389029637419
GSM4138141,275,6,0.7299100639294067
GSM4138141,275,7,0.712115111185001
GSM4138141,275,8,0.7351262615564482
GSM4138141,275,9,0.7435043668663077
GSM4138141,75,0,0.8289836765651792
GSM4138141,75,1,0.8541225495190079
GSM4138141,75,2,0.8215770704725982
GSM4138141,75,3,0.8427734326396803
GSM4138141,75,4,0.8020073830132882
GSM4138141,75,5,0.8123384801159802
GSM4138141,75,6,0.7749960465626016
GSM4138141,75,7,0.8012878960000136
GSM4138141,75,8,0.8128642201861755
GSM4138141,75,9,0.8226544089528454
GSM4138143,225,0,0.6924533714702389
GSM4138143,225,1,0.7049825968055909
GSM4138143,225,2,0.6977385314097462
GSM4138143,225,3,0.6947123181085038
GSM4138143,225,4,0.7077986956836702
GSM4138143,225,5,0.6866844750513491
GSM4138143,225,6,0.6909139587025453
GSM4138143,225,7,0.6864411548012566
GSM4138143,225,8,0.7040291922377815
GSM4138143,225,9,0.680495523404619
GSM4138143,200,0,0.7259676215435765
GSM4138143,200,1,0.6916013885059082
GSM4138143,200,2,0.7082701764034323
GSM4138143,200,3,0.6863474163479699
GSM4138143,200,4,0.6728884385809366
GSM4138143,200,5,0.7326337943903496
GSM4138143,200,6,0.716544371267298
GSM4138143,200,7,0.7008881522459681
GSM4138143,200,8,0.701021469845191
GSM4138143,200,9,0.7058483164908861
GSM4138143,50,0,0.8950529594872378
GSM4138143,50,1,0.8895480935684292
GSM4138143,50,2,0.9511768080778253
GSM4138143,50,3,0.8749791490237415
GSM4138143,50,4,0.8824566349022269
GSM4138143,50,5,0.9208269966259555
GSM4138143,50,6,0.883321516405819
GSM4138143,50,7,0.8412868376049336
GSM4138143,50,8,0.8515708506659416
GSM4138143,50,9,0.8501829470555242
GSM4138144,300,0,0.8521494037888707
GSM4138144,300,1,0.8492520389109054
GSM4138144,300,2,0.8540406108045304
GSM4138144,300,3,0.8519883053945084
GSM4138144,300,4,0.8512698085817334
GSM4138144,300,5,0.851551200410466
GSM4138144,300,6,0.8517228612044
GSM4138144,300,7,0.8512683461769929
GSM4138144,300,8,0.8519807595017312
GSM4138144,300,9,0.8580261725937628
GSM4138145,325,0,0.7052334763458084
GSM4138145,325,1,0.7097385972692045
GSM4138145,325,2,0.7105739933150199
GSM4138145,325,3,0.732850208070861
GSM4138145,325,4,0.722117016151768
GSM4138145,325,5,0.72195458676658
GSM4138145,325,6,0.7005774156791921
GSM4138145,325,7,0.7215106595774261
GSM4138145,325,8,0.73085214087781
GSM4138145,325,9,0.7113800592990817
GSM4138145,250,0,0.7087676902070676
GSM4138145,250,1,0.7172282998582454
GSM4138145,250,2,0.7156944842053056
GSM4138145,250,3,0.7334598123698958
GSM4138145,250,4,0.7303587341781351
GSM4138145,250,5,0.7187497561609768
GSM4138145,250,6,0.721910409311464
GSM4138145,250,7,0.7205303591260168
GSM4138145,250,8,0.7258252454988021
GSM4138145,250,9,0.7380474524969943
GSM4138145,50,0,0.813638915331759
GSM4138145,50,1,0.8352967458836761
GSM4138145,50,2,0.9231851170630767
GSM4138145,50,3,0.853083158016577
GSM4138145,50,4,0.839484244064342
GSM4138145,50,5,0.8614594618941238
GSM4138145,50,6,0.8904179306950487
GSM4138145,50,7,0.8590725101596636
GSM4138145,50,8,0.8454181009570807
GSM4138145,50,9,0.8635711393142183
GSM4138146,450,0,0.8860687963822024
GSM4138146,450,1,0.8903888348236161
GSM4138146,450,2,0.8846690804485324
GSM4138146,450,3,0.8888065645732783
GSM4138146,450,4,0.8933773501768126
GSM4138146,450,5,0.8918718113234313
GSM4138146,450,6,0.8851185155307972
GSM4138146,450,7,0.8886695316211586
GSM4138146,450,8,0.8876801103979014
GSM4138146,450,9,0.8882828716000338
GSM4138147,25,0,0.8826381912024308
GSM4138147,25,1,0.9068014096873267
GSM4138147,25,2,0.9415886952137568
GSM4138147,25,3,0.8762309559973275
GSM4138147,25,4,0.9092597783795128
GSM4138147,25,5,0.9226176120732809
GSM4138147,25,6,0.9209858249491315
GSM4138147,25,7,0.9548889840127887
GSM4138147,25,8,0.8726982249989005
GSM4138147,25,9,0.9668313406446828
GSM4138148,175,0,0.8569256050883814
GSM4138148,175,1,0.8531720062003418
GSM4138148,175,2,0.8469145792555556
GSM4138148,175,3,0.8491977478915865
GSM4138148,175,4,0.8480291862115269
GSM4138148,175,5,0.8568066617323015
GSM4138148,175,6,0.8551743357893238
GSM4138148,175,7,0.8503212050330772
GSM4138148,175,8,0.8571495655652276
GSM4138148,175,9,0.8490250592298161
GSM4138149,25,0,0.9247547016471565
GSM4138149,25,1,0.9508028406199139
GSM4138149,25,2,0.884947771498217
GSM4138149,25,3,0.9288917266825962
GSM4138149,25,4,0.9349792899363444
GSM4138149,25,5,0.8964818289201724
GSM4138149,25,6,0.9254737356336926
GSM4138149,25,7,0.9454059227440744
GSM4138149,25,8,0.9178653482658834
GSM4138149,25,9,0.8982232321986154
GSM4138151,25,0,0.9693611065837248
GSM4138151,25,1,0.9600227630821643
GSM4138151,25,2,0.9779974047469009
GSM4138151,25,3,0.988357953840974
GSM4138151,25,4,0.9722911738729056
GSM4138151,25,5,0.9831912767075881
GSM4138151,25,6,1.0
GSM4138151,25,7,0.9582383927965066
GSM4138151,25,8,0.9832503261771969
GSM4138151,25,9,0.9498899308153063
GSM4138152,450,0,0.8495071957764626
GSM4138152,450,1,0.8462365399430067
GSM4138152,450,2,0.8548079294783891
GSM4138152,450,3,0.8480772896652726
GSM4138152,450,4,0.850561826242349
GSM4138152,450,5,0.8521212650833224
GSM4138152,450,6,0.8456126658996304
GSM4138152,450,7,0.8533236448343249
GSM4138152,450,8,0.8467511867732943
GSM4138152,450,9,0.8575406422419958
GSM4138153,25,0,0.9240332371384055
GSM4138153,25,1,0.8779511021193996
GSM4138153,25,2,0.8700830097632848
GSM4138153,25,3,0.9181709656811675
GSM4138153,25,4,0.8779426962278999
GSM4138153,25,5,0.9494905435005212
GSM4138153,25,6,0.8736240886022372
GSM4138153,25,7,0.9282708232687402
GSM4138153,25,8,0.9479557974870909
GSM4138153,25,9,0.9825300977018177
GSM4138153,50,0,0.7853720121834875
GSM4138153,50,1,0.7420578555429015
GSM4138153,50,2,0.81659421680344
GSM4138153,50,3,0.8175088939603248
GSM4138153,50,4,0.772146776834449
GSM4138153,50,5,0.7617962770533406
GSM4138153,50,6,0.8153016715335627
GSM4138153,50,7,0.7897558467390131
GSM4138153,50,8,0.7615523499914569
GSM4138153,50,9,0.7497071028044504
GSM4138154,350,0,0.8252310293940848
GSM4138154,350,1,0.8178791716340721
GSM4138154,350,2,0.8269769094438861
GSM4138154,350,3,0.8205001940447176
GSM4138154,350,4,0.8265114270356759
GSM4138154,350,5,0.8227190835654976
GSM4138154,350,6,0.8198677636324272
GSM4138154,350,7,0.8188637979215192
GSM4138154,350,8,0.8224497669453974
GSM4138154,350,9,0.819503811351858
GSM4138155,200,0,0.6110746189481342
GSM4138155,200,1,0.6442406661535964
GSM4138155,200,2,0.6078885686518332
GSM4138155,200,3,0.5954464854284582
GSM4138155,200,4,0.6137758472385797
GSM4138155,200,5,0.6289893669891655
GSM4138155,200,6,0.6202091660848874
GSM4138155,200,7,0.6151265117675901
GSM4138155,200,8,0.631629841448921
GSM4138155,200,9,0.611763770453503
GSM4138155,500,0,0.5988911510580375
GSM4138155,500,1,0.5985878804659706
GSM4138155,500,2,0.6110830018585107
GSM4138155,500,3,0.5750306583243721
GSM4138155,500,4,0.6029973360869357
GSM4138155,500,5,0.6026900282014691
GSM4138155,500,6,0.6016641605448073
GSM4138155,500,7,0.5914460560175951
GSM4138155,500,8,0.6003356263679416
GSM4138155,500,9,0.595549152916801
GSM4138155,50,0,0.751725146069738
GSM4138155,50,1,0.8476721383533375
GSM4138155,50,2,0.7984360380731024
GSM4138155,50,3,0.7145245674758773
GSM4138155,50,4,0.7904962765943302
GSM4138155,50,5,0.8403729822845587
GSM4138155,50,6,0.8077633208980064
GSM4138155,50,7,0.7613686574247064
GSM4138155,50,8,0.8130553657708431
GSM4138155,50,9,0.7804096375719916
GSM4138156,925,0,0.8856037595897823
GSM4138156,925,1,0.8918843882384643
GSM4138156,925,2,0.8852422936793161
GSM4138156,925,3,0.891661469452653
GSM4138156,925,4,0.8917161704480555
GSM4138156,925,5,0.8925871338929406
GSM4138156,925,6,0.8924315563751721
GSM4138156,925,7,0.8854094179203956
GSM4138156,925,8,0.8918843850447313
GSM4138156,925,9,0.8927749468811597
GSM4138156,25,0,0.9587052322853207
GSM4138156,25,1,0.9649807399342918
GSM4138156,25,2,0.9523985856795371
GSM4138156,25,3,0.9520931185408181
GSM4138156,25,4,0.9700416220303758
GSM4138156,25,5,0.9447754285517209
GSM4138156,25,6,0.9344300396939718
GSM4138156,25,7,0.9699016176591494
GSM4138156,25,8,0.9752871232920697
GSM4138156,25,9,0.9737973863986956
GSM4138157,75,0,0.8158289358670421
GSM4138157,75,1,0.8399095936254425
GSM4138157,75,2,0.7711845021247783
GSM4138157,75,3,0.7962981332521821
GSM4138157,75,4,0.8030185947192563
GSM4138157,75,5,0.8221298810411277
GSM4138157,75,6,0.8316461065913494
GSM4138157,75,7,0.8170524602689923
GSM4138157,75,8,0.8167320759511552
GSM4138157,75,9,0.8228320858114798
GSM4138157,125,0,0.7357855614595599
GSM4138157,125,1,0.7470284635162803
GSM4138157,125,2,0.7374996314353535
GSM4138157,125,3,0.7225201938757283
GSM4138157,125,4,0.7179539462243688
GSM4138157,125,5,0.7579695242138407
GSM4138157,125,6,0.7323878030695794
GSM4138157,125,7,0.7496819523631943
GSM4138157,125,8,0.7376207375731725
GSM4138157,125,9,0.716741472008729
GSM4138157,25,0,0.9520893793216394
GSM4138157,25,1,0.9833695865923858
GSM4138157,25,2,1.0
GSM4138157,25,3,1.0
GSM4138157,25,4,0.9227817419847077
GSM4138157,25,5,0.9480884578846828
GSM4138157,25,6,0.8852388366775317
GSM4138157,25,7,0.9717068598186108
GSM4138157,25,8,0.9667761711921451
GSM4138157,25,9,0.9107656703607371
GSM4138158,275,0,0.8944564110744772
GSM4138158,275,1,0.8937925430705684
GSM4138158,275,2,0.8931635173520411
GSM4138158,275,3,0.8899713773303604
GSM4138158,275,4,0.8891554325786397
GSM4138158,275,5,0.8928873884753242
GSM4138158,275,6,0.8900178369438062
GSM4138158,275,7,0.8914821647849409
GSM4138158,275,8,0.8911573971361053
GSM4138158,275,9,0.8980626432960954
GSM4138159,50,0,0.8277537391519391
GSM4138159,50,1,0.8090220358318388
GSM4138159,50,2,0.8941504074355872
GSM4138159,50,3,0.8388889034221546
GSM4138159,50,4,0.841359558833187
GSM4138159,50,5,0.8599370473923383
GSM4138159,50,6,0.8092315480764962
GSM4138159,50,7,0.8353007053393879
GSM4138159,50,8,0.8484451270102853
GSM4138159,50,9,0.8782092716390688
GSM4138159,100,0,0.7649850382721148
GSM4138159,100,1,0.7461198091574976
GSM4138159,100,2,0.7713770448037822
GSM4138159,100,3,0.7636925892995347
GSM4138159,100,4,0.7793851051898982
GSM4138159,100,5,0.7643795816148521
GSM4138159,100,6,0.7875490401270497
GSM4138159,100,7,0.7742048378650379
GSM4138159,100,8,0.7591936873551861
GSM4138159,100,9,0.7559243754758856
GSM4138160,475,0,0.8584545776110677
GSM4138160,475,1,0.8605805296444192
GSM4138160,475,2,0.862196997898689
GSM4138160,475,3,0.8617654510686454
GSM4138160,475,4,0.8674585203980899
GSM4138160,475,5,0.8589845755987356
GSM4138160,475,6,0.8631946216876475
GSM4138160,475,7,0.8603239710583852
GSM4138160,475,8,0.8609248091754697
GSM4138160,475,9,0.8583065856329405
GSM4138160,25,0,1.0
GSM4138160,25,1,0.9660842395429706
GSM4138160,25,2,0.9928077925557858
GSM4138160,25,3,0.9875181429197741
GSM4138160,25,4,0.9778601706540611
GSM4138160,25,5,0.9609911140481996
GSM4138160,25,6,0.9777802257364538
GSM4138160,25,7,0.9607289012932252
GSM4138160,25,8,0.9927485565648322
GSM4138160,25,9,0.9836904967804392
GSM4138161,150,0,0.7144136591402135
GSM4138161,150,1,0.7188186593588672
GSM4138161,150,2,0.724340135663311
GSM4138161,150,3,0.6900218422326714
GSM4138161,150,4,0.7194011578874279
GSM4138161,150,5,0.7216912715717676
GSM4138161,150,6,0.7197882064342123
GSM4138161,150,7,0.7217284300875273
GSM4138161,150,8,0.7343518418930317
GSM4138161,150,9,0.706302855692631
GSM4138161,225,0,0.7051209460984127
GSM4138161,225,1,0.6879032093558717
GSM4138161,225,2,0.6839582767469151
GSM4138161,225,3,0.6885311626258126
GSM4138161,225,4,0.6718822640840951
GSM4138161,225,5,0.6954814720309966
GSM4138161,225,6,0.6733829713136913
GSM4138161,225,7,0.6969027516855659
GSM4138161,225,8,0.6799551120398499
GSM4138161,225,9,0.7021025418438163
GSM4138161,125,0,0.6827122115957607
GSM4138161,125,1,0.6973482046191619
GSM4138161,125,2,0.7581681780435503
GSM4138161,125,3,0.7199073175282995
GSM4138161,125,4,0.761309058733007
GSM4138161,125,5,0.7565394508747696
GSM4138161,125,6,0.7330267316052521
GSM4138161,125,7,0.7272196592836588
GSM4138161,125,8,0.732217250746465
GSM4138161,125,9,0.7258821241989654
GSM4138162,475,0,0.8851519461941089
GSM4138162,475,1,0.8845981542905085
GSM4138162,475,2,0.8925938294827046
GSM4138162,475,3,0.883352708265007
GSM4138162,475,4,0.886818652593584
GSM4138162,475,5,0.8818677767226812
GSM4138162,475,6,0.888649480513016
GSM4138162,475,7,0.8828532515933872
GSM4138162,475,8,0.8857915174854938
GSM4138162,475,9,0.8880825844036974
GSM4138162,25,0,0.9834950660265338
GSM4138162,25,1,0.9479058835755848
GSM4138162,25,2,0.9852865619580986
GSM4138162,25,3,0.9410238617244869
GSM4138162,25,4,0.9244424472990328
GSM4138162,25,5,0.9612588063523694
GSM4138162,25,6,0.9675936341629994
GSM4138162,25,7,0.9487906991809321
GSM4138162,25,8,0.9824083448625347
GSM4138162,25,9,0.9764702064956722
GSM4138163,425,0,0.8939240771286963
GSM4138163,425,1,0.8951816207706539
GSM4138163,425,2,0.90240611355375
GSM4138163,425,3,0.9028158346624234
GSM4138163,425,4,0.8948655507285164
GSM4138163,425,5,0.9000680127307032
GSM4138163,425,6,0.9008048903945839
GSM4138163,425,7,0.8999070581560322
GSM4138163,425,8,0.8998207035724323
GSM4138163,425,9,0.8968472463948929
GSM4138163,25,0,0.9846233839185917
GSM4138163,25,1,0.9528357484662471
GSM4138163,25,2,0.9888630318965994
GSM4138163,25,3,0.962898329864604
GSM4138163,25,4,0.9706115683901191
GSM4138163,25,5,0.9265251724479926
GSM4138163,25,6,0.985148640957465
GSM4138163,25,7,0.9524786660670389
GSM4138163,25,8,0.979946577001009
GSM4138163,25,9,0.9767438726686171
GSM4138164,150,0,0.8348665787085606
GSM4138164,150,1,0.8431657400687161
GSM4138164,150,2,0.8333970377979742
GSM4138164,150,3,0.8313739794876782
GSM4138164,150,4,0.8379200489339793
GSM4138164,150,5,0.8356534556970154
GSM4138164,150,6,0.8460908508943039
GSM4138164,150,7,0.8379753392077335
GSM4138164,150,8,0.8330738328465457
GSM4138164,150,9,0.8347572983213278
GSM4138165,425,0,0.9005579426497343
GSM4138165,425,1,0.8981413991134847
GSM4138165,425,2,0.8967068476753381
GSM4138165,425,3,0.9003257366838101
GSM4138165,425,4,0.8985501703756318
GSM4138165,425,5,0.8972302988725398
GSM4138165,425,6,0.8972663600314805
GSM4138165,425,7,0.8982816883647933
GSM4138165,425,8,0.8975835442822014
GSM4138165,425,9,0.8976509022064479
GSM4138168,25,0,0.9675522556592
GSM4138168,25,1,0.9638130844678251
GSM4138168,25,2,0.983099915425617
GSM4138168,25,3,0.9714076297625305
GSM4138168,25,4,0.9467745581608267
GSM4138168,25,5,0.9781945787997862
GSM4138168,25,6,0.9638770125462818
GSM4138168,25,7,0.9154481295449725
GSM4138168,25,8,0.9462416092144941
GSM4138168,25,9,0.9811765267375362
GSM4138170,25,0,0.928229050978404
GSM4138170,25,1,0.9518047765150695
GSM4138170,25,2,0.9817422997105291
GSM4138170,25,3,0.9534883266216589
GSM4138170,25,4,0.9417575181630847
GSM4138170,25,5,0.9681751319871239
GSM4138170,25,6,0.966813802040738
GSM4138170,25,7,1.0
GSM4138170,25,8,0.9528966012874807
GSM4138170,25,9,0.9406667342084353
GSM4138171,25,0,0.9736582869307203
GSM4138171,25,1,0.9765951788383459
GSM4138171,25,2,0.9752020252130568
GSM4138171,25,3,0.9820108751919517
GSM4138171,25,4,0.9850344920892831
GSM4138171,25,5,0.9716211355147693
GSM4138171,25,6,0.9856514007347502
GSM4138171,25,7,0.97365716952624
GSM4138171,25,8,0.969448170680402
GSM4138171,25,9,0.9725996954026296
GSM4138172,25,0,0.954455313404031
GSM4138172,25,1,0.944214644678345
GSM4138172,25,2,0.9238402760077032
GSM4138172,25,3,0.9274867129963928
GSM4138172,25,4,0.9397941666224087
GSM4138172,25,5,0.9409109660840588
GSM4138172,25,6,0.9434244236715515
GSM4138172,25,7,0.9390805761301105
GSM4138172,25,8,0.9351153260813504
GSM4138172,25,9,0.9390643581062295
GSM4138115,50,0,0.8934073829529634
GSM4138115,50,1,0.9033783347137109
GSM4138115,50,2,0.8771700062265656
GSM4138115,50,3,0.9080246071331715
GSM4138115,50,4,0.8917267951886629
GSM4138115,50,5,0.8640429557168015
GSM4138115,50,6,0.8723739649372484
GSM4138115,50,7,0.8587209018686488
GSM4138115,50,8,0.9007911118684843
GSM4138115,50,9,0.8539944606251129
GSM4138119,25,0,0.8630184270672516
GSM4138119,25,1,0.9637690978436745
GSM4138119,25,2,0.9073634952799519
GSM4138119,25,3,0.8999560171164687
GSM4138119,25,4,0.9058150573902258
GSM4138119,25,5,0.9565161671697284
GSM4138119,25,6,0.9010349651711773
GSM4138119,25,7,0.9315797115380178
GSM4138119,25,8,0.9323198180115237
GSM4138119,25,9,0.9001698476921742
GSM4138121,75,0,0.6618297077816248
GSM4138121,75,1,0.7138373170058695
GSM4138121,75,2,0.7388829774123008
GSM4138121,75,3,0.7440304655335619
GSM4138121,75,4,0.6752213293967512
GSM4138121,75,5,0.7081125057533826
GSM4138121,75,6,0.7311705102849577
GSM4138121,75,7,0.7133104067352274
GSM4138121,75,8,0.6972673871187691
GSM4138121,75,9,0.7211864133250898
GSM4138121,100,0,0.686982649895623
GSM4138121,100,1,0.6690221792730195
GSM4138121,100,2,0.6608800319753755
GSM4138121,100,3,0.6999779625621363
GSM4138121,100,4,0.6743304408860363
GSM4138121,100,5,0.697693380458645
GSM4138121,100,6,0.6557123271885562
GSM4138121,100,7,0.6946641519824658
GSM4138121,100,8,0.6807869576002936
GSM4138121,100,9,0.6897966343310219
GSM4138123,575,0,0.6815654934027744
GSM4138123,575,1,0.6771501642457745
GSM4138123,575,2,0.6760411261672818
GSM4138123,575,3,0.6810326276982888
GSM4138123,575,4,0.6672353022658233
GSM4138123,575,5,0.6739450279008296
GSM4138123,575,6,0.680812139119906
GSM4138123,575,7,0.6790018046830092
GSM4138123,575,8,0.6791680611975477
GSM4138123,575,9,0.675009587716286
GSM4138125,400,0,0.7031608576801394
GSM4138125,400,1,0.7018372217495348
GSM4138125,400,2,0.7063949416802819
GSM4138125,400,3,0.7027631208528733
GSM4138125,400,4,0.7012295521748706
GSM4138125,400,5,0.7029745345808163
GSM4138125,400,6,0.7081008868141297
GSM4138125,400,7,0.7128121859748084
GSM4138125,400,8,0.700886346456175
GSM4138125,400,9,0.7010184058546678
GSM4138127,200,0,0.7402130308361845
GSM4138127,200,1,0.7532752733009378
GSM4138127,200,2,0.751864781834285
GSM4138127,200,3,0.7504388403009398
GSM4138127,200,4,0.7489622356748017
GSM4138127,200,5,0.7385123171299308
GSM4138127,200,6,0.7430469590641301
GSM4138127,200,7,0.7457073723676118
GSM4138127,200,8,0.7633290308252154
GSM4138127,200,9,0.7525818670975652
GSM4138127,150,0,0.7670543021098973
GSM4138127,150,1,0.792537515054821
GSM4138127,150,2,0.7962148136879325
GSM4138127,150,3,0.7752783864919119
GSM4138127,150,4,0.7396252960868821
GSM4138127,150,5,0.7634951846555345
GSM4138127,150,6,0.8050886887037242
GSM4138127,150,7,0.7883349745864201
GSM4138127,150,8,0.7868075507564557
GSM4138127,150,9,0.7871873879770857
GSM4138129,150,0,0.7353701463825381
GSM4138129,150,1,0.7348217296408186
GSM4138129,150,2,0.7364233367706868
GSM4138129,150,3,0.6899376676570526
GSM4138129,150,4,0.7419112729731853
GSM4138129,150,5,0.7473214997693574
GSM4138129,150,6,0.7310681520602069
GSM4138129,150,7,0.7550911295851052
GSM4138129,150,8,0.7258663692111604
GSM4138129,150,9,0.7384803520790171
GSM4138129,50,0,0.8630866563946524
GSM4138129,50,1,0.8884163740075928
GSM4138129,50,2,0.8848950695399516
GSM4138129,50,3,0.8885976501004753
GSM4138129,50,4,0.7949845757488092
GSM4138129,50,5,0.8612347063566175
GSM4138129,50,6,0.8523668882849581
GSM4138129,50,7,0.82967264085953
GSM4138129,50,8,0.8493751371780698
GSM4138129,50,9,0.8604198451465482
GSM4138131,475,0,0.7027125654696162
GSM4138131,475,1,0.7030485913942937
GSM4138131,475,2,0.6954395710004125
GSM4138131,475,3,0.6876901925378373
GSM4138131,475,4,0.67168619532914
GSM4138131,475,5,0.6901599971240788
GSM4138131,475,6,0.6873197755412623
GSM4138131,475,7,0.711672969182659
GSM4138131,475,8,0.706502655692099
GSM4138131,475,9,0.7028227108878287
GSM4138133,75,0,0.8457404283744454
GSM4138133,75,1,0.8232466922589177
GSM4138133,75,2,0.8468724556991202
GSM4138133,75,3,0.8447002692038081
GSM4138133,75,4,0.8677792440552304
GSM4138133,75,5,0.8537586504672963
GSM4138133,75,6,0.8238605431649122
GSM4138133,75,7,0.8193887660138333
GSM4138133,75,8,0.8398313627542545
GSM4138133,75,9,0.8444389584501308
GSM4138135,175,0,0.7363250132611556
GSM4138135,175,1,0.7107551127779255
GSM4138135,175,2,0.7215408893378689
GSM4138135,175,3,0.6950461490480017
GSM4138135,175,4,0.7165693239283787
GSM4138135,175,5,0.7331323170119886
GSM4138135,175,6,0.733292413222594
GSM4138135,175,7,0.7510126128538177
GSM4138135,175,8,0.7367334650083779
GSM4138135,175,9,0.7154732478971414
GSM4138135,575,0,0.6897461237224207
GSM4138135,575,1,0.6820713846601067
GSM4138135,575,2,0.6991230154636785
GSM4138135,575,3,0.6844026628000788
GSM4138135,575,4,0.6788561984202564
GSM4138135,575,5,0.6785165808874825
GSM4138135,575,6,0.6694691307056022
GSM4138135,575,7,0.6801249006701446
GSM4138135,575,8,0.6773682224291976
GSM4138135,575,9,0.683284708796617
GSM4138135,275,0,0.701465285995613
GSM4138135,275,1,0.6900413287056133
GSM4138135,275,2,0.6981888030765655
GSM4138135,275,3,0.6908776834050093
GSM4138135,275,4,0.6994043784130666
GSM4138135,275,5,0.6925339147803069
GSM4138135,275,6,0.694293700270906
GSM4138135,275,7,0.7149588290239064
GSM4138135,275,8,0.696128528182833
GSM4138135,275,9,0.7286285424958825
GSM4138137,150,0,0.778573132712292
GSM4138137,150,1,0.7862837107468449
GSM4138137,150,2,0.8057914308543537
GSM4138137,150,3,0.7754961501731047
GSM4138137,150,4,0.7678778880096447
GSM4138137,150,5,0.7655296565140591
GSM4138137,150,6,0.7821742626559215
GSM4138137,150,7,0.7829355225451469
GSM4138137,150,8,0.8003848007698606
GSM4138137,150,9,0.7772867610526124
GSM4138137,525,0,0.7544416060189216
GSM4138137,525,1,0.7664525447389858
GSM4138137,525,2,0.7676756986509772
GSM4138137,525,3,0.7608253665794042
GSM4138137,525,4,0.7609543369232438
GSM4138137,525,5,0.7584111893774302
GSM4138137,525,6,0.7602163692165196
GSM4138137,525,7,0.7589182297999654
GSM4138137,525,8,0.7505769418838789
GSM4138137,525,9,0.7768204501114133
GSM4138137,200,0,0.7818878949770889
GSM4138137,200,1,0.7665210815689097
GSM4138137,200,2,0.787114302740878
GSM4138137,200,3,0.7599438116711827
GSM4138137,200,4,0.7700436199373942
GSM4138137,200,5,0.8020320237224421
GSM4138137,200,6,0.7771212952526182
GSM4138137,200,7,0.7547827716982649
GSM4138137,200,8,0.7749051741024229
GSM4138137,200,9,0.7598561916064744
GSM4138139,400,0,0.6438965142784727
GSM4138139,400,1,0.6579118786378519
GSM4138139,400,2,0.6643459346997433
GSM4138139,400,3,0.6525632988265155
GSM4138139,400,4,0.629532650526283
GSM4138139,400,5,0.6747214217032451
GSM4138139,400,6,0.6356668024614172
GSM4138139,400,7,0.6522800242804897
GSM4138139,400,8,0.6284400289838845
GSM4138139,400,9,0.6443749660023516
GSM4138139,175,0,0.6854905668084227
GSM4138139,175,1,0.6773803777638012
GSM4138139,175,2,0.6923195283988544
GSM4138139,175,3,0.6754383121614838
GSM4138139,175,4,0.6985868069248504
GSM4138139,175,5,0.7108609919509286
GSM4138139,175,6,0.6792085753018944
GSM4138139,175,7,0.6803900850227049
GSM4138139,175,8,0.6728126483915643
GSM4138139,175,9,0.6637599294607888
GSM4138141,25,0,0.9412895029839473
GSM4138141,25,1,0.9062889285663934
GSM4138141,25,2,0.9101998709255824
GSM4138141,25,3,0.9561031705931556
GSM4138141,25,4,0.9660800172584527
GSM4138141,25,5,0.9588208596486917
GSM4138141,25,6,0.9224446270298519
GSM4138141,25,7,0.9583854075810361
GSM4138141,25,8,1.0
GSM4138141,25,9,0.9547579546304731
GSM4138143,175,0,0.7363110249992164
GSM4138143,175,1,0.7413395695327091
GSM4138143,175,2,0.7038450604747175
GSM4138143,175,3,0.7049810537250738
GSM4138143,175,4,0.7086699456143781
GSM4138143,175,5,0.7225569037717654
GSM4138143,175,6,0.6977244397429962
GSM4138143,175,7,0.6925845676646434
GSM4138143,175,8,0.7374974634604256
GSM4138143,175,9,0.7287243939565686
GSM4138143,250,0,0.6808187401725316
GSM4138143,250,1,0.6768705727124971
GSM4138143,250,2,0.6743062954132657
GSM4138143,250,3,0.7034709321955357
GSM4138143,250,4,0.6796425134261125
GSM4138143,250,5,0.6905851414981686
GSM4138143,250,6,0.701922329999711
GSM4138143,250,7,0.6943107289354982
GSM4138143,250,8,0.712246904036092
GSM4138143,250,9,0.6974960587230328
GSM4138145,225,0,0.725707794160825
GSM4138145,225,1,0.7401431288144459
GSM4138145,225,2,0.7136236213030567
GSM4138145,225,3,0.7219343596437331
GSM4138145,225,4,0.7116900855359174
GSM4138145,225,5,0.7293776275111269
GSM4138145,225,6,0.723469232454821
GSM4138145,225,7,0.719565495555696
GSM4138145,225,8,0.7427064985118192
GSM4138145,225,9,0.7123638771824714
GSM4138155,225,0,0.6187237082559686
GSM4138155,225,1,0.6103483327477666
GSM4138155,225,2,0.5973496565172961
GSM4138155,225,3,0.5908620817830867
GSM4138155,225,4,0.5976229269325879
GSM4138155,225,5,0.5863583440627163
GSM4138155,225,6,0.5851176879156355
GSM4138155,225,7,0.5980649535079801
GSM4138155,225,8,0.5856253026157547
GSM4138155,225,9,0.6034383448472606
GSM4138155,350,0,0.5981629684371843
GSM4138155,350,1,0.5936570724507736
GSM4138155,350,2,0.6056637827523756
GSM4138155,350,3,0.5763799297919097
GSM4138155,350,4,0.625252343845867
GSM4138155,350,5,0.583978772916842
GSM4138155,350,6,0.593881609192453
GSM4138155,350,7,0.619330781604025
GSM4138155,350,8,0.5888393627582666
GSM4138155,350,9,0.5925389490317874
GSM4138155,175,0,0.6253456887587567
GSM4138155,175,1,0.6589688141950727
GSM4138155,175,2,0.6196128880241951
GSM4138155,175,3,0.6407456756167415
GSM4138155,175,4,0.6052286318814606
GSM4138155,175,5,0.6252952472173348
GSM4138155,175,6,0.6258597047791239
GSM4138155,175,7,0.6328157220290986
GSM4138155,175,8,0.6439891660280765
GSM4138155,175,9,0.6748907502230143
GSM4138157,100,0,0.7736308424358487
GSM4138157,100,1,0.7497798868354458
GSM4138157,100,2,0.7653838159377274
GSM4138157,100,3,0.7536249129384798
GSM4138157,100,4,0.7695596235033011
GSM4138157,100,5,0.745022911987544
GSM4138157,100,6,0.8017242647285335
GSM4138157,100,7,0.7852654833844072
GSM4138157,100,8,0.803614762921433
GSM4138157,100,9,0.7615474660137149
GSM4138159,75,0,0.8289881332004655
GSM4138159,75,1,0.8168794229299847
GSM4138159,75,2,0.8166664473346754
GSM4138159,75,3,0.7982922646462403
GSM4138159,75,4,0.815381287595625
GSM4138159,75,5,0.8414788392778026
GSM4138159,75,6,0.7866625882940674
GSM4138159,75,7,0.8267955213000011
GSM4138159,75,8,0.7661977870471877
GSM4138159,75,9,0.8292950506556704
GSM4138159,25,0,0.9387305458402861
GSM4138159,25,1,0.9748847667382858
GSM4138159,25,2,0.9061087786090021
GSM4138159,25,3,0.93609792121319
GSM4138159,25,4,0.93582720917301
GSM4138159,25,5,0.9247648555854788
GSM4138159,25,6,0.9698300789780253
GSM4138159,25,7,0.896538921301232
GSM4138159,25,8,0.9488792661370987
GSM4138159,25,9,0.926404206932846
GSM4138161,175,0,0.7079431978405089
GSM4138161,175,1,0.7396457599716665
GSM4138161,175,2,0.6867567346752184
GSM4138161,175,3,0.7196811026176024
GSM4138161,175,4,0.6992619396017075
GSM4138161,175,5,0.7283024417983167
GSM4138161,175,6,0.7073275621080928
GSM4138161,175,7,0.6783118590098388
GSM4138161,175,8,0.7106961322310879
GSM4138161,175,9,0.710220020569656
GSM4138161,75,0,0.8319222257145374
GSM4138161,75,1,0.7808749443907017
GSM4138161,75,2,0.8164652270464634
GSM4138161,75,3,0.8002538103293207
GSM4138161,75,4,0.8013373659049746
GSM4138161,75,5,0.7959002733556917
GSM4138161,75,6,0.8017044560438502
GSM4138161,75,7,0.7967671625212557
GSM4138161,75,8,0.8050644399111454
GSM4138161,75,9,0.8024148695891482
GSM4138169,25,0,0.9684676443498503
GSM4138169,25,1,0.9684676443498503
GSM4138169,25,2,0.9684676443498503
GSM4138169,25,3,0.9684676443498503
GSM4138169,25,4,0.9684676443498503
GSM4138169,25,5,0.9684676443498503
GSM4138169,25,6,0.9684676443498502
GSM4138169,25,7,0.9684676443498503
GSM4138169,25,8,0.9684676443498503
GSM4138169,25,9,0.9684676443498503
GSM4138111,25,0,0.9306535975160177
GSM4138111,25,1,0.974491590913959
GSM4138111,25,2,0.8436098216967064
GSM4138111,25,3,0.8763528603786686
GSM4138111,25,4,0.9150167160182064
GSM4138111,25,5,0.9070077558635283
GSM4138111,25,6,0.9117271756363593
GSM4138111,25,7,0.9095416986699335
GSM4138111,25,8,0.9154046260514901
GSM4138111,25,9,0.9483341012555798
GSM4138123,550,0,0.6745762161676637
GSM4138123,550,1,0.6795320604622246
GSM4138123,550,2,0.6826866503318663
GSM4138123,550,3,0.6790444561091021
GSM4138123,550,4,0.6755478243500133
GSM4138123,550,5,0.6766544728575623
GSM4138123,550,6,0.676744858376905
GSM4138123,550,7,0.6767231853003486
GSM4138123,550,8,0.6787204177860291
GSM4138123,550,9,0.6705766559010946
GSM4138131,175,0,0.7727503184967275
GSM4138131,175,1,0.7273162874458758
GSM4138131,175,2,0.7335639198993205
GSM4138131,175,3,0.7568089480720064
GSM4138131,175,4,0.7180205232071311
GSM4138131,175,5,0.7487808628510464
GSM4138131,175,6,0.6971221426514069
GSM4138131,175,7,0.7490104254394597
GSM4138131,175,8,0.7192683708302605
GSM4138131,175,9,0.7450282911499826
GSM4138131,450,0,0.6884378742799948
GSM4138131,450,1,0.7229643866630505
GSM4138131,450,2,0.697887333660427
GSM4138131,450,3,0.699883511484455
GSM4138131,450,4,0.7030368248728418
GSM4138131,450,5,0.7050093419452119
GSM4138131,450,6,0.6943339342355316
GSM4138131,450,7,0.6842805225426101
GSM4138131,450,8,0.7111583630102256
GSM4138131,450,9,0.7027165963152344
GSM4138131,25,0,0.9328578621363821
GSM4138131,25,1,0.9229708940826086
GSM4138131,25,2,0.9391924691382131
GSM4138131,25,3,0.9441000722858458
GSM4138131,25,4,0.9481445616218516
GSM4138131,25,5,1.0
GSM4138131,25,6,0.9042469907484793
GSM4138131,25,7,0.9441012710777792
GSM4138131,25,8,0.9718670268362019
GSM4138131,25,9,0.9188703573814712
GSM4138133,250,0,0.754626517611761
GSM4138133,250,1,0.7561131032664251
GSM4138133,250,2,0.7658990445102923
GSM4138133,250,3,0.7605641693610476
GSM4138133,250,4,0.7367424150547668
GSM4138133,250,5,0.7525550700147623
GSM4138133,250,6,0.7715422759492376
GSM4138133,250,7,0.7600589484448724
GSM4138133,250,8,0.7425987711040435
GSM4138133,250,9,0.7586101897412982
GSM4138135,550,0,0.6740323330280329
GSM4138135,550,1,0.6794299312583484
GSM4138135,550,2,0.6983991491800663
GSM4138135,550,3,0.6819159708084419
GSM4138135,550,4,0.6959258391874259
GSM4138135,550,5,0.6718566779916599
GSM4138135,550,6,0.68947318595229
GSM4138135,550,7,0.6941384378338507
GSM4138135,550,8,0.6903834821895483
GSM4138135,550,9,0.7012881862040878
GSM4138137,500,0,0.7671281178713921
GSM4138137,500,1,0.7642259124552973
GSM4138137,500,2,0.7501289640630635
GSM4138137,500,3,0.761066088778031
GSM4138137,500,4,0.7510204824709936
GSM4138137,500,5,0.7680512850811337
GSM4138137,500,6,0.7600150561416804
GSM4138137,500,7,0.7602698547581318
GSM4138137,500,8,0.7512745306501413
GSM4138137,500,9,0.76678650030178
GSM4138139,325,0,0.6469625138357691
GSM4138139,325,1,0.6516168619004872
GSM4138139,325,2,0.641834299155077
GSM4138139,325,3,0.6470394726242505
GSM4138139,325,4,0.6359330955838758
GSM4138139,325,5,0.6721889039610045
GSM4138139,325,6,0.6531852154811573
GSM4138139,325,7,0.6470818137132373
GSM4138139,325,8,0.6358540110542802
GSM4138139,325,9,0.6348650125810934
GSM4138139,50,0,0.8799049443236651
GSM4138139,50,1,0.8287376811460031
GSM4138139,50,2,0.8494784237001214
GSM4138139,50,3,0.844222300566401
GSM4138139,50,4,0.8202112490284392
GSM4138139,50,5,0.8721417528621878
GSM4138139,50,6,0.8300117103079931
GSM4138139,50,7,0.8321861486264528
GSM4138139,50,8,0.834971888534878
GSM4138139,50,9,0.8292957750518194
GSM4138141,250,0,0.735766023004431
GSM4138141,250,1,0.7576331389171784
GSM4138141,250,2,0.7431999275029992
GSM4138141,250,3,0.7428456133128973
GSM4138141,250,4,0.7378479267713709
GSM4138141,250,5,0.7257986878877227
GSM4138141,250,6,0.7387994823410728
GSM4138141,250,7,0.7344556177209677
GSM4138141,250,8,0.743043496382703
GSM4138141,250,9,0.7485001644811093
GSM4138143,25,0,0.9379261931498093
GSM4138143,25,1,0.9169334482851746
GSM4138143,25,2,0.9595582314054809
GSM4138143,25,3,0.9028145115256602
GSM4138143,25,4,0.965599753896893
GSM4138143,25,5,0.9403133072386716
GSM4138143,25,6,0.958124466126774
GSM4138143,25,7,0.909811335886858
GSM4138143,25,8,0.9488452888506504
GSM4138143,25,9,0.9172239600856377
GSM4138145,200,0,0.744413375573588
GSM4138145,200,1,0.7257219924406153
GSM4138145,200,2,0.6994350827933074
GSM4138145,200,3,0.7338978283383825
GSM4138145,200,4,0.7341468257819528
GSM4138145,200,5,0.7256316482144738
GSM4138145,200,6,0.7352400210358436
GSM4138145,200,7,0.7100122376635614
GSM4138145,200,8,0.7092733361234612
GSM4138145,200,9,0.7183316794300237
GSM4138155,325,0,0.6170763007718041
GSM4138155,325,1,0.5788126919706239
GSM4138155,325,2,0.5934733913113659
GSM4138155,325,3,0.596966206731021
GSM4138155,325,4,0.5977785911387077
GSM4138155,325,5,0.5999441005093566
GSM4138155,325,6,0.6150148084006648
GSM4138155,325,7,0.5965479825669158
GSM4138155,325,8,0.5875775088365263
GSM4138155,325,9,0.5772940098450448
GSM4138155,25,0,0.8490464739560177
GSM4138155,25,1,0.9489888452652694
GSM4138155,25,2,0.9093746429065113
GSM4138155,25,3,0.8573973643677464
GSM4138155,25,4,0.9171813755836025
GSM4138155,25,5,0.9264445312223296
GSM4138155,25,6,0.93280995785792
GSM4138155,25,7,0.9326346482079695
GSM4138155,25,8,0.8711601655607406
GSM4138155,25,9,0.8832959239299466
GSM4138111,150,0,0.7267013146507155
GSM4138111,150,1,0.7032942309138783
GSM4138111,150,2,0.6604727235601975
GSM4138111,150,3,0.6829540588453924
GSM4138111,150,4,0.7062185352719715
GSM4138111,150,5,0.7355623865911816
GSM4138111,150,6,0.6949026594667973
GSM4138111,150,7,0.6466837605355449
GSM4138111,150,8,0.6657833694694051
GSM4138111,150,9,0.6978029291078687
GSM4138113,25,0,0.9217058611390634
GSM4138113,25,1,0.9232607796956287
GSM4138113,25,2,0.9581804109540645
GSM4138113,25,3,0.9169890460827022
GSM4138113,25,4,0.8788663104665324
GSM4138113,25,5,0.8499808479623876
GSM4138113,25,6,0.973420639096707
GSM4138113,25,7,0.9483039618116118
GSM4138113,25,8,0.8844660916223817
GSM4138113,25,9,0.9146289091151745
GSM4138115,100,0,0.7888429780823726
GSM4138115,100,1,0.8177638680358873
GSM4138115,100,2,0.8157712185431265
GSM4138115,100,3,0.7596169421391916
GSM4138115,100,4,0.792070042177415
GSM4138115,100,5,0.8040775035038905
GSM4138115,100,6,0.8125130213186869
GSM4138115,100,7,0.7722498700454635
GSM4138115,100,8,0.7746616304801811
GSM4138115,100,9,0.8163004357746398
GSM4138117,100,0,0.7510803736713132
GSM4138117,100,1,0.7707271399616792
GSM4138117,100,2,0.7590460122017304
GSM4138117,100,3,0.7711239361057949
GSM4138117,100,4,0.7398786449832463
GSM4138117,100,5,0.7494031432396893
GSM4138117,100,6,0.7251867443584904
GSM4138117,100,7,0.7331079267241889
GSM4138117,100,8,0.745553088208601
GSM4138117,100,9,0.7568279405444879
GSM4138123,175,0,0.7139276797143026
GSM4138123,175,1,0.6832429365148478
GSM4138123,175,2,0.6856723852895298
GSM4138123,175,3,0.7204005990187227
GSM4138123,175,4,0.7039455589409384
GSM4138123,175,5,0.6981046312204939
GSM4138123,175,6,0.7281890889705691
GSM4138123,175,7,0.7071780955259709
GSM4138123,175,8,0.7021916338456904
GSM4138123,175,9,0.6851891949408001
GSM4138123,450,0,0.6738050039949737
GSM4138123,450,1,0.665449377849282
GSM4138123,450,2,0.6786762164527069
GSM4138123,450,3,0.6821589141909876
GSM4138123,450,4,0.6677917585782798
GSM4138123,450,5,0.684042939064589
GSM4138123,450,6,0.6840300869287732
GSM4138123,450,7,0.6956513067629535
GSM4138123,450,8,0.6914859878689239
GSM4138123,450,9,0.679233444568835
GSM4138125,200,0,0.7667336787293167
GSM4138125,200,1,0.7272992456273797
GSM4138125,200,2,0.7164603164409378
GSM4138125,200,3,0.7146878239895034
GSM4138125,200,4,0.7188319211588688
GSM4138125,200,5,0.7288061224300559
GSM4138125,200,6,0.7172350437227588
GSM4138125,200,7,0.722430258497702
GSM4138125,200,8,0.751661682471395
GSM4138125,200,9,0.6982015957623577
GSM4138125,25,0,0.9337775915242766
GSM4138125,25,1,0.9121444581922578
GSM4138125,25,2,0.8860737272248571
GSM4138125,25,3,0.8818713974038415
GSM4138125,25,4,0.9087828651983042
GSM4138125,25,5,0.9312411349449476
GSM4138125,25,6,0.9265285366769523
GSM4138125,25,7,0.916768207548554
GSM4138125,25,8,0.9592188543462838
GSM4138125,25,9,0.9365518769152841
GSM4138125,375,0,0.7035494448680553
GSM4138125,375,1,0.7048071584495295
GSM4138125,375,2,0.704827630460167
GSM4138125,375,3,0.6998618796628194
GSM4138125,375,4,0.7012615002989276
GSM4138125,375,5,0.7040915161603283
GSM4138125,375,6,0.707767280007962
GSM4138125,375,7,0.7031569881879821
GSM4138125,375,8,0.7154982404938527
GSM4138125,375,9,0.7099808447621847
GSM4138127,50,0,0.8972250548978594
GSM4138127,50,1,0.856129395740279
GSM4138127,50,2,0.8672487617955854
GSM4138127,50,3,0.8843653232898229
GSM4138127,50,4,0.873430041415466
GSM4138127,50,5,0.8943957868815227
GSM4138127,50,6,0.8797706957738349
GSM4138127,50,7,0.9257759255894783
GSM4138127,50,8,0.9021905912434308
GSM4138127,50,9,0.8982603683353648
GSM4138129,125,0,0.7660190036796499
GSM4138129,125,1,0.7671205306609407
GSM4138129,125,2,0.7616149832405325
GSM4138129,125,3,0.7627738142314576
GSM4138129,125,4,0.7522554102321326
GSM4138129,125,5,0.7419571043201922
GSM4138129,125,6,0.7620232465170406
GSM4138129,125,7,0.7525728970758812
GSM4138129,125,8,0.748186829137281
GSM4138129,125,9,0.7612886090106951
GSM4138131,350,0,0.6959347744409097
GSM4138131,350,1,0.7130476808573649
GSM4138131,350,2,0.7142455929861675
GSM4138131,350,3,0.715812304060299
GSM4138131,350,4,0.7115380762248249
GSM4138131,350,5,0.7100717476175216
GSM4138131,350,6,0.7054744740052656
GSM4138131,350,7,0.7065454450006834
GSM4138131,350,8,0.7203920724342883
GSM4138131,350,9,0.7147370608917469
GSM4138131,100,0,0.7554104105763112
GSM4138131,100,1,0.785303382248617
GSM4138131,100,2,0.7700412414728557
GSM4138131,100,3,0.7426197437400104
GSM4138131,100,4,0.7819860607813669
GSM4138131,100,5,0.7392409043249581
GSM4138131,100,6,0.750666877135561
GSM4138131,100,7,0.7747553131728377
GSM4138131,100,8,0.744892267885391
GSM4138131,100,9,0.7841772279767226
GSM4138133,175,0,0.7519034255874659
GSM4138133,175,1,0.7505038152171581
GSM4138133,175,2,0.7505522393520759
GSM4138133,175,3,0.7974909642516641
GSM4138133,175,4,0.783481182517723
GSM4138133,175,5,0.7589283112047109
GSM4138133,175,6,0.7818460660359344
GSM4138133,175,7,0.762395180845852
GSM4138133,175,8,0.7502492896674844
GSM4138133,175,9,0.7653337891351686
GSM4138135,225,0,0.744147223193159
GSM4138135,225,1,0.7176992734415486
GSM4138135,225,2,0.708016333717292
GSM4138135,225,3,0.7042697640612043
GSM4138135,225,4,0.7144880579160704
GSM4138135,225,5,0.7101824372101423
GSM4138135,225,6,0.7061389494526034
GSM4138135,225,7,0.7094616630640542
GSM4138135,225,8,0.7128822011951452
GSM4138135,225,9,0.7253851631429703
GSM4138135,125,0,0.7627906550409309
GSM4138135,125,1,0.7399816974587856
GSM4138135,125,2,0.7321577866907026
GSM4138135,125,3,0.7348521629193391
GSM4138135,125,4,0.7425494170642177
GSM4138135,125,5,0.7190542259603276
GSM4138135,125,6,0.7739723011760415
GSM4138135,125,7,0.7644620082433013
GSM4138135,125,8,0.7073165757541942
GSM4138135,125,9,0.7443138200084491
GSM4138135,425,0,0.6950173260197687
GSM4138135,425,1,0.697372110734001
GSM4138135,425,2,0.6718659634964519
GSM4138135,425,3,0.691210620853014
GSM4138135,425,4,0.6863981447109029
GSM4138135,425,5,0.6955301844288309
GSM4138135,425,6,0.6761745636731964
GSM4138135,425,7,0.6888875768426511
GSM4138135,425,8,0.6951748699106426
GSM4138135,425,9,0.7060118366596464
GSM4138137,175,0,0.7622410707366363
GSM4138137,175,1,0.7818627193039097
GSM4138137,175,2,0.7768061154371585
GSM4138137,175,3,0.7652488165455383
GSM4138137,175,4,0.7720472167278802
GSM4138137,175,5,0.7811875377941843
GSM4138137,175,6,0.7823152097206492
GSM4138137,175,7,0.791978585852501
GSM4138137,175,8,0.7667548375205369
GSM4138137,175,9,0.7959013792412504
GSM4138137,375,0,0.7609370009852822
GSM4138137,375,1,0.7496297176895731
GSM4138137,375,2,0.7570227022570123
GSM4138137,375,3,0.7620646167126147
GSM4138137,375,4,0.7659050585843857
GSM4138137,375,5,0.7664184796583052
GSM4138137,375,6,0.7584425574848177
GSM4138137,375,7,0.7745411731462749
GSM4138137,375,8,0.7588096201155379
GSM4138137,375,9,0.753336902043281
GSM4138139,225,0,0.6603274034855439
GSM4138139,225,1,0.6608833476960384
GSM4138139,225,2,0.6729285302076305
GSM4138139,225,3,0.6879637921784866
GSM4138139,225,4,0.6968527061070167
GSM4138139,225,5,0.6677500648731975
GSM4138139,225,6,0.6423122001681503
GSM4138139,225,7,0.6860906936769495
GSM4138139,225,8,0.653785617624275
GSM4138139,225,9,0.6625688122442182
GSM4138139,125,0,0.7560905976465918
GSM4138139,125,1,0.7052214072502772
GSM4138139,125,2,0.7316579824556864
GSM4138139,125,3,0.7078179707887502
GSM4138139,125,4,0.7519124204438795
GSM4138139,125,5,0.7584026076747176
GSM4138139,125,6,0.7053201119301178
GSM4138139,125,7,0.7130076733794066
GSM4138139,125,8,0.7435711105199957
GSM4138139,125,9,0.7357395430000565
GSM4138141,200,0,0.7262328488282095
GSM4138141,200,1,0.7187788225467532
GSM4138141,200,2,0.7270425985977207
GSM4138141,200,3,0.731844631648203
GSM4138141,200,4,0.7296371370394423
GSM4138141,200,5,0.7249112054453986
GSM4138141,200,6,0.745225891000185
GSM4138141,200,7,0.7514486332544961
GSM4138141,200,8,0.7342221693569853
GSM4138141,200,9,0.7313394995619484
GSM4138143,150,0,0.70383948148751
GSM4138143,150,1,0.6729015370532125
GSM4138143,150,2,0.7137810335121771
GSM4138143,150,3,0.7392328706549139
GSM4138143,150,4,0.6929794242820038
GSM4138143,150,5,0.7317552213195608
GSM4138143,150,6,0.7418267211964107
GSM4138143,150,7,0.7161578855026003
GSM4138143,150,8,0.715912737572077
GSM4138143,150,9,0.7699046986672407
GSM4138144,25,0,0.958763760132536
GSM4138144,25,1,0.9810252472917094
GSM4138144,25,2,0.948423434388138
GSM4138144,25,3,0.9778184425839539
GSM4138144,25,4,0.9382529491016843
GSM4138144,25,5,0.9725377992006751
GSM4138144,25,6,0.9776289980839972
GSM4138144,25,7,0.9811356668769042
GSM4138144,25,8,0.9755502122931528
GSM4138144,25,9,0.9256157854076941
GSM4138145,300,0,0.7233818724687989
GSM4138145,300,1,0.7336961876772515
GSM4138145,300,2,0.7076156673911626
GSM4138145,300,3,0.7156299889905465
GSM4138145,300,4,0.7231920925960597
GSM4138145,300,5,0.7166616846914824
GSM4138145,300,6,0.7234865593752791
GSM4138145,300,7,0.7113968575596528
GSM4138145,300,8,0.7152413702085454
GSM4138145,300,9,0.7354492465382283
GSM4138145,25,0,0.9510740333488522
GSM4138145,25,1,0.9771285847367256
GSM4138145,25,2,0.943431421730649
GSM4138145,25,3,0.9119432998189316
GSM4138145,25,4,0.9638114152994758
GSM4138145,25,5,0.979992494003436
GSM4138145,25,6,0.9705158061405679
GSM4138145,25,7,1.0
GSM4138145,25,8,0.913919979143377
GSM4138145,25,9,0.9442853592493716
GSM4138155,150,0,0.6910818830176895
GSM4138155,150,1,0.652286785829496
GSM4138155,150,2,0.621134387157664
GSM4138155,150,3,0.6421191856235797
GSM4138155,150,4,0.6208946940830622
GSM4138155,150,5,0.6249667142567747
GSM4138155,150,6,0.6610205248664716
GSM4138155,150,7,0.6330370636782433
GSM4138155,150,8,0.621295635551911
GSM4138155,150,9,0.6649604880996248
GSM4138161,25,0,0.9130570009940313
GSM4138161,25,1,0.8609289384788703
GSM4138161,25,2,0.9051617208101547
GSM4138161,25,3,0.9024759942435574
GSM4138161,25,4,0.9187997774803309
GSM4138161,25,5,0.8638997102191881
GSM4138161,25,6,0.9160341034130572
GSM4138161,25,7,0.8797557340046382
GSM4138161,25,8,0.8756840930135326
GSM4138161,25,9,0.8800411138040464
GSM4138161,100,0,0.7144108924746768
GSM4138161,100,1,0.7811646909009178
GSM4138161,100,2,0.7185457364101866
GSM4138161,100,3,0.7646709408640501
GSM4138161,100,4,0.7963543557553231
GSM4138161,100,5,0.7603797004215915
GSM4138161,100,6,0.7685505339013249
GSM4138161,100,7,0.768568115562298
GSM4138161,100,8,0.7180413656668752
GSM4138161,100,9,0.7427180202751047
GSM4138111,100,0,0.7214122202360764
GSM4138111,100,1,0.7970204650081756
GSM4138111,100,2,0.7617169627208032
GSM4138111,100,3,0.7662872901283924
GSM4138111,100,4,0.7863388676658409
GSM4138111,100,5,0.7295235487223068
GSM4138111,100,6,0.7227603711337776
GSM4138111,100,7,0.6940411006954034
GSM4138111,100,8,0.786485235114644
GSM4138111,100,9,0.7568319550190928
GSM4138114,25,0,0.9485986632663403
GSM4138114,25,1,0.9796818627455391
GSM4138114,25,2,0.9830796707979601
GSM4138114,25,3,0.9287545058843997
GSM4138114,25,4,0.9742891036753696
GSM4138114,25,5,0.9688197293991988
GSM4138114,25,6,0.9834271671245611
GSM4138114,25,7,0.9299930650657712
GSM4138114,25,8,0.9356823214699173
GSM4138114,25,9,0.9828607166235158
GSM4138117,75,0,0.7842616228686109
GSM4138117,75,1,0.7463368495755683
GSM4138117,75,2,0.7841979835318175
GSM4138117,75,3,0.8113710021378999
GSM4138117,75,4,0.7983754378980868
GSM4138117,75,5,0.7909780819940917
GSM4138117,75,6,0.7753935280964498
GSM4138117,75,7,0.8037978481363954
GSM4138117,75,8,0.7793348057692256
GSM4138117,75,9,0.7838340113480302
GSM4138120,25,0,0.933302435030754
GSM4138120,25,1,0.9038608464571254
GSM4138120,25,2,0.96572919818886
GSM4138120,25,3,0.942850109853976
GSM4138120,25,4,0.9361992717932484
GSM4138120,25,5,0.9436803530866628
GSM4138120,25,6,0.966240895833096
GSM4138120,25,7,0.9157249924411762
GSM4138120,25,8,0.9577788282389151
GSM4138120,25,9,0.9048748101670943
GSM4138123,125,0,0.7039921317675091
GSM4138123,125,1,0.6882966834767357
GSM4138123,125,2,0.7109810364181023
GSM4138123,125,3,0.7147987725829228
GSM4138123,125,4,0.6962078029460239
GSM4138123,125,5,0.694488857927863
GSM4138123,125,6,0.697175276225281
GSM4138123,125,7,0.7097990952797542
GSM4138123,125,8,0.7097552129144116
GSM4138123,125,9,0.6867221746959046
GSM4138125,50,0,0.8387122625729102
GSM4138125,50,1,0.8124469178184803
GSM4138125,50,2,0.7920904578623239
GSM4138125,50,3,0.8236231433864696
GSM4138125,50,4,0.8479041893017087
GSM4138125,50,5,0.8263674228055066
GSM4138125,50,6,0.8447599370268691
GSM4138125,50,7,0.8462449987901592
GSM4138125,50,8,0.8152479885313844
GSM4138125,50,9,0.8351109628651006
GSM4138127,125,0,0.7911502338529164
GSM4138127,125,1,0.7771021847016202
GSM4138127,125,2,0.7979962665967257
GSM4138127,125,3,0.7699062064439877
GSM4138127,125,4,0.7606723248500651
GSM4138127,125,5,0.788767127590978
GSM4138127,125,6,0.7843733526453618
GSM4138127,125,7,0.7975460367213183
GSM4138127,125,8,0.791436651956503
GSM4138127,125,9,0.7850645147597434
GSM4138131,200,0,0.7235163794591093
GSM4138131,200,1,0.6944645925023092
GSM4138131,200,2,0.7110540076158376
GSM4138131,200,3,0.7365315440123519
GSM4138131,200,4,0.7023143301298398
GSM4138131,200,5,0.7344464657251639
GSM4138131,200,6,0.7006589201534176
GSM4138131,200,7,0.7382220713029272
GSM4138131,200,8,0.743819857773774
GSM4138131,200,9,0.7357100004012269
GSM4138131,250,0,0.7171156041372706
GSM4138131,250,1,0.7290311690050673
GSM4138131,250,2,0.7177779758401522
GSM4138131,250,3,0.7089189649822442
GSM4138131,250,4,0.7136999850002519
GSM4138131,250,5,0.7271164003816608
GSM4138131,250,6,0.723644929820358
GSM4138131,250,7,0.7124463051637102
GSM4138131,250,8,0.7050155659176746
GSM4138131,250,9,0.696815316025535
GSM4138135,200,0,0.7518184971183475
GSM4138135,200,1,0.7321394655977572
GSM4138135,200,2,0.7005192929330484
GSM4138135,200,3,0.7183795535954338
GSM4138135,200,4,0.7252700271602506
GSM4138135,200,5,0.7020664142594102
GSM4138135,200,6,0.714534355511526
GSM4138135,200,7,0.6969223252767632
GSM4138135,200,8,0.6911176698641952
GSM4138135,200,9,0.6905871058199136
GSM4138135,50,0,0.8337956359816011
GSM4138135,50,1,0.8131433046052868
GSM4138135,50,2,0.8706056635501689
GSM4138135,50,3,0.8316985359428555
GSM4138135,50,4,0.8426326795300674
GSM4138135,50,5,0.8982487620431647
GSM4138135,50,6,0.8780117597903544
GSM4138135,50,7,0.8151054771289394
GSM4138135,50,8,0.8571475643421815
GSM4138135,50,9,0.8491717682170445
GSM4138135,400,0,0.6987027301837316
GSM4138135,400,1,0.6888832869697445
GSM4138135,400,2,0.7173969618823448
GSM4138135,400,3,0.7019419119519053
GSM4138135,400,4,0.6804189583368254
GSM4138135,400,5,0.6980917705428651
GSM4138135,400,6,0.6881327319025816
GSM4138135,400,7,0.7203663545665014
GSM4138135,400,8,0.6918629281998143
GSM4138135,400,9,0.6889482231890016
GSM4138135,75,0,0.7510356289221571
GSM4138135,75,1,0.7746263248948861
GSM4138135,75,2,0.815492455763452
GSM4138135,75,3,0.7821818357281856
GSM4138135,75,4,0.8055185330438747
GSM4138135,75,5,0.8256135417513839
GSM4138135,75,6,0.7554512923684361
GSM4138135,75,7,0.8135974874364118
GSM4138135,75,8,0.7436409883298698
GSM4138135,75,9,0.8285434235481735
GSM4138136,25,0,0.9756993424699532
GSM4138136,25,1,0.9716235103933812
GSM4138136,25,2,0.9874317274962618
GSM4138136,25,3,0.9890586090858545
GSM4138136,25,4,0.9724093865563748
GSM4138136,25,5,0.9874297746540008
GSM4138136,25,6,0.9785046975043762
GSM4138136,25,7,0.9308757585847472
GSM4138136,25,8,0.9871458189375963
GSM4138136,25,9,0.9760082611883885
GSM4138137,50,0,0.8239497953011464
GSM4138137,50,1,0.8473449129441086
GSM4138137,50,2,0.8584654227397279
GSM4138137,50,3,0.800117329549749
GSM4138137,50,4,0.8592914121465154
GSM4138137,50,5,0.8316033160796084
GSM4138137,50,6,0.8661647102792973
GSM4138137,50,7,0.8321010623806924
GSM4138137,50,8,0.8488688701040642
GSM4138137,50,9,0.8598540922872933
GSM4138137,75,0,0.8352599859924503
GSM4138137,75,1,0.8027388006325367
GSM4138137,75,2,0.8225677645404048
GSM4138137,75,3,0.8206922062516697
GSM4138137,75,4,0.8546208052834371
GSM4138137,75,5,0.8123713300287838
GSM4138137,75,6,0.855657937206496
GSM4138137,75,7,0.8567784129869018
GSM4138137,75,8,0.7957290374889113
GSM4138137,75,9,0.8272087196692481
GSM4138137,225,0,0.7652334413039166
GSM4138137,225,1,0.7697398839641422
GSM4138137,225,2,0.7637834495127229
GSM4138137,225,3,0.7686695969747401
GSM4138137,225,4,0.7591902845326803
GSM4138137,225,5,0.7850694151024133
GSM4138137,225,6,0.7823274852585628
GSM4138137,225,7,0.7539625772203369
GSM4138137,225,8,0.7853700783411544
GSM4138137,225,9,0.7722855858802186
GSM4138139,75,0,0.8128912616306838
GSM4138139,75,1,0.7546157818459704
GSM4138139,75,2,0.7869949301557627
GSM4138139,75,3,0.8166562421360898
GSM4138139,75,4,0.8342046115152679
GSM4138139,75,5,0.8292653059160133
GSM4138139,75,6,0.7952091764201692
GSM4138139,75,7,0.7704860093762894
GSM4138139,75,8,0.7384616861054591
GSM4138139,75,9,0.7734106090006871
GSM4138140,25,0,1.0
GSM4138140,25,1,0.9617720907820805
GSM4138140,25,2,1.0
GSM4138140,25,3,0.9779588895422717
GSM4138140,25,4,0.957043663701256
GSM4138140,25,5,0.9731717788715156
GSM4138140,25,6,0.9775797336214049
GSM4138140,25,7,0.9521368046838854
GSM4138140,25,8,0.9902454672720137
GSM4138140,25,9,0.9428126621425537
GSM4138141,125,0,0.7712381828862244
GSM4138141,125,1,0.8240015788167463
GSM4138141,125,2,0.7595856967613284
GSM4138141,125,3,0.7643922066310811
GSM4138141,125,4,0.745953829716645
GSM4138141,125,5,0.7706108707367406
GSM4138141,125,6,0.7829306359539259
GSM4138141,125,7,0.7815607480895618
GSM4138141,125,8,0.7566886207379796
GSM4138141,125,9,0.7631299930537662
GSM4138141,100,0,0.7993973387644181
GSM4138141,100,1,0.772612454066014
GSM4138141,100,2,0.7920756494156747
GSM4138141,100,3,0.8041585920966261
GSM4138141,100,4,0.7762954147769485
GSM4138141,100,5,0.8149140820101258
GSM4138141,100,6,0.7946700302684235
GSM4138141,100,7,0.7896631815619418
GSM4138141,100,8,0.8242609582398381
GSM4138141,100,9,0.8015690280004292
GSM4138143,125,0,0.753174777430047
GSM4138143,125,1,0.6650875977994555
GSM4138143,125,2,0.7717404396605237
GSM4138143,125,3,0.7554756091713988
GSM4138143,125,4,0.7431258138142441
GSM4138143,125,5,0.7191034637994749
GSM4138143,125,6,0.7893863005913226
GSM4138143,125,7,0.7757994411138702
GSM4138143,125,8,0.7296478591128988
GSM4138143,125,9,0.7327023626753324
GSM4138143,75,0,0.9306846037664264
GSM4138143,75,1,0.853204464711808
GSM4138143,75,2,0.8640849986225545
GSM4138143,75,3,0.7507772369493457
GSM4138143,75,4,0.8132364066490257
GSM4138143,75,5,0.8644956212497154
GSM4138143,75,6,0.8207130800775888
GSM4138143,75,7,0.8534700157095152
GSM4138143,75,8,0.8445210792175146
GSM4138143,75,9,0.8606555718292026
GSM4138144,275,0,0.8589020742247424
GSM4138144,275,1,0.8494594463748887
GSM4138144,275,2,0.850194143524373
GSM4138144,275,3,0.8552621921315025
GSM4138144,275,4,0.8435838976469066
GSM4138144,275,5,0.8496350371926145
GSM4138144,275,6,0.855534410475846
GSM4138144,275,7,0.8502166504299523
GSM4138144,275,8,0.8522711465282214
GSM4138144,275,9,0.8481005735794267
GSM4138145,275,0,0.7378815519892183
GSM4138145,275,1,0.7094600216044973
GSM4138145,275,2,0.7099150321108787
GSM4138145,275,3,0.7130169305355396
GSM4138145,275,4,0.7201383061993261
GSM4138145,275,5,0.7123291589460539
GSM4138145,275,6,0.721784076447791
GSM4138145,275,7,0.7398762894301116
GSM4138145,275,8,0.728113189102416
GSM4138145,275,9,0.7231415845238136
GSM4138148,25,0,0.9455276549978417
GSM4138148,25,1,0.9506784051179041
GSM4138148,25,2,0.9489375784072094
GSM4138148,25,3,0.9522892880877926
GSM4138148,25,4,0.9421070398737778
GSM4138148,25,5,0.9329364571607236
GSM4138148,25,6,0.9737750827054472
GSM4138148,25,7,0.9597081300084576
GSM4138148,25,8,0.9455349172799398
GSM4138148,25,9,0.9315767822530797
GSM4138152,25,0,0.9837197476192842
GSM4138152,25,1,0.9581341234286039
GSM4138152,25,2,0.960932298571377
GSM4138152,25,3,0.9404916213912604
GSM4138152,25,4,0.9694882467428837
GSM4138152,25,5,0.9300177211768104
GSM4138152,25,6,0.98051468680627
GSM4138152,25,7,0.938233238787912
GSM4138152,25,8,0.9893867053769283
GSM4138152,25,9,0.9813709360989437
GSM4138154,25,0,0.8976840029724725
GSM4138154,25,1,0.8659113829091827
GSM4138154,25,2,0.880481950409415
GSM4138154,25,3,0.9578497638514833
GSM4138154,25,4,0.8936328397472754
GSM4138154,25,5,0.9231336757742519
GSM4138154,25,6,0.876311439897776
GSM4138154,25,7,0.8724052421551389
GSM4138154,25,8,0.9035249705923135
GSM4138154,25,9,0.8649621018701776
GSM4138155,125,0,0.6655674419263734
GSM4138155,125,1,0.6579913993608918
GSM4138155,125,2,0.657416948910247
GSM4138155,125,3,0.6925049337033162
GSM4138155,125,4,0.6391033375776805
GSM4138155,125,5,0.6214862747785743
GSM4138155,125,6,0.6464927765807678
GSM4138155,125,7,0.6493711889425885
GSM4138155,125,8,0.6436279661094975
GSM4138155,125,9,0.6514395998872498
GSM4138158,25,0,0.9390330047047233
GSM4138158,25,1,0.9866185887120205
GSM4138158,25,2,0.9728509792755919
GSM4138158,25,3,0.9809346796353512
GSM4138158,25,4,0.9357377346080167
GSM4138158,25,5,0.9136442150527915
GSM4138158,25,6,0.9814796091268914
GSM4138158,25,7,0.9890805733984269
GSM4138158,25,8,0.9778814832951112
GSM4138158,25,9,0.9897301833484498
GSM4138166,25,0,0.9774779992479136
GSM4138166,25,1,0.9838689900210461
GSM4138166,25,2,0.9784649012903835
GSM4138166,25,3,0.9849496088578226
GSM4138166,25,4,0.9554084608807364
GSM4138166,25,5,0.9622575342912305
GSM4138166,25,6,0.9216033333857911
GSM4138166,25,7,0.961170958542403
GSM4138166,25,8,0.9204881061142988
GSM4138166,25,9,0.9827588624589887
GSM4138167,25,0,1.0
GSM4138167,25,1,0.9846049189703843
GSM4138167,25,2,0.9782177322896948
GSM4138167,25,3,0.9662648618411495
GSM4138167,25,4,0.974177715418823
GSM4138167,25,5,1.0
GSM4138167,25,6,0.9779335139835628
GSM4138167,25,7,0.9565530667369408
GSM4138167,25,8,0.9232558430250495
GSM4138167,25,9,0.9799332760177816
GSM4138123,100,0,0.7055022217283826
GSM4138123,100,1,0.7155271498422672
GSM4138123,100,2,0.7127189073520765
GSM4138123,100,3,0.6977441158723805
GSM4138123,100,4,0.7462052226352195
GSM4138123,100,5,0.7358775384469985
GSM4138123,100,6,0.7505593817446242
GSM4138123,100,7,0.7189660052155181
GSM4138123,100,8,0.7083887752153988
GSM4138123,100,9,0.7095100275300179
GSM4138125,125,0,0.7572074719928952
GSM4138125,125,1,0.776955973012931
GSM4138125,125,2,0.7517519302951354
GSM4138125,125,3,0.7538188726387571
GSM4138125,125,4,0.7654863062039681
GSM4138125,125,5,0.7431176728069899
GSM4138125,125,6,0.7383105358686992
GSM4138125,125,7,0.7412143175062177
GSM4138125,125,8,0.7770048236611237
GSM4138125,125,9,0.7585796547909904
GSM4138125,350,0,0.7121537919179275
GSM4138125,350,1,0.727248994470857
GSM4138125,350,2,0.7172883399523031
GSM4138125,350,3,0.6983179933595995
GSM4138125,350,4,0.7062531519236557
GSM4138125,350,5,0.7160598001724318
GSM4138125,350,6,0.7122251958393546
GSM4138125,350,7,0.704315948856355
GSM4138125,350,8,0.7103944017760067
GSM4138125,350,9,0.7126475989242828
GSM4138131,75,0,0.8134043830238068
GSM4138131,75,1,0.8292596992561542
GSM4138131,75,2,0.8040531717513777
GSM4138131,75,3,0.799987535705647
GSM4138131,75,4,0.78122323016262
GSM4138131,75,5,0.762213837787985
GSM4138131,75,6,0.7987469412593258
GSM4138131,75,7,0.7632687133106215
GSM4138131,75,8,0.812985136269935
GSM4138131,75,9,0.794903810145819
GSM4138131,225,0,0.7106114404241126
GSM4138131,225,1,0.7081827571116627
GSM4138131,225,2,0.7204166442590894
GSM4138131,225,3,0.7078476478419995
GSM4138131,225,4,0.7280501192558487
GSM4138131,225,5,0.7078298610792485
GSM4138131,225,6,0.7384137721719202
GSM4138131,225,7,0.7082020808109535
GSM4138131,225,8,0.7100932581090162
GSM4138131,225,9,0.6954258609728565
GSM4138135,350,0,0.7010878936117628
GSM4138135,350,1,0.6919977587409716
GSM4138135,350,2,0.6971535969788553
GSM4138135,350,3,0.694613107422048
GSM4138135,350,4,0.6900520903067009
GSM4138135,350,5,0.6926922835919129
GSM4138135,350,6,0.6937476582459462
GSM4138135,350,7,0.6861714025769573
GSM4138135,350,8,0.6976814756134913
GSM4138135,350,9,0.7015460520129249
GSM4138137,275,0,0.7638473404520927
GSM4138137,275,1,0.7647640948041801
GSM4138137,275,2,0.7569054864075606
GSM4138137,275,3,0.7486531343703603
GSM4138137,275,4,0.7540124430869907
GSM4138137,275,5,0.7728921398143072
GSM4138137,275,6,0.7528735813687074
GSM4138137,275,7,0.7759504761609766
GSM4138137,275,8,0.7658011358608645
GSM4138137,275,9,0.76690424088528
GSM4138137,250,0,0.7626335543020049
GSM4138137,250,1,0.7721239485369231
GSM4138137,250,2,0.7901537154775669
GSM4138137,250,3,0.7602054496617173
GSM4138137,250,4,0.7610832782301736
GSM4138137,250,5,0.7730229739907614
GSM4138137,250,6,0.7586081242761687
GSM4138137,250,7,0.7576861680033391
GSM4138137,250,8,0.7844659297335781
GSM4138137,250,9,0.7856214613161644
GSM4138139,100,0,0.7561168596563597
GSM4138139,100,1,0.7835838450657018
GSM4138139,100,2,0.7828117918972459
GSM4138139,100,3,0.7618100753118489
GSM4138139,100,4,0.7424282158035975
GSM4138139,100,5,0.7755124144924875
GSM4138139,100,6,0.7554370602170309
GSM4138139,100,7,0.8125545181439113
GSM4138139,100,8,0.7630620235335575
GSM4138139,100,9,0.7431516018977182
GSM4138155,100,0,0.6930870862582327
GSM4138155,100,1,0.6846070853834201
GSM4138155,100,2,0.6605008693874027
GSM4138155,100,3,0.6719328553930555
GSM4138155,100,4,0.6220651278385081
GSM4138155,100,5,0.6942609714853999
GSM4138155,100,6,0.6845369368258802
GSM4138155,100,7,0.702582302861564
GSM4138155,100,8,0.6828933754020049
GSM4138155,100,9,0.6522508680527593
GSM4138157,50,0,0.8537682322218672
GSM4138157,50,1,0.8771769325350158
GSM4138157,50,2,0.8793721539025136
GSM4138157,50,3,0.9117629123424379
GSM4138157,50,4,0.8722135418523782
GSM4138157,50,5,0.9000109619414632
GSM4138157,50,6,0.8945689142811473
GSM4138157,50,7,0.8223690503862819
GSM4138157,50,8,0.8892639954118045
GSM4138157,50,9,0.8812131340532242
GSM4138161,50,0,0.8654146028411371
GSM4138161,50,1,0.8284403564338141
GSM4138161,50,2,0.8563430990420301
GSM4138161,50,3,0.8360900722984239
GSM4138161,50,4,0.824152652391635
GSM4138161,50,5,0.8269911587021301
GSM4138161,50,6,0.8732334430040087
GSM4138161,50,7,0.8228190416024899
GSM4138161,50,8,0.7997623585235575
GSM4138161,50,9,0.780584838689496
GSM4138166,450,0,0.8926015202359212
GSM4138166,450,1,0.8903349950776235
GSM4138166,450,2,0.8925065244960708
GSM4138166,450,3,0.8889123798788058
GSM4138166,450,4,0.8905696297630196
GSM4138166,450,5,0.8922448406826238
GSM4138166,450,6,0.890958600353662
GSM4138166,450,7,0.8893097023747567
GSM4138166,450,8,0.8906253499144319
GSM4138166,450,9,0.8912899893719519
GSM4138123,425,0,0.6692326672740806
GSM4138123,425,1,0.6867748075760147
GSM4138123,425,2,0.6763732731744125
GSM4138123,425,3,0.6968343877655432
GSM4138123,425,4,0.6844602543980531
GSM4138123,425,5,0.698239269093325
GSM4138123,425,6,0.6724606989678811
GSM4138123,425,7,0.6776405893771753
GSM4138123,425,8,0.668706669488822
GSM4138123,425,9,0.6690352480846634
GSM4138123,150,0,0.6866479014531627
GSM4138123,150,1,0.7073815697603103
GSM4138123,150,2,0.7228170058299563
GSM4138123,150,3,0.6783268428169136
GSM4138123,150,4,0.6905636740734717
GSM4138123,150,5,0.7000362465827159
GSM4138123,150,6,0.6902291838658818
GSM4138123,150,7,0.6984332724381952
GSM4138123,150,8,0.7041675270502639
GSM4138123,150,9,0.7008379203621953
GSM4138135,250,0,0.7053665406989729
GSM4138135,250,1,0.70408764683545
GSM4138135,250,2,0.7275188256075223
GSM4138135,250,3,0.7137279086589803
GSM4138135,250,4,0.7012512131150105
GSM4138135,250,5,0.7033067123487412
GSM4138135,250,6,0.6726950730014598
GSM4138135,250,7,0.7219423990949507
GSM4138135,250,8,0.7075313420795635
GSM4138135,250,9,0.700570558637494
GSM4138135,300,0,0.7032738335394946
GSM4138135,300,1,0.7026899279947099
GSM4138135,300,2,0.716471103605913
GSM4138135,300,3,0.7104173108831993
GSM4138135,300,4,0.7137730702614653
GSM4138135,300,5,0.7219573995962766
GSM4138135,300,6,0.7074669987854498
GSM4138135,300,7,0.6970931447145299
GSM4138135,300,8,0.7007123288002216
GSM4138135,300,9,0.6792843818036163
GSM4138137,25,0,0.9358212142077531
GSM4138137,25,1,0.8800274264189405
GSM4138137,25,2,0.9031699666948181
GSM4138137,25,3,0.9386436343558795
GSM4138137,25,4,0.8976814614649078
GSM4138137,25,5,0.9193773329368932
GSM4138137,25,6,0.8999767392744215
GSM4138137,25,7,0.9775947926448595
GSM4138137,25,8,0.8957121895236316
GSM4138137,25,9,0.880586587459124
GSM4138141,50,0,0.8654780952426643
GSM4138141,50,1,0.8592914709009997
GSM4138141,50,2,0.8839051704881751
GSM4138141,50,3,0.8579877632767823
GSM4138141,50,4,0.8691731993405449
GSM4138141,50,5,0.9364553539224206
GSM4138141,50,6,0.8469605041640613
GSM4138141,50,7,0.8687714299781413
GSM4138141,50,8,0.8789226690370276
GSM4138141,50,9,0.8680306126386161
GSM4138110,475,0,0.9120960328600837
GSM4138110,475,1,0.9047842126370087
GSM4138110,475,2,0.913277201907447
GSM4138110,475,3,0.9065466712587876
GSM4138110,475,4,0.917419044729634
GSM4138110,475,5,0.9076468288976958
GSM4138110,475,6,0.9108384443048941
GSM4138110,475,7,0.9063832193048982
GSM4138110,475,8,0.9040875248106884
GSM4138110,475,9,0.8995494269348193
GSM4138110,200,0,0.9298790591039744
GSM4138110,200,1,0.9084005915647451
GSM4138110,200,2,0.9046000179734273
GSM4138110,200,3,0.8994306216530913
GSM4138110,200,4,0.916900155562123
GSM4138110,200,5,0.9281031964489577
GSM4138110,200,6,0.9112707344112434
GSM4138110,200,7,0.9059593612329245
GSM4138110,200,8,0.907485974426849
GSM4138110,200,9,0.9176539678987327
GSM4138111,50,0,0.8506497065219507
GSM4138111,50,1,0.8239373835314456
GSM4138111,50,2,0.8491857536179944
GSM4138111,50,3,0.8253606959325195
GSM4138111,50,4,0.8155988711386257
GSM4138111,50,5,0.7806186961284598
GSM4138111,50,6,0.8496702815430563
GSM4138111,50,7,0.8723653376562888
GSM4138111,50,8,0.8176944345841092
GSM4138111,50,9,0.8085968177721643
GSM4138112,200,0,0.8931073350661616
GSM4138112,200,1,0.8827709579380831
GSM4138112,200,2,0.8911432866273704
GSM4138112,200,3,0.8795947037498404
GSM4138112,200,4,0.8804806764772927
GSM4138112,200,5,0.896465802998596
GSM4138112,200,6,0.8819735913510848
GSM4138112,200,7,0.88398826511554
GSM4138112,200,8,0.8803969976416653
GSM4138112,200,9,0.8886155765719914
GSM4138112,175,0,0.873017201552748
GSM4138112,175,1,0.8935365289500541
GSM4138112,175,2,0.925287028429554
GSM4138112,175,3,0.8828905521974029
GSM4138112,175,4,0.8788636375841969
GSM4138112,175,5,0.8838844778738238
GSM4138112,175,6,0.9033288407038796
GSM4138112,175,7,0.895106077660631
GSM4138112,175,8,0.8898844104856959
GSM4138112,175,9,0.8847088494916578
GSM4138114,250,0,0.8868745874807116
GSM4138114,250,1,0.8862611391355533
GSM4138114,250,2,0.8858980315847198
GSM4138114,250,3,0.8766603420381242
GSM4138114,250,4,0.8831276760649973
GSM4138114,250,5,0.8902655485605095
GSM4138114,250,6,0.8776815618938132
GSM4138114,250,7,0.8937719687931068
GSM4138114,250,8,0.8912477366796765
GSM4138114,250,9,0.8834743632655985
GSM4138114,150,0,0.8859885535623004
GSM4138114,150,1,0.8736961653009793
GSM4138114,150,2,0.8836679498101031
GSM4138114,150,3,0.889360464433535
GSM4138114,150,4,0.8651306856796475
GSM4138114,150,5,0.8988900684395905
GSM4138114,150,6,0.8896293448038948
GSM4138114,150,7,0.8734057806478922
GSM4138114,150,8,0.875946413233023
GSM4138114,150,9,0.8668860180009456
GSM4138116,675,0,0.9229865228037473
GSM4138116,675,1,0.9198901234343312
GSM4138116,675,2,0.9279465130997935
GSM4138116,675,3,0.9217626937497766
GSM4138116,675,4,0.9213001121897231
GSM4138116,675,5,0.9227892720157812
GSM4138116,675,6,0.9261549995500564
GSM4138116,675,7,0.9215861942098454
GSM4138116,675,8,0.9253977297000363
GSM4138116,675,9,0.9207453538792874
GSM4138116,25,0,0.9443288096860354
GSM4138116,25,1,0.9920212738987424
GSM4138116,25,2,0.9849894428066612
GSM4138116,25,3,1.0
GSM4138116,25,4,0.9817014129835697
GSM4138116,25,5,0.9666360642347056
GSM4138116,25,6,0.9035543291819459
GSM4138116,25,7,0.9660524046039797
GSM4138116,25,8,0.9586652504964447
GSM4138116,25,9,0.9206967389895332
GSM4138117,150,0,0.7149463934159435
GSM4138117,150,1,0.7428167243439101
GSM4138117,150,2,0.7096088875287645
GSM4138117,150,3,0.7244941413025865
GSM4138117,150,4,0.7295660130730858
GSM4138117,150,5,0.7233711371606365
GSM4138117,150,6,0.7379567947118009
GSM4138117,150,7,0.7118664707664133
GSM4138117,150,8,0.7004784749285466
GSM4138117,150,9,0.7088595166038674
GSM4138117,50,0,0.8606424085274098
GSM4138117,50,1,0.8735098800146933
GSM4138117,50,2,0.8392581789189801
GSM4138117,50,3,0.9008134099583749
GSM4138117,50,4,0.8595149001352734
GSM4138117,50,5,0.8604950700928856
GSM4138117,50,6,0.8271738353374967
GSM4138117,50,7,0.8399768486805349
GSM4138117,50,8,0.7979345941164195
GSM4138117,50,9,0.8329520072906611
GSM4138118,275,0,0.8832970704207975
GSM4138118,275,1,0.8747914146114342
GSM4138118,275,2,0.8863134016906826
GSM4138118,275,3,0.8842272914425504
GSM4138118,275,4,0.878706018419314
GSM4138118,275,5,0.8756103348173457
GSM4138118,275,6,0.8724074817029958
GSM4138118,275,7,0.881562068921928
GSM4138118,275,8,0.8783869603890372
GSM4138118,275,9,0.8732440946879336
GSM4138118,25,0,0.9774628460104843
GSM4138118,25,1,0.9553105503684013
GSM4138118,25,2,0.9711500571282591
GSM4138118,25,3,0.9431660403872961
GSM4138118,25,4,0.9900410438849755
GSM4138118,25,5,0.9523728184519298
GSM4138118,25,6,0.9071417722304654
GSM4138118,25,7,0.9656261781367588
GSM4138118,25,8,0.9033987000705038
GSM4138118,25,9,0.9625283312069249
GSM4138120,525,0,0.8444428607546898
GSM4138120,525,1,0.846262621089957
GSM4138120,525,2,0.8459788695945707
GSM4138120,525,3,0.853119944556078
GSM4138120,525,4,0.8423146969158078
GSM4138120,525,5,0.855784363339094
GSM4138120,525,6,0.8487607376308411
GSM4138120,525,7,0.8495337753826422
GSM4138120,525,8,0.8528258014373005
GSM4138120,525,9,0.8533358802005513
GSM4138120,100,0,0.8706671490469245
GSM4138120,100,1,0.8609820027945205
GSM4138120,100,2,0.8953193565534795
GSM4138120,100,3,0.8940507068959168
GSM4138120,100,4,0.8432359799263185
GSM4138120,100,5,0.8761656354288618
GSM4138120,100,6,0.8575281178694851
GSM4138120,100,7,0.8765580912365918
GSM4138120,100,8,0.8699270416923781
GSM4138120,100,9,0.8864042564868839
GSM4138122,275,0,0.8828100781792724
GSM4138122,275,1,0.8810890119109126
GSM4138122,275,2,0.8789519181028168
GSM4138122,275,3,0.8964625340954114
GSM4138122,275,4,0.886632705558516
GSM4138122,275,5,0.8852678458486714
GSM4138122,275,6,0.8873276411673541
GSM4138122,275,7,0.8768679041177487
GSM4138122,275,8,0.8870932197858696
GSM4138122,275,9,0.8875486800812206
GSM4138122,375,0,0.8880766636225529
GSM4138122,375,1,0.8819077834816245
GSM4138122,375,2,0.8904272894049641
GSM4138122,375,3,0.8842349947338969
GSM4138122,375,4,0.8797197122749012
GSM4138122,375,5,0.8857116091870991
GSM4138122,375,6,0.8851404215212437
GSM4138122,375,7,0.8857526979822238
GSM4138122,375,8,0.8855668999590856
GSM4138122,375,9,0.8905849528969244
GSM4138124,250,0,0.9071490614257678
GSM4138124,250,1,0.9176494125477802
GSM4138124,250,2,0.9044727817624898
GSM4138124,250,3,0.911728957666543
GSM4138124,250,4,0.9285292242903869
GSM4138124,250,5,0.9059862790337919
GSM4138124,250,6,0.9217517278173061
GSM4138124,250,7,0.9200605055242939
GSM4138124,250,8,0.9234516863838844
GSM4138124,250,9,0.9086466322072243
GSM4138124,150,0,0.900173556843503
GSM4138124,150,1,0.9255453132337088
GSM4138124,150,2,0.9299771546184982
GSM4138124,150,3,0.9183048549207168
GSM4138124,150,4,0.9513532757792458
GSM4138124,150,5,0.9116770308466073
GSM4138124,150,6,0.9309700086868621
GSM4138124,150,7,0.9199412837215643
GSM4138124,150,8,0.9008224151913986
GSM4138124,150,9,0.9338980986763875
GSM4138125,100,0,0.7762280070724276
GSM4138125,100,1,0.7443983373458432
GSM4138125,100,2,0.7451401521565963
GSM4138125,100,3,0.7909393964293318
GSM4138125,100,4,0.7925580395693009
GSM4138125,100,5,0.7591222351521346
GSM4138125,100,6,0.8038530540633928
GSM4138125,100,7,0.7519692409896509
GSM4138125,100,8,0.7544673743903053
GSM4138125,100,9,0.7823327653274994
GSM4138126,700,0,0.953067972594368
GSM4138126,700,1,0.955346949002091
GSM4138126,700,2,0.9529432717091628
GSM4138126,700,3,0.9537393853751013
GSM4138126,700,4,0.9528064992811941
GSM4138126,700,5,0.9547398208020067
GSM4138126,700,6,0.9562860731639788
GSM4138126,700,7,0.9555228611784503
GSM4138126,700,8,0.9533935697298088
GSM4138126,700,9,0.9550172803988355
GSM4138126,125,0,0.959132048994737
GSM4138126,125,1,0.954104547621037
GSM4138126,125,2,0.9661289171573124
GSM4138126,125,3,0.9621717469991892
GSM4138126,125,4,0.9655879017965416
GSM4138126,125,5,0.967370401726917
GSM4138126,125,6,0.9582749750773205
GSM4138126,125,7,0.9653834053660767
GSM4138126,125,8,0.9453680536837905
GSM4138126,125,9,0.961157942880541
GSM4138128,275,0,0.8887412052366142
GSM4138128,275,1,0.9006669983417236
GSM4138128,275,2,0.8880064933102487
GSM4138128,275,3,0.8924372492663162
GSM4138128,275,4,0.8969850751508844
GSM4138128,275,5,0.8816158090511603
GSM4138128,275,6,0.8921032836004353
GSM4138128,275,7,0.8884333954277075
GSM4138128,275,8,0.8886845976522306
GSM4138128,275,9,0.8950698026546788
GSM4138128,375,0,0.882083082514877
GSM4138128,375,1,0.8865348333179259
GSM4138128,375,2,0.8855698364407824
GSM4138128,375,3,0.8798516966810473
GSM4138128,375,4,0.8880774583127871
GSM4138128,375,5,0.883362280767014
GSM4138128,375,6,0.8832534753203322
GSM4138128,375,7,0.8868936741165749
GSM4138128,375,8,0.8849135951593472
GSM4138128,375,9,0.8864305003820165
GSM4138129,75,0,0.8352291598254075
GSM4138129,75,1,0.8101536511212443
GSM4138129,75,2,0.8506354256560599
GSM4138129,75,3,0.8664055810686131
GSM4138129,75,4,0.8294485890263847
GSM4138129,75,5,0.8193117128140966
GSM4138129,75,6,0.8250926926160337
GSM4138129,75,7,0.794662357856194
GSM4138129,75,8,0.8277838413754679
GSM4138129,75,9,0.8685057079298286
GSM4138130,325,0,0.9101808489028504
GSM4138130,325,1,0.9093421816945126
GSM4138130,325,2,0.8975955153505846
GSM4138130,325,3,0.9058863572787388
GSM4138130,325,4,0.922846028673166
GSM4138130,325,5,0.9104790634958811
GSM4138130,325,6,0.9112637761221951
GSM4138130,325,7,0.9070901253752083
GSM4138130,325,8,0.9092405282967528
GSM4138130,325,9,0.8995131930097251
GSM4138132,475,0,0.9370254907236654
GSM4138132,475,1,0.9398436831377016
GSM4138132,475,2,0.9449148454015878
GSM4138132,475,3,0.9282743260426063
GSM4138132,475,4,0.9358074117018065
GSM4138132,475,5,0.9391541960874144
GSM4138132,475,6,0.9380941042881423
GSM4138132,475,7,0.9316553203812192
GSM4138132,475,8,0.9367540153347151
GSM4138132,475,9,0.9410799574090903
GSM4138132,300,0,0.9325156465608728
GSM4138132,300,1,0.948655348592363
GSM4138132,300,2,0.941368421304328
GSM4138132,300,3,0.9244122012461864
GSM4138132,300,4,0.9411344925615017
GSM4138132,300,5,0.9275123354052113
GSM4138132,300,6,0.9316510573695477
GSM4138132,300,7,0.9390159717450187
GSM4138132,300,8,0.9369008826063155
GSM4138132,300,9,0.9397361616783667
GSM4138133,50,0,0.8563298387459249
GSM4138133,50,1,0.8792706435516334
GSM4138133,50,2,0.8132703191766701
GSM4138133,50,3,0.8534204775946926
GSM4138133,50,4,0.8623500375855395
GSM4138133,50,5,0.8572962963083001
GSM4138133,50,6,0.8712624930506905
GSM4138133,50,7,0.8396127139914757
GSM4138133,50,8,0.8427066440767514
GSM4138133,50,9,0.8389432545009656
GSM4138134,925,0,0.9459264860799365
GSM4138134,925,1,0.9526886682581271
GSM4138134,925,2,0.9489320663120994
GSM4138134,925,3,0.9516355143346582
GSM4138134,925,4,0.9525037089828527
GSM4138134,925,5,0.9569347448402064
GSM4138134,925,6,0.9405050600249347
GSM4138134,925,7,0.9536217339679509
GSM4138134,925,8,0.9546172752080877
GSM4138134,925,9,0.9391231100903121
GSM4138134,500,0,0.9529149582933569
GSM4138134,500,1,0.9469543338141865
GSM4138134,500,2,0.9498349602110315
GSM4138134,500,3,0.9389273538611123
GSM4138134,500,4,0.9367905291342496
GSM4138134,500,5,0.9435273024253882
GSM4138134,500,6,0.9497079918902583
GSM4138134,500,7,0.9499997175151356
GSM4138134,500,8,0.9581600955953956
GSM4138134,500,9,0.9582347491509406
GSM4138136,425,0,0.8987033553924985
GSM4138136,425,1,0.9017424210067695
GSM4138136,425,2,0.89870172314821
GSM4138136,425,3,0.8952915484227862
GSM4138136,425,4,0.8968780588599548
GSM4138136,425,5,0.9021683640874784
GSM4138136,425,6,0.9111404691566095
GSM4138136,425,7,0.9042848112364357
GSM4138136,425,8,0.8990002112494457
GSM4138136,425,9,0.9022866720573217
GSM4138136,300,0,0.897282275930902
GSM4138136,300,1,0.9065257008680163
GSM4138136,300,2,0.9029941607197203
GSM4138136,300,3,0.9013208491457814
GSM4138136,300,4,0.8905415970365216
GSM4138136,300,5,0.9037417044368311
GSM4138136,300,6,0.9031366865466137
GSM4138136,300,7,0.8963307150247045
GSM4138136,300,8,0.8958604735713089
GSM4138136,300,9,0.8917891762951919
GSM4138138,400,0,0.8931194355425792
GSM4138138,400,1,0.903488240702713
GSM4138138,400,2,0.8939521915362019
GSM4138138,400,3,0.8881040487864476
GSM4138138,400,4,0.8992886172710515
GSM4138138,400,5,0.8868996980589723
GSM4138138,400,6,0.8935299083571665
GSM4138138,400,7,0.8890423207478151
GSM4138138,400,8,0.8882270987543393
GSM4138138,400,9,0.8864297884172978
GSM4138138,225,0,0.9015292513885715
GSM4138138,225,1,0.8817855386424795
GSM4138138,225,2,0.8913228675994899
GSM4138138,225,3,0.8809347254682203
GSM4138138,225,4,0.8887918865365024
GSM4138138,225,5,0.8978142146990585
GSM4138138,225,6,0.9075834232926407
GSM4138138,225,7,0.8942447092830057
GSM4138138,225,8,0.9121675345545471
GSM4138138,225,9,0.9105650515450185
GSM4138139,150,0,0.6831483069887259
GSM4138139,150,1,0.6949537152369949
GSM4138139,150,2,0.7317038212359077
GSM4138139,150,3,0.7339549256316374
GSM4138139,150,4,0.6993475505669604
GSM4138139,150,5,0.7066239897463958
GSM4138139,150,6,0.7081978930022137
GSM4138139,150,7,0.7155747334409157
GSM4138139,150,8,0.672021413093631
GSM4138139,150,9,0.6842847170000603
GSM4138140,500,0,0.9238646806729642
GSM4138140,500,1,0.913020838362613
GSM4138140,500,2,0.9074379357050045
GSM4138140,500,3,0.9074684937616654
GSM4138140,500,4,0.9135223867949364
GSM4138140,500,5,0.9142006692047339
GSM4138140,500,6,0.9092010206982933
GSM4138140,500,7,0.8972182855246161
GSM4138140,500,8,0.907813290365134
GSM4138140,500,9,0.9075675409416388
GSM4138140,300,0,0.9140763145200976
GSM4138140,300,1,0.9161700595827826
GSM4138140,300,2,0.9064931730734539
GSM4138140,300,3,0.9018816527133204
GSM4138140,300,4,0.904209674910509
GSM4138140,300,5,0.9188971490694144
GSM4138140,300,6,0.9352858869012532
GSM4138140,300,7,0.9128743855006418
GSM4138140,300,8,0.9210337263459607
GSM4138140,300,9,0.9073453246379096
GSM4138142,500,0,0.9069877848083624
GSM4138142,500,1,0.9082475107155683
GSM4138142,500,2,0.9159832105320839
GSM4138142,500,3,0.9166226301084792
GSM4138142,500,4,0.9161689506019298
GSM4138142,500,5,0.9116057035926808
GSM4138142,500,6,0.9109099667259095
GSM4138142,500,7,0.9121827098061464
GSM4138142,500,8,0.9193357139016982
GSM4138142,500,9,0.9132862912913026
GSM4138142,250,0,0.9110458585373005
GSM4138142,250,1,0.9179723217102027
GSM4138142,250,2,0.920047014981087
GSM4138142,250,3,0.9132034065696774
GSM4138142,250,4,0.9157858851812666
GSM4138142,250,5,0.9152241965788643
GSM4138142,250,6,0.9195747217026572
GSM4138142,250,7,0.9137471555428702
GSM4138142,250,8,0.9098158432694977
GSM4138142,250,9,0.9161057869966275
GSM4138143,100,0,0.7805458249250049
GSM4138143,100,1,0.7879216351923146
GSM4138143,100,2,0.7570883510149934
GSM4138143,100,3,0.8110112699949782
GSM4138143,100,4,0.8005587688669888
GSM4138143,100,5,0.8105892064066336
GSM4138143,100,6,0.7450569071476421
GSM4138143,100,7,0.7474971023099712
GSM4138143,100,8,0.7315101865127528
GSM4138143,100,9,0.7745501429704554
GSM4138144,175,0,0.8521359902607215
GSM4138144,175,1,0.8565432220314754
GSM4138144,175,2,0.8684292502578339
GSM4138144,175,3,0.8499984951525589
GSM4138144,175,4,0.8458025125801439
GSM4138144,175,5,0.8625734441913289
GSM4138144,175,6,0.8632851576603152
GSM4138144,175,7,0.846050900306643
GSM4138144,175,8,0.8634350187289515
GSM4138144,175,9,0.857515042304749
GSM4138144,125,0,0.850332707893988
GSM4138144,125,1,0.852322330338835
GSM4138144,125,2,0.8600025082766798
GSM4138144,125,3,0.8578561079871527
GSM4138144,125,4,0.8727267707194757
GSM4138144,125,5,0.8654969281417649
GSM4138144,125,6,0.8455332646150585
GSM4138144,125,7,0.854604466139028
GSM4138144,125,8,0.8681030708646688
GSM4138144,125,9,0.8597921921804825
GSM4138146,175,0,0.8815491720644805
GSM4138146,175,1,0.8735018971127992
GSM4138146,175,2,0.9152041802622618
GSM4138146,175,3,0.8870201421077152
GSM4138146,175,4,0.8917677335613144
GSM4138146,175,5,0.9259316511871427
GSM4138146,175,6,0.8740622608050497
GSM4138146,175,7,0.8912000634571253
GSM4138146,175,8,0.8994620321892128
GSM4138146,175,9,0.8683427836608474
GSM4138146,300,0,0.8828706807160575
GSM4138146,300,1,0.8855373183955133
GSM4138146,300,2,0.8922821466141247
GSM4138146,300,3,0.8866785883960113
GSM4138146,300,4,0.8864779953551615
GSM4138146,300,5,0.8873522176903929
GSM4138146,300,6,0.8858355477496199
GSM4138146,300,7,0.8772326487592199
GSM4138146,300,8,0.8916871557105599
GSM4138146,300,9,0.9016393841159087
GSM4138148,125,0,0.8519070533706926
GSM4138148,125,1,0.8497900502065765
GSM4138148,125,2,0.8569759077224745
GSM4138148,125,3,0.8509338531543513
GSM4138148,125,4,0.8679372559591864
GSM4138148,125,5,0.8562470726105372
GSM4138148,125,6,0.8589722426565963
GSM4138148,125,7,0.8651546401389211
GSM4138148,125,8,0.871853349046088
GSM4138148,125,9,0.8629897925255864
GSM4138148,75,0,0.8549766662870231
GSM4138148,75,1,0.8621596263649138
GSM4138148,75,2,0.8639265360780035
GSM4138148,75,3,0.8535856706879061
GSM4138148,75,4,0.8579964867447272
GSM4138148,75,5,0.8551905531388923
GSM4138148,75,6,0.8551506665520334
GSM4138148,75,7,0.8784333937266647
GSM4138148,75,8,0.8728742557873124
GSM4138148,75,9,0.8586774222221936
GSM4138150,125,0,0.8924795967270982
GSM4138150,125,1,0.9152888400697624
GSM4138150,125,2,0.8912446278342563
GSM4138150,125,3,0.9131097911763661
GSM4138150,125,4,0.9109281966706508
GSM4138150,125,5,0.9115983340319281
GSM4138150,125,6,0.9242772795432571
GSM4138150,125,7,0.9065173596110114
GSM4138150,125,8,0.9035042201787777
GSM4138150,125,9,0.9006145657206559
GSM4138150,75,0,0.9172020370646277
GSM4138150,75,1,0.9230490692272004
GSM4138150,75,2,0.9324480010087551
GSM4138150,75,3,0.9296160456268898
GSM4138150,75,4,0.921807345271098
GSM4138150,75,5,0.900333697630814
GSM4138150,75,6,0.902521341968879
GSM4138150,75,7,0.9324564929916883
GSM4138150,75,8,0.9116162348054075
GSM4138150,75,9,0.9492512414996781
GSM4138152,325,0,0.8605820950532408
GSM4138152,325,1,0.8457829505426586
GSM4138152,325,2,0.8619292186869133
GSM4138152,325,3,0.8383168649563971
GSM4138152,325,4,0.854659130772907
GSM4138152,325,5,0.8620523195090581
GSM4138152,325,6,0.8608995696627397
GSM4138152,325,7,0.8548054819547973
GSM4138152,325,8,0.8474234242462644
GSM4138152,325,9,0.8611723598393876
GSM4138152,175,0,0.8606105686468568
GSM4138152,175,1,0.8707897837931238
GSM4138152,175,2,0.8691858643620881
GSM4138152,175,3,0.8800632857740824
GSM4138152,175,4,0.8603557680437386
GSM4138152,175,5,0.8779655122520512
GSM4138152,175,6,0.8654087624677058
GSM4138152,175,7,0.8707164776047152
GSM4138152,175,8,0.8783731067532127
GSM4138152,175,9,0.8528728594440955
GSM4138154,300,0,0.8331059247187773
GSM4138154,300,1,0.8152441651450479
GSM4138154,300,2,0.8192747969052852
GSM4138154,300,3,0.8195627069431858
GSM4138154,300,4,0.8203909504537197
GSM4138154,300,5,0.8227915667517063
GSM4138154,300,6,0.8146022303120231
GSM4138154,300,7,0.8214155885102855
GSM4138154,300,8,0.8349249314211602
GSM4138154,300,9,0.8192257658932482
GSM4138154,75,0,0.8132253401756164
GSM4138154,75,1,0.8696210097519432
GSM4138154,75,2,0.8685277921672458
GSM4138154,75,3,0.8754201997377452
GSM4138154,75,4,0.8748870278929323
GSM4138154,75,5,0.82038510935151
GSM4138154,75,6,0.8588860514761286
GSM4138154,75,7,0.8653874499306263
GSM4138154,75,8,0.8649717501941462
GSM4138154,75,9,0.8476790410208781
GSM4138156,675,0,0.8896728580996613
GSM4138156,675,1,0.893051363192462
GSM4138156,675,2,0.8984015007970902
GSM4138156,675,3,0.8779319299173564
GSM4138156,675,4,0.8900093408373643
GSM4138156,675,5,0.8896354881792436
GSM4138156,675,6,0.8958198843465548
GSM4138156,675,7,0.8896403953866583
GSM4138156,675,8,0.8955614869218975
GSM4138156,675,9,0.8911830005594664
GSM4138156,275,0,0.8949062438430215
GSM4138156,275,1,0.8887302109716757
GSM4138156,275,2,0.9052765556273471
GSM4138156,275,3,0.89731272436998
GSM4138156,275,4,0.8979767293411528
GSM4138156,275,5,0.8814167856224259
GSM4138156,275,6,0.8857373766571722
GSM4138156,275,7,0.8920422798109052
GSM4138156,275,8,0.8937395468445755
GSM4138156,275,9,0.8975371361702438
GSM4138158,225,0,0.9054317999838217
GSM4138158,225,1,0.9018659334002217
GSM4138158,225,2,0.8968126598942884
GSM4138158,225,3,0.884972308359582
GSM4138158,225,4,0.899268566723977
GSM4138158,225,5,0.903297894388985
GSM4138158,225,6,0.8958250117087693
GSM4138158,225,7,0.9069388275682405
GSM4138158,225,8,0.9060017972539522
GSM4138158,225,9,0.9038810954441174
GSM4138158,50,0,0.951739694677274
GSM4138158,50,1,0.9645753559321107
GSM4138158,50,2,0.9503305252536655
GSM4138158,50,3,0.9676977562219985
GSM4138158,50,4,0.9414041383656179
GSM4138158,50,5,0.9380865301990986
GSM4138158,50,6,0.9298416217224358
GSM4138158,50,7,0.9494720780001752
GSM4138158,50,8,0.9416264582752475
GSM4138158,50,9,0.924636275419384
GSM4138160,425,0,0.8641986584497032
GSM4138160,425,1,0.8635187625234514
GSM4138160,425,2,0.8566397048186821
GSM4138160,425,3,0.86870848195508
GSM4138160,425,4,0.8594125817084693
GSM4138160,425,5,0.8655416844478017
GSM4138160,425,6,0.8675796077429473
GSM4138160,425,7,0.8620296222415691
GSM4138160,425,8,0.8633358709975375
GSM4138160,425,9,0.8699783458819625
GSM4138160,100,0,0.9122684828406802
GSM4138160,100,1,0.9234306721767592
GSM4138160,100,2,0.9076847293271333
GSM4138160,100,3,0.9081279162682515
GSM4138160,100,4,0.9097865346341095
GSM4138160,100,5,0.9256319778452659
GSM4138160,100,6,0.9403452249893305
GSM4138160,100,7,0.9173358633245111
GSM4138160,100,8,0.9111501264888353
GSM4138160,100,9,0.8899311431861915
GSM4138162,350,0,0.8833436381183214
GSM4138162,350,1,0.877610265075209
GSM4138162,350,2,0.886143630833373
GSM4138162,350,3,0.8989490173347596
GSM4138162,350,4,0.8945369045778537
GSM4138162,350,5,0.8847030170406216
GSM4138162,350,6,0.8880329937338456
GSM4138162,350,7,0.8858225380010336
GSM4138162,350,8,0.8768886135604876
GSM4138162,350,9,0.88477247554676
GSM4138162,200,0,0.8924944065466248
GSM4138162,200,1,0.8868644040844851
GSM4138162,200,2,0.9032534216245407
GSM4138162,200,3,0.9010777990327723
GSM4138162,200,4,0.897858042413539
GSM4138162,200,5,0.8907928311684805
GSM4138162,200,6,0.8982037924345072
GSM4138162,200,7,0.8973337904100717
GSM4138162,200,8,0.9106605367285106
GSM4138162,200,9,0.9012372067670784
GSM4138163,350,0,0.9020897560860092
GSM4138163,350,1,0.9007212513375995
GSM4138163,350,2,0.8942073729022644
GSM4138163,350,3,0.8975683183050591
GSM4138163,350,4,0.9072385899312987
GSM4138163,350,5,0.898999742890568
GSM4138163,350,6,0.9037762405555263
GSM4138163,350,7,0.8992728183120605
GSM4138163,350,8,0.8945589716822355
GSM4138163,350,9,0.8941539978631082
GSM4138163,100,0,0.8991002397054201
GSM4138163,100,1,0.9277162093076488
GSM4138163,100,2,0.9363388485015505
GSM4138163,100,3,0.9179052055405726
GSM4138163,100,4,0.9200071690216459
GSM4138163,100,5,0.9033166360255083
GSM4138163,100,6,0.9045956617919004
GSM4138163,100,7,0.9207728356098152
GSM4138163,100,8,0.9318486200593463
GSM4138163,100,9,0.9163366829782548
GSM4138164,100,0,0.8451033458607518
GSM4138164,100,1,0.8644706217893361
GSM4138164,100,2,0.8387817829227421
GSM4138164,100,3,0.864415958689488
GSM4138164,100,4,0.8674755195562145
GSM4138164,100,5,0.852048554945273
GSM4138164,100,6,0.8350921012013481
GSM4138164,100,7,0.8437665530151521
GSM4138164,100,8,0.8434132544153947
GSM4138164,100,9,0.8470612568545683
GSM4138164,75,0,0.8482775487857157
GSM4138164,75,1,0.8953809545634935
GSM4138164,75,2,0.8705351394645848
GSM4138164,75,3,0.8703908378571165
GSM4138164,75,4,0.8649300775368917
GSM4138164,75,5,0.859133959307119
GSM4138164,75,6,0.8677834635253344
GSM4138164,75,7,0.8593949209060793
GSM4138164,75,8,0.865881703378588
GSM4138164,75,9,0.8813391156048843
GSM4138165,275,0,0.8887339194208517
GSM4138165,275,1,0.9039796183015442
GSM4138165,275,2,0.895146869757252
GSM4138165,275,3,0.8970571379755695
GSM4138165,275,4,0.9025180950871382
GSM4138165,275,5,0.9027802847639997
GSM4138165,275,6,0.9061680465072894
GSM4138165,275,7,0.9024744428666638
GSM4138165,275,8,0.8997980928752722
GSM4138165,275,9,0.8950591917428176
GSM4138165,200,0,0.8919157854547675
GSM4138165,200,1,0.919110954274773
GSM4138165,200,2,0.9014311806690202
GSM4138165,200,3,0.9025093213787483
GSM4138165,200,4,0.8942474138646588
GSM4138165,200,5,0.8972377176511543
GSM4138165,200,6,0.8893959225372636
GSM4138165,200,7,0.9250233464413661
GSM4138165,200,8,0.8987160471661614
GSM4138165,200,9,0.9168417409069619
GSM4138166,275,0,0.8894840282840645
GSM4138166,275,1,0.8877759967405471
GSM4138166,275,2,0.8904299788439561
GSM4138166,275,3,0.8866034197944926
GSM4138166,275,4,0.8950573058496097
GSM4138166,275,5,0.8896651127166143
GSM4138166,275,6,0.9045371077497759
GSM4138166,275,7,0.8885973494483519
GSM4138166,275,8,0.8848724959594161
GSM4138166,275,9,0.8844360550954378
GSM4138166,225,0,0.901580238789341
GSM4138166,225,1,0.8985367636410708
GSM4138166,225,2,0.8818125430342577
GSM4138166,225,3,0.884454860627339
GSM4138166,225,4,0.8854122750230615
GSM4138166,225,5,0.8881584686958135
GSM4138166,225,6,0.8863524451778334
GSM4138166,225,7,0.8924923078674345
GSM4138166,225,8,0.8979806486331088
GSM4138166,225,9,0.8977392386883152
GSM4138167,250,0,0.8886737481132708
GSM4138167,250,1,0.9011769372288618
GSM4138167,250,2,0.8866431505232166
GSM4138167,250,3,0.8927069777846678
GSM4138167,250,4,0.9042479662123816
GSM4138167,250,5,0.8959190757848295
GSM4138167,250,6,0.8866165301698641
GSM4138167,250,7,0.8960675837372527
GSM4138167,250,8,0.907743963496294
GSM4138167,250,9,0.8924016522491637
GSM4138167,150,0,0.8952398044334873
GSM4138167,150,1,0.8929908990616309
GSM4138167,150,2,0.8951100034607905
GSM4138167,150,3,0.8982031735751761
GSM4138167,150,4,0.9118724930488434
GSM4138167,150,5,0.8971368154669025
GSM4138167,150,6,0.8893212196130887
GSM4138167,150,7,0.8956542861496
GSM4138167,150,8,0.9013098593596042
GSM4138167,150,9,0.8964896545838145
GSM4138125,150,0,0.7402129587293667
GSM4138125,150,1,0.7610292000058121
GSM4138125,150,2,0.7391283097025343
GSM4138125,150,3,0.7533243095258569
GSM4138125,150,4,0.7402432420095806
GSM4138125,150,5,0.737527929045917
GSM4138125,150,6,0.7488097536309704
GSM4138125,150,7,0.7387290604328116
GSM4138125,150,8,0.7388090636923079
GSM4138125,150,9,0.7405949053811824
GSM4138127,100,0,0.7920151682063357
GSM4138127,100,1,0.8179696873633904
GSM4138127,100,2,0.8177268824813311
GSM4138127,100,3,0.7838751947070761
GSM4138127,100,4,0.8196777207490804
GSM4138127,100,5,0.7946306192321773
GSM4138127,100,6,0.7869156810870352
GSM4138127,100,7,0.8112554916334812
GSM4138127,100,8,0.7703506278851788
GSM4138127,100,9,0.8256444693957719
GSM4138135,325,0,0.666700809863058
GSM4138135,325,1,0.6921286115623293
GSM4138135,325,2,0.6888276584557477
GSM4138135,325,3,0.6998191039393724
GSM4138135,325,4,0.7063048358887964
GSM4138135,325,5,0.6847414689749525
GSM4138135,325,6,0.7004156731565963
GSM4138135,325,7,0.6774236775697104
GSM4138135,325,8,0.6980527581553564
GSM4138135,325,9,0.6948722971311337
GSM4138118,50,0,0.921956555108396
GSM4138118,50,1,0.9456119975808638
GSM4138118,50,2,0.9381256772353453
GSM4138118,50,3,0.940936610520123
GSM4138118,50,4,0.9030774737824262
GSM4138118,50,5,0.9016553104295764
GSM4138118,50,6,0.8805930379125936
GSM4138118,50,7,0.9198749663327661
GSM4138118,50,8,0.9301179472140323
GSM4138118,50,9,0.9218755108200896
GSM4138122,250,0,0.8914108855327686
GSM4138122,250,1,0.8969051085081718
GSM4138122,250,2,0.8834482432723885
GSM4138122,250,3,0.8911645429638619
GSM4138122,250,4,0.8811563390287187
GSM4138122,250,5,0.892505409831279
GSM4138122,250,6,0.8854356650863661
GSM4138122,250,7,0.895267429333044
GSM4138122,250,8,0.8937140744889926
GSM4138122,250,9,0.893655159445366
GSM4138126,150,0,0.9561502825943289
GSM4138126,150,1,0.9577508954310153
GSM4138126,150,2,0.9603444497393321
GSM4138126,150,3,0.9655475156486819
GSM4138126,150,4,0.9648197459316588
GSM4138126,150,5,0.9563954812750856
GSM4138126,150,6,0.9649421446527107
GSM4138126,150,7,0.9549046088484158
GSM4138126,150,8,0.9640275449655044
GSM4138126,150,9,0.9645846003001245
GSM4138128,250,0,0.8825269456411935
GSM4138128,250,1,0.8924202777793399
GSM4138128,250,2,0.9039611556553173
GSM4138128,250,3,0.899114495801279
GSM4138128,250,4,0.8895579466003339
GSM4138128,250,5,0.8871876025095957
GSM4138128,250,6,0.8891839421574079
GSM4138128,250,7,0.8818747349801151
GSM4138128,250,8,0.887945079249008
GSM4138128,250,9,0.8893021709647848
GSM4138133,125,0,0.8308267383336998
GSM4138133,125,1,0.7965663982291689
GSM4138133,125,2,0.8039100923447028
GSM4138133,125,3,0.7688607937917532
GSM4138133,125,4,0.7965908474897851
GSM4138133,125,5,0.7589432806664106
GSM4138133,125,6,0.7861738387895862
GSM4138133,125,7,0.8127705103138547
GSM4138133,125,8,0.7857532997472261
GSM4138133,125,9,0.7676158623590607
GSM4138134,900,0,0.9514462268296279
GSM4138134,900,1,0.9418183111117063
GSM4138134,900,2,0.9484400749464426
GSM4138134,900,3,0.9527856989822029
GSM4138134,900,4,0.9514974426977144
GSM4138134,900,5,0.9527809077023973
GSM4138134,900,6,0.9434909240768967
GSM4138134,900,7,0.9471714930816789
GSM4138134,900,8,0.9483366876682183
GSM4138134,900,9,0.9501947421565758
GSM4138141,225,0,0.7417224627768008
GSM4138141,225,1,0.7346294513007092
GSM4138141,225,2,0.7197638349460425
GSM4138141,225,3,0.7259083424269476
GSM4138141,225,4,0.7436554931721694
GSM4138141,225,5,0.7170987441644154
GSM4138141,225,6,0.7464496301047274
GSM4138141,225,7,0.7189915839336259
GSM4138141,225,8,0.7394209762222366
GSM4138141,225,9,0.7536416856551406
GSM4138145,75,0,0.827036876821601
GSM4138145,75,1,0.8396846321788395
GSM4138145,75,2,0.803492495608249
GSM4138145,75,3,0.8260364092963718
GSM4138145,75,4,0.8087871347548723
GSM4138145,75,5,0.7982682676683281
GSM4138145,75,6,0.8291372373744562
GSM4138145,75,7,0.8169891621414631
GSM4138145,75,8,0.8279862154252979
GSM4138145,75,9,0.8441591334469137
GSM4138156,300,0,0.8883928490108121
GSM4138156,300,1,0.8860255886106213
GSM4138156,300,2,0.8805933831617139
GSM4138156,300,3,0.8945274577816059
GSM4138156,300,4,0.8872270679002592
GSM4138156,300,5,0.8861640835539611
GSM4138156,300,6,0.9007796865378357
GSM4138156,300,7,0.8958476352441106
GSM4138156,300,8,0.8896463515983264
GSM4138156,300,9,0.9148486115057006
GSM4138167,175,0,0.9088338567945833
GSM4138167,175,1,0.9015902733571916
GSM4138167,175,2,0.8956054313570242
GSM4138167,175,3,0.884390073526898
GSM4138167,175,4,0.888200724009507
GSM4138167,175,5,0.9258520277977458
GSM4138167,175,6,0.891284910581603
GSM4138167,175,7,0.9011584110132669
GSM4138167,175,8,0.8988320203709985
GSM4138167,175,9,0.8884066010471603
GSM4138123,75,0,0.7606409532472136
GSM4138123,75,1,0.7512395980466464
GSM4138123,75,2,0.742278875682091
GSM4138123,75,3,0.7712089545825993
GSM4138123,75,4,0.7096240629098733
GSM4138123,75,5,0.7287363374616045
GSM4138123,75,6,0.7398208527204001
GSM4138123,75,7,0.7670864860890989
GSM4138123,75,8,0.7122708002047927
GSM4138123,75,9,0.7611992504323224
GSM4138135,100,0,0.7752324431278411
GSM4138135,100,1,0.7752659165734284
GSM4138135,100,2,0.7730108348792311
GSM4138135,100,3,0.7306528291999468
GSM4138135,100,4,0.7556106052684193
GSM4138135,100,5,0.7692484533105335
GSM4138135,100,6,0.7696729069564243
GSM4138135,100,7,0.7956471554845497
GSM4138135,100,8,0.8049740315252836
GSM4138135,100,9,0.7949039195149092
GSM4138137,100,0,0.7964342812946201
GSM4138137,100,1,0.8113558944314747
GSM4138137,100,2,0.7902042129620073
GSM4138137,100,3,0.784938622472368
GSM4138137,100,4,0.7910425857221501
GSM4138137,100,5,0.8391090699823427
GSM4138137,100,6,0.7707226190874221
GSM4138137,100,7,0.8236338841150299
GSM4138137,100,8,0.8188016840113981
GSM4138137,100,9,0.8383575070114281
GSM4138163,125,0,0.9144722197330623
GSM4138163,125,1,0.926228889168273
GSM4138163,125,2,0.9134165657551854
GSM4138163,125,3,0.9302012729792148
GSM4138163,125,4,0.9202430090956206
GSM4138163,125,5,0.9117821159271506
GSM4138163,125,6,0.9228515298049788
GSM4138163,125,7,0.9002504175285652
GSM4138163,125,8,0.9105664593652828
GSM4138163,125,9,0.9054056842284135
GSM4138127,75,0,0.8298432268282963
GSM4138127,75,1,0.8401607568193215
GSM4138127,75,2,0.8339019930551657
GSM4138127,75,3,0.8578896838384075
GSM4138127,75,4,0.8259357501026436
GSM4138127,75,5,0.8044592985489155
GSM4138127,75,6,0.811564696684919
GSM4138127,75,7,0.8663254882202597
GSM4138127,75,8,0.8367606677072962
GSM4138127,75,9,0.8463501931870442
GSM4138131,50,0,0.8239986795502767
GSM4138131,50,1,0.849474786602337
GSM4138131,50,2,0.8948836328638895
GSM4138131,50,3,0.840606661387598
GSM4138131,50,4,0.8401598418522656
GSM4138131,50,5,0.8907430913921176
GSM4138131,50,6,0.873275371241716
GSM4138131,50,7,0.8278991096974204
GSM4138131,50,8,0.8376255264453957
GSM4138131,50,9,0.8135191165892055
GSM4138144,150,0,0.8462704143676205
GSM4138144,150,1,0.8513225941073527
GSM4138144,150,2,0.8515129183899621
GSM4138144,150,3,0.863740719968122
GSM4138144,150,4,0.8482754185877857
GSM4138144,150,5,0.8485171343243489
GSM4138144,150,6,0.8541389827195592
GSM4138144,150,7,0.8558505935351676
GSM4138144,150,8,0.8656935752719237
GSM4138144,150,9,0.8663202147340654
GSM4138145,175,0,0.7293873107428419
GSM4138145,175,1,0.7074262088453828
GSM4138145,175,2,0.7394206393390221
GSM4138145,175,3,0.7351402182883364
GSM4138145,175,4,0.7333740438153233
GSM4138145,175,5,0.7566462650329361
GSM4138145,175,6,0.7275159846557302
GSM4138145,175,7,0.7412280723839959
GSM4138145,175,8,0.7266431890965916
GSM4138145,175,9,0.7307937477013007
GSM4138146,25,0,0.9534519031940105
GSM4138146,25,1,0.9810955556976206
GSM4138146,25,2,0.9457413692471147
GSM4138146,25,3,0.9400553193310845
GSM4138146,25,4,0.9583190084813801
GSM4138146,25,5,0.9395403943787243
GSM4138146,25,6,0.9249361878718633
GSM4138146,25,7,0.960127704808893
GSM4138146,25,8,0.9275953651343993
GSM4138146,25,9,0.9541248469663691
GSM4138158,75,0,0.9382467507093034
GSM4138158,75,1,0.9319633172679997
GSM4138158,75,2,0.9505674662721192
GSM4138158,75,3,0.9335464484388523
GSM4138158,75,4,0.9096320078005542
GSM4138158,75,5,0.9373000797670017
GSM4138158,75,6,0.945392447774699
GSM4138158,75,7,0.93390159781992
GSM4138158,75,8,0.9429825621057245
GSM4138158,75,9,0.9263249209647728
GSM4138162,225,0,0.8895286189680924
GSM4138162,225,1,0.8969642453927881
GSM4138162,225,2,0.9088675819570746
GSM4138162,225,3,0.8846559030829243
GSM4138162,225,4,0.8925673807508117
GSM4138162,225,5,0.8800532235273377
GSM4138162,225,6,0.9085830139921672
GSM4138162,225,7,0.9018205087967984
GSM4138162,225,8,0.8853165707228751
GSM4138162,225,9,0.8971122509117744
GSM4138166,250,0,0.8957465952178901
GSM4138166,250,1,0.8893832090459199
GSM4138166,250,2,0.8783045286320474
GSM4138166,250,3,0.8896434000930213
GSM4138166,250,4,0.881704052437148
GSM4138166,250,5,0.8863304636268716
GSM4138166,250,6,0.877340957727954
GSM4138166,250,7,0.8948968400048392
GSM4138166,250,8,0.8901610568932372
GSM4138166,250,9,0.8966651060432693
GSM4138110,525,0,0.9045352326286964
GSM4138110,525,1,0.9112970700192174
GSM4138110,525,2,0.9054043098971069
GSM4138110,525,3,0.906142340262657
GSM4138110,525,4,0.9029317330846133
GSM4138110,525,5,0.9106001487116264
GSM4138110,525,6,0.9062953065922159
GSM4138110,525,7,0.9101112022628326
GSM4138110,525,8,0.9043128027893862
GSM4138110,525,9,0.9038126298278628
GSM4138110,150,0,0.9348638797445368
GSM4138110,150,1,0.9093787225025192
GSM4138110,150,2,0.9304105705945345
GSM4138110,150,3,0.9175702901109696
GSM4138110,150,4,0.9015048424126677
GSM4138110,150,5,0.9000364476754623
GSM4138110,150,6,0.935753812635465
GSM4138110,150,7,0.8996689837364205
GSM4138110,150,8,0.9234023828743935
GSM4138110,150,9,0.9445569824378561
GSM4138111,125,0,0.7310821285675979
GSM4138111,125,1,0.6905049826132986
GSM4138111,125,2,0.7621511200221855
GSM4138111,125,3,0.6867744838884797
GSM4138111,125,4,0.7699422564557585
GSM4138111,125,5,0.7193055187406427
GSM4138111,125,6,0.7041763248428687
GSM4138111,125,7,0.6801679066057611
GSM4138111,125,8,0.7120578094651904
GSM4138111,125,9,0.6833661968203653
GSM4138112,225,0,0.8832823475671161
GSM4138112,225,1,0.882735341569448
GSM4138112,225,2,0.888608775371206
GSM4138112,225,3,0.8745251277618216
GSM4138112,225,4,0.8834360139943971
GSM4138112,225,5,0.8844615122148332
GSM4138112,225,6,0.8637607134402394
GSM4138112,225,7,0.8810835198040327
GSM4138112,225,8,0.8872394024638838
GSM4138112,225,9,0.8836648171714443
GSM4138114,275,0,0.8746460586575907
GSM4138114,275,1,0.8767569277284473
GSM4138114,275,2,0.9029631293092438
GSM4138114,275,3,0.8868750775288562
GSM4138114,275,4,0.8966555573203763
GSM4138114,275,5,0.8960899427707812
GSM4138114,275,6,0.885646973988832
GSM4138114,275,7,0.8813684015227905
GSM4138114,275,8,0.8913153079925886
GSM4138114,275,9,0.8809116063395037
GSM4138114,100,0,0.8772935605062534
GSM4138114,100,1,0.9218386165326649
GSM4138114,100,2,0.8744777736890411
GSM4138114,100,3,0.8834003956738155
GSM4138114,100,4,0.9096732567065596
GSM4138114,100,5,0.8838845609304915
GSM4138114,100,6,0.876694636183841
GSM4138114,100,7,0.8988868812543832
GSM4138114,100,8,0.8830981185227802
GSM4138114,100,9,0.8779822276492979
GSM4138117,225,0,0.7259643063079335
GSM4138117,225,1,0.7018177310385307
GSM4138117,225,2,0.7159841829869591
GSM4138117,225,3,0.702012819958264
GSM4138117,225,4,0.7069745765959814
GSM4138117,225,5,0.7207461773098889
GSM4138117,225,6,0.6981966495553553
GSM4138117,225,7,0.7128539117089303
GSM4138117,225,8,0.7196875587154126
GSM4138117,225,9,0.7025224075289573
GSM4138120,575,0,0.8452740484982388
GSM4138120,575,1,0.8434814903049689
GSM4138120,575,2,0.8497528202309723
GSM4138120,575,3,0.8456125207780171
GSM4138120,575,4,0.8444989416910816
GSM4138120,575,5,0.8460416305210042
GSM4138120,575,6,0.8451100721504717
GSM4138120,575,7,0.8448384879960161
GSM4138120,575,8,0.8432053457677614
GSM4138120,575,9,0.8436249001949221
GSM4138120,75,0,0.8708682457167891
GSM4138120,75,1,0.8744722109826379
GSM4138120,75,2,0.8814442740662266
GSM4138120,75,3,0.9316807279743455
GSM4138120,75,4,0.907980216704189
GSM4138120,75,5,0.8875843276746748
GSM4138120,75,6,0.9036738806790028
GSM4138120,75,7,0.8763390334283756
GSM4138120,75,8,0.8860282554336083
GSM4138120,75,9,0.8770519530376979
GSM4138122,325,0,0.8875409706777917
GSM4138122,325,1,0.8886876402422452
GSM4138122,325,2,0.8896643808924541
GSM4138122,325,3,0.8891454123484998
GSM4138122,325,4,0.8851039816264522
GSM4138122,325,5,0.8865495000533627
GSM4138122,325,6,0.8858949024133692
GSM4138122,325,7,0.8908420190033157
GSM4138122,325,8,0.8863871152017653
GSM4138122,325,9,0.8933843363810943
GSM4138122,300,0,0.891154561207167
GSM4138122,300,1,0.8975929966983692
GSM4138122,300,2,0.8894353426336545
GSM4138122,300,3,0.884086411680781
GSM4138122,300,4,0.884214515574333
GSM4138122,300,5,0.8906301295273422
GSM4138122,300,6,0.882402875140798
GSM4138122,300,7,0.8831347811208338
GSM4138122,300,8,0.8838628757330828
GSM4138122,300,9,0.8905060670970616
GSM4138123,325,0,0.6776008435043946
GSM4138123,325,1,0.6921709357279564
GSM4138123,325,2,0.7046703142836329
GSM4138123,325,3,0.6795439257360053
GSM4138123,325,4,0.682442453395816
GSM4138123,325,5,0.6914981716541032
GSM4138123,325,6,0.6911154414677358
GSM4138123,325,7,0.6771013763083916
GSM4138123,325,8,0.689080326194564
GSM4138123,325,9,0.6738829392990505
GSM4138123,200,0,0.7032634111930874
GSM4138123,200,1,0.7029637127117223
GSM4138123,200,2,0.7001154019648165
GSM4138123,200,3,0.6708932949067764
GSM4138123,200,4,0.7076243872791186
GSM4138123,200,5,0.6857751917242603
GSM4138123,200,6,0.6696347315036011
GSM4138123,200,7,0.6802852216705388
GSM4138123,200,8,0.6868458344462999
GSM4138123,200,9,0.7051574930523403
GSM4138124,275,0,0.9173178367957889
GSM4138124,275,1,0.9078370041903056
GSM4138124,275,2,0.9239320117571707
GSM4138124,275,3,0.9157012240383746
GSM4138124,275,4,0.9217557031351642
GSM4138124,275,5,0.914995846699013
GSM4138124,275,6,0.9186616750646878
GSM4138124,275,7,0.9188546701521061
GSM4138124,275,8,0.9184781368852857
GSM4138124,275,9,0.9073609742601632
GSM4138124,100,0,0.9141676705938638
GSM4138124,100,1,0.92057298332563
GSM4138124,100,2,0.9449156501914445
GSM4138124,100,3,0.9190499730204384
GSM4138124,100,4,0.9409649171787103
GSM4138124,100,5,0.9190284732770226
GSM4138124,100,6,0.9379241773895552
GSM4138124,100,7,0.9307835877640419
GSM4138124,100,8,0.9158551199622249
GSM4138124,100,9,0.9488456286626559
GSM4138125,225,0,0.7255335342782001
GSM4138125,225,1,0.7293302174088396
GSM4138125,225,2,0.7425837894625837
GSM4138125,225,3,0.7144703732977382
GSM4138125,225,4,0.7436344450031704
GSM4138125,225,5,0.7150947064927897
GSM4138125,225,6,0.7115551781860363
GSM4138125,225,7,0.7173273675382814
GSM4138125,225,8,0.708468175777594
GSM4138125,225,9,0.709489649759388
GSM4138126,725,0,0.9531014717167321
GSM4138126,725,1,0.9535394451241774
GSM4138126,725,2,0.9530301540607001
GSM4138126,725,3,0.9538194734963596
GSM4138126,725,4,0.9564029755917121
GSM4138126,725,5,0.9530452312169168
GSM4138126,725,6,0.9532891666779356
GSM4138126,725,7,0.9536380578298023
GSM4138126,725,8,0.9539434077474475
GSM4138126,725,9,0.9529817265486121
GSM4138126,100,0,0.9623303208679376
GSM4138126,100,1,0.9750114739952372
GSM4138126,100,2,0.9648680914590169
GSM4138126,100,3,0.9489795817434933
GSM4138126,100,4,0.9505719574492092
GSM4138126,100,5,0.9602741119845492
GSM4138126,100,6,0.9752325055670568
GSM4138126,100,7,0.9769457444071064
GSM4138126,100,8,0.9523911152164177
GSM4138126,100,9,0.9523552727387501
GSM4138127,225,0,0.7586641852905469
GSM4138127,225,1,0.7328375811345418
GSM4138127,225,2,0.7314759948741874
GSM4138127,225,3,0.7429593890582629
GSM4138127,225,4,0.7461584820112094
GSM4138127,225,5,0.7437598512246881
GSM4138127,225,6,0.7587762816155017
GSM4138127,225,7,0.7250797406539351
GSM4138127,225,8,0.7540837124541648
GSM4138127,225,9,0.7565793199722295
GSM4138128,325,0,0.8793345995289057
GSM4138128,325,1,0.884069970823228
GSM4138128,325,2,0.8869672555628783
GSM4138128,325,3,0.8814516915582623
GSM4138128,325,4,0.8817576902083248
GSM4138128,325,5,0.8869130286631856
GSM4138128,325,6,0.8893980537994972
GSM4138128,325,7,0.8848660470412508
GSM4138128,325,8,0.887185151926678
GSM4138128,325,9,0.8785221531703238
GSM4138128,300,0,0.8846661551081155
GSM4138128,300,1,0.8928172744891494
GSM4138128,300,2,0.8766708519911289
GSM4138128,300,3,0.8857941394868125
GSM4138128,300,4,0.885985991449745
GSM4138128,300,5,0.8798565327836027
GSM4138128,300,6,0.8822984934468902
GSM4138128,300,7,0.8844934333023143
GSM4138128,300,8,0.8870841493403009
GSM4138128,300,9,0.8880537377007
GSM4138130,375,0,0.9073209219493354
GSM4138130,375,1,0.9031581282194527
GSM4138130,375,2,0.9156521671133946
GSM4138130,375,3,0.9132138930281286
GSM4138130,375,4,0.8973387965848947
GSM4138130,375,5,0.9089305564889619
GSM4138130,375,6,0.9124288045772331
GSM4138130,375,7,0.9129665509150447
GSM4138130,375,8,0.9038934138841038
GSM4138130,375,9,0.9092916934653424
GSM4138130,275,0,0.9040691766576776
GSM4138130,275,1,0.9136479701316228
GSM4138130,275,2,0.9163824166569059
GSM4138130,275,3,0.9173604225387544
GSM4138130,275,4,0.9092343267148337
GSM4138130,275,5,0.9179959717353707
GSM4138130,275,6,0.9031344932636965
GSM4138130,275,7,0.9164052107386321
GSM4138130,275,8,0.9216067482917323
GSM4138130,275,9,0.8991788595899562
GSM4138132,525,0,0.938872027323122
GSM4138132,525,1,0.9377850728119546
GSM4138132,525,2,0.9393245681004568
GSM4138132,525,3,0.93738982546
GSM4138132,525,4,0.9387642395929681
GSM4138132,525,5,0.9407505514580862
GSM4138132,525,6,0.9364347284903144
GSM4138132,525,7,0.9391379518901543
GSM4138132,525,8,0.9369768526399114
GSM4138132,525,9,0.9349946410505225
GSM4138132,200,0,0.9360881611285523
GSM4138132,200,1,0.9293957556084809
GSM4138132,200,2,0.9363647895926751
GSM4138132,200,3,0.952441789977746
GSM4138132,200,4,0.9420923388912852
GSM4138132,200,5,0.9593089358484143
GSM4138132,200,6,0.9346905239636732
GSM4138132,200,7,0.9428501751136886
GSM4138132,200,8,0.9468703807039168
GSM4138132,200,9,0.9316927772919211
GSM4138134,1000,0,0.9520477874706328
GSM4138134,1000,1,0.952951345515934
GSM4138134,1000,2,0.9486690635766364
GSM4138134,1000,3,0.9487179466735668
GSM4138134,1000,4,0.9518022681867511
GSM4138134,1000,5,0.9488818965336379
GSM4138134,1000,6,0.9484783906169081
GSM4138134,1000,7,0.9496906334126509
GSM4138134,1000,8,0.9430506815375761
GSM4138134,1000,9,0.951728296967496
GSM4138134,375,0,0.9522784437660433
GSM4138134,375,1,0.9500877470073348
GSM4138134,375,2,0.9543809066346202
GSM4138134,375,3,0.9470329153451373
GSM4138134,375,4,0.9560035988055129
GSM4138134,375,5,0.9635909869941772
GSM4138134,375,6,0.9419612853514587
GSM4138134,375,7,0.9409490065555947
GSM4138134,375,8,0.9434584040748784
GSM4138134,375,9,0.9510301260972999
GSM4138136,475,0,0.8927999699169674
GSM4138136,475,1,0.9075369170335754
GSM4138136,475,2,0.906532699791266
GSM4138136,475,3,0.8941453668128017
GSM4138136,475,4,0.9031337017076159
GSM4138136,475,5,0.9033628113415936
GSM4138136,475,6,0.8988864593054109
GSM4138136,475,7,0.8973267851007367
GSM4138136,475,8,0.9028267188582411
GSM4138136,475,9,0.9021542619728665
GSM4138136,250,0,0.9080260695676268
GSM4138136,250,1,0.9076085235280035
GSM4138136,250,2,0.8870050908312028
GSM4138136,250,3,0.9085409549013659
GSM4138136,250,4,0.890439927612365
GSM4138136,250,5,0.8901962887771452
GSM4138136,250,6,0.8974454820670702
GSM4138136,250,7,0.8983087337808756
GSM4138136,250,8,0.9068641709114258
GSM4138136,250,9,0.9094454706024432
GSM4138138,425,0,0.8906501198536285
GSM4138138,425,1,0.8921112142758707
GSM4138138,425,2,0.8831445630790667
GSM4138138,425,3,0.8822321129497086
GSM4138138,425,4,0.8767407510059296
GSM4138138,425,5,0.8907047214220427
GSM4138138,425,6,0.8891389397438844
GSM4138138,425,7,0.8798996378306878
GSM4138138,425,8,0.8928793559665752
GSM4138138,425,9,0.8845429004804399
GSM4138138,200,0,0.8925852847132175
GSM4138138,200,1,0.9125047323850208
GSM4138138,200,2,0.8912691065650639
GSM4138138,200,3,0.9025911763938386
GSM4138138,200,4,0.8963149115848431
GSM4138138,200,5,0.882177476461806
GSM4138138,200,6,0.9157135801457124
GSM4138138,200,7,0.9088968840986862
GSM4138138,200,8,0.8912304751231752
GSM4138138,200,9,0.903010559741323
GSM4138139,300,0,0.6575413734451554
GSM4138139,300,1,0.6329651806301747
GSM4138139,300,2,0.6723782881482937
GSM4138139,300,3,0.6373063340544365
GSM4138139,300,4,0.6491337126930681
GSM4138139,300,5,0.6442942367767015
GSM4138139,300,6,0.6415402129613923
GSM4138139,300,7,0.6597495094975981
GSM4138139,300,8,0.6325784835891104
GSM4138139,300,9,0.6718581845609558
GSM4138140,575,0,0.9078670067555324
GSM4138140,575,1,0.9133240767492863
GSM4138140,575,2,0.906705742612019
GSM4138140,575,3,0.9095947116537244
GSM4138140,575,4,0.9108719020292059
GSM4138140,575,5,0.9072283511993882
GSM4138140,575,6,0.9076473133983334
GSM4138140,575,7,0.9177542738271124
GSM4138140,575,8,0.910432227541594
GSM4138140,575,9,0.9045823706770842
GSM4138140,225,0,0.9064899557579212
GSM4138140,225,1,0.9273476812538649
GSM4138140,225,2,0.9171288180392406
GSM4138140,225,3,0.9044027810175115
GSM4138140,225,4,0.9181687238603661
GSM4138140,225,5,0.8970990406599407
GSM4138140,225,6,0.9054432438242738
GSM4138140,225,7,0.9121685309585568
GSM4138140,225,8,0.9092471438551042
GSM4138140,225,9,0.9334785338472801
GSM4138142,550,0,0.9034309844044606
GSM4138142,550,1,0.9101216416039366
GSM4138142,550,2,0.9051880004027083
GSM4138142,550,3,0.9179663329721288
GSM4138142,550,4,0.9137307242025432
GSM4138142,550,5,0.9086985186605698
GSM4138142,550,6,0.9123453246787437
GSM4138142,550,7,0.915199194431234
GSM4138142,550,8,0.9116612350924167
GSM4138142,550,9,0.9095734203408796
GSM4138142,200,0,0.9191502078341254
GSM4138142,200,1,0.9036479022510825
GSM4138142,200,2,0.9325119923911857
GSM4138142,200,3,0.9117196789469201
GSM4138142,200,4,0.9207395478716778
GSM4138142,200,5,0.8965585899973438
GSM4138142,200,6,0.9116161017544054
GSM4138142,200,7,0.9158882267027333
GSM4138142,200,8,0.9306104480221784
GSM4138142,200,9,0.9140249212474214
GSM4138144,225,0,0.851557952946906
GSM4138144,225,1,0.8529129789995495
GSM4138144,225,2,0.8549060795102372
GSM4138144,225,3,0.8558039068171186
GSM4138144,225,4,0.8597881075474776
GSM4138144,225,5,0.8581549523439495
GSM4138144,225,6,0.8498733931428865
GSM4138144,225,7,0.85080971224939
GSM4138144,225,8,0.8428987573053319
GSM4138144,225,9,0.8480528324269658
GSM4138145,350,0,0.7223124862800634
GSM4138145,350,1,0.7040080412267177
GSM4138145,350,2,0.716613739226146
GSM4138145,350,3,0.7290748424763966
GSM4138145,350,4,0.7190050747695308
GSM4138145,350,5,0.7117263189013608
GSM4138145,350,6,0.7138253570791859
GSM4138145,350,7,0.7171965290129311
GSM4138145,350,8,0.7059703269337227
GSM4138145,350,9,0.7175012675733385
GSM4138145,150,0,0.7668772734742121
GSM4138145,150,1,0.7384773624960996
GSM4138145,150,2,0.7699060685874376
GSM4138145,150,3,0.7630947143690542
GSM4138145,150,4,0.7371101354300437
GSM4138145,150,5,0.728372067277359
GSM4138145,150,6,0.7612321705214351
GSM4138145,150,7,0.7253506867563185
GSM4138145,150,8,0.7375247407556662
GSM4138145,150,9,0.7541392173765386
GSM4138146,225,0,0.8835539336855324
GSM4138146,225,1,0.8920556162514228
GSM4138146,225,2,0.8773002622966255
GSM4138146,225,3,0.8847536668244413
GSM4138146,225,4,0.8820348782602258
GSM4138146,225,5,0.8966395252391042
GSM4138146,225,6,0.8769607469348683
GSM4138146,225,7,0.8747007240023029
GSM4138146,225,8,0.8758938746213957
GSM4138146,225,9,0.8631338476885785
GSM4138148,50,0,0.9002246206077108
GSM4138148,50,1,0.8673493484428754
GSM4138148,50,2,0.9335819154566392
GSM4138148,50,3,0.9224788562723694
GSM4138148,50,4,0.9073372735741158
GSM4138148,50,5,0.9197895950821801
GSM4138148,50,6,0.9162118222680872
GSM4138148,50,7,0.9045954767993977
GSM4138148,50,8,0.9001003304476669
GSM4138148,50,9,0.8476503050257267
GSM4138150,150,0,0.8958037591514277
GSM4138150,150,1,0.9082238226440478
GSM4138150,150,2,0.8909460335008588
GSM4138150,150,3,0.8960811367965009
GSM4138150,150,4,0.9011771785963898
GSM4138150,150,5,0.9093059096792464
GSM4138150,150,6,0.9002886616635087
GSM4138150,150,7,0.9048778016427234
GSM4138150,150,8,0.9012149793600049
GSM4138150,150,9,0.9143179160511175
GSM4138150,50,0,0.9583595399498416
GSM4138150,50,1,0.942966353691038
GSM4138150,50,2,0.95448326334792
GSM4138150,50,3,0.9287713904335806
GSM4138150,50,4,0.9342636730940823
GSM4138150,50,5,0.9567302043204274
GSM4138150,50,6,0.9712770530311688
GSM4138150,50,7,0.9645084328354092
GSM4138150,50,8,0.9561365679622209
GSM4138150,50,9,0.9558138198238546
GSM4138152,350,0,0.8586747160218967
GSM4138152,350,1,0.8497934277121459
GSM4138152,350,2,0.8550235867422867
GSM4138152,350,3,0.8524664009833688
GSM4138152,350,4,0.8689790849512411
GSM4138152,350,5,0.8588764313309115
GSM4138152,350,6,0.8592885157623664
GSM4138152,350,7,0.8771415404601886
GSM4138152,350,8,0.8615064301665258
GSM4138152,350,9,0.8582320957088394
GSM4138152,150,0,0.8717931486607976
GSM4138152,150,1,0.8723615933469278
GSM4138152,150,2,0.8913720236935374
GSM4138152,150,3,0.8863333537967658
GSM4138152,150,4,0.8457954372251502
GSM4138152,150,5,0.8832066426209008
GSM4138152,150,6,0.8756584852762227
GSM4138152,150,7,0.8721660455397802
GSM4138152,150,8,0.8679206714700773
GSM4138152,150,9,0.8726876394277027
GSM4138154,325,0,0.8135162587963808
GSM4138154,325,1,0.8303570072050216
GSM4138154,325,2,0.8205080775497491
GSM4138154,325,3,0.8153419079944338
GSM4138154,325,4,0.8305960179106276
GSM4138154,325,5,0.8227476226094602
GSM4138154,325,6,0.8255559466855926
GSM4138154,325,7,0.8273251710684709
GSM4138154,325,8,0.8216073126583685
GSM4138154,325,9,0.823226164143422
GSM4138154,50,0,0.9080721508988306
GSM4138154,50,1,0.9459184789260143
GSM4138154,50,2,0.9410961750830802
GSM4138154,50,3,0.8638268046617685
GSM4138154,50,4,0.8495034998346016
GSM4138154,50,5,0.8659302471532142
GSM4138154,50,6,0.8666832773339508
GSM4138154,50,7,0.8561255163938281
GSM4138154,50,8,0.9500675546838004
GSM4138154,50,9,0.8508744584859651
GSM4138155,75,0,0.7530105557021735
GSM4138155,75,1,0.70041846417613
GSM4138155,75,2,0.670358457016354
GSM4138155,75,3,0.6912581125750461
GSM4138155,75,4,0.718244756173084
GSM4138155,75,5,0.7266056225509882
GSM4138155,75,6,0.7404120412155928
GSM4138155,75,7,0.7222876753856132
GSM4138155,75,8,0.7602102321718807
GSM4138155,75,9,0.6896019061045355
GSM4138156,725,0,0.885449350490617
GSM4138156,725,1,0.8950925210147211
GSM4138156,725,2,0.8959231106150264
GSM4138156,725,3,0.8869855391372051
GSM4138156,725,4,0.8914227732249149
GSM4138156,725,5,0.8909099502895232
GSM4138156,725,6,0.8986878859346581
GSM4138156,725,7,0.8855932397254228
GSM4138156,725,8,0.8890367202669126
GSM4138156,725,9,0.8886763566815813
GSM4138158,250,0,0.8967818461699127
GSM4138158,250,1,0.8938498918547098
GSM4138158,250,2,0.8943946839743686
GSM4138158,250,3,0.8996235352558086
GSM4138158,250,4,0.8964604499649292
GSM4138158,250,5,0.9076740063512928
GSM4138158,250,6,0.8989745349727136
GSM4138158,250,7,0.894406279340815
GSM4138158,250,8,0.8932129484016185
GSM4138158,250,9,0.891251744115495
GSM4138160,450,0,0.8558290057392106
GSM4138160,450,1,0.8664527977133439
GSM4138160,450,2,0.8558841326893364
GSM4138160,450,3,0.8619601387155877
GSM4138160,450,4,0.8533801353737185
GSM4138160,450,5,0.8601864536244612
GSM4138160,450,6,0.8571373886992899
GSM4138160,450,7,0.859104364164685
GSM4138160,450,8,0.8661638902138261
GSM4138160,450,9,0.8523420640383497
GSM4138160,75,0,0.918619300164875
GSM4138160,75,1,0.9050122505922348
GSM4138160,75,2,0.9056737081593609
GSM4138160,75,3,0.9172679746142364
GSM4138160,75,4,0.9192702444340428
GSM4138160,75,5,0.9191412081556684
GSM4138160,75,6,0.9336852555479285
GSM4138160,75,7,0.9246872598364804
GSM4138160,75,8,0.9356595450475688
GSM4138160,75,9,0.9188260995831956
GSM4138161,200,0,0.6990316770633861
GSM4138161,200,1,0.7030005727234907
GSM4138161,200,2,0.7198228410324179
GSM4138161,200,3,0.7084045897087402
GSM4138161,200,4,0.7031382167620637
GSM4138161,200,5,0.7021321325312777
GSM4138161,200,6,0.7061490326677574
GSM4138161,200,7,0.7053024581476474
GSM4138161,200,8,0.6897288731193114
GSM4138161,200,9,0.7104999364617696
GSM4138162,400,0,0.8832628109648922
GSM4138162,400,1,0.8762319984514824
GSM4138162,400,2,0.8855028456102166
GSM4138162,400,3,0.8948532964135647
GSM4138162,400,4,0.8893672044802577
GSM4138162,400,5,0.8805243302414016
GSM4138162,400,6,0.8932032750304415
GSM4138162,400,7,0.8834248862846659
GSM4138162,400,8,0.8947148650994166
GSM4138162,400,9,0.8914384690901566
GSM4138162,150,0,0.8908867546545441
GSM4138162,150,1,0.8983431494897476
GSM4138162,150,2,0.900272525699761
GSM4138162,150,3,0.9087164457862538
GSM4138162,150,4,0.9046901274212489
GSM4138162,150,5,0.9233548100480881
GSM4138162,150,6,0.9024114682385638
GSM4138162,150,7,0.9082653032134117
GSM4138162,150,8,0.8949147706867004
GSM4138162,150,9,0.9009690728905162
GSM4138163,400,0,0.9012103757214376
GSM4138163,400,1,0.8905379104583324
GSM4138163,400,2,0.8989374083187174
GSM4138163,400,3,0.9025178214790713
GSM4138163,400,4,0.9015978809475006
GSM4138163,400,5,0.8953372871946522
GSM4138163,400,6,0.9049592709459768
GSM4138163,400,7,0.9007936458355633
GSM4138163,400,8,0.8929420484199554
GSM4138163,400,9,0.9014529987977034
GSM4138163,75,0,0.9139313770860551
GSM4138163,75,1,0.9240604401780029
GSM4138163,75,2,0.9433256640281078
GSM4138163,75,3,0.9243208029879195
GSM4138163,75,4,0.9345321656235769
GSM4138163,75,5,0.9412280680347279
GSM4138163,75,6,0.9341815577230704
GSM4138163,75,7,0.9529253787071987
GSM4138163,75,8,0.9296966869941256
GSM4138163,75,9,0.9388974772999916
GSM4138164,125,0,0.83668236486076
GSM4138164,125,1,0.8340083413934016
GSM4138164,125,2,0.8378176552745324
GSM4138164,125,3,0.8476319389622617
GSM4138164,125,4,0.8476929858908148
GSM4138164,125,5,0.8461708500568144
GSM4138164,125,6,0.8449753748086353
GSM4138164,125,7,0.8339528980410504
GSM4138164,125,8,0.8430018734516064
GSM4138164,125,9,0.8318132025356224
GSM4138164,50,0,0.9217335691798824
GSM4138164,50,1,0.9067536861948318
GSM4138164,50,2,0.8922885724699784
GSM4138164,50,3,0.9075306761521419
GSM4138164,50,4,0.9549179577259952
GSM4138164,50,5,0.9311628774598527
GSM4138164,50,6,0.9091267875972882
GSM4138164,50,7,0.899045879700089
GSM4138164,50,8,0.8696712086757663
GSM4138164,50,9,0.906834255734963
GSM4138165,325,0,0.9030794003003668
GSM4138165,325,1,0.9012241552647781
GSM4138165,325,2,0.8974240889192531
GSM4138165,325,3,0.8966384053081868
GSM4138165,325,4,0.8965192718475319
GSM4138165,325,5,0.8908420900069947
GSM4138165,325,6,0.8884668944864246
GSM4138165,325,7,0.8978310534033801
GSM4138165,325,8,0.8856469621522102
GSM4138165,325,9,0.8936782651875388
GSM4138165,175,0,0.9344077940011779
GSM4138165,175,1,0.8882854183606259
GSM4138165,175,2,0.8984861127969337
GSM4138165,175,3,0.9023758935081472
GSM4138165,175,4,0.8913965745642074
GSM4138165,175,5,0.9214902107484569
GSM4138165,175,6,0.9199259779671618
GSM4138165,175,7,0.9176771677736427
GSM4138165,175,8,0.9022053861419662
GSM4138165,175,9,0.8875037756946463
GSM4138166,325,0,0.8919058725109703
GSM4138166,325,1,0.9035600281533681
GSM4138166,325,2,0.891757096305116
GSM4138166,325,3,0.8916720278113651
GSM4138166,325,4,0.8942514740757901
GSM4138166,325,5,0.8884048342027507
GSM4138166,325,6,0.8856299525514448
GSM4138166,325,7,0.8975721246517695
GSM4138166,325,8,0.8877672810293297
GSM4138166,325,9,0.8945645689602755
GSM4138166,200,0,0.8869944223732898
GSM4138166,200,1,0.8842495553981858
GSM4138166,200,2,0.8763805451407652
GSM4138166,200,3,0.9007670361490725
GSM4138166,200,4,0.8758850900215956
GSM4138166,200,5,0.8908279118232145
GSM4138166,200,6,0.9116612461922113
GSM4138166,200,7,0.8819057735518988
GSM4138166,200,8,0.8978486062078527
GSM4138166,200,9,0.8840265859009249
GSM4138167,275,0,0.8980425724581644
GSM4138167,275,1,0.8931244917625724
GSM4138167,275,2,0.9070705276588823
GSM4138167,275,3,0.8907297598904178
GSM4138167,275,4,0.9020069225736447
GSM4138167,275,5,0.8962434345783683
GSM4138167,275,6,0.8914048386770902
GSM4138167,275,7,0.8909881922352423
GSM4138167,275,8,0.891569400545395
GSM4138167,275,9,0.8913703120493699
GSM4138167,125,0,0.8907363911486765
GSM4138167,125,1,0.9114818386572118
GSM4138167,125,2,0.8774701336246044
GSM4138167,125,3,0.9087581057960618
GSM4138167,125,4,0.8960493666186912
GSM4138167,125,5,0.8940925068780207
GSM4138167,125,6,0.8888534452453042
GSM4138167,125,7,0.9029331122995897
GSM4138167,125,8,0.8928844614836879
GSM4138167,125,9,0.8833282830324367
GSM4138110,50,0,0.9609933024793854
GSM4138110,50,1,0.9590448372763225
GSM4138110,50,2,0.9712008035421399
GSM4138110,50,3,0.9658869847531113
GSM4138110,50,4,0.95325178886173
GSM4138110,50,5,0.9621924446946502
GSM4138110,50,6,0.9745354389773446
GSM4138110,50,7,0.9500584384017632
GSM4138110,50,8,0.9541215961716581
GSM4138110,50,9,0.9700366676503245
GSM4138111,275,0,0.7018051648781458
GSM4138111,275,1,0.6704138780466995
GSM4138111,275,2,0.6683591369179036
GSM4138111,275,3,0.6583024354355448
GSM4138111,275,4,0.6695563565608408
GSM4138111,275,5,0.6934462196367025
GSM4138111,275,6,0.675582648231293
GSM4138111,275,7,0.6308349718180285
GSM4138111,275,8,0.6586206049545503
GSM4138111,275,9,0.6486401000384252
GSM4138112,50,0,0.9324273273127526
GSM4138112,50,1,0.9342257954718833
GSM4138112,50,2,0.9542772780710019
GSM4138112,50,3,0.9287716355452147
GSM4138112,50,4,0.9602261064552033
GSM4138112,50,5,0.9296331864620123
GSM4138112,50,6,0.8757224144803345
GSM4138112,50,7,0.9394145743496811
GSM4138112,50,8,0.9415743512155637
GSM4138112,50,9,0.9091445093475496
GSM4138113,125,0,0.7525478535914557
GSM4138113,125,1,0.7258749271187772
GSM4138113,125,2,0.7052137101613075
GSM4138113,125,3,0.7489949297606661
GSM4138113,125,4,0.715227966055112
GSM4138113,125,5,0.7498638732156326
GSM4138113,125,6,0.7176399502420333
GSM4138113,125,7,0.7328034446557304
GSM4138113,125,8,0.7255869472611141
GSM4138113,125,9,0.727743135427876
GSM4138115,150,0,0.7528914724559561
GSM4138115,150,1,0.7892140852103999
GSM4138115,150,2,0.7680421249792088
GSM4138115,150,3,0.7599250033635487
GSM4138115,150,4,0.7568290350628929
GSM4138115,150,5,0.7485790459995595
GSM4138115,150,6,0.7530035668859789
GSM4138115,150,7,0.7575625786951703
GSM4138115,150,8,0.7610695272773398
GSM4138115,150,9,0.7668163458540422
GSM4138117,300,0,0.705449180774147
GSM4138117,300,1,0.7042786253754689
GSM4138117,300,2,0.7024923148177866
GSM4138117,300,3,0.7060856766222365
GSM4138117,300,4,0.7035734760270123
GSM4138117,300,5,0.6922835983312592
GSM4138117,300,6,0.6973042824141311
GSM4138117,300,7,0.7068590215797046
GSM4138117,300,8,0.6998062150028901
GSM4138117,300,9,0.7111405485354054
GSM4138119,100,0,0.6649544633351523
GSM4138119,100,1,0.6319006295956671
GSM4138119,100,2,0.610372004216009
GSM4138119,100,3,0.6252245733670576
GSM4138119,100,4,0.6569760560821625
GSM4138119,100,5,0.637207497907305
GSM4138119,100,6,0.6172748832565575
GSM4138119,100,7,0.6565205148969617
GSM4138119,100,8,0.6374593146114735
GSM4138119,100,9,0.632714450598759
GSM4138121,175,0,0.6366799719004945
GSM4138121,175,1,0.6233087511923265
GSM4138121,175,2,0.6419757877498851
GSM4138121,175,3,0.6325231600090744
GSM4138121,175,4,0.6401854417262962
GSM4138121,175,5,0.6290752625680747
GSM4138121,175,6,0.636788433016255
GSM4138121,175,7,0.6377683816053203
GSM4138121,175,8,0.6365561177728217
GSM4138121,175,9,0.6335428644019252
GSM4138122,50,0,0.9603422674693834
GSM4138122,50,1,0.9588356330679931
GSM4138122,50,2,0.9258783969955988
GSM4138122,50,3,0.9124067305164435
GSM4138122,50,4,0.9506248123622317
GSM4138122,50,5,0.9237258278502518
GSM4138122,50,6,0.9037584099012332
GSM4138122,50,7,0.9664454390314564
GSM4138122,50,8,0.9489292419775647
GSM4138122,50,9,0.9552387468362488
GSM4138125,500,0,0.7017673161802438
GSM4138125,500,1,0.7021534006359851
GSM4138125,500,2,0.7091939620951732
GSM4138125,500,3,0.7106397512400493
GSM4138125,500,4,0.7010342724929857
GSM4138125,500,5,0.6972691168608289
GSM4138125,500,6,0.7022558850333601
GSM4138125,500,7,0.7003558058039943
GSM4138125,500,8,0.7035432724739406
GSM4138125,500,9,0.7073965551777879
GSM4138126,25,0,0.9881512881113668
GSM4138126,25,1,0.9900514901887602
GSM4138126,25,2,0.9760935354211131
GSM4138126,25,3,0.9890975727347822
GSM4138126,25,4,0.9935961926210884
GSM4138126,25,5,1.0
GSM4138126,25,6,0.9935854221244207
GSM4138126,25,7,1.0
GSM4138126,25,8,0.9813375221740499
GSM4138126,25,9,0.9580531019399031
GSM4138127,425,0,0.7001293504572577
GSM4138127,425,1,0.695200356322597
GSM4138127,425,2,0.7089340598316264
GSM4138127,425,3,0.7065151546060157
GSM4138127,425,4,0.7107964233846384
GSM4138127,425,5,0.7121952882995776
GSM4138127,425,6,0.712104144588054
GSM4138127,425,7,0.7072651587364491
GSM4138127,425,8,0.6954001928819276
GSM4138127,425,9,0.6938568464050564
GSM4138128,50,0,0.957862494352885
GSM4138128,50,1,0.953931070056897
GSM4138128,50,2,0.9542293761189561
GSM4138128,50,3,0.9442326910447751
GSM4138128,50,4,0.9273373457688774
GSM4138128,50,5,0.9345716244905341
GSM4138128,50,6,0.9422082915550345
GSM4138128,50,7,0.9457352610824019
GSM4138128,50,8,0.9619694074319695
GSM4138128,50,9,0.9501162734276043
GSM4138129,225,0,0.7008968522358383
GSM4138129,225,1,0.692490315639746
GSM4138129,225,2,0.7069080858705468
GSM4138129,225,3,0.680461284577016
GSM4138129,225,4,0.6947469045320143
GSM4138129,225,5,0.7044083516314781
GSM4138129,225,6,0.6932278385037864
GSM4138129,225,7,0.6980777229807154
GSM4138129,225,8,0.7093119097351279
GSM4138129,225,9,0.7198865772722978
GSM4138131,625,0,0.689844859468412
GSM4138131,625,1,0.6836996056316187
GSM4138131,625,2,0.6885643462232407
GSM4138131,625,3,0.6877317545675001
GSM4138131,625,4,0.6831070613483012
GSM4138131,625,5,0.6847493047988347
GSM4138131,625,6,0.6860203075499673
GSM4138131,625,7,0.690462378215742
GSM4138131,625,8,0.6874868182316429
GSM4138131,625,9,0.6914416957174521
GSM4138132,25,0,0.9877146431299335
GSM4138132,25,1,0.9842558383536263
GSM4138132,25,2,0.9865549022511483
GSM4138132,25,3,0.9886355080086303
GSM4138132,25,4,0.9872349581901796
GSM4138132,25,5,1.0
GSM4138132,25,6,0.9762764496819717
GSM4138132,25,7,1.0
GSM4138132,25,8,1.0
GSM4138132,25,9,1.0
GSM4138133,300,0,0.7455937443968925
GSM4138133,300,1,0.7523208865298128
GSM4138133,300,2,0.7585108271230011
GSM4138133,300,3,0.7639971629134713
GSM4138133,300,4,0.7569810088519356
GSM4138133,300,5,0.7695115311801674
GSM4138133,300,6,0.752331284458061
GSM4138133,300,7,0.7538970005406931
GSM4138133,300,8,0.7525472621972427
GSM4138133,300,9,0.7480488229430751
GSM4138134,1200,0,0.9506631817607403
GSM4138134,1200,1,0.9501765123484347
GSM4138134,1200,2,0.9498880643792021
GSM4138134,1200,3,0.9514083660783852
GSM4138134,1200,4,0.9506264673105264
GSM4138134,1200,5,0.9499329934244745
GSM4138134,1200,6,0.9512959753840717
GSM4138134,1200,7,0.9515387150280671
GSM4138134,1200,8,0.9502804649271555
GSM4138134,1200,9,0.9503227856612314
GSM4138135,825,0,0.6783904674897125
GSM4138135,825,1,0.672530269339896
GSM4138135,825,2,0.6793390884356543
GSM4138135,825,3,0.6849311560083609
GSM4138135,825,4,0.679225419292621
GSM4138135,825,5,0.6740406764108983
GSM4138135,825,6,0.6775125694170667
GSM4138135,825,7,0.6755212727815028
GSM4138135,825,8,0.6850189681578789
GSM4138135,825,9,0.6747965854454028
GSM4138137,700,0,0.7441143296463644
GSM4138137,700,1,0.7529625603851672
GSM4138137,700,2,0.7546586041353694
GSM4138137,700,3,0.7485358523239327
GSM4138137,700,4,0.7490598577515519
GSM4138137,700,5,0.7472738977999505
GSM4138137,700,6,0.7444826577505022
GSM4138137,700,7,0.7468315041101469
GSM4138137,700,8,0.751961260434185
GSM4138137,700,9,0.7545954557911598
GSM4138138,25,0,0.9764703799665684
GSM4138138,25,1,0.9830900507548487
GSM4138138,25,2,0.9804108367865881
GSM4138138,25,3,0.9796206146076459
GSM4138138,25,4,0.9798855577160668
GSM4138138,25,5,0.9823189346606452
GSM4138138,25,6,0.9684394568738216
GSM4138138,25,7,0.9681304834979063
GSM4138138,25,8,0.9643503619965113
GSM4138138,25,9,1.0
GSM4138139,575,0,0.6337087869493444
GSM4138139,575,1,0.6375613903261663
GSM4138139,575,2,0.6385865753176001
GSM4138139,575,3,0.6271963838644601
GSM4138139,575,4,0.6353990438647541
GSM4138139,575,5,0.6285657658494446
GSM4138139,575,6,0.6299848167760456
GSM4138139,575,7,0.6294819112880188
GSM4138139,575,8,0.6349966353854108
GSM4138139,575,9,0.6435490062757578
GSM4138141,550,0,0.6994801574475419
GSM4138141,550,1,0.6922470190061192
GSM4138141,550,2,0.6929556455092272
GSM4138141,550,3,0.7069960435798939
GSM4138141,550,4,0.7022047278338701
GSM4138141,550,5,0.696295666479569
GSM4138141,550,6,0.7014613092536888
GSM4138141,550,7,0.6975926512696335
GSM4138141,550,8,0.702207228420001
GSM4138141,550,9,0.6975809216927158
GSM4138142,25,0,0.9787764915107688
GSM4138142,25,1,0.9894561512610983
GSM4138142,25,2,0.9797950693637401
GSM4138142,25,3,0.9725769345544992
GSM4138142,25,4,0.9885462738356483
GSM4138142,25,5,0.9797267542134976
GSM4138142,25,6,0.989957571501178
GSM4138142,25,7,0.969435443665835
GSM4138142,25,8,0.973647618305023
GSM4138142,25,9,1.0
GSM4138143,325,0,0.6772827914586185
GSM4138143,325,1,0.6936943876813012
GSM4138143,325,2,0.6837606677582435
GSM4138143,325,3,0.6891146423663661
GSM4138143,325,4,0.7017891062646218
GSM4138143,325,5,0.6826091708696506
GSM4138143,325,6,0.684971049342592
GSM4138143,325,7,0.6931416823944732
GSM4138143,325,8,0.6881567334190284
GSM4138143,325,9,0.6912582713792949
GSM4138145,475,0,0.6871621114298639
GSM4138145,475,1,0.6955854937285155
GSM4138145,475,2,0.6820169934615552
GSM4138145,475,3,0.6976478678101354
GSM4138145,475,4,0.7022979816521808
GSM4138145,475,5,0.6895284426429089
GSM4138145,475,6,0.6915759249191589
GSM4138145,475,7,0.6976263855401639
GSM4138145,475,8,0.7034064786772612
GSM4138145,475,9,0.6947549097988608
GSM4138150,25,0,0.9853452559422265
GSM4138150,25,1,0.9588755556102502
GSM4138150,25,2,0.9735382792552134
GSM4138150,25,3,0.9442537695755164
GSM4138150,25,4,0.96221080415001
GSM4138150,25,5,0.9694127750838716
GSM4138150,25,6,1.0
GSM4138150,25,7,0.9416120731357923
GSM4138150,25,8,0.9792449210929159
GSM4138150,25,9,0.9758389444401508
GSM4138155,625,0,0.6048880712511613
GSM4138155,625,1,0.6029834523071315
GSM4138155,625,2,0.6025033492367242
GSM4138155,625,3,0.6026955712997043
GSM4138155,625,4,0.5981409449398314
GSM4138155,625,5,0.5968254905853105
GSM4138155,625,6,0.6011676539358412
GSM4138155,625,7,0.5963089589934945
GSM4138155,625,8,0.6006251032560297
GSM4138155,625,9,0.6094146784359391
GSM4138156,50,0,0.9255246836875738
GSM4138156,50,1,0.9365126825338297
GSM4138156,50,2,0.9380257721784458
GSM4138156,50,3,0.9385800153828008
GSM4138156,50,4,0.90168368203269
GSM4138156,50,5,0.9215001861429936
GSM4138156,50,6,0.9256315464039838
GSM4138156,50,7,0.9149126840988576
GSM4138156,50,8,0.9416707863615764
GSM4138156,50,9,0.9537823413881193
GSM4138157,150,0,0.7183232508525812
GSM4138157,150,1,0.7245970317466481
GSM4138157,150,2,0.7006407439955932
GSM4138157,150,3,0.6859446168846688
GSM4138157,150,4,0.6846827689305934
GSM4138157,150,5,0.7170453236311217
GSM4138157,150,6,0.6904679066082132
GSM4138157,150,7,0.7101313018507971
GSM4138157,150,8,0.7006017597488038
GSM4138157,150,9,0.7434970758333667
GSM4138159,125,0,0.7332425412885264
GSM4138159,125,1,0.7276214658821323
GSM4138159,125,2,0.7447740076377207
GSM4138159,125,3,0.7331533182826422
GSM4138159,125,4,0.7411180384708652
GSM4138159,125,5,0.7272661689952502
GSM4138159,125,6,0.7532925463605601
GSM4138159,125,7,0.7252864703470582
GSM4138159,125,8,0.7264046444589728
GSM4138159,125,9,0.7026663333703572
GSM4138161,325,0,0.6758671598900509
GSM4138161,325,1,0.6801625450937079
GSM4138161,325,2,0.6688084091207724
GSM4138161,325,3,0.6811310760062266
GSM4138161,325,4,0.6688830461182775
GSM4138161,325,5,0.653450365304977
GSM4138161,325,6,0.6761401037250179
GSM4138161,325,7,0.6771378448679872
GSM4138161,325,8,0.6735363999536095
GSM4138161,325,9,0.6805750567231091
GSM4138164,25,0,0.9777526653774851
GSM4138164,25,1,0.9636857977583841
GSM4138164,25,2,0.9556999935634554
GSM4138164,25,3,0.9593869975426368
GSM4138164,25,4,0.9798756416758932
GSM4138164,25,5,0.9660613766738944
GSM4138164,25,6,0.9279967320434898
GSM4138164,25,7,1.0
GSM4138164,25,8,0.948390538989695
GSM4138164,25,9,0.9422988706546231
GSM4138165,25,0,0.9542245142554158
GSM4138165,25,1,0.9689620385532999
GSM4138165,25,2,0.9698053319052509
GSM4138165,25,3,0.9675674430901289
GSM4138165,25,4,0.9445285929888207
GSM4138165,25,5,1.0
GSM4138165,25,6,0.9754713445227423
GSM4138165,25,7,0.9671393164262688
GSM4138165,25,8,0.9692124797130482
GSM4138165,25,9,0.9645384586796286
GSM4138166,50,0,0.9600473610254718
GSM4138166,50,1,0.9502108190898474
GSM4138166,50,2,0.9603701799731376
GSM4138166,50,3,0.9236403175398766
GSM4138166,50,4,0.9355162348190051
GSM4138166,50,5,0.9257965582601382
GSM4138166,50,6,0.9219010114009106
GSM4138166,50,7,0.9703005866104212
GSM4138166,50,8,0.9442921801822961
GSM4138166,50,9,0.9267570998671525
GSM4138122,75,0,0.9273850462677589
GSM4138122,75,1,0.9388677236063141
GSM4138122,75,2,0.9227262655521883
GSM4138122,75,3,0.9456041753556723
GSM4138122,75,4,0.9305606641353447
GSM4138122,75,5,0.9409355534658517
GSM4138122,75,6,0.9314362022614906
GSM4138122,75,7,0.9392055165664942
GSM4138122,75,8,0.938389688039348
GSM4138122,75,9,0.9322829611244369
GSM4138124,25,0,0.8898508634962591
GSM4138124,25,1,0.9918720480069704
GSM4138124,25,2,0.9862020558182822
GSM4138124,25,3,0.9301660685708065
GSM4138124,25,4,0.9650093325354115
GSM4138124,25,5,0.9804597956745973
GSM4138124,25,6,0.9871308960393095
GSM4138124,25,7,0.9535142535229292
GSM4138124,25,8,0.9513177187246141
GSM4138124,25,9,0.9803511329324922
GSM4138126,50,0,0.968954036239846
GSM4138126,50,1,0.9802613000751719
GSM4138126,50,2,0.9585972548660684
GSM4138126,50,3,0.9672885367267248
GSM4138126,50,4,0.9693042133137446
GSM4138126,50,5,0.9777184552847084
GSM4138126,50,6,0.9593407469436624
GSM4138126,50,7,0.981734315609054
GSM4138126,50,8,0.9765344892845802
GSM4138126,50,9,0.951317396986824
GSM4138127,375,0,0.7002845989768747
GSM4138127,375,1,0.7168256425500459
GSM4138127,375,2,0.7262322091792771
GSM4138127,375,3,0.7017581536129527
GSM4138127,375,4,0.6980884636800189
GSM4138127,375,5,0.7023904441133025
GSM4138127,375,6,0.7120089859103405
GSM4138127,375,7,0.7023897464191726
GSM4138127,375,8,0.7061847729556087
GSM4138127,375,9,0.7173781331797335
GSM4138128,75,0,0.9382167400571374
GSM4138128,75,1,0.9389831831629403
GSM4138128,75,2,0.9181647003966121
GSM4138128,75,3,0.9335649104870298
GSM4138128,75,4,0.94629307012306
GSM4138128,75,5,0.9194030920720949
GSM4138128,75,6,0.9436596339523871
GSM4138128,75,7,0.9511504229098474
GSM4138128,75,8,0.9334426561925474
GSM4138128,75,9,0.9369001312128223
GSM4138130,75,0,0.9475819723444948
GSM4138130,75,1,0.9226694483830186
GSM4138130,75,2,0.9325231663939634
GSM4138130,75,3,0.9515016006232415
GSM4138130,75,4,0.9538633724571471
GSM4138130,75,5,0.9589838755549046
GSM4138130,75,6,0.9672970614751966
GSM4138130,75,7,0.9750660462122379
GSM4138130,75,8,0.9498238844737203
GSM4138130,75,9,0.9560222077428312
GSM4138131,325,0,0.706962346881921
GSM4138131,325,1,0.7038408089004116
GSM4138131,325,2,0.6929447969017655
GSM4138131,325,3,0.7047651257996166
GSM4138131,325,4,0.7276592902506787
GSM4138131,325,5,0.6856274624745606
GSM4138131,325,6,0.7112686329552016
GSM4138131,325,7,0.7116517252147161
GSM4138131,325,8,0.7026684567441631
GSM4138131,325,9,0.7178970117839819
GSM4138132,50,0,0.9627992217306701
GSM4138132,50,1,0.9808520958589911
GSM4138132,50,2,0.9859157433179773
GSM4138132,50,3,0.9526810294557714
GSM4138132,50,4,0.9866438981694382
GSM4138132,50,5,0.9689856606108613
GSM4138132,50,6,0.9550647094696347
GSM4138132,50,7,0.9819120354146209
GSM4138132,50,8,0.9722403922115249
GSM4138132,50,9,0.9845979963681307
GSM4138134,50,0,0.9634613972540714
GSM4138134,50,1,0.9766807475735851
GSM4138134,50,2,0.9686826281723432
GSM4138134,50,3,0.9640842194036865
GSM4138134,50,4,0.9818211168480956
GSM4138134,50,5,0.9663428211464985
GSM4138134,50,6,0.9701777517869059
GSM4138134,50,7,0.9606611122400046
GSM4138134,50,8,0.9602177650333797
GSM4138134,50,9,0.9650475290114328
GSM4138135,800,0,0.6794850051018686
GSM4138135,800,1,0.6725107499906441
GSM4138135,800,2,0.672264743530413
GSM4138135,800,3,0.6770760272701597
GSM4138135,800,4,0.6882421235759908
GSM4138135,800,5,0.676804864804653
GSM4138135,800,6,0.677003422919492
GSM4138135,800,7,0.6716192526315009
GSM4138135,800,8,0.6798401035826613
GSM4138135,800,9,0.6737816777951116
GSM4138136,50,0,0.9481587441616709
GSM4138136,50,1,0.963277439530413
GSM4138136,50,2,0.9557154334635545
GSM4138136,50,3,0.9509620829382128
GSM4138136,50,4,0.9504342763135222
GSM4138136,50,5,0.9619567547746634
GSM4138136,50,6,0.9642537212427552
GSM4138136,50,7,0.9528333102575214
GSM4138136,50,8,0.9028471907473767
GSM4138136,50,9,0.9712759493333033
GSM4138138,50,0,0.9541739209241259
GSM4138138,50,1,0.9829141408773425
GSM4138138,50,2,0.9572751197524381
GSM4138138,50,3,0.9668504977483813
GSM4138138,50,4,0.957306148363833
GSM4138138,50,5,0.9626105356140043
GSM4138138,50,6,0.97349512504072
GSM4138138,50,7,0.9278392674772866
GSM4138138,50,8,0.9720327149691291
GSM4138138,50,9,0.9602745972243613
GSM4138139,500,0,0.631220493774989
GSM4138139,500,1,0.6371266767021515
GSM4138139,500,2,0.6398308701828044
GSM4138139,500,3,0.6357766110731824
GSM4138139,500,4,0.6406737886899423
GSM4138139,500,5,0.6271395308096425
GSM4138139,500,6,0.6284247724121386
GSM4138139,500,7,0.6355307352935362
GSM4138139,500,8,0.6352956021856137
GSM4138139,500,9,0.6238729664728522
GSM4138141,500,0,0.7168879639426623
GSM4138141,500,1,0.7187793921827264
GSM4138141,500,2,0.7059765788702116
GSM4138141,500,3,0.7043639935331507
GSM4138141,500,4,0.7146353269915753
GSM4138141,500,5,0.7165151445827782
GSM4138141,500,6,0.7097777122159888
GSM4138141,500,7,0.6944718089636258
GSM4138141,500,8,0.7041084763384864
GSM4138141,500,9,0.703241042752468
GSM4138141,150,0,0.7666849304561758
GSM4138141,150,1,0.7558032343855569
GSM4138141,150,2,0.7374554497249992
GSM4138141,150,3,0.7514797287849561
GSM4138141,150,4,0.7550930198916934
GSM4138141,150,5,0.7491475961250884
GSM4138141,150,6,0.7367234469925656
GSM4138141,150,7,0.7617766535089734
GSM4138141,150,8,0.7820776844172753
GSM4138141,150,9,0.7552129133737284
GSM4138145,100,0,0.7761775048711613
GSM4138145,100,1,0.8159303300316916
GSM4138145,100,2,0.7959366996510974
GSM4138145,100,3,0.7926473891941668
GSM4138145,100,4,0.7731193389506903
GSM4138145,100,5,0.819278188672355
GSM4138145,100,6,0.7684909846271994
GSM4138145,100,7,0.781817754701649
GSM4138145,100,8,0.7716568142228882
GSM4138145,100,9,0.784917404963134
GSM4138146,50,0,0.9530150095034563
GSM4138146,50,1,0.9396428225058728
GSM4138146,50,2,0.9353497363055292
GSM4138146,50,3,0.9423352367992357
GSM4138146,50,4,0.9237977680698884
GSM4138146,50,5,0.9306255393762889
GSM4138146,50,6,0.9216600347874131
GSM4138146,50,7,0.9471321446116413
GSM4138146,50,8,0.9247496486665301
GSM4138146,50,9,0.9468047359808086
GSM4138156,75,0,0.9129671432491907
GSM4138156,75,1,0.909487919310956
GSM4138156,75,2,0.9048006581395126
GSM4138156,75,3,0.9059068733149946
GSM4138156,75,4,0.9195367008556485
GSM4138156,75,5,0.895118046745782
GSM4138156,75,6,0.9207843804288454
GSM4138156,75,7,0.9091964368147787
GSM4138156,75,8,0.9101932132705938
GSM4138156,75,9,0.9193532800007232
GSM4138160,50,0,0.9510977930400311
GSM4138160,50,1,0.9214292786720393
GSM4138160,50,2,0.959717485886759
GSM4138160,50,3,0.9469248334155063
GSM4138160,50,4,0.9648710462166097
GSM4138160,50,5,0.9087446478919609
GSM4138160,50,6,0.9117971401654205
GSM4138160,50,7,0.9336255973099064
GSM4138160,50,8,0.9313843591734673
GSM4138160,50,9,0.941879045475544
GSM4138161,300,0,0.6841919109643928
GSM4138161,300,1,0.6819533720326046
GSM4138161,300,2,0.6686769237270835
GSM4138161,300,3,0.6972957235168306
GSM4138161,300,4,0.6590453544512972
GSM4138161,300,5,0.6830620945362215
GSM4138161,300,6,0.6783268551371606
GSM4138161,300,7,0.673055903981082
GSM4138161,300,8,0.6767365751862566
GSM4138161,300,9,0.6720349987061374
GSM4138162,50,0,0.9351800426787531
GSM4138162,50,1,0.8989745541322219
GSM4138162,50,2,0.9589108330728817
GSM4138162,50,3,0.8996170297361876
GSM4138162,50,4,0.8966034358807039
GSM4138162,50,5,0.9075250654182078
GSM4138162,50,6,0.9020353799303997
GSM4138162,50,7,0.9064024105323036
GSM4138162,50,8,0.895851736383714
GSM4138162,50,9,0.9370043446729497
GSM4138165,50,0,0.9115472015788966
GSM4138165,50,1,0.9608025628686498
GSM4138165,50,2,0.9307867825654346
GSM4138165,50,3,0.9562768587777268
GSM4138165,50,4,0.923729409511324
GSM4138165,50,5,0.9206344040290507
GSM4138165,50,6,0.9320991006174126
GSM4138165,50,7,0.9469934321794348
GSM4138165,50,8,0.9183342063606975
GSM4138165,50,9,0.9072372788584017
GSM4138166,75,0,0.9282887220658311
GSM4138166,75,1,0.8910637237052446
GSM4138166,75,2,0.9491484161307913
GSM4138166,75,3,0.8710362911393607
GSM4138166,75,4,0.8984083519879122
GSM4138166,75,5,0.9212572841842694
GSM4138166,75,6,0.925635844339059
GSM4138166,75,7,0.9427298043050085
GSM4138166,75,8,0.909523317441318
GSM4138166,75,9,0.8702513141621503
GSM4138167,50,0,0.9843885030800206
GSM4138167,50,1,0.9342995754813448
GSM4138167,50,2,0.9666949772775368
GSM4138167,50,3,0.9378513734066302
GSM4138167,50,4,0.9421795665968974
GSM4138167,50,5,0.9333718795570842
GSM4138167,50,6,0.9504090130491074
GSM4138167,50,7,0.947307226721014
GSM4138167,50,8,0.9422850812684763
GSM4138167,50,9,0.9194813103885792
GSM4138127,400,0,0.7184878503294221
GSM4138127,400,1,0.6948331828584027
GSM4138127,400,2,0.7159090570559741
GSM4138127,400,3,0.7103034954139276
GSM4138127,400,4,0.7041215835312156
GSM4138127,400,5,0.7186396033346566
GSM4138127,400,6,0.7018091945111193
GSM4138127,400,7,0.7040730279075765
GSM4138127,400,8,0.7025074552088151
GSM4138127,400,9,0.7141458533032703
GSM4138130,50,0,0.9745029308653875
GSM4138130,50,1,0.9761139177199478
GSM4138130,50,2,0.9578218776822656
GSM4138130,50,3,0.9531563540535591
GSM4138130,50,4,0.9599740028369743
GSM4138130,50,5,0.9545330875357938
GSM4138130,50,6,0.948158613914846
GSM4138130,50,7,0.9563779782820436
GSM4138130,50,8,0.9696861573034088
GSM4138130,50,9,0.9424386547296447
GSM4138131,600,0,0.6930586987736338
GSM4138131,600,1,0.6878520972602555
GSM4138131,600,2,0.6890054947104934
GSM4138131,600,3,0.6857616329747518
GSM4138131,600,4,0.6941276724756604
GSM4138131,600,5,0.6997252824441657
GSM4138131,600,6,0.6881148107202826
GSM4138131,600,7,0.6875208213848827
GSM4138131,600,8,0.6923536584707437
GSM4138131,600,9,0.6830557395495133
GSM4138155,600,0,0.5953128845586139
GSM4138155,600,1,0.5979991603120052
GSM4138155,600,2,0.5954859380096766
GSM4138155,600,3,0.5963776180063032
GSM4138155,600,4,0.5980791229870488
GSM4138155,600,5,0.5884972423312675
GSM4138155,600,6,0.5951829380904738
GSM4138155,600,7,0.6068517170484162
GSM4138155,600,8,0.6046951109982103
GSM4138155,600,9,0.6090892579304139
GSM4138110,350,0,0.8959473421367368
GSM4138110,350,1,0.9112039530181703
GSM4138110,350,2,0.9049181461444418
GSM4138110,350,3,0.915402178781669
GSM4138110,350,4,0.9104183801430092
GSM4138110,350,5,0.9057912906441885
GSM4138110,350,6,0.9127551375102135
GSM4138110,350,7,0.9048849786061237
GSM4138110,350,8,0.9122878542327312
GSM4138110,350,9,0.9081003473678628
GSM4138110,375,0,0.9137317832846193
GSM4138110,375,1,0.9065422011349723
GSM4138110,375,2,0.9009808882112065
GSM4138110,375,3,0.9080105959445391
GSM4138110,375,4,0.8962127283235433
GSM4138110,375,5,0.9051117810095017
GSM4138110,375,6,0.9082000206011445
GSM4138110,375,7,0.9038698129643858
GSM4138110,375,8,0.9110451085020506
GSM4138110,375,9,0.9011945971158754
GSM4138110,250,0,0.9168049037605358
GSM4138110,250,1,0.9087041266507532
GSM4138110,250,2,0.9185949219712668
GSM4138110,250,3,0.9062620544537385
GSM4138110,250,4,0.9016968877665437
GSM4138110,250,5,0.9207730500350875
GSM4138110,250,6,0.921830758693851
GSM4138110,250,7,0.9284774830444553
GSM4138110,250,8,0.9100889494042707
GSM4138110,250,9,0.9115882405466389
GSM4138112,125,0,0.8701178596359203
GSM4138112,125,1,0.8614352728666443
GSM4138112,125,2,0.8526870991705492
GSM4138112,125,3,0.8935596533584064
GSM4138112,125,4,0.8883546878739719
GSM4138112,125,5,0.9139587019623365
GSM4138112,125,6,0.8852545888756186
GSM4138112,125,7,0.886887975599741
GSM4138112,125,8,0.8706285752355428
GSM4138112,125,9,0.8946506507916606
GSM4138112,250,0,0.8874782709710902
GSM4138112,250,1,0.8803391672614661
GSM4138112,250,2,0.8800092098536237
GSM4138112,250,3,0.8747159014113437
GSM4138112,250,4,0.8862495927550796
GSM4138112,250,5,0.8729079769303727
GSM4138112,250,6,0.8804773670527435
GSM4138112,250,7,0.8907182395109234
GSM4138112,250,8,0.8790309089251713
GSM4138112,250,9,0.8850517029093866
GSM4138112,100,0,0.8993466648907085
GSM4138112,100,1,0.8858652771742932
GSM4138112,100,2,0.8904434827820902
GSM4138112,100,3,0.9023017279713572
GSM4138112,100,4,0.873215032482228
GSM4138112,100,5,0.900689539766452
GSM4138112,100,6,0.9200652805221997
GSM4138112,100,7,0.8726171911673101
GSM4138112,100,8,0.9032575534392994
GSM4138112,100,9,0.8917089444202719
GSM4138113,75,0,0.806198111701107
GSM4138113,75,1,0.8293331463515567
GSM4138113,75,2,0.807025734366485
GSM4138113,75,3,0.8285053000133724
GSM4138113,75,4,0.8204471970174091
GSM4138113,75,5,0.7823391093332674
GSM4138113,75,6,0.8124629744908811
GSM4138113,75,7,0.8170810620801565
GSM4138113,75,8,0.8068716459444218
GSM4138113,75,9,0.7975952190152051
GSM4138114,225,0,0.884669211982688
GSM4138114,225,1,0.8799789740097249
GSM4138114,225,2,0.8692181367029569
GSM4138114,225,3,0.8716446790010661
GSM4138114,225,4,0.8707330350732791
GSM4138114,225,5,0.8850235348923626
GSM4138114,225,6,0.8875735660952573
GSM4138114,225,7,0.8684430280050756
GSM4138114,225,8,0.8748301028346275
GSM4138114,225,9,0.8790374687769124
GSM4138114,125,0,0.8693102221604556
GSM4138114,125,1,0.866500190599794
GSM4138114,125,2,0.9024412453277124
GSM4138114,125,3,0.8707045665393858
GSM4138114,125,4,0.8904505815949106
GSM4138114,125,5,0.8601897715057276
GSM4138114,125,6,0.8845989885137987
GSM4138114,125,7,0.8991563334832167
GSM4138114,125,8,0.8985786995603849
GSM4138114,125,9,0.8679750875347065
GSM4138114,75,0,0.8890084757002668
GSM4138114,75,1,0.8830629629429172
GSM4138114,75,2,0.9156385139926677
GSM4138114,75,3,0.9297204633300022
GSM4138114,75,4,0.9022896386589838
GSM4138114,75,5,0.9248959656883683
GSM4138114,75,6,0.9157896860588786
GSM4138114,75,7,0.9218194940441339
GSM4138114,75,8,0.9086063905927506
GSM4138114,75,9,0.8827851681511741
GSM4138116,450,0,0.92286109619851
GSM4138116,450,1,0.91076144918529
GSM4138116,450,2,0.9200335769515239
GSM4138116,450,3,0.9273590849455426
GSM4138116,450,4,0.9174585497068075
GSM4138116,450,5,0.9254378600107025
GSM4138116,450,6,0.925567851980991
GSM4138116,450,7,0.9194882533947898
GSM4138116,450,8,0.9156419824603051
GSM4138116,450,9,0.9174988368283992
GSM4138116,100,0,0.9301324142125476
GSM4138116,100,1,0.9072748214446795
GSM4138116,100,2,0.8984255507054492
GSM4138116,100,3,0.9045910091491293
GSM4138116,100,4,0.9675043280255555
GSM4138116,100,5,0.9380856624134092
GSM4138116,100,6,0.9428215013278382
GSM4138116,100,7,0.9502587635802096
GSM4138116,100,8,0.9325422655131747
GSM4138116,100,9,0.9482067828997872
GSM4138116,275,0,0.9438023750934162
GSM4138116,275,1,0.9133613533268301
GSM4138116,275,2,0.9392075424956963
GSM4138116,275,3,0.9442261143968957
GSM4138116,275,4,0.944786283739061
GSM4138116,275,5,0.9046754676051003
GSM4138116,275,6,0.936761302477597
GSM4138116,275,7,0.9495234135998919
GSM4138116,275,8,0.9340470026538851
GSM4138116,275,9,0.9486164260890335
GSM4138116,400,0,0.9282597377902801
GSM4138116,400,1,0.9194579385857171
GSM4138116,400,2,0.9226779884929147
GSM4138116,400,3,0.9272629491492818
GSM4138116,400,4,0.9345824389598703
GSM4138116,400,5,0.9314009790881898
GSM4138116,400,6,0.920712566994625
GSM4138116,400,7,0.9180508884370576
GSM4138116,400,8,0.9251524476770258
GSM4138116,400,9,0.9244265359254861
GSM4138117,125,0,0.7360345973854248
GSM4138117,125,1,0.734419509374296
GSM4138117,125,2,0.7544777571076533
GSM4138117,125,3,0.7216684133373326
GSM4138117,125,4,0.7184209863856582
GSM4138117,125,5,0.7332366632393206
GSM4138117,125,6,0.714134073724007
GSM4138117,125,7,0.7213686656546929
GSM4138117,125,8,0.7148350555973106
GSM4138117,125,9,0.7495835813664804
GSM4138118,225,0,0.8769465775954433
GSM4138118,225,1,0.8978862663799798
GSM4138118,225,2,0.8820389302389087
GSM4138118,225,3,0.8980739082348235
GSM4138118,225,4,0.9027905120949663
GSM4138118,225,5,0.8759615493714822
GSM4138118,225,6,0.8938080632174686
GSM4138118,225,7,0.8743103151505048
GSM4138118,225,8,0.8672420048519754
GSM4138118,225,9,0.875031050619579
GSM4138118,100,0,0.8879083166841087
GSM4138118,100,1,0.8858532431616156
GSM4138118,100,2,0.8691080934677713
GSM4138118,100,3,0.9292561789050474
GSM4138118,100,4,0.8972545386869021
GSM4138118,100,5,0.8844191855604457
GSM4138118,100,6,0.8765654095380155
GSM4138118,100,7,0.9200719290589399
GSM4138118,100,8,0.9081633922866296
GSM4138118,100,9,0.9308662153740987
GSM4138118,125,0,0.883648990389074
GSM4138118,125,1,0.853398649720877
GSM4138118,125,2,0.905324535623665
GSM4138118,125,3,0.8791117831391998
GSM4138118,125,4,0.8905852392046397
GSM4138118,125,5,0.9116733865693875
GSM4138118,125,6,0.9102419268732641
GSM4138118,125,7,0.908196318224018
GSM4138118,125,8,0.9036914445487367
GSM4138118,125,9,0.8978914694276863
GSM4138120,475,0,0.8536246435693267
GSM4138120,475,1,0.8458516101302208
GSM4138120,475,2,0.8407405782834454
GSM4138120,475,3,0.8615057896007984
GSM4138120,475,4,0.8442278678778115
GSM4138120,475,5,0.8333804371140607
GSM4138120,475,6,0.8406934133220458
GSM4138120,475,7,0.8420364382018141
GSM4138120,475,8,0.8476501937348354
GSM4138120,475,9,0.8449121882110686
GSM4138120,125,0,0.8489246147249194
GSM4138120,125,1,0.8457870204420873
GSM4138120,125,2,0.8417101018079733
GSM4138120,125,3,0.8449287080532484
GSM4138120,125,4,0.8661492704106752
GSM4138120,125,5,0.840921951253607
GSM4138120,125,6,0.8365027218565173
GSM4138120,125,7,0.8654434340039275
GSM4138120,125,8,0.9044552336095216
GSM4138120,125,9,0.8598844530065552
GSM4138120,300,0,0.8699765848808936
GSM4138120,300,1,0.8352938407754159
GSM4138120,300,2,0.856088354851297
GSM4138120,300,3,0.8623115489166094
GSM4138120,300,4,0.846362458878542
GSM4138120,300,5,0.8384688418455114
GSM4138120,300,6,0.8552854978946628
GSM4138120,300,7,0.8626381693754415
GSM4138120,300,8,0.8431858351085615
GSM4138120,300,9,0.8531998174776663
GSM4138120,250,0,0.8503278192284228
GSM4138120,250,1,0.8534738731279548
GSM4138120,250,2,0.8594176642463782
GSM4138120,250,3,0.8540058549624733
GSM4138120,250,4,0.8487341897366248
GSM4138120,250,5,0.870625361657537
GSM4138120,250,6,0.8661065628910793
GSM4138120,250,7,0.8559704571848172
GSM4138120,250,8,0.8480856882442096
GSM4138120,250,9,0.8586206500610066
GSM4138122,425,0,0.8936232268895951
GSM4138122,425,1,0.8855280095550859
GSM4138122,425,2,0.880259262960266
GSM4138122,425,3,0.8848358771923018
GSM4138122,425,4,0.8905962964268626
GSM4138122,425,5,0.8895035261186324
GSM4138122,425,6,0.8833396556790357
GSM4138122,425,7,0.889651341601836
GSM4138122,425,8,0.8822175159886723
GSM4138122,425,9,0.8915122971178029
GSM4138122,125,0,0.9127277671768588
GSM4138122,125,1,0.9125648752853798
GSM4138122,125,2,0.9304977275489811
GSM4138122,125,3,0.917902306438692
GSM4138122,125,4,0.9057625530103238
GSM4138122,125,5,0.8971784509891212
GSM4138122,125,6,0.8838437174787059
GSM4138122,125,7,0.8970744713956887
GSM4138122,125,8,0.9169996050894116
GSM4138122,125,9,0.8886029805456355
GSM4138123,375,0,0.6872382899594723
GSM4138123,375,1,0.6895403976059725
GSM4138123,375,2,0.6708073783345427
GSM4138123,375,3,0.6808106686361868
GSM4138123,375,4,0.6832950651950133
GSM4138123,375,5,0.6691679116058196
GSM4138123,375,6,0.6804135591613611
GSM4138123,375,7,0.6739160318393665
GSM4138123,375,8,0.6704796306069312
GSM4138123,375,9,0.6827362682432847
GSM4138124,225,0,0.9086168025432221
GSM4138124,225,1,0.9018126869790299
GSM4138124,225,2,0.9263018340009483
GSM4138124,225,3,0.9184110657328421
GSM4138124,225,4,0.9174767138400133
GSM4138124,225,5,0.9333710093310713
GSM4138124,225,6,0.9362794788917914
GSM4138124,225,7,0.9090289663952804
GSM4138124,225,8,0.9210715116404258
GSM4138124,225,9,0.9099551866702671
GSM4138124,175,0,0.9068782963160475
GSM4138124,175,1,0.9147480877053942
GSM4138124,175,2,0.9326161188398252
GSM4138124,175,3,0.9322384023394952
GSM4138124,175,4,0.9001101758320321
GSM4138124,175,5,0.905316814691664
GSM4138124,175,6,0.8975302477491345
GSM4138124,175,7,0.9245325783160453
GSM4138124,175,8,0.9094511101975683
GSM4138124,175,9,0.9098954793718699
GSM4138125,450,0,0.7081954238754953
GSM4138125,450,1,0.6986952459498961
GSM4138125,450,2,0.7021048707521165
GSM4138125,450,3,0.7082057427845561
GSM4138125,450,4,0.7019862580546381
GSM4138125,450,5,0.7026924678502326
GSM4138125,450,6,0.6997869126081725
GSM4138125,450,7,0.7036389251353308
GSM4138125,450,8,0.7006680464274402
GSM4138125,450,9,0.7093498578375956
GSM4138126,475,0,0.9553756263269478
GSM4138126,475,1,0.9575669429453312
GSM4138126,475,2,0.9558234719680805
GSM4138126,475,3,0.9544293520102161
GSM4138126,475,4,0.9595518955790983
GSM4138126,475,5,0.9528851065255431
GSM4138126,475,6,0.953550332228244
GSM4138126,475,7,0.9633554192347102
GSM4138126,475,8,0.9564832318587775
GSM4138126,475,9,0.95450949852114
GSM4138126,225,0,0.960362629256262
GSM4138126,225,1,0.9616297007379077
GSM4138126,225,2,0.9522400529038955
GSM4138126,225,3,0.9540331458658178
GSM4138126,225,4,0.9662973085911398
GSM4138126,225,5,0.9493229052876158
GSM4138126,225,6,0.958444467263128
GSM4138126,225,7,0.9582941822093738
GSM4138126,225,8,0.954890610704626
GSM4138126,225,9,0.951882252583392
GSM4138126,450,0,0.9561103849433574
GSM4138126,450,1,0.9552826371655925
GSM4138126,450,2,0.9569499592607805
GSM4138126,450,3,0.9551529833172504
GSM4138126,450,4,0.9516292764729118
GSM4138126,450,5,0.9539579491367594
GSM4138126,450,6,0.9471316928790964
GSM4138126,450,7,0.9579147718301397
GSM4138126,450,8,0.9578718679373187
GSM4138126,450,9,0.9527817578515663
GSM4138128,425,0,0.8815389094089717
GSM4138128,425,1,0.8836035800700485
GSM4138128,425,2,0.8811847241040583
GSM4138128,425,3,0.8851089356411563
GSM4138128,425,4,0.8878679361491866
GSM4138128,425,5,0.8842923425305845
GSM4138128,425,6,0.8824129970792208
GSM4138128,425,7,0.88937133277717
GSM4138128,425,8,0.8780815751872002
GSM4138128,425,9,0.8850209164600966
GSM4138128,125,0,0.8966778679871474
GSM4138128,125,1,0.8916301365878562
GSM4138128,125,2,0.9172961542465908
GSM4138128,125,3,0.9111765234699405
GSM4138128,125,4,0.8915330205492548
GSM4138128,125,5,0.905784629329585
GSM4138128,125,6,0.8934243829014208
GSM4138128,125,7,0.9150152912967912
GSM4138128,125,8,0.9273856547483146
GSM4138128,125,9,0.9175695186429517
GSM4138130,300,0,0.9154757954996418
GSM4138130,300,1,0.9165475402634162
GSM4138130,300,2,0.913216272880937
GSM4138130,300,3,0.9174439263349393
GSM4138130,300,4,0.9004369149302077
GSM4138130,300,5,0.9092681187131197
GSM4138130,300,6,0.8934473042585154
GSM4138130,300,7,0.8990182791305997
GSM4138130,300,8,0.9399138573019518
GSM4138130,300,9,0.9053040145940099
GSM4138130,200,0,0.9250961026122168
GSM4138130,200,1,0.9244143353899801
GSM4138130,200,2,0.9112993854491305
GSM4138130,200,3,0.9275917407487004
GSM4138130,200,4,0.9116682105523883
GSM4138130,200,5,0.9097225955235788
GSM4138130,200,6,0.9149896143104241
GSM4138130,200,7,0.9196711397957512
GSM4138130,200,8,0.9138118308989354
GSM4138130,200,9,0.9247662340196363
GSM4138130,400,0,0.9089686327816929
GSM4138130,400,1,0.9054090387761077
GSM4138130,400,2,0.908081832185704
GSM4138130,400,3,0.8987956380781064
GSM4138130,400,4,0.9051534483129186
GSM4138130,400,5,0.8963009405497376
GSM4138130,400,6,0.907298016676348
GSM4138130,400,7,0.8988980594955375
GSM4138130,400,8,0.9035274786278376
GSM4138130,400,9,0.9018777345562692
GSM4138130,125,0,0.930241795724344
GSM4138130,125,1,0.929667290558316
GSM4138130,125,2,0.927551245729384
GSM4138130,125,3,0.9183442603716556
GSM4138130,125,4,0.9019805790888562
GSM4138130,125,5,0.9307575270185897
GSM4138130,125,6,0.9273665213210005
GSM4138130,125,7,0.9465131513773102
GSM4138130,125,8,0.9348350955692719
GSM4138130,125,9,0.9448635965293811
GSM4138132,325,0,0.9369929219436983
GSM4138132,325,1,0.9370300807894687
GSM4138132,325,2,0.9485623170415175
GSM4138132,325,3,0.9310242623648108
GSM4138132,325,4,0.9313188030190586
GSM4138132,325,5,0.9262903847105491
GSM4138132,325,6,0.9261036312508601
GSM4138132,325,7,0.9300167633444916
GSM4138132,325,8,0.9357452074577266
GSM4138132,325,9,0.9401999462785745
GSM4138132,150,0,0.9501824161312603
GSM4138132,150,1,0.9634147978386214
GSM4138132,150,2,0.9467414728885906
GSM4138132,150,3,0.9524226441215592
GSM4138132,150,4,0.9287410623804382
GSM4138132,150,5,0.9587149627057531
GSM4138132,150,6,0.9562793746070852
GSM4138132,150,7,0.9542390120827923
GSM4138132,150,8,0.9604564575868804
GSM4138132,150,9,0.9473750507599448
GSM4138132,375,0,0.9365724582201035
GSM4138132,375,1,0.9236050411983875
GSM4138132,375,2,0.9437023011125149
GSM4138132,375,3,0.9337291903151843
GSM4138132,375,4,0.9299799484540119
GSM4138132,375,5,0.9319502176022555
GSM4138132,375,6,0.9310494915859805
GSM4138132,375,7,0.9444959105380849
GSM4138132,375,8,0.9337168014509353
GSM4138132,375,9,0.9309081109697043
GSM4138132,225,0,0.9377032474981826
GSM4138132,225,1,0.9335036134848298
GSM4138132,225,2,0.9368282201524581
GSM4138132,225,3,0.9454402673576024
GSM4138132,225,4,0.934824447677137
GSM4138132,225,5,0.9386587340672452
GSM4138132,225,6,0.9390209472062004
GSM4138132,225,7,0.9372846408180405
GSM4138132,225,8,0.9344992040529538
GSM4138132,225,9,0.9306084001453373
GSM4138132,75,0,0.9408965618040072
GSM4138132,75,1,0.9395784426345621
GSM4138132,75,2,0.9628622558673837
GSM4138132,75,3,0.9536139954561839
GSM4138132,75,4,0.9694001215628356
GSM4138132,75,5,0.9605005624194288
GSM4138132,75,6,0.969130745975172
GSM4138132,75,7,0.9266578986139289
GSM4138132,75,8,0.954407406210439
GSM4138132,75,9,0.9699113837918153
GSM4138133,150,0,0.7911272301202569
GSM4138133,150,1,0.7885920958290649
GSM4138133,150,2,0.7565450479520326
GSM4138133,150,3,0.7672298782221608
GSM4138133,150,4,0.7887941561964418
GSM4138133,150,5,0.7740917491917771
GSM4138133,150,6,0.7576056866500307
GSM4138133,150,7,0.7853596818897595
GSM4138133,150,8,0.7599500808376496
GSM4138133,150,9,0.7660597620024197
GSM4138134,775,0,0.9443718599713357
GSM4138134,775,1,0.9480543600233376
GSM4138134,775,2,0.9541281606029817
GSM4138134,775,3,0.94253380521137
GSM4138134,775,4,0.9566388121629043
GSM4138134,775,5,0.9500510700167544
GSM4138134,775,6,0.9553339195849347
GSM4138134,775,7,0.9540037368375456
GSM4138134,775,8,0.9440417171206006
GSM4138134,775,9,0.9444533020618381
GSM4138134,225,0,0.9387167923435762
GSM4138134,225,1,0.944669114439972
GSM4138134,225,2,0.943912776122382
GSM4138134,225,3,0.9595749714550902
GSM4138134,225,4,0.9552485072623809
GSM4138134,225,5,0.9497858949985638
GSM4138134,225,6,0.9542646775624505
GSM4138134,225,7,0.9614037082145086
GSM4138134,225,8,0.9649238187516644
GSM4138134,225,9,0.9441674025029485
GSM4138134,725,0,0.9549060227420345
GSM4138134,725,1,0.9439709387354625
GSM4138134,725,2,0.9538779943456912
GSM4138134,725,3,0.9498525393055992
GSM4138134,725,4,0.9543694082870361
GSM4138134,725,5,0.9537577988200526
GSM4138134,725,6,0.9576633282897115
GSM4138134,725,7,0.957630030819123
GSM4138134,725,8,0.9585371903729009
GSM4138134,725,9,0.9518582479640566
GSM4138134,350,0,0.952808492891426
GSM4138134,350,1,0.9522434306149029
GSM4138134,350,2,0.9590475266365218
GSM4138134,350,3,0.944547465361746
GSM4138134,350,4,0.9452945653574003
GSM4138134,350,5,0.9398668722890235
GSM4138134,350,6,0.9445052648139584
GSM4138134,350,7,0.951786853670838
GSM4138134,350,8,0.9441919709550893
GSM4138134,350,9,0.9557286508462363
GSM4138136,150,0,0.9255178289450053
GSM4138136,150,1,0.9262363562233171
GSM4138136,150,2,0.9268347885475059
GSM4138136,150,3,0.9120438327963777
GSM4138136,150,4,0.9146546832511157
GSM4138136,150,5,0.9250806300509798
GSM4138136,150,6,0.9244331235084884
GSM4138136,150,7,0.9033936667870496
GSM4138136,150,8,0.8984109081179728
GSM4138136,150,9,0.9057344267841371
GSM4138136,350,0,0.8934759810700003
GSM4138136,350,1,0.9152188744924887
GSM4138136,350,2,0.9105874712882317
GSM4138136,350,3,0.9126023267484052
GSM4138136,350,4,0.8982918908835855
GSM4138136,350,5,0.9008435089375089
GSM4138136,350,6,0.9051292447497418
GSM4138136,350,7,0.8932797995004216
GSM4138136,350,8,0.9107676844742827
GSM4138136,350,9,0.8949172542153796
GSM4138136,225,0,0.9171937586330463
GSM4138136,225,1,0.9079856636276411
GSM4138136,225,2,0.9091822273757173
GSM4138136,225,3,0.9130022856360986
GSM4138136,225,4,0.9058666178964915
GSM4138136,225,5,0.8997267392260507
GSM4138136,225,6,0.892575199049896
GSM4138136,225,7,0.9165608798394332
GSM4138136,225,8,0.9106354524928475
GSM4138136,225,9,0.8861652640675268
GSM4138138,125,0,0.8972320435721315
GSM4138138,125,1,0.8928716977417558
GSM4138138,125,2,0.9098044156519183
GSM4138138,125,3,0.9339006136537795
GSM4138138,125,4,0.919027654817594
GSM4138138,125,5,0.8818300227751709
GSM4138138,125,6,0.9153177699930217
GSM4138138,125,7,0.9304152185836918
GSM4138138,125,8,0.901044925961527
GSM4138138,125,9,0.9156996662305207
GSM4138138,325,0,0.8875285081185096
GSM4138138,325,1,0.8978560213215608
GSM4138138,325,2,0.886964541438207
GSM4138138,325,3,0.8849242624230812
GSM4138138,325,4,0.8906105662066569
GSM4138138,325,5,0.8792511635366984
GSM4138138,325,6,0.8785852204609848
GSM4138138,325,7,0.8925427912279782
GSM4138138,325,8,0.8930867161290319
GSM4138138,325,9,0.880068864320778
GSM4138138,175,0,0.8889836007699594
GSM4138138,175,1,0.9188249905251362
GSM4138138,175,2,0.9192029251213307
GSM4138138,175,3,0.9075194291113772
GSM4138138,175,4,0.8785960789626598
GSM4138138,175,5,0.9181704273153135
GSM4138138,175,6,0.9053312746679653
GSM4138138,175,7,0.8908820658833179
GSM4138138,175,8,0.9090446348181476
GSM4138138,175,9,0.8966133822142334
GSM4138140,450,0,0.9169384421992062
GSM4138140,450,1,0.9117783253977277
GSM4138140,450,2,0.9083262728786576
GSM4138140,450,3,0.905538926760706
GSM4138140,450,4,0.912090847269733
GSM4138140,450,5,0.9094596353013235
GSM4138140,450,6,0.9048379090981702
GSM4138140,450,7,0.9109298466515511
GSM4138140,450,8,0.916551466551208
GSM4138140,450,9,0.9048878180958728
GSM4138140,175,0,0.9192948026317995
GSM4138140,175,1,0.9282184159839756
GSM4138140,175,2,0.9260668269203809
GSM4138140,175,3,0.9389182793693227
GSM4138140,175,4,0.9260209564967036
GSM4138140,175,5,0.9163575712255131
GSM4138140,175,6,0.9116822562593723
GSM4138140,175,7,0.9004843726606885
GSM4138140,175,8,0.9223572498989451
GSM4138140,175,9,0.9399053344624761
GSM4138140,350,0,0.9118464718765917
GSM4138140,350,1,0.9164459765422237
GSM4138140,350,2,0.9155737014296313
GSM4138140,350,3,0.9188136188340523
GSM4138140,350,4,0.9044244358089282
GSM4138140,350,5,0.898840942858853
GSM4138140,350,6,0.9003492437256633
GSM4138140,350,7,0.91405609474262
GSM4138140,350,8,0.9112327346190271
GSM4138140,350,9,0.9093462270615679
GSM4138140,275,0,0.927950548785962
GSM4138140,275,1,0.9058929412490837
GSM4138140,275,2,0.9131892540077229
GSM4138140,275,3,0.9161443163087478
GSM4138140,275,4,0.9075164675343409
GSM4138140,275,5,0.9322041234842411
GSM4138140,275,6,0.9159812233291106
GSM4138140,275,7,0.9077990612251309
GSM4138140,275,8,0.9075386347271681
GSM4138140,275,9,0.9215993121734745
GSM4138140,50,0,0.9608482607523787
GSM4138140,50,1,0.9501898813533597
GSM4138140,50,2,0.9482632964791736
GSM4138140,50,3,0.9554919945256565
GSM4138140,50,4,0.9481975266036904
GSM4138140,50,5,0.9543611033651269
GSM4138140,50,6,0.952988010845696
GSM4138140,50,7,0.9503610010939977
GSM4138140,50,8,0.9760287847621927
GSM4138140,50,9,0.9470694907439431
GSM4138141,175,0,0.7526310936931272
GSM4138141,175,1,0.7378186214074764
GSM4138141,175,2,0.7356386869541511
GSM4138141,175,3,0.7453139996393847
GSM4138141,175,4,0.7203726267275063
GSM4138141,175,5,0.7412663470875654
GSM4138141,175,6,0.7389418548264728
GSM4138141,175,7,0.753795912609544
GSM4138141,175,8,0.7455367495394802
GSM4138141,175,9,0.7418525266236646
GSM4138142,475,0,0.9168069817093966
GSM4138142,475,1,0.9148590180899834
GSM4138142,475,2,0.9163637294724247
GSM4138142,475,3,0.9128446641163767
GSM4138142,475,4,0.9121556355577021
GSM4138142,475,5,0.9226364146249662
GSM4138142,475,6,0.9176050721145975
GSM4138142,475,7,0.9078617719170794
GSM4138142,475,8,0.912959973301688
GSM4138142,475,9,0.9112384464515834
GSM4138142,175,0,0.9102291790950994
GSM4138142,175,1,0.90928660948351
GSM4138142,175,2,0.9122243664138172
GSM4138142,175,3,0.9120887805492366
GSM4138142,175,4,0.9056322518266369
GSM4138142,175,5,0.9056761234185111
GSM4138142,175,6,0.9173632336518588
GSM4138142,175,7,0.8994893356102396
GSM4138142,175,8,0.9016529364932473
GSM4138142,175,9,0.9256555632781976
GSM4138142,425,0,0.9113612911423117
GSM4138142,425,1,0.9135627428482698
GSM4138142,425,2,0.9243619953884268
GSM4138142,425,3,0.9155406807868326
GSM4138142,425,4,0.9178453005626637
GSM4138142,425,5,0.9271215414209043
GSM4138142,425,6,0.9283532492003712
GSM4138142,425,7,0.9171791179810568
GSM4138142,425,8,0.9049639846363665
GSM4138142,425,9,0.9174004932764268
GSM4138142,225,0,0.9201498222496289
GSM4138142,225,1,0.9065287286440464
GSM4138142,225,2,0.9219727681768354
GSM4138142,225,3,0.8929149167427
GSM4138142,225,4,0.9182532816440631
GSM4138142,225,5,0.9101403669904886
GSM4138142,225,6,0.9105128983066058
GSM4138142,225,7,0.9011845179725361
GSM4138142,225,8,0.919262871671206
GSM4138142,225,9,0.9089094391579953
GSM4138144,250,0,0.8542348001175528
GSM4138144,250,1,0.8529088674058204
GSM4138144,250,2,0.8686089921597442
GSM4138144,250,3,0.8488982654928262
GSM4138144,250,4,0.8547548251164594
GSM4138144,250,5,0.8483913407931098
GSM4138144,250,6,0.8588732125857094
GSM4138144,250,7,0.8519383659061206
GSM4138144,250,8,0.8593944285323049
GSM4138144,250,9,0.8505229795649234
GSM4138144,75,0,0.8608557289409515
GSM4138144,75,1,0.8652422732501375
GSM4138144,75,2,0.8582762186644299
GSM4138144,75,3,0.8737562537757964
GSM4138144,75,4,0.8740278853049943
GSM4138144,75,5,0.9061163618906205
GSM4138144,75,6,0.8675633683636844
GSM4138144,75,7,0.8544110959993618
GSM4138144,75,8,0.8590876939337835
GSM4138144,75,9,0.862698745681957
GSM4138144,100,0,0.873547581938745
GSM4138144,100,1,0.8621307377698266
GSM4138144,100,2,0.8762825081310635
GSM4138144,100,3,0.8657046724403634
GSM4138144,100,4,0.8738583695886198
GSM4138144,100,5,0.8502574886696984
GSM4138144,100,6,0.8560180726488966
GSM4138144,100,7,0.8768668272092275
GSM4138144,100,8,0.911100012516329
GSM4138144,100,9,0.8680366466531827
GSM4138146,325,0,0.8867541763510252
GSM4138146,325,1,0.8939251410012992
GSM4138146,325,2,0.8785058515464244
GSM4138146,325,3,0.884878822279636
GSM4138146,325,4,0.8859046559094823
GSM4138146,325,5,0.8905391900481247
GSM4138146,325,6,0.8953613130480816
GSM4138146,325,7,0.9012511105335955
GSM4138146,325,8,0.8905859447615199
GSM4138146,325,9,0.8893377960534452
GSM4138146,150,0,0.8821427494331774
GSM4138146,150,1,0.8720843680609289
GSM4138146,150,2,0.8850221738959381
GSM4138146,150,3,0.8956691135236108
GSM4138146,150,4,0.9032771669152615
GSM4138146,150,5,0.8960602526178167
GSM4138146,150,6,0.8941296875950573
GSM4138146,150,7,0.9146421351426381
GSM4138146,150,8,0.8798792059134489
GSM4138146,150,9,0.8936766156066891
GSM4138146,100,0,0.9175859566431825
GSM4138146,100,1,0.9381544214506459
GSM4138146,100,2,0.8975885760797552
GSM4138146,100,3,0.892112027545329
GSM4138146,100,4,0.8804294887997913
GSM4138146,100,5,0.9200112901122538
GSM4138146,100,6,0.9235840892275691
GSM4138146,100,7,0.9217864457966277
GSM4138146,100,8,0.9078798545387776
GSM4138146,100,9,0.8971449739449378
GSM4138146,75,0,0.914029954338086
GSM4138146,75,1,0.8980608765411654
GSM4138146,75,2,0.9119025241607895
GSM4138146,75,3,0.9258271975310588
GSM4138146,75,4,0.9307648567050302
GSM4138146,75,5,0.9134923833972733
GSM4138146,75,6,0.9412085012601578
GSM4138146,75,7,0.9125011661551317
GSM4138146,75,8,0.9392901584545822
GSM4138146,75,9,0.9299211720392208
GSM4138147,50,0,0.805308950771881
GSM4138147,50,1,0.7590107692436527
GSM4138147,50,2,0.7466641706194657
GSM4138147,50,3,0.7582274021455031
GSM4138147,50,4,0.7694266846318212
GSM4138147,50,5,0.7562439395019839
GSM4138147,50,6,0.7508760035754418
GSM4138147,50,7,0.762702888995988
GSM4138147,50,8,0.7634220573385804
GSM4138147,50,9,0.7431870807288424
GSM4138152,300,0,0.8490960939111851
GSM4138152,300,1,0.8666791945470043
GSM4138152,300,2,0.8674100899996894
GSM4138152,300,3,0.8569234595058935
GSM4138152,300,4,0.8490736003579711
GSM4138152,300,5,0.8576038071866168
GSM4138152,300,6,0.848143594627766
GSM4138152,300,7,0.86725344354048
GSM4138152,300,8,0.8653621739270421
GSM4138152,300,9,0.8644510070740161
GSM4138152,200,0,0.8693291667144087
GSM4138152,200,1,0.8535259769718015
GSM4138152,200,2,0.8841144690602023
GSM4138152,200,3,0.8589381624514016
GSM4138152,200,4,0.8621267170283096
GSM4138152,200,5,0.8596238826098774
GSM4138152,200,6,0.8583502694523717
GSM4138152,200,7,0.8641628248947526
GSM4138152,200,8,0.866147123936686
GSM4138152,200,9,0.8608536433668842
GSM4138152,225,0,0.8683662239313239
GSM4138152,225,1,0.8600171240735205
GSM4138152,225,2,0.8521313872184936
GSM4138152,225,3,0.8425563677643616
GSM4138152,225,4,0.8719820441740247
GSM4138152,225,5,0.875580131619677
GSM4138152,225,6,0.8663004587422174
GSM4138152,225,7,0.8676734487543759
GSM4138152,225,8,0.8747745136327584
GSM4138152,225,9,0.8567611837899941
GSM4138152,50,0,0.9162420533636176
GSM4138152,50,1,0.906509102221664
GSM4138152,50,2,0.9018195319033511
GSM4138152,50,3,0.9166621446091626
GSM4138152,50,4,0.9083270134253223
GSM4138152,50,5,0.9428780418421367
GSM4138152,50,6,0.9148364421102364
GSM4138152,50,7,0.9054206348706552
GSM4138152,50,8,0.9218786043501517
GSM4138152,50,9,0.9586844657097489
GSM4138154,175,0,0.8304885062761151
GSM4138154,175,1,0.8480548891926374
GSM4138154,175,2,0.8561329972819902
GSM4138154,175,3,0.84117599231576
GSM4138154,175,4,0.8301050545956439
GSM4138154,175,5,0.8295348613703044
GSM4138154,175,6,0.8159832256521385
GSM4138154,175,7,0.8143111181473536
GSM4138154,175,8,0.8208134140866492
GSM4138154,175,9,0.8459892263989128
GSM4138154,100,0,0.8351133372928954
GSM4138154,100,1,0.8156930322986398
GSM4138154,100,2,0.8622966257926112
GSM4138154,100,3,0.8250347120683388
GSM4138154,100,4,0.8881667275672688
GSM4138154,100,5,0.8065880509392321
GSM4138154,100,6,0.8876723156817954
GSM4138154,100,7,0.8539603291666613
GSM4138154,100,8,0.838759587705066
GSM4138154,100,9,0.8521636273228019
GSM4138155,275,0,0.6182137980115381
GSM4138155,275,1,0.6247142313192591
GSM4138155,275,2,0.6042679874042911
GSM4138155,275,3,0.6008711873202177
GSM4138155,275,4,0.5818162207290694
GSM4138155,275,5,0.6243581503801849
GSM4138155,275,6,0.6066021345391907
GSM4138155,275,7,0.6094159751849545
GSM4138155,275,8,0.5944274891187831
GSM4138155,275,9,0.592893116684594
GSM4138155,250,0,0.6123908907662482
GSM4138155,250,1,0.5868815747771288
GSM4138155,250,2,0.5964377453972225
GSM4138155,250,3,0.6209699165971958
GSM4138155,250,4,0.5937065122848199
GSM4138155,250,5,0.5789195113966391
GSM4138155,250,6,0.6100335579219552
GSM4138155,250,7,0.6127203413665641
GSM4138155,250,8,0.6191511817258182
GSM4138155,250,9,0.5909958903153523
GSM4138156,575,0,0.9002418166947952
GSM4138156,575,1,0.8994156868576186
GSM4138156,575,2,0.8905212270743091
GSM4138156,575,3,0.8878310957876441
GSM4138156,575,4,0.8902365072158761
GSM4138156,575,5,0.8992761912122083
GSM4138156,575,6,0.8848577742104916
GSM4138156,575,7,0.8887093213802799
GSM4138156,575,8,0.9012081102741163
GSM4138156,575,9,0.8980772680487121
GSM4138156,100,0,0.8882541734773286
GSM4138156,100,1,0.9089397863871418
GSM4138156,100,2,0.9226100459398985
GSM4138156,100,3,0.9012732027987833
GSM4138156,100,4,0.9210384083048448
GSM4138156,100,5,0.9191114605087766
GSM4138156,100,6,0.9134211033473512
GSM4138156,100,7,0.9119155318530396
GSM4138156,100,8,0.8962599347837932
GSM4138156,100,9,0.871608153505632
GSM4138158,175,0,0.9007466468533183
GSM4138158,175,1,0.9198650457127007
GSM4138158,175,2,0.8995210809183992
GSM4138158,175,3,0.9086129096811955
GSM4138158,175,4,0.9140164992814584
GSM4138158,175,5,0.9052875706281173
GSM4138158,175,6,0.908716001659743
GSM4138158,175,7,0.9169554105616362
GSM4138158,175,8,0.9084389654211582
GSM4138158,175,9,0.9038497206027875
GSM4138160,350,0,0.8566395250290588
GSM4138160,350,1,0.8682762089597017
GSM4138160,350,2,0.8671305905553389
GSM4138160,350,3,0.8635879826886512
GSM4138160,350,4,0.8789976601443439
GSM4138160,350,5,0.8601057555911835
GSM4138160,350,6,0.8551944155505291
GSM4138160,350,7,0.8697360699430867
GSM4138160,350,8,0.8637647616684281
GSM4138160,350,9,0.8517733287717872
GSM4138160,125,0,0.8858266974227642
GSM4138160,125,1,0.9077623311712444
GSM4138160,125,2,0.9039063800664443
GSM4138160,125,3,0.9243241274995339
GSM4138160,125,4,0.9134322865839045
GSM4138160,125,5,0.9276603963339201
GSM4138160,125,6,0.9039899390768988
GSM4138160,125,7,0.9269400873270717
GSM4138160,125,8,0.9449889986571414
GSM4138160,125,9,0.9268710646537003
GSM4138160,275,0,0.8640557802032828
GSM4138160,275,1,0.8636717576513802
GSM4138160,275,2,0.8686325152912356
GSM4138160,275,3,0.8630315339476415
GSM4138160,275,4,0.8570958759521875
GSM4138160,275,5,0.867667130464073
GSM4138160,275,6,0.8871396931099508
GSM4138160,275,7,0.8793680708928393
GSM4138160,275,8,0.8753972127536312
GSM4138160,275,9,0.8662935284320618
GSM4138160,175,0,0.893861044365201
GSM4138160,175,1,0.8857246263814516
GSM4138160,175,2,0.8936044470210373
GSM4138160,175,3,0.9061661781628666
GSM4138160,175,4,0.9125325366208297
GSM4138160,175,5,0.8826808560134216
GSM4138160,175,6,0.8694193399407507
GSM4138160,175,7,0.9088013729793487
GSM4138160,175,8,0.8976574669776284
GSM4138160,175,9,0.8832827928546505
GSM4138162,300,0,0.8858532714976961
GSM4138162,300,1,0.8874817415401189
GSM4138162,300,2,0.8945749555323874
GSM4138162,300,3,0.8929046446370006
GSM4138162,300,4,0.8865758349839561
GSM4138162,300,5,0.8866993225734285
GSM4138162,300,6,0.8927366825313808
GSM4138162,300,7,0.8872506683630491
GSM4138162,300,8,0.8873800230499646
GSM4138162,300,9,0.8869332262648224
GSM4138162,250,0,0.9018368407012122
GSM4138162,250,1,0.9107222477944164
GSM4138162,250,2,0.9027224391666501
GSM4138162,250,3,0.8832442889682971
GSM4138162,250,4,0.8982903250729042
GSM4138162,250,5,0.9025046380053442
GSM4138162,250,6,0.9096016245956422
GSM4138162,250,7,0.8743213305183537
GSM4138162,250,8,0.8843703360786332
GSM4138162,250,9,0.902350601464212
GSM4138163,275,0,0.8914016225775356
GSM4138163,275,1,0.9009590248131355
GSM4138163,275,2,0.9112464828922772
GSM4138163,275,3,0.911267294693238
GSM4138163,275,4,0.8986215480905375
GSM4138163,275,5,0.8912068648895164
GSM4138163,275,6,0.9058438536545776
GSM4138163,275,7,0.9033532858866092
GSM4138163,275,8,0.9180408234106627
GSM4138163,275,9,0.917154845675748
GSM4138163,150,0,0.9286265237982064
GSM4138163,150,1,0.9249768220309716
GSM4138163,150,2,0.9090055152711767
GSM4138163,150,3,0.9043772023484923
GSM4138163,150,4,0.9033203915645248
GSM4138163,150,5,0.9062979026124909
GSM4138163,150,6,0.9189669421580328
GSM4138163,150,7,0.9070376769944192
GSM4138163,150,8,0.9008757010957872
GSM4138163,150,9,0.91973526551977
GSM4138163,225,0,0.8973093703054725
GSM4138163,225,1,0.897904188650861
GSM4138163,225,2,0.9046471682964515
GSM4138163,225,3,0.892928317601511
GSM4138163,225,4,0.8949137353083163
GSM4138163,225,5,0.9169151881386058
GSM4138163,225,6,0.9075521657337419
GSM4138163,225,7,0.9040100692646802
GSM4138163,225,8,0.918346149290922
GSM4138163,225,9,0.9096669729455416
GSM4138163,175,0,0.9142825286887737
GSM4138163,175,1,0.9147002991180434
GSM4138163,175,2,0.8998390642696563
GSM4138163,175,3,0.9002954308874591
GSM4138163,175,4,0.9279909455609846
GSM4138163,175,5,0.9144491706758627
GSM4138163,175,6,0.9085249746604037
GSM4138163,175,7,0.9061326313180068
GSM4138163,175,8,0.9227341044986483
GSM4138163,175,9,0.9045864456651107
GSM4138165,250,0,0.8971546358755761
GSM4138165,250,1,0.8923758163579282
GSM4138165,250,2,0.9091312344292676
GSM4138165,250,3,0.9012375560218129
GSM4138165,250,4,0.8868158448990001
GSM4138165,250,5,0.8972151243377022
GSM4138165,250,6,0.9036920396571481
GSM4138165,250,7,0.8959030018819046
GSM4138165,250,8,0.9128620345605074
GSM4138165,250,9,0.9136843705257089
GSM4138165,125,0,0.8985142709801871
GSM4138165,125,1,0.9303469916455216
GSM4138165,125,2,0.9087670222066748
GSM4138165,125,3,0.9328371566183535
GSM4138165,125,4,0.9246954180733354
GSM4138165,125,5,0.8811567552860243
GSM4138165,125,6,0.9322269738162534
GSM4138165,125,7,0.9198471722350144
GSM4138165,125,8,0.8984852892828734
GSM4138165,125,9,0.9255964651930206
GSM4138165,300,0,0.9029346294260501
GSM4138165,300,1,0.8901575111830458
GSM4138165,300,2,0.8924967819557862
GSM4138165,300,3,0.8904897624281812
GSM4138165,300,4,0.8909323441096911
GSM4138165,300,5,0.8991153960736205
GSM4138165,300,6,0.8934067790472471
GSM4138165,300,7,0.8999856240973311
GSM4138165,300,8,0.8944543717442902
GSM4138165,300,9,0.8945211727728057
GSM4138165,100,0,0.903633159200155
GSM4138165,100,1,0.9028781299958084
GSM4138165,100,2,0.9267672483339475
GSM4138165,100,3,0.9182909869965667
GSM4138165,100,4,0.8844600950761978
GSM4138165,100,5,0.8949676178571254
GSM4138165,100,6,0.9153884848649261
GSM4138165,100,7,0.8879391244895144
GSM4138165,100,8,0.8868125457264495
GSM4138165,100,9,0.919100227926918
GSM4138166,350,0,0.88830580942469
GSM4138166,350,1,0.8907272723108326
GSM4138166,350,2,0.8904257255217183
GSM4138166,350,3,0.8859431413227784
GSM4138166,350,4,0.9006674145382543
GSM4138166,350,5,0.8948138208082145
GSM4138166,350,6,0.8858462394467349
GSM4138166,350,7,0.8937503847230268
GSM4138166,350,8,0.8834690176049764
GSM4138166,350,9,0.8927817573634055
GSM4138166,175,0,0.9096783902641778
GSM4138166,175,1,0.8836092733557651
GSM4138166,175,2,0.8931488135949596
GSM4138166,175,3,0.8728624319137959
GSM4138166,175,4,0.9116490715444592
GSM4138166,175,5,0.8939714203308167
GSM4138166,175,6,0.9081262739720343
GSM4138166,175,7,0.8907854442638438
GSM4138166,175,8,0.8877718817198235
GSM4138166,175,9,0.8872831576621649
GSM4138166,125,0,0.8950847729643837
GSM4138166,125,1,0.8660398842078053
GSM4138166,125,2,0.910249437507933
GSM4138166,125,3,0.9120638043580434
GSM4138166,125,4,0.8840633489062157
GSM4138166,125,5,0.883272377271999
GSM4138166,125,6,0.8822140804894241
GSM4138166,125,7,0.899676405442145
GSM4138166,125,8,0.8882432294985929
GSM4138166,125,9,0.9082647303812186
GSM4138167,200,0,0.9180485943376844
GSM4138167,200,1,0.8997303210056097
GSM4138167,200,2,0.8894342335862728
GSM4138167,200,3,0.9025342331909122
GSM4138167,200,4,0.8844602847002798
GSM4138167,200,5,0.8939755608235718
GSM4138167,200,6,0.9068231953560507
GSM4138167,200,7,0.899727721699642
GSM4138167,200,8,0.9007903372211865
GSM4138167,200,9,0.8998109422431048
GSM4138167,75,0,0.8784979480346439
GSM4138167,75,1,0.8711246661943767
GSM4138167,75,2,0.9247753157325305
GSM4138167,75,3,0.9233131667109082
GSM4138167,75,4,0.934714771704521
GSM4138167,75,5,0.9483272417789235
GSM4138167,75,6,0.9339863078540572
GSM4138167,75,7,0.8894116713085749
GSM4138167,75,8,0.8963510447179042
GSM4138167,75,9,0.9062166417368974
GSM4138110,400,0,0.9081198821715151
GSM4138110,400,1,0.9111862751253755
GSM4138110,400,2,0.9047968621809341
GSM4138110,400,3,0.907981391983946
GSM4138110,400,4,0.9073521221756478
GSM4138110,400,5,0.9067113156827157
GSM4138110,400,6,0.9035126276131709
GSM4138110,400,7,0.9137200265503985
GSM4138110,400,8,0.9057404640569859
GSM4138110,400,9,0.9059096766097685
GSM4138110,300,0,0.8958062590758372
GSM4138110,300,1,0.905619025465342
GSM4138110,300,2,0.9110069250163209
GSM4138110,300,3,0.9049213353593385
GSM4138110,300,4,0.894043238014998
GSM4138110,300,5,0.9088005569348608
GSM4138110,300,6,0.908866580334794
GSM4138110,300,7,0.906478841249462
GSM4138110,300,8,0.9091178750895667
GSM4138110,300,9,0.9067503337766042
GSM4138110,125,0,0.9421751773355939
GSM4138110,125,1,0.9421445582964176
GSM4138110,125,2,0.9323314819382954
GSM4138110,125,3,0.9468449402111186
GSM4138110,125,4,0.9217611552296385
GSM4138110,125,5,0.9351935314647739
GSM4138110,125,6,0.9356916926032618
GSM4138110,125,7,0.91927070247477
GSM4138110,125,8,0.9259185608148159
GSM4138110,125,9,0.9245286845110796
GSM4138112,150,0,0.8696703219927834
GSM4138112,150,1,0.861143614776707
GSM4138112,150,2,0.8738762676212973
GSM4138112,150,3,0.8761519492260966
GSM4138112,150,4,0.8908548262403102
GSM4138112,150,5,0.9268003302182771
GSM4138112,150,6,0.923300053897398
GSM4138112,150,7,0.886805091070422
GSM4138112,150,8,0.8706001480106936
GSM4138112,150,9,0.9055869327021379
GSM4138114,200,0,0.8878666757610862
GSM4138114,200,1,0.8734417223709598
GSM4138114,200,2,0.8780699052862425
GSM4138114,200,3,0.8900789136885838
GSM4138114,200,4,0.8717999991111126
GSM4138114,200,5,0.8783878442375367
GSM4138114,200,6,0.8886043884683119
GSM4138114,200,7,0.8777724728079174
GSM4138114,200,8,0.8718571966565832
GSM4138114,200,9,0.9012186632987218
GSM4138118,150,0,0.8783186890390728
GSM4138118,150,1,0.9140826504728428
GSM4138118,150,2,0.9073827882844696
GSM4138118,150,3,0.8981975101318912
GSM4138118,150,4,0.9336331519499758
GSM4138118,150,5,0.9040622530956527
GSM4138118,150,6,0.9220952525394461
GSM4138118,150,7,0.879385520985104
GSM4138118,150,8,0.9064281244736763
GSM4138118,150,9,0.8993984525655953
GSM4138120,50,0,0.8903355193870234
GSM4138120,50,1,0.894002387680229
GSM4138120,50,2,0.8880579542146719
GSM4138120,50,3,0.9065625113107343
GSM4138120,50,4,0.9241253782728318
GSM4138120,50,5,0.9014150188305801
GSM4138120,50,6,0.8957791283463198
GSM4138120,50,7,0.9166081734770595
GSM4138120,50,8,0.9280370099223135
GSM4138120,50,9,0.8682360732430616
GSM4138122,150,0,0.9114918708604633
GSM4138122,150,1,0.9095600258787953
GSM4138122,150,2,0.894437854259345
GSM4138122,150,3,0.8971275659573466
GSM4138122,150,4,0.8792659391080243
GSM4138122,150,5,0.8793649291618724
GSM4138122,150,6,0.9112530102128206
GSM4138122,150,7,0.8991742929521332
GSM4138122,150,8,0.9010582602103927
GSM4138122,150,9,0.880351100083322
GSM4138122,225,0,0.909176981915085
GSM4138122,225,1,0.8928617127821497
GSM4138122,225,2,0.8903103671845012
GSM4138122,225,3,0.8944607343202962
GSM4138122,225,4,0.8948683319607205
GSM4138122,225,5,0.8884143708968364
GSM4138122,225,6,0.8950416488139472
GSM4138122,225,7,0.8965418227571577
GSM4138122,225,8,0.8913458614627723
GSM4138122,225,9,0.8903351160234999
GSM4138124,125,0,0.9473422988894169
GSM4138124,125,1,0.9345461926929082
GSM4138124,125,2,0.934580601584044
GSM4138124,125,3,0.9087209091199745
GSM4138124,125,4,0.9411195369308805
GSM4138124,125,5,0.915612752406474
GSM4138124,125,6,0.897651633105976
GSM4138124,125,7,0.9121713029783128
GSM4138124,125,8,0.9050023909125533
GSM4138124,125,9,0.9018979975257965
GSM4138125,75,0,0.7853731338250031
GSM4138125,75,1,0.8004761804080072
GSM4138125,75,2,0.7750442093687475
GSM4138125,75,3,0.7763841189518396
GSM4138125,75,4,0.805058401549572
GSM4138125,75,5,0.8144868749059317
GSM4138125,75,6,0.8074394918573999
GSM4138125,75,7,0.8003795941713678
GSM4138125,75,8,0.8037613841177248
GSM4138125,75,9,0.807730926122552
GSM4138125,325,0,0.7093396844424802
GSM4138125,325,1,0.7161799629318994
GSM4138125,325,2,0.7251447457483476
GSM4138125,325,3,0.7156224186672968
GSM4138125,325,4,0.7046751705011175
GSM4138125,325,5,0.7157937754692472
GSM4138125,325,6,0.7112903744783377
GSM4138125,325,7,0.7273707437062374
GSM4138125,325,8,0.7205852007405871
GSM4138125,325,9,0.7096046358806314
GSM4138126,625,0,0.9558449970598484
GSM4138126,625,1,0.9560129594249686
GSM4138126,625,2,0.9515947658758257
GSM4138126,625,3,0.9523231200406709
GSM4138126,625,4,0.9562337188680822
GSM4138126,625,5,0.9516979677889128
GSM4138126,625,6,0.9573326170110311
GSM4138126,625,7,0.9546961042563639
GSM4138126,625,8,0.9500729742002153
GSM4138126,625,9,0.9556086302213443
GSM4138126,250,0,0.9644348466662706
GSM4138126,250,1,0.9629417182655593
GSM4138126,250,2,0.9508107265756427
GSM4138126,250,3,0.9444208797192231
GSM4138126,250,4,0.9556017511676665
GSM4138126,250,5,0.945174962376016
GSM4138126,250,6,0.9505658530512887
GSM4138126,250,7,0.9486347951877923
GSM4138126,250,8,0.9536705415265135
GSM4138126,250,9,0.9505588688242056
GSM4138128,150,0,0.8978828128099143
GSM4138128,150,1,0.9120193135383493
GSM4138128,150,2,0.9100229005505431
GSM4138128,150,3,0.9023790802935295
GSM4138128,150,4,0.8927395745431976
GSM4138128,150,5,0.9100554484096688
GSM4138128,150,6,0.8910430336084725
GSM4138128,150,7,0.8908953057671811
GSM4138128,150,8,0.8750172314291089
GSM4138128,150,9,0.8797718492039275
GSM4138128,225,0,0.8922072181881526
GSM4138128,225,1,0.8861429520677835
GSM4138128,225,2,0.8906138858571189
GSM4138128,225,3,0.9028100359453479
GSM4138128,225,4,0.8818281652702646
GSM4138128,225,5,0.8925463676793202
GSM4138128,225,6,0.8867545825841581
GSM4138128,225,7,0.9023677878556116
GSM4138128,225,8,0.8948528214216237
GSM4138128,225,9,0.8969344508651571
GSM4138130,250,0,0.9029408125965668
GSM4138130,250,1,0.9262470365357538
GSM4138130,250,2,0.8994627956570457
GSM4138130,250,3,0.911789283309903
GSM4138130,250,4,0.921140359612272
GSM4138130,250,5,0.9070034774836293
GSM4138130,250,6,0.9228387296187311
GSM4138130,250,7,0.9077805076308023
GSM4138130,250,8,0.9042379797650033
GSM4138130,250,9,0.9171327079576924
GSM4138130,225,0,0.9108471082996954
GSM4138130,225,1,0.9157465173480757
GSM4138130,225,2,0.9148418134268865
GSM4138130,225,3,0.9259648625496315
GSM4138130,225,4,0.9218835328528423
GSM4138130,225,5,0.9249187134530255
GSM4138130,225,6,0.9095892106290155
GSM4138130,225,7,0.9122611719912394
GSM4138130,225,8,0.9247683446970646
GSM4138130,225,9,0.9129701805410773
GSM4138134,525,0,0.9379583956531724
GSM4138134,525,1,0.954229851783986
GSM4138134,525,2,0.9441171404771436
GSM4138134,525,3,0.9499470439349953
GSM4138134,525,4,0.9441114234489028
GSM4138134,525,5,0.957307590892356
GSM4138134,525,6,0.9424741315531885
GSM4138134,525,7,0.9560418172768503
GSM4138134,525,8,0.9440255537344239
GSM4138134,525,9,0.9588901186712273
GSM4138135,375,0,0.682528655291817
GSM4138135,375,1,0.7079690527756155
GSM4138135,375,2,0.6735705823973918
GSM4138135,375,3,0.6862226182266618
GSM4138135,375,4,0.6892487176782096
GSM4138135,375,5,0.6826112926521297
GSM4138135,375,6,0.6730173001369781
GSM4138135,375,7,0.7169965543484756
GSM4138135,375,8,0.694444887286307
GSM4138135,375,9,0.7030169482493138
GSM4138137,300,0,0.7539747294134559
GSM4138137,300,1,0.755110321590989
GSM4138137,300,2,0.7871340687117286
GSM4138137,300,3,0.7664054541296362
GSM4138137,300,4,0.7759313218676723
GSM4138137,300,5,0.7596046898186357
GSM4138137,300,6,0.7528086857967263
GSM4138137,300,7,0.7597053581332682
GSM4138137,300,8,0.7646146314393232
GSM4138137,300,9,0.7719998034372457
GSM4138140,400,0,0.8961990232781701
GSM4138140,400,1,0.9126913153997394
GSM4138140,400,2,0.9173217020042042
GSM4138140,400,3,0.9043817613248538
GSM4138140,400,4,0.9205968775190772
GSM4138140,400,5,0.9050463369121764
GSM4138140,400,6,0.9115579482996845
GSM4138140,400,7,0.9095844167607189
GSM4138140,400,8,0.9107642623979336
GSM4138140,400,9,0.9134675562022867
GSM4138140,150,0,0.9196102018173249
GSM4138140,150,1,0.9089549861365535
GSM4138140,150,2,0.9130805420548992
GSM4138140,150,3,0.9311517432577778
GSM4138140,150,4,0.9230364572144913
GSM4138140,150,5,0.9214930537343375
GSM4138140,150,6,0.9189153947858916
GSM4138140,150,7,0.9299327672768266
GSM4138140,150,8,0.9156366164522722
GSM4138140,150,9,0.9294815206374859
GSM4138142,400,0,0.909101353136674
GSM4138142,400,1,0.915778437797042
GSM4138142,400,2,0.9154400019917461
GSM4138142,400,3,0.9201739253052077
GSM4138142,400,4,0.9108058739005408
GSM4138142,400,5,0.930797521684982
GSM4138142,400,6,0.912889223484691
GSM4138142,400,7,0.912083343458286
GSM4138142,400,8,0.927399484761199
GSM4138142,400,9,0.9192558225724424
GSM4138142,300,0,0.9197917137627855
GSM4138142,300,1,0.9147678045976537
GSM4138142,300,2,0.9236217889677968
GSM4138142,300,3,0.9127508851605873
GSM4138142,300,4,0.9174813619591404
GSM4138142,300,5,0.9033304665865031
GSM4138142,300,6,0.9142482515234511
GSM4138142,300,7,0.9224770276238046
GSM4138142,300,8,0.9204866551725257
GSM4138142,300,9,0.9168010316024766
GSM4138142,150,0,0.911595522840982
GSM4138142,150,1,0.9358625919439408
GSM4138142,150,2,0.9226873359345691
GSM4138142,150,3,0.9348799695552217
GSM4138142,150,4,0.9092960514269991
GSM4138142,150,5,0.9267477820271519
GSM4138142,150,6,0.9131418759848133
GSM4138142,150,7,0.9099059909386336
GSM4138142,150,8,0.9247839639090567
GSM4138142,150,9,0.9207639045618925
GSM4138146,275,0,0.879527312596085
GSM4138146,275,1,0.8875270752131129
GSM4138146,275,2,0.8754975277222019
GSM4138146,275,3,0.8908014647021497
GSM4138146,275,4,0.8904778601310573
GSM4138146,275,5,0.884749062009283
GSM4138146,275,6,0.8903057960872794
GSM4138146,275,7,0.8873325158781739
GSM4138146,275,8,0.8751844878171179
GSM4138146,275,9,0.8997937761765806
GSM4138148,100,0,0.863777491595526
GSM4138148,100,1,0.855347439843059
GSM4138148,100,2,0.8600600978488095
GSM4138148,100,3,0.8689986972236465
GSM4138148,100,4,0.8500524467733112
GSM4138148,100,5,0.8572840509265465
GSM4138148,100,6,0.8567268922040246
GSM4138148,100,7,0.8328577761923058
GSM4138148,100,8,0.8779431409344522
GSM4138148,100,9,0.8622491716406746
GSM4138150,100,0,0.9148447444849143
GSM4138150,100,1,0.9217214872422782
GSM4138150,100,2,0.9474722817768733
GSM4138150,100,3,0.9395367510178292
GSM4138150,100,4,0.9157875780574521
GSM4138150,100,5,0.9289270578203642
GSM4138150,100,6,0.9032509927842886
GSM4138150,100,7,0.9327290552933649
GSM4138150,100,8,0.9367321019376759
GSM4138150,100,9,0.929302385239885
GSM4138152,275,0,0.8595555451032488
GSM4138152,275,1,0.8657045748545388
GSM4138152,275,2,0.8529032894028843
GSM4138152,275,3,0.860814498683757
GSM4138152,275,4,0.8596444491778161
GSM4138152,275,5,0.8601244818958094
GSM4138152,275,6,0.85189302874002
GSM4138152,275,7,0.8648774727710216
GSM4138152,275,8,0.8523049049520219
GSM4138152,275,9,0.8652971080611217
GSM4138152,125,0,0.8854664977849953
GSM4138152,125,1,0.8775176730266155
GSM4138152,125,2,0.8701235519989431
GSM4138152,125,3,0.8806283894230271
GSM4138152,125,4,0.8746031020463174
GSM4138152,125,5,0.8810476590147794
GSM4138152,125,6,0.8608425607076857
GSM4138152,125,7,0.8710393147228068
GSM4138152,125,8,0.9017266190048131
GSM4138152,125,9,0.8945126127368146
GSM4138154,225,0,0.8257352507680261
GSM4138154,225,1,0.817162183645974
GSM4138154,225,2,0.8440777831768759
GSM4138154,225,3,0.8190605282503701
GSM4138154,225,4,0.841516724672694
GSM4138154,225,5,0.8292299442272859
GSM4138154,225,6,0.8218533852352751
GSM4138154,225,7,0.8214885426615911
GSM4138154,225,8,0.8379711819121383
GSM4138154,225,9,0.8456420962842244
GSM4138156,650,0,0.8863347044788707
GSM4138156,650,1,0.8890382403593252
GSM4138156,650,2,0.9002892948763734
GSM4138156,650,3,0.8917575741015592
GSM4138156,650,4,0.880401152096375
GSM4138156,650,5,0.8831835154486449
GSM4138156,650,6,0.8924994198342707
GSM4138156,650,7,0.8987651831728336
GSM4138156,650,8,0.8828266814687483
GSM4138156,650,9,0.8861178841340193
GSM4138156,125,0,0.8940415648338375
GSM4138156,125,1,0.9283767258315359
GSM4138156,125,2,0.9019055647950158
GSM4138156,125,3,0.9009259829595768
GSM4138156,125,4,0.9115342450464015
GSM4138156,125,5,0.9119963767205106
GSM4138156,125,6,0.8850210656280716
GSM4138156,125,7,0.9059726409100511
GSM4138156,125,8,0.8977494032149618
GSM4138156,125,9,0.9200657967537845
GSM4138156,250,0,0.8958491806366866
GSM4138156,250,1,0.9026308501230199
GSM4138156,250,2,0.8741949188334888
GSM4138156,250,3,0.8971933224352678
GSM4138156,250,4,0.8876696342397522
GSM4138156,250,5,0.8967542134817548
GSM4138156,250,6,0.8880760503892128
GSM4138156,250,7,0.8860762525890731
GSM4138156,250,8,0.900012737543891
GSM4138156,250,9,0.8929494055881294
GSM4138158,200,0,0.8995841531357056
GSM4138158,200,1,0.8977824636217979
GSM4138158,200,2,0.8904071553719267
GSM4138158,200,3,0.9016029051629356
GSM4138158,200,4,0.9002884181674016
GSM4138158,200,5,0.9028141026322054
GSM4138158,200,6,0.9158968084006781
GSM4138158,200,7,0.9009274758440489
GSM4138158,200,8,0.915977373000106
GSM4138158,200,9,0.9009236037178532
GSM4138158,125,0,0.9061281833261772
GSM4138158,125,1,0.9279171143012848
GSM4138158,125,2,0.9155378567449781
GSM4138158,125,3,0.9091422030754406
GSM4138158,125,4,0.92560730167352
GSM4138158,125,5,0.9313702278093663
GSM4138158,125,6,0.9159277736306097
GSM4138158,125,7,0.9263365985671981
GSM4138158,125,8,0.9389352021458478
GSM4138158,125,9,0.9216696062862034
GSM4138160,400,0,0.8545503010759448
GSM4138160,400,1,0.865070614910203
GSM4138160,400,2,0.8639062762402476
GSM4138160,400,3,0.8572406074051315
GSM4138160,400,4,0.8569758657321602
GSM4138160,400,5,0.8725752524572765
GSM4138160,400,6,0.8587066241277235
GSM4138160,400,7,0.8697802341542222
GSM4138160,400,8,0.8717532515204802
GSM4138160,400,9,0.8834752578760403
GSM4138160,150,0,0.8866683327416226
GSM4138160,150,1,0.8948515739496091
GSM4138160,150,2,0.8869035749429682
GSM4138160,150,3,0.899414596360188
GSM4138160,150,4,0.8990442226039222
GSM4138160,150,5,0.9315178161004918
GSM4138160,150,6,0.9350924524357056
GSM4138160,150,7,0.9112367187887377
GSM4138160,150,8,0.8859115495349758
GSM4138160,150,9,0.8938166123145043
GSM4138162,275,0,0.9008038019873569
GSM4138162,275,1,0.8980981311841035
GSM4138162,275,2,0.8947887022594108
GSM4138162,275,3,0.8952698500103187
GSM4138162,275,4,0.8901394534024015
GSM4138162,275,5,0.8955783419596228
GSM4138162,275,6,0.8817398986655046
GSM4138162,275,7,0.8953634163355358
GSM4138162,275,8,0.8960987195299679
GSM4138162,275,9,0.8940234694060682
GSM4138162,100,0,0.9087170482936244
GSM4138162,100,1,0.9007128060500422
GSM4138162,100,2,0.9071962194857175
GSM4138162,100,3,0.9260868762262022
GSM4138162,100,4,0.917612635793145
GSM4138162,100,5,0.9141770648409026
GSM4138162,100,6,0.924343230085947
GSM4138162,100,7,0.9161535238144818
GSM4138162,100,8,0.9060103433011922
GSM4138162,100,9,0.9327023254143476
GSM4138163,250,0,0.8952565248637079
GSM4138163,250,1,0.898194453375469
GSM4138163,250,2,0.8960293740629559
GSM4138163,250,3,0.9094338457312081
GSM4138163,250,4,0.909215710994521
GSM4138163,250,5,0.9121678429311129
GSM4138163,250,6,0.9082403515229166
GSM4138163,250,7,0.909985144635994
GSM4138163,250,8,0.9041117497273847
GSM4138163,250,9,0.8951739311635571
GSM4138163,50,0,0.9267339131859244
GSM4138163,50,1,0.96096778327516
GSM4138163,50,2,0.9693850971662412
GSM4138163,50,3,0.9644517232728202
GSM4138163,50,4,0.9509294439830003
GSM4138163,50,5,0.9549576585619628
GSM4138163,50,6,0.9453558280157232
GSM4138163,50,7,0.9357780113192353
GSM4138163,50,8,0.923856778032287
GSM4138163,50,9,0.9705996104752224
GSM4138165,150,0,0.8885833737420417
GSM4138165,150,1,0.9150381414566482
GSM4138165,150,2,0.8743601587612845
GSM4138165,150,3,0.8786102405817987
GSM4138165,150,4,0.9343744650356963
GSM4138165,150,5,0.8848053175671875
GSM4138165,150,6,0.9225460884626707
GSM4138165,150,7,0.8970162413098419
GSM4138165,150,8,0.8970142974821697
GSM4138165,150,9,0.9039591442380775
GSM4138166,150,0,0.8867737249072246
GSM4138166,150,1,0.889083877476254
GSM4138166,150,2,0.8847303165836089
GSM4138166,150,3,0.8653129804474873
GSM4138166,150,4,0.8881133377796973
GSM4138166,150,5,0.8723239444904585
GSM4138166,150,6,0.8881139307377998
GSM4138166,150,7,0.8784044017296146
GSM4138166,150,8,0.8558463111199429
GSM4138166,150,9,0.8851031093047096
GSM4138167,225,0,0.8961431322930158
GSM4138167,225,1,0.8882152261474097
GSM4138167,225,2,0.9020324439673649
GSM4138167,225,3,0.9188760129355149
GSM4138167,225,4,0.9007058329434695
GSM4138167,225,5,0.89288542218487
GSM4138167,225,6,0.8969804290775104
GSM4138167,225,7,0.8922802798954563
GSM4138167,225,8,0.8918920889280451
GSM4138167,225,9,0.9006585109628381
GSM4138120,500,0,0.8450991515842337
GSM4138120,500,1,0.8513130975499764
GSM4138120,500,2,0.8461167800635072
GSM4138120,500,3,0.8433650552070757
GSM4138120,500,4,0.8456673079000053
GSM4138120,500,5,0.8501512365696661
GSM4138120,500,6,0.8462242825561286
GSM4138120,500,7,0.8530249716407519
GSM4138120,500,8,0.8485386224294384
GSM4138120,500,9,0.8474533095850022
GSM4138120,275,0,0.8592831868534213
GSM4138120,275,1,0.8489501942775548
GSM4138120,275,2,0.8595830250358101
GSM4138120,275,3,0.8536883932473642
GSM4138120,275,4,0.8767557640148202
GSM4138120,275,5,0.8408442210796025
GSM4138120,275,6,0.8472327688936019
GSM4138120,275,7,0.862119039579806
GSM4138120,275,8,0.8494814035772296
GSM4138120,275,9,0.8527074503180204
GSM4138122,475,0,0.881162479674241
GSM4138122,475,1,0.8819920253013093
GSM4138122,475,2,0.8820882018075112
GSM4138122,475,3,0.8830238186424689
GSM4138122,475,4,0.8804444588276819
GSM4138122,475,5,0.882806631728145
GSM4138122,475,6,0.8839178180040226
GSM4138122,475,7,0.8853436840049015
GSM4138122,475,8,0.8839527905138598
GSM4138122,475,9,0.8843400797842701
GSM4138124,200,0,0.9142934553962693
GSM4138124,200,1,0.9094417494470601
GSM4138124,200,2,0.9082547302551854
GSM4138124,200,3,0.8964298077541577
GSM4138124,200,4,0.9134958107140492
GSM4138124,200,5,0.9295444230441646
GSM4138124,200,6,0.9107394995565417
GSM4138124,200,7,0.9263355288029237
GSM4138124,200,8,0.9053348936077107
GSM4138124,200,9,0.9005241201495524
GSM4138125,300,0,0.7060744685740499
GSM4138125,300,1,0.7133088831631704
GSM4138125,300,2,0.7060246067556115
GSM4138125,300,3,0.7184096995337804
GSM4138125,300,4,0.7015296943725631
GSM4138125,300,5,0.7297796392665459
GSM4138125,300,6,0.7191272144448575
GSM4138125,300,7,0.7148167213079318
GSM4138125,300,8,0.7001972554062329
GSM4138125,300,9,0.7114396552789295
GSM4138126,325,0,0.9580490613111463
GSM4138126,325,1,0.9552026167641013
GSM4138126,325,2,0.9537207335529293
GSM4138126,325,3,0.9522131980877413
GSM4138126,325,4,0.9521550347208947
GSM4138126,325,5,0.957179912957252
GSM4138126,325,6,0.9495984070163117
GSM4138126,325,7,0.95886220336992
GSM4138126,325,8,0.9496212810387874
GSM4138126,325,9,0.9556595201070885
GSM4138128,475,0,0.8842331557098326
GSM4138128,475,1,0.878866145177421
GSM4138128,475,2,0.8813167294818712
GSM4138128,475,3,0.8849313786355713
GSM4138128,475,4,0.885191887424708
GSM4138128,475,5,0.8864937784585412
GSM4138128,475,6,0.8835705614851991
GSM4138128,475,7,0.8819797433675967
GSM4138128,475,8,0.8843534775900321
GSM4138128,475,9,0.8862774330635901
GSM4138130,425,0,0.9015831608466716
GSM4138130,425,1,0.8977415522645832
GSM4138130,425,2,0.8987770083990281
GSM4138130,425,3,0.9011346323756964
GSM4138130,425,4,0.9049050349719547
GSM4138130,425,5,0.8938352449117337
GSM4138130,425,6,0.9026165606013262
GSM4138130,425,7,0.906813990010681
GSM4138130,425,8,0.9056342566524527
GSM4138130,425,9,0.9058442179133666
GSM4138134,750,0,0.9503687488727796
GSM4138134,750,1,0.9525435136722797
GSM4138134,750,2,0.9534460946180324
GSM4138134,750,3,0.9440354815453987
GSM4138134,750,4,0.9570191465611695
GSM4138134,750,5,0.9544017121439692
GSM4138134,750,6,0.9495489787727057
GSM4138134,750,7,0.9506825545351758
GSM4138134,750,8,0.9386006114855947
GSM4138134,750,9,0.9486530600488992
GSM4138136,400,0,0.8989137660088975
GSM4138136,400,1,0.8907417353213098
GSM4138136,400,2,0.8989696356662465
GSM4138136,400,3,0.9030809116576131
GSM4138136,400,4,0.8943404546591165
GSM4138136,400,5,0.8914734221755479
GSM4138136,400,6,0.9106965649863057
GSM4138136,400,7,0.9012915923292686
GSM4138136,400,8,0.8930159187197991
GSM4138136,400,9,0.903898960237959
GSM4138138,350,0,0.8945175222553424
GSM4138138,350,1,0.8923302134503868
GSM4138138,350,2,0.8889062861495922
GSM4138138,350,3,0.8906387430243595
GSM4138138,350,4,0.8811863766278295
GSM4138138,350,5,0.9051475153085691
GSM4138138,350,6,0.8856674784155593
GSM4138138,350,7,0.8859336691245964
GSM4138138,350,8,0.8859094703237065
GSM4138138,350,9,0.8806269371199318
GSM4138140,525,0,0.9104613573623852
GSM4138140,525,1,0.9062213887464746
GSM4138140,525,2,0.8983267702128013
GSM4138140,525,3,0.9100316157778322
GSM4138140,525,4,0.9085286074221521
GSM4138140,525,5,0.9115956077811198
GSM4138140,525,6,0.9119287023180469
GSM4138140,525,7,0.9093815457110564
GSM4138140,525,8,0.9122402493446605
GSM4138140,525,9,0.9096467208115862
GSM4138146,350,0,0.884018675322613
GSM4138146,350,1,0.8945194418340661
GSM4138146,350,2,0.8822249936333487
GSM4138146,350,3,0.8848304523305996
GSM4138146,350,4,0.8890714482679314
GSM4138146,350,5,0.8935591635765955
GSM4138146,350,6,0.8822719178850837
GSM4138146,350,7,0.8710592494510794
GSM4138146,350,8,0.9060262553806502
GSM4138146,350,9,0.8865131968000345
GSM4138152,375,0,0.8520219259412201
GSM4138152,375,1,0.8421395813909168
GSM4138152,375,2,0.8640999147358419
GSM4138152,375,3,0.8464737668460063
GSM4138152,375,4,0.8523662743472333
GSM4138152,375,5,0.855281869306828
GSM4138152,375,6,0.8677391142951668
GSM4138152,375,7,0.8557169257051869
GSM4138152,375,8,0.8537448603366321
GSM4138152,375,9,0.8552224539305167
GSM4138154,200,0,0.8322908465309413
GSM4138154,200,1,0.8281728000439463
GSM4138154,200,2,0.8382142596208407
GSM4138154,200,3,0.8553006668269305
GSM4138154,200,4,0.828556591120032
GSM4138154,200,5,0.833673502924395
GSM4138154,200,6,0.8484441114172634
GSM4138154,200,7,0.8250262821136232
GSM4138154,200,8,0.8388223767425517
GSM4138154,200,9,0.8369083104707868
GSM4138156,325,0,0.897505221360545
GSM4138156,325,1,0.8996653075383345
GSM4138156,325,2,0.8981759439911794
GSM4138156,325,3,0.889419724598284
GSM4138156,325,4,0.8786474136042642
GSM4138156,325,5,0.884888833333211
GSM4138156,325,6,0.9045278279109196
GSM4138156,325,7,0.8865405010350818
GSM4138156,325,8,0.897486863891048
GSM4138156,325,9,0.8886297028050462
GSM4138158,150,0,0.9249258715238192
GSM4138158,150,1,0.8974535949041299
GSM4138158,150,2,0.910805768584443
GSM4138158,150,3,0.9235923896376022
GSM4138158,150,4,0.9158848428256977
GSM4138158,150,5,0.9054226841092953
GSM4138158,150,6,0.9073325477882046
GSM4138158,150,7,0.9059881550855006
GSM4138158,150,8,0.8964662751712151
GSM4138158,150,9,0.9081771451755859
GSM4138160,200,0,0.8936147857366391
GSM4138160,200,1,0.8951036788815419
GSM4138160,200,2,0.8827620915955577
GSM4138160,200,3,0.8657067240748252
GSM4138160,200,4,0.8748468300435615
GSM4138160,200,5,0.8705520062862843
GSM4138160,200,6,0.8999250895473693
GSM4138160,200,7,0.8831316985418461
GSM4138160,200,8,0.8986413453373249
GSM4138160,200,9,0.881528500175179
GSM4138162,375,0,0.8899552644125073
GSM4138162,375,1,0.8877424670392986
GSM4138162,375,2,0.8841457766954397
GSM4138162,375,3,0.8878843453950304
GSM4138162,375,4,0.8818408580483891
GSM4138162,375,5,0.8757392427201262
GSM4138162,375,6,0.8853726362722172
GSM4138162,375,7,0.8962613675565884
GSM4138162,375,8,0.8776680719990139
GSM4138162,375,9,0.8916450314883474
GSM4138163,300,0,0.8945114460016669
GSM4138163,300,1,0.892750933030708
GSM4138163,300,2,0.9048538587116894
GSM4138163,300,3,0.9000136095066198
GSM4138163,300,4,0.894389617021919
GSM4138163,300,5,0.9070478141547077
GSM4138163,300,6,0.9049876678070913
GSM4138163,300,7,0.9014361411679859
GSM4138163,300,8,0.8947724880235545
GSM4138163,300,9,0.9004224044808955
GSM4138110,275,0,0.8898429549808556
GSM4138110,275,1,0.9039247638585588
GSM4138110,275,2,0.9063053847874022
GSM4138110,275,3,0.8992124606635208
GSM4138110,275,4,0.9211140007438521
GSM4138110,275,5,0.9117471999126401
GSM4138110,275,6,0.8955391353756805
GSM4138110,275,7,0.9252800370395886
GSM4138110,275,8,0.9140398858493488
GSM4138110,275,9,0.9000663544319504
GSM4138132,350,0,0.9319776593871381
GSM4138132,350,1,0.9361830789621731
GSM4138132,350,2,0.9394093560329347
GSM4138132,350,3,0.93729350423381
GSM4138132,350,4,0.9392442511673269
GSM4138132,350,5,0.9256491647720035
GSM4138132,350,6,0.9372529031350874
GSM4138132,350,7,0.9267116031891298
GSM4138132,350,8,0.930708866586567
GSM4138132,350,9,0.9329788192128243
GSM4138142,275,0,0.9105679976461306
GSM4138142,275,1,0.9151723452551106
GSM4138142,275,2,0.920981121123033
GSM4138142,275,3,0.9120718401440339
GSM4138142,275,4,0.9309321754787324
GSM4138142,275,5,0.9189030852246367
GSM4138142,275,6,0.8984015991401099
GSM4138142,275,7,0.9124379957664981
GSM4138142,275,8,0.9186109147273204
GSM4138142,275,9,0.9052012984784894
GSM4138158,100,0,0.9226930523616264
GSM4138158,100,1,0.9276046284375715
GSM4138158,100,2,0.9339223541860757
GSM4138158,100,3,0.9246358626324743
GSM4138158,100,4,0.9264075291949612
GSM4138158,100,5,0.9388595330485975
GSM4138158,100,6,0.9070815590177144
GSM4138158,100,7,0.9322349915992952
GSM4138158,100,8,0.9280120531389846
GSM4138158,100,9,0.9195936390758438
GSM4138126,650,0,0.960168861286413
GSM4138126,650,1,0.9586788325134378
GSM4138126,650,2,0.9514609255796319
GSM4138126,650,3,0.9524471852426706
GSM4138126,650,4,0.956120403633016
GSM4138126,650,5,0.9517816054819567
GSM4138126,650,6,0.9560057121672302
GSM4138126,650,7,0.9553775264353702
GSM4138126,650,8,0.9557591887811367
GSM4138126,650,9,0.9540128828964516
GSM4138126,75,0,0.9417290724291114
GSM4138126,75,1,0.9547501618198736
GSM4138126,75,2,0.9719525588946896
GSM4138126,75,3,0.9720635016590914
GSM4138126,75,4,0.9692257572826108
GSM4138126,75,5,0.9679499437854723
GSM4138126,75,6,0.9709788167893777
GSM4138126,75,7,0.9771122337392559
GSM4138126,75,8,0.9858364713465635
GSM4138126,75,9,0.9587216168979971
GSM4138111,225,0,0.7108422398599197
GSM4138111,225,1,0.660344745962383
GSM4138111,225,2,0.6853596347140181
GSM4138111,225,3,0.6516486566804727
GSM4138111,225,4,0.6669507203561602
GSM4138111,225,5,0.6757132272748427
GSM4138111,225,6,0.6590357144218153
GSM4138111,225,7,0.668701864500103
GSM4138111,225,8,0.6607425895031067
GSM4138111,225,9,0.6853102271431071
GSM4138121,125,0,0.6763911211678688
GSM4138121,125,1,0.6552662343681388
GSM4138121,125,2,0.654658500890446
GSM4138121,125,3,0.6548970120978173
GSM4138121,125,4,0.6565233869574449
GSM4138121,125,5,0.6402297346804018
GSM4138121,125,6,0.6656280913528221
GSM4138121,125,7,0.6745651466273548
GSM4138121,125,8,0.6462424762875707
GSM4138121,125,9,0.6371665832178628
GSM4138123,525,0,0.6671769053078044
GSM4138123,525,1,0.6796419551631631
GSM4138123,525,2,0.6798682425136799
GSM4138123,525,3,0.6675198622417545
GSM4138123,525,4,0.6736834697673528
GSM4138123,525,5,0.6788436542624674
GSM4138123,525,6,0.6672703827726755
GSM4138123,525,7,0.6747191441755552
GSM4138123,525,8,0.6785365675424224
GSM4138123,525,9,0.6739821188701721
GSM4138127,250,0,0.7338148999640375
GSM4138127,250,1,0.7473626915046128
GSM4138127,250,2,0.7326385841604398
GSM4138127,250,3,0.7343656322749065
GSM4138127,250,4,0.7429687199063357
GSM4138127,250,5,0.7377116374487084
GSM4138127,250,6,0.7331884505098911
GSM4138127,250,7,0.7316609366193676
GSM4138127,250,8,0.7509404293359945
GSM4138127,250,9,0.7454358338318421
GSM4138135,600,0,0.6780012157280038
GSM4138135,600,1,0.6834656401651946
GSM4138135,600,2,0.6832139805496458
GSM4138135,600,3,0.6729795060407543
GSM4138135,600,4,0.6772614999298201
GSM4138135,600,5,0.6643318556859864
GSM4138135,600,6,0.6950132053624493
GSM4138135,600,7,0.6841046282504865
GSM4138135,600,8,0.6752261837293994
GSM4138135,600,9,0.6857056066651738
GSM4138137,425,0,0.7575390147708012
GSM4138137,425,1,0.7604149270457166
GSM4138137,425,2,0.7489247294407859
GSM4138137,425,3,0.7515484910600824
GSM4138137,425,4,0.7661561766709545
GSM4138137,425,5,0.7813126695509331
GSM4138137,425,6,0.7727524618861983
GSM4138137,425,7,0.7553469209210886
GSM4138137,425,8,0.7616388722590766
GSM4138137,425,9,0.7617610726451615
GSM4138139,350,0,0.6510335430302681
GSM4138139,350,1,0.6495029066091573
GSM4138139,350,2,0.6601748648136792
GSM4138139,350,3,0.6635531949682678
GSM4138139,350,4,0.6392434835600582
GSM4138139,350,5,0.653415384232136
GSM4138139,350,6,0.6313220152851425
GSM4138139,350,7,0.6472660117851428
GSM4138139,350,8,0.6443943108584415
GSM4138139,350,9,0.6416958030672957
GSM4138141,400,0,0.7290933958843251
GSM4138141,400,1,0.7262258491507452
GSM4138141,400,2,0.7372402878493713
GSM4138141,400,3,0.7279965650374836
GSM4138141,400,4,0.7533650192181328
GSM4138141,400,5,0.7305777187176589
GSM4138141,400,6,0.7444972539569228
GSM4138141,400,7,0.6983557141276535
GSM4138141,400,8,0.7012525373706606
GSM4138141,400,9,0.7373753555572572
GSM4138142,675,0,0.908966304767397
GSM4138142,675,1,0.9082893817051334
GSM4138142,675,2,0.9084141408790917
GSM4138142,675,3,0.910153637702823
GSM4138142,675,4,0.9060463268024136
GSM4138142,675,5,0.9101121395530959
GSM4138142,675,6,0.9059801039043377
GSM4138142,675,7,0.908900715500141
GSM4138142,675,8,0.9049387152472629
GSM4138142,675,9,0.9073751582338399
GSM4138145,400,0,0.7087309548331
GSM4138145,400,1,0.6998135447099508
GSM4138145,400,2,0.7125195389672008
GSM4138145,400,3,0.7102719453340931
GSM4138145,400,4,0.6965441203679277
GSM4138145,400,5,0.7143236084424451
GSM4138145,400,6,0.699755828085288
GSM4138145,400,7,0.713714536518549
GSM4138145,400,8,0.7089580386053258
GSM4138145,400,9,0.6995335819148814
GSM4138155,450,0,0.5988084726473342
GSM4138155,450,1,0.5985319101958364
GSM4138155,450,2,0.5959665599714299
GSM4138155,450,3,0.5950128404024115
GSM4138155,450,4,0.6007615667629532
GSM4138155,450,5,0.5935183643832993
GSM4138155,450,6,0.5973164912185684
GSM4138155,450,7,0.5832529255385765
GSM4138155,450,8,0.6112249124545734
GSM4138155,450,9,0.5989928508633613
GSM4138110,75,0,0.9535818665313017
GSM4138110,75,1,0.9577795237132904
GSM4138110,75,2,0.9412987575190923
GSM4138110,75,3,0.9553617542488322
GSM4138110,75,4,0.9675771101187713
GSM4138110,75,5,0.9237961714996715
GSM4138110,75,6,0.9374869492375144
GSM4138110,75,7,0.9464061902230813
GSM4138110,75,8,0.9494643143453014
GSM4138110,75,9,0.9395394026347826
GSM4138110,100,0,0.9407098880951535
GSM4138110,100,1,0.916562089644434
GSM4138110,100,2,0.9440456148532194
GSM4138110,100,3,0.9211923338456258
GSM4138110,100,4,0.9113738489965313
GSM4138110,100,5,0.933130989382225
GSM4138110,100,6,0.9271940624653002
GSM4138110,100,7,0.9316817271392275
GSM4138110,100,8,0.9451940486359213
GSM4138110,100,9,0.9344598926078713
GSM4138112,75,0,0.8871362948852509
GSM4138112,75,1,0.9018992659644535
GSM4138112,75,2,0.9322025876794554
GSM4138112,75,3,0.9003213880342373
GSM4138112,75,4,0.9305693956562765
GSM4138112,75,5,0.9013549852276486
GSM4138112,75,6,0.886968354409744
GSM4138112,75,7,0.8794184807134062
GSM4138112,75,8,0.9167315633937415
GSM4138112,75,9,0.9258947621492578
GSM4138114,50,0,0.9045418780209376
GSM4138114,50,1,0.8856108416632653
GSM4138114,50,2,0.9440220086185902
GSM4138114,50,3,0.950966464189232
GSM4138114,50,4,0.8871735126434207
GSM4138114,50,5,0.9347195198787459
GSM4138114,50,6,0.881682846197602
GSM4138114,50,7,0.9159073012703354
GSM4138114,50,8,0.8874401235458134
GSM4138114,50,9,0.9037466812278382
GSM4138114,175,0,0.880248771267863
GSM4138114,175,1,0.8691976647275256
GSM4138114,175,2,0.8722358926125537
GSM4138114,175,3,0.8809617939936647
GSM4138114,175,4,0.8770292744192554
GSM4138114,175,5,0.8685415652110118
GSM4138114,175,6,0.8792968695413769
GSM4138114,175,7,0.8799218176609109
GSM4138114,175,8,0.8897641628225131
GSM4138114,175,9,0.8741698616007846
GSM4138116,250,0,0.9200032909710664
GSM4138116,250,1,0.9279167788727084
GSM4138116,250,2,0.9269656498162494
GSM4138116,250,3,0.9404219237700338
GSM4138116,250,4,0.9408780637761961
GSM4138116,250,5,0.9111490319278913
GSM4138116,250,6,0.9440807817819747
GSM4138116,250,7,0.9267731801792797
GSM4138116,250,8,0.9449383071267448
GSM4138116,250,9,0.9078952506418464
GSM4138116,575,0,0.9204231969980626
GSM4138116,575,1,0.916906420437447
GSM4138116,575,2,0.9215700614595111
GSM4138116,575,3,0.9157993686523785
GSM4138116,575,4,0.9243139607046387
GSM4138116,575,5,0.9164363562422095
GSM4138116,575,6,0.9242289308847449
GSM4138116,575,7,0.9220168606821832
GSM4138116,575,8,0.9179029573424514
GSM4138116,575,9,0.9274210263141088
GSM4138116,175,0,0.9505007085039081
GSM4138116,175,1,0.923951530190957
GSM4138116,175,2,0.941366956218558
GSM4138116,175,3,0.9471236317779079
GSM4138116,175,4,0.9425209378157181
GSM4138116,175,5,0.9306712795927026
GSM4138116,175,6,0.9224277184057172
GSM4138116,175,7,0.9426572071829286
GSM4138116,175,8,0.9466516413867161
GSM4138116,175,9,0.9089948648037989
GSM4138118,250,0,0.8807207577425616
GSM4138118,250,1,0.8781104665725625
GSM4138118,250,2,0.870961919053628
GSM4138118,250,3,0.8708769997821979
GSM4138118,250,4,0.8824790773052889
GSM4138118,250,5,0.8812390426435093
GSM4138118,250,6,0.866778740972899
GSM4138118,250,7,0.8742801707066574
GSM4138118,250,8,0.8694265424587732
GSM4138118,250,9,0.9016391856813633
GSM4138120,325,0,0.862358719241978
GSM4138120,325,1,0.8611863292196565
GSM4138120,325,2,0.8493742986884684
GSM4138120,325,3,0.8593867890428855
GSM4138120,325,4,0.8540333276764961
GSM4138120,325,5,0.8481623037020609
GSM4138120,325,6,0.8403687182844369
GSM4138120,325,7,0.8556728200954675
GSM4138120,325,8,0.841474535596956
GSM4138120,325,9,0.8405849766179645
GSM4138123,300,0,0.6962902446586308
GSM4138123,300,1,0.6813948982304365
GSM4138123,300,2,0.6731517542717884
GSM4138123,300,3,0.6952678979398648
GSM4138123,300,4,0.6886835018014352
GSM4138123,300,5,0.6836465951800976
GSM4138123,300,6,0.6835972060239227
GSM4138123,300,7,0.6868570619157779
GSM4138123,300,8,0.677437120777283
GSM4138123,300,9,0.6966216364787186
GSM4138126,200,0,0.9550983837056111
GSM4138126,200,1,0.9562813044601328
GSM4138126,200,2,0.9691581790066631
GSM4138126,200,3,0.9536982538172304
GSM4138126,200,4,0.9505498794105554
GSM4138126,200,5,0.9566864257874957
GSM4138126,200,6,0.9657100915596869
GSM4138126,200,7,0.9606102429458039
GSM4138126,200,8,0.9537885714572419
GSM4138126,200,9,0.9473187168347248
GSM4138126,525,0,0.9597664902461294
GSM4138126,525,1,0.9584662486877767
GSM4138126,525,2,0.9569414125881699
GSM4138126,525,3,0.9522657717157812
GSM4138126,525,4,0.9542747763006406
GSM4138126,525,5,0.9566227429913592
GSM4138126,525,6,0.9562539928655295
GSM4138126,525,7,0.9576973846856187
GSM4138126,525,8,0.9533804438609015
GSM4138126,525,9,0.9520549783982185
GSM4138130,175,0,0.9103019361499289
GSM4138130,175,1,0.9060426069872248
GSM4138130,175,2,0.9129688067541519
GSM4138130,175,3,0.9046360967010965
GSM4138130,175,4,0.9204518577575137
GSM4138130,175,5,0.9168219022464518
GSM4138130,175,6,0.9194962415882644
GSM4138130,175,7,0.932097415917637
GSM4138130,175,8,0.9117383900723943
GSM4138130,175,9,0.8900347662572253
GSM4138133,200,0,0.7830123148424771
GSM4138133,200,1,0.7797689458078506
GSM4138133,200,2,0.7748894075960813
GSM4138133,200,3,0.7603047303555691
GSM4138133,200,4,0.757591131632996
GSM4138133,200,5,0.7566446509066758
GSM4138133,200,6,0.7705027076017402
GSM4138133,200,7,0.7694441503567899
GSM4138133,200,8,0.7571459499708992
GSM4138133,200,9,0.7656420325852564
GSM4138134,250,0,0.9586150035376919
GSM4138134,250,1,0.9581617584819039
GSM4138134,250,2,0.9558959580061989
GSM4138134,250,3,0.9561804897856366
GSM4138134,250,4,0.9595976440474299
GSM4138134,250,5,0.9585432356903129
GSM4138134,250,6,0.9629022765714004
GSM4138134,250,7,0.9615823987489118
GSM4138134,250,8,0.9531161179557314
GSM4138134,250,9,0.9530661314665068
GSM4138134,450,0,0.9533286915530235
GSM4138134,450,1,0.9500047090956533
GSM4138134,450,2,0.9489631734931042
GSM4138134,450,3,0.93774551015813
GSM4138134,450,4,0.9504404069660013
GSM4138134,450,5,0.9532250205284077
GSM4138134,450,6,0.9512248818640041
GSM4138134,450,7,0.9545989553261023
GSM4138134,450,8,0.9429903802465195
GSM4138134,450,9,0.9561813504908608
GSM4138134,575,0,0.9609171552459372
GSM4138134,575,1,0.9507452162418909
GSM4138134,575,2,0.9492715860196735
GSM4138134,575,3,0.9461710766610406
GSM4138134,575,4,0.9534806325018668
GSM4138134,575,5,0.9498519216209323
GSM4138134,575,6,0.9403034697214089
GSM4138134,575,7,0.9450428502804399
GSM4138134,575,8,0.9552548988011043
GSM4138134,575,9,0.9489826465591159
GSM4138136,325,0,0.902719375261622
GSM4138136,325,1,0.9048299183906471
GSM4138136,325,2,0.8968860706517844
GSM4138136,325,3,0.9005234956781545
GSM4138136,325,4,0.9059220160691767
GSM4138136,325,5,0.9092927614497698
GSM4138136,325,6,0.8914714419499398
GSM4138136,325,7,0.8928187875541774
GSM4138136,325,8,0.8988821793485319
GSM4138136,325,9,0.893974706499776
GSM4138136,275,0,0.8920381466628079
GSM4138136,275,1,0.9055268844712175
GSM4138136,275,2,0.8937133530750659
GSM4138136,275,3,0.9001821690186199
GSM4138136,275,4,0.8901870896519938
GSM4138136,275,5,0.924245166095057
GSM4138136,275,6,0.889505571686167
GSM4138136,275,7,0.8990127574843669
GSM4138136,275,8,0.9020893161001984
GSM4138136,275,9,0.9066559498352216
GSM4138136,125,0,0.8966596194870402
GSM4138136,125,1,0.9241119484265663
GSM4138136,125,2,0.925428866605334
GSM4138136,125,3,0.9007483012271184
GSM4138136,125,4,0.9072025036929311
GSM4138136,125,5,0.9469958684999531
GSM4138136,125,6,0.9385705108344071
GSM4138136,125,7,0.9375659118763104
GSM4138136,125,8,0.9286043099252596
GSM4138136,125,9,0.8980975759900363
GSM4138138,100,0,0.9437830679500461
GSM4138138,100,1,0.9280831213947444
GSM4138138,100,2,0.9249440130784714
GSM4138138,100,3,0.8998522712854937
GSM4138138,100,4,0.9362034276886491
GSM4138138,100,5,0.9177446349318921
GSM4138138,100,6,0.9470771673994782
GSM4138138,100,7,0.8937233945609021
GSM4138138,100,8,0.9113682292227163
GSM4138138,100,9,0.9244488129806157
GSM4138138,275,0,0.8820540184129642
GSM4138138,275,1,0.8778075934685386
GSM4138138,275,2,0.8897970343491814
GSM4138138,275,3,0.900242404156611
GSM4138138,275,4,0.8948825317801381
GSM4138138,275,5,0.8975412665108663
GSM4138138,275,6,0.891093465795698
GSM4138138,275,7,0.8942459610373681
GSM4138138,275,8,0.886216071936659
GSM4138138,275,9,0.8900433065729157
GSM4138138,250,0,0.8891124452138242
GSM4138138,250,1,0.8843410918282053
GSM4138138,250,2,0.8692421013207343
GSM4138138,250,3,0.9043538118794046
GSM4138138,250,4,0.886088212545216
GSM4138138,250,5,0.9049979050708197
GSM4138138,250,6,0.9083343445306576
GSM4138138,250,7,0.8945131226336758
GSM4138138,250,8,0.9058391888183893
GSM4138138,250,9,0.8955367848873601
GSM4138139,250,0,0.6609584260402177
GSM4138139,250,1,0.663639336687174
GSM4138139,250,2,0.6947703384657631
GSM4138139,250,3,0.6830403861873149
GSM4138139,250,4,0.6547338384153734
GSM4138139,250,5,0.6423536321963474
GSM4138139,250,6,0.684674163487389
GSM4138139,250,7,0.7050951392370713
GSM4138139,250,8,0.6639111568511187
GSM4138139,250,9,0.64166219811679
GSM4138140,75,0,0.93583291195381
GSM4138140,75,1,0.9511849912397822
GSM4138140,75,2,0.9498753523790078
GSM4138140,75,3,0.9159419426775168
GSM4138140,75,4,0.9228031133383043
GSM4138140,75,5,0.9749097803484156
GSM4138140,75,6,0.9467105576964141
GSM4138140,75,7,0.9503993977701456
GSM4138140,75,8,0.9502147033601898
GSM4138140,75,9,0.9754141809914196
GSM4138140,250,0,0.9317804147015509
GSM4138140,250,1,0.9279550207922175
GSM4138140,250,2,0.8955383374361323
GSM4138140,250,3,0.9218271025491785
GSM4138140,250,4,0.9325464697744845
GSM4138140,250,5,0.9261715649930854
GSM4138140,250,6,0.9209546567719857
GSM4138140,250,7,0.9117960572758833
GSM4138140,250,8,0.9195991389548743
GSM4138140,250,9,0.905320445741837
GSM4138144,200,0,0.8506495593308787
GSM4138144,200,1,0.8529051917749961
GSM4138144,200,2,0.8469508778261341
GSM4138144,200,3,0.8734882912333536
GSM4138144,200,4,0.8668488691570854
GSM4138144,200,5,0.8489240717366137
GSM4138144,200,6,0.8477816596627399
GSM4138144,200,7,0.8601763550625009
GSM4138144,200,8,0.8502703114931459
GSM4138144,200,9,0.8607734348983886
GSM4138144,50,0,0.8975439760538528
GSM4138144,50,1,0.8821322111695887
GSM4138144,50,2,0.8798085935693749
GSM4138144,50,3,0.9338151626232813
GSM4138144,50,4,0.8533930783562212
GSM4138144,50,5,0.9072431726386254
GSM4138144,50,6,0.8976221384534628
GSM4138144,50,7,0.8812826227429719
GSM4138144,50,8,0.8787679375394816
GSM4138144,50,9,0.9074183283655883
GSM4138145,375,0,0.7139495441366004
GSM4138145,375,1,0.7089685605803799
GSM4138145,375,2,0.6979265259396548
GSM4138145,375,3,0.7174846667799527
GSM4138145,375,4,0.6914703503822013
GSM4138145,375,5,0.7053531244501907
GSM4138145,375,6,0.7123022629893063
GSM4138145,375,7,0.7023265920949688
GSM4138145,375,8,0.7088253695627464
GSM4138145,375,9,0.7190520261808985
GSM4138145,125,0,0.7369671913472982
GSM4138145,125,1,0.7306204560252259
GSM4138145,125,2,0.7458130852126674
GSM4138145,125,3,0.7637535561511759
GSM4138145,125,4,0.7833625723867912
GSM4138145,125,5,0.7815365420867475
GSM4138145,125,6,0.7592692049864134
GSM4138145,125,7,0.748319224184403
GSM4138145,125,8,0.7744599048507795
GSM4138145,125,9,0.7839312632882789
GSM4138146,250,0,0.8799648359961002
GSM4138146,250,1,0.8880698734614789
GSM4138146,250,2,0.8951320097622121
GSM4138146,250,3,0.8782181287268017
GSM4138146,250,4,0.8828192805861172
GSM4138146,250,5,0.8716921005485428
GSM4138146,250,6,0.8851742645425963
GSM4138146,250,7,0.8910280080635562
GSM4138146,250,8,0.8690493710465239
GSM4138146,250,9,0.8823188142532945
GSM4138146,200,0,0.8990150469908803
GSM4138146,200,1,0.8892029405569878
GSM4138146,200,2,0.8842780170969479
GSM4138146,200,3,0.877213047585202
GSM4138146,200,4,0.8812072622545607
GSM4138146,200,5,0.8818013821216175
GSM4138146,200,6,0.8952396348895786
GSM4138146,200,7,0.8952332145438915
GSM4138146,200,8,0.8920622874663552
GSM4138146,200,9,0.8959698099542738
GSM4138146,125,0,0.8914327281852924
GSM4138146,125,1,0.9017000157165116
GSM4138146,125,2,0.9006810352512108
GSM4138146,125,3,0.8803934926122469
GSM4138146,125,4,0.890737438961874
GSM4138146,125,5,0.8884916776529093
GSM4138146,125,6,0.9106706798076918
GSM4138146,125,7,0.9314027121167847
GSM4138146,125,8,0.8833064357981435
GSM4138146,125,9,0.9005724134192119
GSM4138152,100,0,0.8919523882875191
GSM4138152,100,1,0.8683483908466739
GSM4138152,100,2,0.9010649244074809
GSM4138152,100,3,0.9117932372339899
GSM4138152,100,4,0.867227819486319
GSM4138152,100,5,0.9012890490326995
GSM4138152,100,6,0.8795563896583392
GSM4138152,100,7,0.849548809612264
GSM4138152,100,8,0.918150734531324
GSM4138152,100,9,0.9104162941186775
GSM4138154,275,0,0.8222157219834423
GSM4138154,275,1,0.8301129220285006
GSM4138154,275,2,0.824994247185841
GSM4138154,275,3,0.8194861047107548
GSM4138154,275,4,0.8382013887721753
GSM4138154,275,5,0.8284396567601235
GSM4138154,275,6,0.842360851477688
GSM4138154,275,7,0.8294109514165035
GSM4138154,275,8,0.8231511416538462
GSM4138154,275,9,0.83632559838619
GSM4138156,450,0,0.8974838506458375
GSM4138156,450,1,0.9033446228810108
GSM4138156,450,2,0.8835772231616656
GSM4138156,450,3,0.8914737413624149
GSM4138156,450,4,0.8893813583476382
GSM4138156,450,5,0.9016608662471557
GSM4138156,450,6,0.8811616613534672
GSM4138156,450,7,0.8872500666551253
GSM4138156,450,8,0.8951191773472427
GSM4138156,450,9,0.8797688219692124
GSM4138156,475,0,0.9022165172436998
GSM4138156,475,1,0.8877430190189748
GSM4138156,475,2,0.8879111377202727
GSM4138156,475,3,0.8852772032489699
GSM4138156,475,4,0.8894036442543983
GSM4138156,475,5,0.8827283569534722
GSM4138156,475,6,0.9001039187977747
GSM4138156,475,7,0.8911519738006536
GSM4138156,475,8,0.8894987920657942
GSM4138156,475,9,0.8835248342249451
GSM4138160,325,0,0.86736028175923
GSM4138160,325,1,0.880247258462217
GSM4138160,325,2,0.8760547912217046
GSM4138160,325,3,0.8693725758743422
GSM4138160,325,4,0.8716512967996247
GSM4138160,325,5,0.8851449243534733
GSM4138160,325,6,0.8791518813840167
GSM4138160,325,7,0.8757153067351089
GSM4138160,325,8,0.8800514581092111
GSM4138160,325,9,0.8793766415046224
GSM4138162,75,0,0.9101772747841711
GSM4138162,75,1,0.9178962771733494
GSM4138162,75,2,0.921011489221437
GSM4138162,75,3,0.9315407980528573
GSM4138162,75,4,0.90281062750823
GSM4138162,75,5,0.9195033185876704
GSM4138162,75,6,0.9084939813489301
GSM4138162,75,7,0.9260054769959081
GSM4138162,75,8,0.9202974082806398
GSM4138162,75,9,0.899744933933888
GSM4138162,125,0,0.9087604175632601
GSM4138162,125,1,0.9288978360265949
GSM4138162,125,2,0.8990159545252758
GSM4138162,125,3,0.9091949586383271
GSM4138162,125,4,0.8954050556779861
GSM4138162,125,5,0.9252966256802031
GSM4138162,125,6,0.907455299961121
GSM4138162,125,7,0.9028456300501059
GSM4138162,125,8,0.8958517853576714
GSM4138162,125,9,0.9010663571267815
GSM4138163,325,0,0.9128389265803838
GSM4138163,325,1,0.8952780296898856
GSM4138163,325,2,0.8889349508997147
GSM4138163,325,3,0.9020865176225404
GSM4138163,325,4,0.8898110488270268
GSM4138163,325,5,0.9036910192280277
GSM4138163,325,6,0.9060708867329618
GSM4138163,325,7,0.8909730574539676
GSM4138163,325,8,0.8958391218455163
GSM4138163,325,9,0.9026928205037986
GSM4138165,75,0,0.8867370776714283
GSM4138165,75,1,0.905376996909397
GSM4138165,75,2,0.9550429852176141
GSM4138165,75,3,0.9224578684475919
GSM4138165,75,4,0.9214410426682095
GSM4138165,75,5,0.9029991138715858
GSM4138165,75,6,0.8787769281345553
GSM4138165,75,7,0.9105187328429717
GSM4138165,75,8,0.9251466403902894
GSM4138165,75,9,0.9186738376379884
GSM4138116,525,0,0.9240179859245279
GSM4138116,525,1,0.9271215005439335
GSM4138116,525,2,0.9141347370496508
GSM4138116,525,3,0.9229393718647072
GSM4138116,525,4,0.9181717324044637
GSM4138116,525,5,0.9134785213920078
GSM4138116,525,6,0.915863213704978
GSM4138116,525,7,0.9249565002118763
GSM4138116,525,8,0.9366185169816822
GSM4138116,525,9,0.9173916754015558
GSM4138117,250,0,0.7203854297337595
GSM4138117,250,1,0.7162358069894504
GSM4138117,250,2,0.7120275141007024
GSM4138117,250,3,0.7131064030991974
GSM4138117,250,4,0.7091381849649679
GSM4138117,250,5,0.70642493500323
GSM4138117,250,6,0.71598258142185
GSM4138117,250,7,0.7176669668826563
GSM4138117,250,8,0.7041586728356979
GSM4138117,250,9,0.7114508598607906
GSM4138118,75,0,0.8945012223010314
GSM4138118,75,1,0.923133802649461
GSM4138118,75,2,0.9403773339648261
GSM4138118,75,3,0.899954131277775
GSM4138118,75,4,0.9010505417381821
GSM4138118,75,5,0.9117935195892254
GSM4138118,75,6,0.8793289352889598
GSM4138118,75,7,0.8998894660572753
GSM4138118,75,8,0.93075893351754
GSM4138118,75,9,0.9342523534909484
GSM4138118,200,0,0.8903481225200502
GSM4138118,200,1,0.9094307486619624
GSM4138118,200,2,0.8915049122681156
GSM4138118,200,3,0.8956736167177607
GSM4138118,200,4,0.8786776155078484
GSM4138118,200,5,0.8737846137830347
GSM4138118,200,6,0.9011921600446943
GSM4138118,200,7,0.916042341465332
GSM4138118,200,8,0.9097225186612785
GSM4138118,200,9,0.8814713860159042
GSM4138120,150,0,0.8633068435602177
GSM4138120,150,1,0.8697315649337772
GSM4138120,150,2,0.8820705118110473
GSM4138120,150,3,0.8658138311271178
GSM4138120,150,4,0.8379791902124873
GSM4138120,150,5,0.8346418039710671
GSM4138120,150,6,0.8547022480759784
GSM4138120,150,7,0.8353540888764057
GSM4138120,150,8,0.851355756673994
GSM4138120,150,9,0.8797777728955509
GSM4138120,375,0,0.8541040347275106
GSM4138120,375,1,0.8522755171487798
GSM4138120,375,2,0.8572902626784377
GSM4138120,375,3,0.8660022948161857
GSM4138120,375,4,0.8531267903256474
GSM4138120,375,5,0.8609711492385278
GSM4138120,375,6,0.8469322030336001
GSM4138120,375,7,0.8423466496225993
GSM4138120,375,8,0.8559029469488315
GSM4138120,375,9,0.8459797447210331
GSM4138122,200,0,0.879983947590097
GSM4138122,200,1,0.9068915672008296
GSM4138122,200,2,0.8863395682549667
GSM4138122,200,3,0.8885144268735347
GSM4138122,200,4,0.8989833207675058
GSM4138122,200,5,0.8990481127096179
GSM4138122,200,6,0.8741530048888215
GSM4138122,200,7,0.9096796927549992
GSM4138122,200,8,0.8954626087656667
GSM4138122,200,9,0.892530801015942
GSM4138126,550,0,0.9538878672850825
GSM4138126,550,1,0.9554359400055381
GSM4138126,550,2,0.9579367851825228
GSM4138126,550,3,0.9524711566675412
GSM4138126,550,4,0.9548675321402562
GSM4138126,550,5,0.9545806320016463
GSM4138126,550,6,0.9570216331881981
GSM4138126,550,7,0.951645814279717
GSM4138126,550,8,0.9567987805624532
GSM4138126,550,9,0.9592711944796644
GSM4138126,175,0,0.9474360206347946
GSM4138126,175,1,0.9436484945648737
GSM4138126,175,2,0.9638867072500658
GSM4138126,175,3,0.953524982062958
GSM4138126,175,4,0.9639231431515505
GSM4138126,175,5,0.9547072011702895
GSM4138126,175,6,0.9549919916700752
GSM4138126,175,7,0.9459018016171061
GSM4138126,175,8,0.958571120019366
GSM4138126,175,9,0.9500107692170051
GSM4138127,275,0,0.7079284987854569
GSM4138127,275,1,0.7273326459709644
GSM4138127,275,2,0.7186830055104723
GSM4138127,275,3,0.7347310943376335
GSM4138127,275,4,0.7502632923188886
GSM4138127,275,5,0.7299467742200474
GSM4138127,275,6,0.7316192942277598
GSM4138127,275,7,0.7339788637219311
GSM4138127,275,8,0.7256798789681025
GSM4138127,275,9,0.7094212063923387
GSM4138128,200,0,0.8841571637595951
GSM4138128,200,1,0.8933695624697978
GSM4138128,200,2,0.8910743525798464
GSM4138128,200,3,0.8863182189817335
GSM4138128,200,4,0.8906544931247213
GSM4138128,200,5,0.888416440868394
GSM4138128,200,6,0.8853746087644235
GSM4138128,200,7,0.8978063057772463
GSM4138128,200,8,0.9015807747560489
GSM4138128,200,9,0.8868978881840408
GSM4138130,350,0,0.9112129098598759
GSM4138130,350,1,0.9012553717256931
GSM4138130,350,2,0.9153392954293109
GSM4138130,350,3,0.9225905977077381
GSM4138130,350,4,0.9114341189447164
GSM4138130,350,5,0.8994544020316801
GSM4138130,350,6,0.9015093708840378
GSM4138130,350,7,0.9006266153782092
GSM4138130,350,8,0.9086954972016121
GSM4138130,350,9,0.91264517181304
GSM4138130,150,0,0.9248185272470248
GSM4138130,150,1,0.9219689496674417
GSM4138130,150,2,0.9280878100432266
GSM4138130,150,3,0.9148357573765026
GSM4138130,150,4,0.9293423559750913
GSM4138130,150,5,0.9260066261620485
GSM4138130,150,6,0.9258740167799621
GSM4138130,150,7,0.9191912885821436
GSM4138130,150,8,0.9225385504780941
GSM4138130,150,9,0.9228720092972333
GSM4138131,375,0,0.7128284954440685
GSM4138131,375,1,0.7049048041782644
GSM4138131,375,2,0.6959391945311706
GSM4138131,375,3,0.6940654154017007
GSM4138131,375,4,0.7022087479904353
GSM4138131,375,5,0.6989821385590692
GSM4138131,375,6,0.6977430971161984
GSM4138131,375,7,0.7101819718833633
GSM4138131,375,8,0.6928667949476921
GSM4138131,375,9,0.7003382638866724
GSM4138132,125,0,0.9626793716041139
GSM4138132,125,1,0.9722774364492172
GSM4138132,125,2,0.9690071388614406
GSM4138132,125,3,0.9529126974970797
GSM4138132,125,4,0.9328186617974232
GSM4138132,125,5,0.9303348877726526
GSM4138132,125,6,0.965007571716339
GSM4138132,125,7,0.934333584387066
GSM4138132,125,8,0.9583959726758665
GSM4138132,125,9,0.9644037145975541
GSM4138134,325,0,0.9558173495814941
GSM4138134,325,1,0.9540400868045155
GSM4138134,325,2,0.9498382840360856
GSM4138134,325,3,0.9495188815563866
GSM4138134,325,4,0.9436692980131184
GSM4138134,325,5,0.9570696658049438
GSM4138134,325,6,0.9617829037695254
GSM4138134,325,7,0.9571813143264705
GSM4138134,325,8,0.9437701459556639
GSM4138134,325,9,0.9495395867168201
GSM4138134,550,0,0.9522969440975231
GSM4138134,550,1,0.9575836917851523
GSM4138134,550,2,0.948585298519918
GSM4138134,550,3,0.9501470994347037
GSM4138134,550,4,0.9530463039629845
GSM4138134,550,5,0.9351155322841547
GSM4138134,550,6,0.9417367476496756
GSM4138134,550,7,0.9427727065464956
GSM4138134,550,8,0.946368209949025
GSM4138134,550,9,0.9494751104953785
GSM4138136,175,0,0.895799638507278
GSM4138136,175,1,0.9076684679931739
GSM4138136,175,2,0.9132849086295509
GSM4138136,175,3,0.9093114035957924
GSM4138136,175,4,0.8952463829345375
GSM4138136,175,5,0.9192777608944578
GSM4138136,175,6,0.912041570637107
GSM4138136,175,7,0.9027697213835708
GSM4138136,175,8,0.9094471573481886
GSM4138136,175,9,0.9114924045501164
GSM4138137,475,0,0.7548734680230456
GSM4138137,475,1,0.7635687823198163
GSM4138137,475,2,0.7547571971899107
GSM4138137,475,3,0.7588640502491032
GSM4138137,475,4,0.7507301444640816
GSM4138137,475,5,0.7731729469454077
GSM4138137,475,6,0.7678485399192486
GSM4138137,475,7,0.7637259539190699
GSM4138137,475,8,0.7550819554670648
GSM4138137,475,9,0.7573668976004524
GSM4138140,325,0,0.9168201941504636
GSM4138140,325,1,0.9194283439424144
GSM4138140,325,2,0.9121798915170883
GSM4138140,325,3,0.9079176808693351
GSM4138140,325,4,0.9059433446351874
GSM4138140,325,5,0.9094751982323087
GSM4138140,325,6,0.9259181376650866
GSM4138140,325,7,0.9054316867694232
GSM4138140,325,8,0.9024677820493899
GSM4138140,325,9,0.9079544476025297
GSM4138152,250,0,0.8616043936707898
GSM4138152,250,1,0.8592882853165942
GSM4138152,250,2,0.8582008911491836
GSM4138152,250,3,0.8607998486123745
GSM4138152,250,4,0.857237324292196
GSM4138152,250,5,0.8483920546022823
GSM4138152,250,6,0.8570090175039463
GSM4138152,250,7,0.8685178745344175
GSM4138152,250,8,0.8670462864926557
GSM4138152,250,9,0.8614155132005303
GSM4138154,150,0,0.8257078645571241
GSM4138154,150,1,0.846174587163751
GSM4138154,150,2,0.8429474034921269
GSM4138154,150,3,0.8495769920430207
GSM4138154,150,4,0.8165356572746104
GSM4138154,150,5,0.8445025371808137
GSM4138154,150,6,0.8288937268305672
GSM4138154,150,7,0.8321649561697009
GSM4138154,150,8,0.8216348655529384
GSM4138154,150,9,0.8497765320845116
GSM4138156,350,0,0.8869961328070288
GSM4138156,350,1,0.8860720902270092
GSM4138156,350,2,0.8860226773532459
GSM4138156,350,3,0.8906931357624536
GSM4138156,350,4,0.8968135970622622
GSM4138156,350,5,0.8910496706449991
GSM4138156,350,6,0.8793392430882554
GSM4138156,350,7,0.904982301752953
GSM4138156,350,8,0.8875367933197386
GSM4138156,350,9,0.8826016844017304
GSM4138156,150,0,0.8910800637113427
GSM4138156,150,1,0.8897845921297722
GSM4138156,150,2,0.9049638501409992
GSM4138156,150,3,0.8829902235569156
GSM4138156,150,4,0.8988558637247654
GSM4138156,150,5,0.9101263039175534
GSM4138156,150,6,0.8942421375029018
GSM4138156,150,7,0.9021444201487312
GSM4138156,150,8,0.9075794782873283
GSM4138156,150,9,0.9114431145973931
GSM4138160,300,0,0.874171604494593
GSM4138160,300,1,0.8726686928262025
GSM4138160,300,2,0.8734917186044276
GSM4138160,300,3,0.8660956162609128
GSM4138160,300,4,0.8620737615594931
GSM4138160,300,5,0.8854129008950278
GSM4138160,300,6,0.8907282968048587
GSM4138160,300,7,0.8756985351250631
GSM4138160,300,8,0.8699701423648463
GSM4138160,300,9,0.8732299821394112
GSM4138161,275,0,0.6813061355411856
GSM4138161,275,1,0.6874976658465801
GSM4138161,275,2,0.6987426867477469
GSM4138161,275,3,0.6796853561672416
GSM4138161,275,4,0.6842174011398765
GSM4138161,275,5,0.6836530784485215
GSM4138161,275,6,0.6773160736686262
GSM4138161,275,7,0.6794697597756836
GSM4138161,275,8,0.6722282872785266
GSM4138161,275,9,0.6936333485842746
GSM4138167,100,0,0.8899789806300755
GSM4138167,100,1,0.932548619723491
GSM4138167,100,2,0.8943461860669262
GSM4138167,100,3,0.9400691242074778
GSM4138167,100,4,0.9351782863446272
GSM4138167,100,5,0.8902319840221045
GSM4138167,100,6,0.9307196555189579
GSM4138167,100,7,0.8921984345835554
GSM4138167,100,8,0.9083962418846536
GSM4138167,100,9,0.9497096198766779
GSM4138111,250,0,0.670543260599848
GSM4138111,250,1,0.6640306973572757
GSM4138111,250,2,0.6626806125636986
GSM4138111,250,3,0.674668600818792
GSM4138111,250,4,0.6324373849998387
GSM4138111,250,5,0.6715097912237147
GSM4138111,250,6,0.6617127111114285
GSM4138111,250,7,0.697914067812236
GSM4138111,250,8,0.6802938013072887
GSM4138111,250,9,0.685251106363232
GSM4138116,475,0,0.9275402167160594
GSM4138116,475,1,0.919054972730672
GSM4138116,475,2,0.9241182898303134
GSM4138116,475,3,0.9289837439841961
GSM4138116,475,4,0.9224099824190145
GSM4138116,475,5,0.9190323394668987
GSM4138116,475,6,0.9184072887985542
GSM4138116,475,7,0.930182418157463
GSM4138116,475,8,0.9269142213667926
GSM4138116,475,9,0.9206546869045504
GSM4138116,125,0,0.9295731123053534
GSM4138116,125,1,0.9518282134323178
GSM4138116,125,2,0.9320619762791524
GSM4138116,125,3,0.9387314707847884
GSM4138116,125,4,0.931743597032167
GSM4138116,125,5,0.927185921261018
GSM4138116,125,6,0.9207826607820822
GSM4138116,125,7,0.9409851177216668
GSM4138116,125,8,0.9498052841151905
GSM4138116,125,9,0.9609475637084526
GSM4138120,550,0,0.8402341084171124
GSM4138120,550,1,0.8450121193927375
GSM4138120,550,2,0.8409299136176044
GSM4138120,550,3,0.8438642219868189
GSM4138120,550,4,0.8466215635247724
GSM4138120,550,5,0.8526483071494633
GSM4138120,550,6,0.8447277108845315
GSM4138120,550,7,0.8445171027031543
GSM4138120,550,8,0.8425582243369003
GSM4138120,550,9,0.8448629869106422
GSM4138123,500,0,0.6851502473861689
GSM4138123,500,1,0.6824881527725324
GSM4138123,500,2,0.6730035605712811
GSM4138123,500,3,0.6769780803118192
GSM4138123,500,4,0.6902829284245547
GSM4138123,500,5,0.6766637614902553
GSM4138123,500,6,0.6848589353888435
GSM4138123,500,7,0.6738579245587791
GSM4138123,500,8,0.6864699057294306
GSM4138123,500,9,0.6733945251647178
GSM4138124,50,0,0.9455039958470676
GSM4138124,50,1,0.9409607837956973
GSM4138124,50,2,0.9272518296412638
GSM4138124,50,3,0.9640048733659122
GSM4138124,50,4,0.9925761870729133
GSM4138124,50,5,0.9527411090364379
GSM4138124,50,6,0.95140229232853
GSM4138124,50,7,0.9822360807357391
GSM4138124,50,8,0.9168469456906188
GSM4138124,50,9,0.9109661278875152
GSM4138126,300,0,0.9562511710869315
GSM4138126,300,1,0.9645136426690427
GSM4138126,300,2,0.9548022770857781
GSM4138126,300,3,0.9565482540174647
GSM4138126,300,4,0.9537451195783023
GSM4138126,300,5,0.9673356636328408
GSM4138126,300,6,0.9498677340727231
GSM4138126,300,7,0.9582699838065495
GSM4138126,300,8,0.9583550547288551
GSM4138126,300,9,0.9616188621031309
GSM4138131,525,0,0.6986312417953935
GSM4138131,525,1,0.6950190256051596
GSM4138131,525,2,0.6993338329985681
GSM4138131,525,3,0.7056661995588507
GSM4138131,525,4,0.6865307185487006
GSM4138131,525,5,0.6891288280856784
GSM4138131,525,6,0.690001836098153
GSM4138131,525,7,0.6948818918905841
GSM4138131,525,8,0.7064086143775921
GSM4138131,525,9,0.6844199127314411
GSM4138132,275,0,0.9306784224466461
GSM4138132,275,1,0.9356198454991319
GSM4138132,275,2,0.941039156420676
GSM4138132,275,3,0.9335608327084282
GSM4138132,275,4,0.9414705302972826
GSM4138132,275,5,0.9448826045778882
GSM4138132,275,6,0.941195617120827
GSM4138132,275,7,0.9362730435353256
GSM4138132,275,8,0.9373190528019782
GSM4138132,275,9,0.9330549291267289
GSM4138133,225,0,0.7606727505743627
GSM4138133,225,1,0.7545341238345498
GSM4138133,225,2,0.7639967758301895
GSM4138133,225,3,0.7508370193798299
GSM4138133,225,4,0.7530095878575788
GSM4138133,225,5,0.7662480310759823
GSM4138133,225,6,0.7679990312400018
GSM4138133,225,7,0.7499482759649023
GSM4138133,225,8,0.7664919805407329
GSM4138133,225,9,0.7520795255359158
GSM4138134,425,0,0.9505234294086603
GSM4138134,425,1,0.9557622191213667
GSM4138134,425,2,0.9533803304779025
GSM4138134,425,3,0.9551043458834739
GSM4138134,425,4,0.957545154713048
GSM4138134,425,5,0.9609704600235504
GSM4138134,425,6,0.9616946170654717
GSM4138134,425,7,0.9552862147475056
GSM4138134,425,8,0.9490857264066747
GSM4138134,425,9,0.9460133036052026
GSM4138136,450,0,0.8946537518884871
GSM4138136,450,1,0.8918179676906635
GSM4138136,450,2,0.8971506037953154
GSM4138136,450,3,0.9052203211117943
GSM4138136,450,4,0.9026071286991805
GSM4138136,450,5,0.904437187768974
GSM4138136,450,6,0.893973207044446
GSM4138136,450,7,0.9014639445844652
GSM4138136,450,8,0.9050743232082971
GSM4138136,450,9,0.8970560698935323
GSM4138138,375,0,0.8828124700147563
GSM4138138,375,1,0.8863577843693609
GSM4138138,375,2,0.8871486966017608
GSM4138138,375,3,0.8918438166327305
GSM4138138,375,4,0.8997761347866454
GSM4138138,375,5,0.8889448258234058
GSM4138138,375,6,0.8958431081257842
GSM4138138,375,7,0.8940837056674547
GSM4138138,375,8,0.8887918134695276
GSM4138138,375,9,0.8757253897136076
GSM4138139,375,0,0.6255644523081123
GSM4138139,375,1,0.6444652703284417
GSM4138139,375,2,0.6434741936086277
GSM4138139,375,3,0.6505142491267879
GSM4138139,375,4,0.646259963356659
GSM4138139,375,5,0.6565100539513844
GSM4138139,375,6,0.6626785195617646
GSM4138139,375,7,0.6393178202605232
GSM4138139,375,8,0.645286467417177
GSM4138139,375,9,0.6379934960598721
GSM4138140,425,0,0.9065863260349736
GSM4138140,425,1,0.9187789547122304
GSM4138140,425,2,0.9087296417087453
GSM4138140,425,3,0.916254481028149
GSM4138140,425,4,0.9176958430332196
GSM4138140,425,5,0.9221822487335313
GSM4138140,425,6,0.9119361223555909
GSM4138140,425,7,0.9253233794549195
GSM4138140,425,8,0.9071056960057496
GSM4138140,425,9,0.9131106854840305
GSM4138141,425,0,0.7042319699955557
GSM4138141,425,1,0.708423168500688
GSM4138141,425,2,0.708998368741511
GSM4138141,425,3,0.7274769524502682
GSM4138141,425,4,0.734551176658659
GSM4138141,425,5,0.7165172879813674
GSM4138141,425,6,0.7452307733270236
GSM4138141,425,7,0.6997949466334821
GSM4138141,425,8,0.7391191175845155
GSM4138141,425,9,0.7198750562452032
GSM4138142,450,0,0.9136660069517503
GSM4138142,450,1,0.9135833634564823
GSM4138142,450,2,0.9105426255229063
GSM4138142,450,3,0.9106862380779505
GSM4138142,450,4,0.9096936453207746
GSM4138142,450,5,0.9120166894625773
GSM4138142,450,6,0.9134305656795962
GSM4138142,450,7,0.9213973763754504
GSM4138142,450,8,0.919070150922886
GSM4138142,450,9,0.9186737886960332
GSM4138156,600,0,0.8847042797666573
GSM4138156,600,1,0.9034973480340474
GSM4138156,600,2,0.8902014443956261
GSM4138156,600,3,0.8785030334743272
GSM4138156,600,4,0.8846054944857231
GSM4138156,600,5,0.8862007812484414
GSM4138156,600,6,0.8981231800334977
GSM4138156,600,7,0.8881817822677772
GSM4138156,600,8,0.8961333478675808
GSM4138156,600,9,0.8827869738010528
GSM4138163,200,0,0.9134668228366556
GSM4138163,200,1,0.9011598322858073
GSM4138163,200,2,0.9055759846447482
GSM4138163,200,3,0.9194477395826037
GSM4138163,200,4,0.9020098806090044
GSM4138163,200,5,0.903091452157201
GSM4138163,200,6,0.8915840512645522
GSM4138163,200,7,0.9044156239235869
GSM4138163,200,8,0.8968519638191854
GSM4138163,200,9,0.9213297647128731
GSM4138165,225,0,0.9084570031910004
GSM4138165,225,1,0.8929405278276984
GSM4138165,225,2,0.9025980009532152
GSM4138165,225,3,0.8994544345659529
GSM4138165,225,4,0.8974113925893522
GSM4138165,225,5,0.9229301239153878
GSM4138165,225,6,0.9261918468802236
GSM4138165,225,7,0.9157497292702039
GSM4138165,225,8,0.8930421121767582
GSM4138165,225,9,0.8974399324936633
GSM4138166,300,0,0.8963041560099141
GSM4138166,300,1,0.8848848909519118
GSM4138166,300,2,0.8888104769698587
GSM4138166,300,3,0.8930669148560875
GSM4138166,300,4,0.882092983750692
GSM4138166,300,5,0.9045023584427354
GSM4138166,300,6,0.9076253339642106
GSM4138166,300,7,0.8912433468229088
GSM4138166,300,8,0.8967163534023775
GSM4138166,300,9,0.8916498530272651
GSM4138143,275,0,0.6965522484922191
GSM4138143,275,1,0.7025021692792668
GSM4138143,275,2,0.7056531575837416
GSM4138143,275,3,0.6853173213028525
GSM4138143,275,4,0.6961889942785551
GSM4138143,275,5,0.7014638067582111
GSM4138143,275,6,0.6910517948057326
GSM4138143,275,7,0.7029122465704751
GSM4138143,275,8,0.6887984987903335
GSM4138143,275,9,0.6786419946818294
GSM4138110,575,0,0.904924553909271
GSM4138110,575,1,0.9061090015765001
GSM4138110,575,2,0.9046647577053715
GSM4138110,575,3,0.9041035340411935
GSM4138110,575,4,0.9029980884924526
GSM4138110,575,5,0.9038660746855962
GSM4138110,575,6,0.90968497016129
GSM4138110,575,7,0.9048258286326543
GSM4138110,575,8,0.9026200080410895
GSM4138110,575,9,0.9044679032795934
GSM4138112,300,0,0.8796823848994205
GSM4138112,300,1,0.8814043206077699
GSM4138112,300,2,0.8798143720850303
GSM4138112,300,3,0.8767114941908558
GSM4138112,300,4,0.876120735663244
GSM4138112,300,5,0.8784887510483903
GSM4138112,300,6,0.8793629889388339
GSM4138112,300,7,0.8829200858462821
GSM4138112,300,8,0.8888668460795611
GSM4138112,300,9,0.8721258312063613
GSM4138114,325,0,0.8901982145856786
GSM4138114,325,1,0.8828383892255698
GSM4138114,325,2,0.8821545761827706
GSM4138114,325,3,0.8851068112024417
GSM4138114,325,4,0.8888171701985984
GSM4138114,325,5,0.8803932757710674
GSM4138114,325,6,0.8843417980744699
GSM4138114,325,7,0.8846308634370253
GSM4138114,325,8,0.8764554044922211
GSM4138114,325,9,0.8863872149346769
GSM4138116,500,0,0.9178733215550202
GSM4138116,500,1,0.9339495485879435
GSM4138116,500,2,0.9127108403255382
GSM4138116,500,3,0.9221795281582914
GSM4138116,500,4,0.9253959008034702
GSM4138116,500,5,0.9333664400809242
GSM4138116,500,6,0.9146366915418147
GSM4138116,500,7,0.9147349164204446
GSM4138116,500,8,0.9219274717797905
GSM4138116,500,9,0.9158898062833152
GSM4138116,50,0,0.8988776197311555
GSM4138116,50,1,0.9630777903143192
GSM4138116,50,2,0.9720659552105408
GSM4138116,50,3,0.9719798625401388
GSM4138116,50,4,0.9779218477024397
GSM4138116,50,5,0.975563864747158
GSM4138116,50,6,0.9575143787906005
GSM4138116,50,7,0.9684363954207089
GSM4138116,50,8,0.9398782461673274
GSM4138116,50,9,0.8815025186687117
GSM4138117,275,0,0.7047828143597143
GSM4138117,275,1,0.7102224187619186
GSM4138117,275,2,0.6934208790874469
GSM4138117,275,3,0.6938316947496217
GSM4138117,275,4,0.6991629698767899
GSM4138117,275,5,0.6979755351958681
GSM4138117,275,6,0.7003491128463144
GSM4138117,275,7,0.722784076150832
GSM4138117,275,8,0.705770238200149
GSM4138117,275,9,0.7078654405102816
GSM4138120,425,0,0.8444678341705936
GSM4138120,425,1,0.8533093277148202
GSM4138120,425,2,0.8518383337418459
GSM4138120,425,3,0.8514974682654801
GSM4138120,425,4,0.8511345793045364
GSM4138120,425,5,0.8515761864520341
GSM4138120,425,6,0.8466716228195778
GSM4138120,425,7,0.8474356920044468
GSM4138120,425,8,0.8532535830832171
GSM4138120,425,9,0.842448230471988
GSM4138120,225,0,0.8619063373934823
GSM4138120,225,1,0.8736366760504729
GSM4138120,225,2,0.8447975251240419
GSM4138120,225,3,0.8682162655771646
GSM4138120,225,4,0.8443591862656223
GSM4138120,225,5,0.8610344835778615
GSM4138120,225,6,0.8577061554216086
GSM4138120,225,7,0.8662643468687838
GSM4138120,225,8,0.8632764940243335
GSM4138120,225,9,0.8440620047560877
GSM4138122,500,0,0.8808472742130535
GSM4138122,500,1,0.8847565797085015
GSM4138122,500,2,0.8792716763329473
GSM4138122,500,3,0.8873855784229756
GSM4138122,500,4,0.8791752564810216
GSM4138122,500,5,0.8860547707043052
GSM4138122,500,6,0.8846211718910225
GSM4138122,500,7,0.883587783024144
GSM4138122,500,8,0.8868900611106193
GSM4138122,500,9,0.8805817664783191
GSM4138123,250,0,0.6836814056253755
GSM4138123,250,1,0.6902224550001024
GSM4138123,250,2,0.6682624703168721
GSM4138123,250,3,0.691161764437392
GSM4138123,250,4,0.6800363866963495
GSM4138123,250,5,0.6980133157083285
GSM4138123,250,6,0.6939777932569532
GSM4138123,250,7,0.703911763409763
GSM4138123,250,8,0.7043794453115135
GSM4138123,250,9,0.6672884687085334
GSM4138123,275,0,0.6867056170472738
GSM4138123,275,1,0.6805097326498495
GSM4138123,275,2,0.6726248050507173
GSM4138123,275,3,0.6906066658539007
GSM4138123,275,4,0.6675872669334323
GSM4138123,275,5,0.6822159083306023
GSM4138123,275,6,0.6836572968735818
GSM4138123,275,7,0.6963352735438334
GSM4138123,275,8,0.6738570138554708
GSM4138123,275,9,0.6809555517783811
GSM4138124,300,0,0.9117579391222317
GSM4138124,300,1,0.9225768921665463
GSM4138124,300,2,0.9157000512973377
GSM4138124,300,3,0.92430241949842
GSM4138124,300,4,0.9206152150526874
GSM4138124,300,5,0.9182152392675293
GSM4138124,300,6,0.9138940822002631
GSM4138124,300,7,0.9100702292277956
GSM4138124,300,8,0.9149134637047812
GSM4138124,300,9,0.9109629664731039
GSM4138125,275,0,0.7166005668407163
GSM4138125,275,1,0.7150200023422311
GSM4138125,275,2,0.7296697071468512
GSM4138125,275,3,0.7132092716214895
GSM4138125,275,4,0.7080551402961572
GSM4138125,275,5,0.7048958860536416
GSM4138125,275,6,0.7226439168091072
GSM4138125,275,7,0.7268698837911044
GSM4138125,275,8,0.7158496057572681
GSM4138125,275,9,0.7087788836019664
GSM4138126,350,0,0.9498926425457074
GSM4138126,350,1,0.960759504114328
GSM4138126,350,2,0.9540216307397447
GSM4138126,350,3,0.9575536691111018
GSM4138126,350,4,0.9650182780333342
GSM4138126,350,5,0.9552665931606548
GSM4138126,350,6,0.9585489372799734
GSM4138126,350,7,0.9583970133262522
GSM4138126,350,8,0.964692620314016
GSM4138126,350,9,0.9568545074659581
GSM4138128,500,0,0.8842250374262891
GSM4138128,500,1,0.8849742968100007
GSM4138128,500,2,0.88266138204176
GSM4138128,500,3,0.8834453800413319
GSM4138128,500,4,0.8809308048503481
GSM4138128,500,5,0.8908898031205994
GSM4138128,500,6,0.8861291957758917
GSM4138128,500,7,0.8873436195265143
GSM4138128,500,8,0.8830963703745232
GSM4138128,500,9,0.8845251430508004
GSM4138130,500,0,0.9017108410480094
GSM4138130,500,1,0.8986773174084598
GSM4138130,500,2,0.8948797093913398
GSM4138130,500,3,0.9026751243744067
GSM4138130,500,4,0.903247211440653
GSM4138130,500,5,0.9027699635363267
GSM4138130,500,6,0.9014536701029442
GSM4138130,500,7,0.8972285563132792
GSM4138130,500,8,0.9001773002792852
GSM4138130,500,9,0.9016605636081955
GSM4138130,100,0,0.9365779625415489
GSM4138130,100,1,0.9436195275723284
GSM4138130,100,2,0.9437422220235067
GSM4138130,100,3,0.944207569863229
GSM4138130,100,4,0.9319681066354307
GSM4138130,100,5,0.970605336040639
GSM4138130,100,6,0.9260566341143841
GSM4138130,100,7,0.9488548117178464
GSM4138130,100,8,0.9483215528900005
GSM4138130,100,9,0.9279790055814985
GSM4138131,275,0,0.7222487481211642
GSM4138131,275,1,0.7212805442190934
GSM4138131,275,2,0.7136683039896523
GSM4138131,275,3,0.7161189341589618
GSM4138131,275,4,0.7102182752565576
GSM4138131,275,5,0.7125759817264145
GSM4138131,275,6,0.7140642390827877
GSM4138131,275,7,0.7057279095579092
GSM4138131,275,8,0.7339644754735528
GSM4138131,275,9,0.7072472557195316
GSM4138132,450,0,0.943624174894522
GSM4138132,450,1,0.931853379305307
GSM4138132,450,2,0.9418866003497638
GSM4138132,450,3,0.9382383181598299
GSM4138132,450,4,0.9324905149813761
GSM4138132,450,5,0.9365416821588396
GSM4138132,450,6,0.9393821947932005
GSM4138132,450,7,0.9384171492737472
GSM4138132,450,8,0.9419425196173076
GSM4138132,450,9,0.9414062211720278
GSM4138134,100,0,0.954736613334086
GSM4138134,100,1,0.9493229613931221
GSM4138134,100,2,0.953028983545986
GSM4138134,100,3,0.9553877688845468
GSM4138134,100,4,0.9616983290371883
GSM4138134,100,5,0.9542657371902318
GSM4138134,100,6,0.9605747999093147
GSM4138134,100,7,0.9566898673720301
GSM4138134,100,8,0.9602771830409939
GSM4138134,100,9,0.9400738778934086
GSM4138134,75,0,0.9562334755546963
GSM4138134,75,1,0.9688679925999334
GSM4138134,75,2,0.9493921010261643
GSM4138134,75,3,0.9714337370384443
GSM4138134,75,4,0.9573367212601347
GSM4138134,75,5,0.9641703422418839
GSM4138134,75,6,0.9612836456160546
GSM4138134,75,7,0.9639208253497606
GSM4138134,75,8,0.957146572426344
GSM4138134,75,9,0.9501708291094886
GSM4138136,500,0,0.9006109096128094
GSM4138136,500,1,0.8941595325819063
GSM4138136,500,2,0.9029941385362124
GSM4138136,500,3,0.9009670431580067
GSM4138136,500,4,0.9012783442828047
GSM4138136,500,5,0.9135127918470658
GSM4138136,500,6,0.8955114362285687
GSM4138136,500,7,0.8997557251466398
GSM4138136,500,8,0.9079255271130442
GSM4138136,500,9,0.898115952211825
GSM4138136,200,0,0.9169515972295538
GSM4138136,200,1,0.9092921222427027
GSM4138136,200,2,0.8913242917094676
GSM4138136,200,3,0.9033083417686659
GSM4138136,200,4,0.9034764257213411
GSM4138136,200,5,0.9033289247691885
GSM4138136,200,6,0.9055956442768139
GSM4138136,200,7,0.910715631216381
GSM4138136,200,8,0.9004170756920867
GSM4138136,200,9,0.8797094161644348
GSM4138137,325,0,0.7561478942018037
GSM4138137,325,1,0.769041836137033
GSM4138137,325,2,0.7636954313672912
GSM4138137,325,3,0.7687096071400975
GSM4138137,325,4,0.7661489026114434
GSM4138137,325,5,0.7505993493757515
GSM4138137,325,6,0.7761657471645177
GSM4138137,325,7,0.7564601028745068
GSM4138137,325,8,0.7868486300795587
GSM4138137,325,9,0.7495926421976298
GSM4138138,450,0,0.8780733584108533
GSM4138138,450,1,0.8901517860292388
GSM4138138,450,2,0.8870294098644989
GSM4138138,450,3,0.8855134119507365
GSM4138138,450,4,0.8837541203278525
GSM4138138,450,5,0.8910558618910186
GSM4138138,450,6,0.8807226859172927
GSM4138138,450,7,0.8909399171428676
GSM4138138,450,8,0.913908484833273
GSM4138138,450,9,0.893509944284541
GSM4138139,275,0,0.6591220214331698
GSM4138139,275,1,0.6428284222783143
GSM4138139,275,2,0.6489348692775425
GSM4138139,275,3,0.6682447213391213
GSM4138139,275,4,0.6942782193702077
GSM4138139,275,5,0.6651093307523115
GSM4138139,275,6,0.6689151917395526
GSM4138139,275,7,0.6483241989062921
GSM4138139,275,8,0.6483025989190492
GSM4138139,275,9,0.6500349817143765
GSM4138140,200,0,0.9071083314518857
GSM4138140,200,1,0.922973345942126
GSM4138140,200,2,0.9267473116953332
GSM4138140,200,3,0.921465598168773
GSM4138140,200,4,0.9252481003059038
GSM4138140,200,5,0.9151974262092714
GSM4138140,200,6,0.9150085172731641
GSM4138140,200,7,0.939673310413794
GSM4138140,200,8,0.9049200312791988
GSM4138140,200,9,0.9132290753090271
GSM4138141,350,0,0.7212772432129824
GSM4138141,350,1,0.7258050705403059
GSM4138141,350,2,0.7246181512232354
GSM4138141,350,3,0.7390177526533995
GSM4138141,350,4,0.7153319494994145
GSM4138141,350,5,0.7108166815711929
GSM4138141,350,6,0.7693842989205679
GSM4138141,350,7,0.7257641992539219
GSM4138141,350,8,0.7301098896248814
GSM4138141,350,9,0.7296286571551543
GSM4138142,575,0,0.9110038552590999
GSM4138142,575,1,0.910407246306979
GSM4138142,575,2,0.9077964928873021
GSM4138142,575,3,0.9126211563098773
GSM4138142,575,4,0.9127190916944621
GSM4138142,575,5,0.9083175589935799
GSM4138142,575,6,0.8991429786179388
GSM4138142,575,7,0.9071252667324716
GSM4138142,575,8,0.9156630596549447
GSM4138142,575,9,0.9099657787055276
GSM4138142,50,0,0.9423290787709522
GSM4138142,50,1,0.9601913109068263
GSM4138142,50,2,0.9442962775801835
GSM4138142,50,3,0.9592983615928701
GSM4138142,50,4,0.9260413248555136
GSM4138142,50,5,0.9666264216460706
GSM4138142,50,6,0.9627809378005199
GSM4138142,50,7,0.9812627766815615
GSM4138142,50,8,0.9172813389490073
GSM4138142,50,9,0.9381669003906247
GSM4138146,400,0,0.8897390509151526
GSM4138146,400,1,0.8855638417535013
GSM4138146,400,2,0.8922589416837096
GSM4138146,400,3,0.8909097397305895
GSM4138146,400,4,0.8902348793683487
GSM4138146,400,5,0.8940837415626981
GSM4138146,400,6,0.8879075792088558
GSM4138146,400,7,0.887125927478748
GSM4138146,400,8,0.8976904560426414
GSM4138146,400,9,0.8938551583477009
GSM4138148,150,0,0.8561615092331831
GSM4138148,150,1,0.8463962576637398
GSM4138148,150,2,0.8553564559947354
GSM4138148,150,3,0.8519004931431942
GSM4138148,150,4,0.8464270039584413
GSM4138148,150,5,0.852031815401131
GSM4138148,150,6,0.8566284204812159
GSM4138148,150,7,0.8608927781967866
GSM4138148,150,8,0.8546177131964003
GSM4138148,150,9,0.858645971884529
GSM4138152,425,0,0.8549948227195459
GSM4138152,425,1,0.8451712635561639
GSM4138152,425,2,0.8548677994720276
GSM4138152,425,3,0.8491326193100847
GSM4138152,425,4,0.8538299214641258
GSM4138152,425,5,0.8552609365388089
GSM4138152,425,6,0.8556691370542813
GSM4138152,425,7,0.8464956829046713
GSM4138152,425,8,0.8429883875337287
GSM4138152,425,9,0.8519048412782402
GSM4138156,775,0,0.8960991985785066
GSM4138156,775,1,0.8871288144530273
GSM4138156,775,2,0.8868867976990225
GSM4138156,775,3,0.89630365179008
GSM4138156,775,4,0.8835212454629235
GSM4138156,775,5,0.894791168382847
GSM4138156,775,6,0.8975964969341245
GSM4138156,775,7,0.883875653859214
GSM4138156,775,8,0.8823601603866632
GSM4138156,775,9,0.8835921426574741
GSM4138156,400,0,0.8877395173708947
GSM4138156,400,1,0.8986267594252662
GSM4138156,400,2,0.8878484355635454
GSM4138156,400,3,0.8925166896910828
GSM4138156,400,4,0.876999690241542
GSM4138156,400,5,0.8903417538335252
GSM4138156,400,6,0.8896393287057116
GSM4138156,400,7,0.8871390076233318
GSM4138156,400,8,0.8932647021825584
GSM4138156,400,9,0.8979015305083012
GSM4138162,450,0,0.883364341804805
GSM4138162,450,1,0.8861053051932348
GSM4138162,450,2,0.8849777618069405
GSM4138162,450,3,0.8916986307793833
GSM4138162,450,4,0.8812968534989913
GSM4138162,450,5,0.8867309392959404
GSM4138162,450,6,0.8868087115360389
GSM4138162,450,7,0.8798434378628358
GSM4138162,450,8,0.8828127463631984
GSM4138162,450,9,0.8853236462241341
GSM4138165,375,0,0.9015402423952024
GSM4138165,375,1,0.896496736607757
GSM4138165,375,2,0.8962836331613087
GSM4138165,375,3,0.8949173046008729
GSM4138165,375,4,0.8954226299930002
GSM4138165,375,5,0.8896200908676581
GSM4138165,375,6,0.899300737253306
GSM4138165,375,7,0.8966432399916816
GSM4138165,375,8,0.8922458656611796
GSM4138165,375,9,0.8954887827956146
GSM4138166,375,0,0.8948852020920217
GSM4138166,375,1,0.8940986622872016
GSM4138166,375,2,0.8957314171535845
GSM4138166,375,3,0.8952350954784278
GSM4138166,375,4,0.8815994285305808
GSM4138166,375,5,0.902200714407432
GSM4138166,375,6,0.8890627969690995
GSM4138166,375,7,0.8898829907334718
GSM4138166,375,8,0.8867118639050636
GSM4138166,375,9,0.887765041701671
GSM4138167,300,0,0.8931312803717409
GSM4138167,300,1,0.8926494550575917
GSM4138167,300,2,0.892275144253374
GSM4138167,300,3,0.88778619207769
GSM4138167,300,4,0.8921422948855509
GSM4138167,300,5,0.898432069839408
GSM4138167,300,6,0.8912527947752913
GSM4138167,300,7,0.8935177109323796
GSM4138167,300,8,0.8957642003117866
GSM4138167,300,9,0.8896766889441092
GSM4138122,525,0,0.8854207438915747
GSM4138122,525,1,0.8818572579510884
GSM4138122,525,2,0.8832238715270759
GSM4138122,525,3,0.882289082530778
GSM4138122,525,4,0.8848247086024839
GSM4138122,525,5,0.8855956200634858
GSM4138122,525,6,0.8855111564095226
GSM4138122,525,7,0.8836626747122908
GSM4138122,525,8,0.8861647412951129
GSM4138122,525,9,0.883121111682383
GSM4138124,325,0,0.9141131675854639
GSM4138124,325,1,0.9146640574838598
GSM4138124,325,2,0.9141442720339937
GSM4138124,325,3,0.9129038161675803
GSM4138124,325,4,0.913610943535675
GSM4138124,325,5,0.9171470083746016
GSM4138124,325,6,0.9162455903994012
GSM4138124,325,7,0.913308432234659
GSM4138124,325,8,0.9137618295560078
GSM4138124,325,9,0.9124062239653978
GSM4138124,75,0,0.9277255368580817
GSM4138124,75,1,0.9548326029764117
GSM4138124,75,2,0.9117112249273713
GSM4138124,75,3,0.9349376598908639
GSM4138124,75,4,0.9222055372996304
GSM4138124,75,5,0.9334418798916222
GSM4138124,75,6,0.9411154543132646
GSM4138124,75,7,0.9052214318852572
GSM4138124,75,8,0.9650113450078848
GSM4138124,75,9,0.9702370152008627
GSM4138127,350,0,0.720475074746702
GSM4138127,350,1,0.7263551872624433
GSM4138127,350,2,0.722279874211383
GSM4138127,350,3,0.7113117084029204
GSM4138127,350,4,0.7221130160636302
GSM4138127,350,5,0.7241931841737574
GSM4138127,350,6,0.7163933670709219
GSM4138127,350,7,0.7222586745551444
GSM4138127,350,8,0.7285276104437093
GSM4138127,350,9,0.7222859635217449
GSM4138128,525,0,0.8810116124792805
GSM4138128,525,1,0.8868067255550778
GSM4138128,525,2,0.8806310343530149
GSM4138128,525,3,0.8852496610006753
GSM4138128,525,4,0.8809886011473027
GSM4138128,525,5,0.8868764676114856
GSM4138128,525,6,0.8890676719538217
GSM4138128,525,7,0.8850701401954277
GSM4138128,525,8,0.886530023427565
GSM4138128,525,9,0.8854609473371252
GSM4138132,625,0,0.9369050478767802
GSM4138132,625,1,0.9381776232278194
GSM4138132,625,2,0.9364120689482133
GSM4138132,625,3,0.9389936963034395
GSM4138132,625,4,0.9379871394171233
GSM4138132,625,5,0.937326296732541
GSM4138132,625,6,0.9353197246517253
GSM4138132,625,7,0.9373472080841827
GSM4138132,625,8,0.9362860084417697
GSM4138132,625,9,0.9356478897084771
GSM4138134,1175,0,0.950031262553936
GSM4138134,1175,1,0.952219649914429
GSM4138134,1175,2,0.9502198448038368
GSM4138134,1175,3,0.9501161085861544
GSM4138134,1175,4,0.9529616944408128
GSM4138134,1175,5,0.9497488459114516
GSM4138134,1175,6,0.950501849718193
GSM4138134,1175,7,0.9519514794764024
GSM4138134,1175,8,0.9505835590684143
GSM4138134,1175,9,0.9521638121183633
GSM4138134,275,0,0.9642639486971417
GSM4138134,275,1,0.9631923208044642
GSM4138134,275,2,0.951458760653523
GSM4138134,275,3,0.9593093084430107
GSM4138134,275,4,0.9588700731227716
GSM4138134,275,5,0.9497447934587239
GSM4138134,275,6,0.9578765718349139
GSM4138134,275,7,0.94819986938693
GSM4138134,275,8,0.9537807081430169
GSM4138134,275,9,0.9400506556147564
GSM4138135,700,0,0.6806141717279018
GSM4138135,700,1,0.6765269240558082
GSM4138135,700,2,0.6725753227374482
GSM4138135,700,3,0.6808968179770223
GSM4138135,700,4,0.686940305156066
GSM4138135,700,5,0.6836974180009137
GSM4138135,700,6,0.6759190068903169
GSM4138135,700,7,0.6792931188678355
GSM4138135,700,8,0.6825747097684259
GSM4138135,700,9,0.6812322543841616
GSM4138136,625,0,0.9007819286924076
GSM4138136,625,1,0.901667022362496
GSM4138136,625,2,0.897735264358294
GSM4138136,625,3,0.8982347246147474
GSM4138136,625,4,0.8994202941379739
GSM4138136,625,5,0.8982473615218508
GSM4138136,625,6,0.9013256875420704
GSM4138136,625,7,0.9003072531263583
GSM4138136,625,8,0.9000909289572796
GSM4138136,625,9,0.9009389464010932
GSM4138137,575,0,0.7566344376172829
GSM4138137,575,1,0.7461640331126607
GSM4138137,575,2,0.7568729599471623
GSM4138137,575,3,0.7542581243175381
GSM4138137,575,4,0.7627952964123139
GSM4138137,575,5,0.7535681811187134
GSM4138137,575,6,0.7643248932130762
GSM4138137,575,7,0.7601820773336394
GSM4138137,575,8,0.7662395841823608
GSM4138137,575,9,0.7549791321548348
GSM4138139,525,0,0.6409618338508565
GSM4138139,525,1,0.6422732114659018
GSM4138139,525,2,0.6379158133080572
GSM4138139,525,3,0.6431072555893982
GSM4138139,525,4,0.6322656181998672
GSM4138139,525,5,0.6405510053920962
GSM4138139,525,6,0.6390821205436319
GSM4138139,525,7,0.6418726044091896
GSM4138139,525,8,0.6358417352188817
GSM4138139,525,9,0.6316151603353123
GSM4138140,675,0,0.9076782551500105
GSM4138140,675,1,0.9080161991692226
GSM4138140,675,2,0.9066347494140236
GSM4138140,675,3,0.9075554287080504
GSM4138140,675,4,0.9082130761820459
GSM4138140,675,5,0.908813644918924
GSM4138140,675,6,0.9055705904458999
GSM4138140,675,7,0.9031195413370843
GSM4138140,675,8,0.9053079432692909
GSM4138140,675,9,0.9096821137104308
GSM4138140,125,0,0.9239900742625723
GSM4138140,125,1,0.9150192462442093
GSM4138140,125,2,0.9192531775753627
GSM4138140,125,3,0.9278381162843696
GSM4138140,125,4,0.9124358060646187
GSM4138140,125,5,0.9097252546480271
GSM4138140,125,6,0.9250584839463131
GSM4138140,125,7,0.9376586150362676
GSM4138140,125,8,0.9420728168207821
GSM4138140,125,9,0.911373901881797
GSM4138141,475,0,0.7113834690195494
GSM4138141,475,1,0.7407288966740445
GSM4138141,475,2,0.7152687234083914
GSM4138141,475,3,0.7303340903076143
GSM4138141,475,4,0.7178306656603146
GSM4138141,475,5,0.7113567163320731
GSM4138141,475,6,0.7171680132331903
GSM4138141,475,7,0.7026931366581408
GSM4138141,475,8,0.7022028820150015
GSM4138141,475,9,0.7192389501800749
GSM4138143,300,0,0.7006636693098747
GSM4138143,300,1,0.6989706485902787
GSM4138143,300,2,0.6764550367711395
GSM4138143,300,3,0.6885398944734168
GSM4138143,300,4,0.6822687932588403
GSM4138143,300,5,0.697828226143453
GSM4138143,300,6,0.6791982642506165
GSM4138143,300,7,0.6758268818592694
GSM4138143,300,8,0.6901466811949877
GSM4138143,300,9,0.6831539269900364
GSM4138145,425,0,0.7049131374418793
GSM4138145,425,1,0.7185298139681875
GSM4138145,425,2,0.6989753351519301
GSM4138145,425,3,0.6900781867810257
GSM4138145,425,4,0.7139745666727493
GSM4138145,425,5,0.6961592831727315
GSM4138145,425,6,0.7053406013616219
GSM4138145,425,7,0.6979330233659512
GSM4138145,425,8,0.7020853740172044
GSM4138145,425,9,0.6828152985342792
GSM4138150,175,0,0.9108203558902944
GSM4138150,175,1,0.8957799571802543
GSM4138150,175,2,0.8989644110167765
GSM4138150,175,3,0.9024249137699403
GSM4138150,175,4,0.9002614126611086
GSM4138150,175,5,0.9021978080372361
GSM4138150,175,6,0.9044681340906076
GSM4138150,175,7,0.8976115948346871
GSM4138150,175,8,0.8952899261420053
GSM4138150,175,9,0.9021987795193558
GSM4138155,550,0,0.5971522014639663
GSM4138155,550,1,0.601617245921048
GSM4138155,550,2,0.5991989242781279
GSM4138155,550,3,0.5957925412138901
GSM4138155,550,4,0.5906788432774751
GSM4138155,550,5,0.6119345391895248
GSM4138155,550,6,0.5946918997426671
GSM4138155,550,7,0.5971482742610918
GSM4138155,550,8,0.5938034399049246
GSM4138155,550,9,0.6134635078816799
GSM4138156,900,0,0.8855855585687613
GSM4138156,900,1,0.8963186348296992
GSM4138156,900,2,0.8847996981806876
GSM4138156,900,3,0.8937606452337147
GSM4138156,900,4,0.8853230869590203
GSM4138156,900,5,0.8854962499499904
GSM4138156,900,6,0.8939405229722368
GSM4138156,900,7,0.8940788572498185
GSM4138156,900,8,0.8870647985200557
GSM4138156,900,9,0.8916584653060811
GSM4138167,325,0,0.8862393578122824
GSM4138167,325,1,0.8930600216733452
GSM4138167,325,2,0.894197930677822
GSM4138167,325,3,0.8891836804331447
GSM4138167,325,4,0.8958754189277169
GSM4138167,325,5,0.891814598231492
GSM4138167,325,6,0.8903496084652636
GSM4138167,325,7,0.8912156054495465
GSM4138167,325,8,0.8887784309523059
GSM4138167,325,9,0.8841610431478766
GSM4138110,225,0,0.9079898407419607
GSM4138110,225,1,0.913780280617362
GSM4138110,225,2,0.9023008321724778
GSM4138110,225,3,0.9133885146247964
GSM4138110,225,4,0.9090661599026568
GSM4138110,225,5,0.9093363874016388
GSM4138110,225,6,0.902134679862248
GSM4138110,225,7,0.9125445758095745
GSM4138110,225,8,0.9112514893372816
GSM4138110,225,9,0.9127237000131545
GSM4138110,175,0,0.9187144374250112
GSM4138110,175,1,0.9229307694150634
GSM4138110,175,2,0.8990541068788073
GSM4138110,175,3,0.9025917997881321
GSM4138110,175,4,0.9244814230813254
GSM4138110,175,5,0.9145654411044719
GSM4138110,175,6,0.9058572639288269
GSM4138110,175,7,0.9201799487619231
GSM4138110,175,8,0.9157379504455307
GSM4138110,175,9,0.9202788498919328
GSM4138116,200,0,0.9338648969175802
GSM4138116,200,1,0.9475928928508986
GSM4138116,200,2,0.9336423876094597
GSM4138116,200,3,0.9485645567679656
GSM4138116,200,4,0.9389687629492594
GSM4138116,200,5,0.943955959024214
GSM4138116,200,6,0.9534168929913822
GSM4138116,200,7,0.9277257862076355
GSM4138116,200,8,0.9415524873337675
GSM4138116,200,9,0.940113465343295
GSM4138116,150,0,0.93196516089121
GSM4138116,150,1,0.9337133077742794
GSM4138116,150,2,0.9231809239316378
GSM4138116,150,3,0.9433738246320702
GSM4138116,150,4,0.924497994676227
GSM4138116,150,5,0.9490705863968207
GSM4138116,150,6,0.9515080901625045
GSM4138116,150,7,0.9449324248241825
GSM4138116,150,8,0.9344849239056626
GSM4138116,150,9,0.9256889084595353
GSM4138118,175,0,0.8808775498669097
GSM4138118,175,1,0.8859020735589032
GSM4138118,175,2,0.8983554331704711
GSM4138118,175,3,0.8734291070773937
GSM4138118,175,4,0.8724468238760744
GSM4138118,175,5,0.8853383388007015
GSM4138118,175,6,0.9006545229973644
GSM4138118,175,7,0.8570327879277858
GSM4138118,175,8,0.9173263231062054
GSM4138118,175,9,0.8937916103585735
GSM4138120,350,0,0.8539534321157238
GSM4138120,350,1,0.8484559068367205
GSM4138120,350,2,0.86210886219988
GSM4138120,350,3,0.8557861629318078
GSM4138120,350,4,0.8582562894142157
GSM4138120,350,5,0.8593719558859135
GSM4138120,350,6,0.8519118685274877
GSM4138120,350,7,0.8489947701562928
GSM4138120,350,8,0.8528401970693342
GSM4138120,350,9,0.8481930279696777
GSM4138125,250,0,0.7170469981451479
GSM4138125,250,1,0.7062081372871121
GSM4138125,250,2,0.7079190196586
GSM4138125,250,3,0.7127984277262542
GSM4138125,250,4,0.7042534463713328
GSM4138125,250,5,0.710376497137861
GSM4138125,250,6,0.7168704428727211
GSM4138125,250,7,0.7168135656738748
GSM4138125,250,8,0.7217564374315337
GSM4138125,250,9,0.7250656440741374
GSM4138126,275,0,0.9570217018122882
GSM4138126,275,1,0.9568824317143163
GSM4138126,275,2,0.9533612811178427
GSM4138126,275,3,0.9604261792497846
GSM4138126,275,4,0.9601174530912311
GSM4138126,275,5,0.9569305593820411
GSM4138126,275,6,0.9619869416475549
GSM4138126,275,7,0.9583387349207689
GSM4138126,275,8,0.9634000165676566
GSM4138126,275,9,0.9530553014131862
GSM4138134,400,0,0.9530322844889696
GSM4138134,400,1,0.9486191407538453
GSM4138134,400,2,0.9489285733697541
GSM4138134,400,3,0.9535938520641581
GSM4138134,400,4,0.94165699159715
GSM4138134,400,5,0.9396454834303549
GSM4138134,400,6,0.9415031661375558
GSM4138134,400,7,0.9518006221896554
GSM4138134,400,8,0.9527135179466522
GSM4138134,400,9,0.9534356322153579
GSM4138134,700,0,0.9485052315231567
GSM4138134,700,1,0.9482049582432741
GSM4138134,700,2,0.955911310395962
GSM4138134,700,3,0.9543821714168192
GSM4138134,700,4,0.9527204858989669
GSM4138134,700,5,0.9483326376764841
GSM4138134,700,6,0.9523567430317348
GSM4138134,700,7,0.9426043209522865
GSM4138134,700,8,0.9542073909167669
GSM4138134,700,9,0.9559999304355202
GSM4138134,300,0,0.9527413416561851
GSM4138134,300,1,0.9542719268484022
GSM4138134,300,2,0.9539282722843094
GSM4138134,300,3,0.9487668650135597
GSM4138134,300,4,0.9485442874333215
GSM4138134,300,5,0.962730628822031
GSM4138134,300,6,0.9582217645299536
GSM4138134,300,7,0.9487316209380952
GSM4138134,300,8,0.9500691559779394
GSM4138134,300,9,0.9545067779573697
GSM4138138,300,0,0.893463943064573
GSM4138138,300,1,0.8841204077782132
GSM4138138,300,2,0.9048187470768687
GSM4138138,300,3,0.8855942145665864
GSM4138138,300,4,0.8797670428711625
GSM4138138,300,5,0.8824160215438097
GSM4138138,300,6,0.8893187494396425
GSM4138138,300,7,0.8906903305310963
GSM4138138,300,8,0.9031765292397135
GSM4138138,300,9,0.8950876085555648
GSM4138142,325,0,0.9131301171342959
GSM4138142,325,1,0.9187402592814352
GSM4138142,325,2,0.9127757188332019
GSM4138142,325,3,0.9144592866926038
GSM4138142,325,4,0.9321915338351271
GSM4138142,325,5,0.9196476797555627
GSM4138142,325,6,0.9259173376396549
GSM4138142,325,7,0.9212783346312263
GSM4138142,325,8,0.9013956094613502
GSM4138142,325,9,0.9121188474653291
GSM4138152,75,0,0.9136262888645981
GSM4138152,75,1,0.8843012489956149
GSM4138152,75,2,0.9090851542421334
GSM4138152,75,3,0.8971937043943687
GSM4138152,75,4,0.8907103743622505
GSM4138152,75,5,0.9019029273572586
GSM4138152,75,6,0.920512476147825
GSM4138152,75,7,0.9170162055587907
GSM4138152,75,8,0.8974137957867795
GSM4138152,75,9,0.9314814437299885
GSM4138155,300,0,0.609086448547117
GSM4138155,300,1,0.5882496630797887
GSM4138155,300,2,0.6172774243900716
GSM4138155,300,3,0.6018448257994831
GSM4138155,300,4,0.5888995629746834
GSM4138155,300,5,0.5915093421453936
GSM4138155,300,6,0.5951095247291984
GSM4138155,300,7,0.5877088651809275
GSM4138155,300,8,0.598200184115151
GSM4138155,300,9,0.5976768601878545
GSM4138156,225,0,0.8890849538424276
GSM4138156,225,1,0.909269688527974
GSM4138156,225,2,0.907405351394808
GSM4138156,225,3,0.9018880027724192
GSM4138156,225,4,0.9064705688251169
GSM4138156,225,5,0.8844811444579398
GSM4138156,225,6,0.9076471641088323
GSM4138156,225,7,0.8926375866506704
GSM4138156,225,8,0.8850704490620613
GSM4138156,225,9,0.8801204205934213
GSM4138156,525,0,0.8992726495379799
GSM4138156,525,1,0.8869287615775044
GSM4138156,525,2,0.8889518138282271
GSM4138156,525,3,0.8805240161725806
GSM4138156,525,4,0.8837115814111967
GSM4138156,525,5,0.8846080804548154
GSM4138156,525,6,0.8992778954625271
GSM4138156,525,7,0.8870180212887655
GSM4138156,525,8,0.8850565570526661
GSM4138156,525,9,0.8947704686982076
GSM4138156,200,0,0.8997740119260855
GSM4138156,200,1,0.8833075760034691
GSM4138156,200,2,0.8851500905744625
GSM4138156,200,3,0.8792929148661975
GSM4138156,200,4,0.8938270110302171
GSM4138156,200,5,0.9186238004871277
GSM4138156,200,6,0.8951732080745747
GSM4138156,200,7,0.9022057885000001
GSM4138156,200,8,0.9001215512176663
GSM4138156,200,9,0.9174153759211466
GSM4138111,350,0,0.6347322321673187
GSM4138111,350,1,0.6343174765570858
GSM4138111,350,2,0.6380839163665285
GSM4138111,350,3,0.6456192035368622
GSM4138111,350,4,0.6389666752023508
GSM4138111,350,5,0.6382998364358698
GSM4138111,350,6,0.6490553779968806
GSM4138111,350,7,0.6362407199474807
GSM4138111,350,8,0.6356129942225859
GSM4138111,350,9,0.6409955743326823
GSM4138112,375,0,0.8766847250314839
GSM4138112,375,1,0.8770969038955747
GSM4138112,375,2,0.8772887431653515
GSM4138112,375,3,0.8738016894696116
GSM4138112,375,4,0.8769093643624559
GSM4138112,375,5,0.8733685313531401
GSM4138112,375,6,0.8765377896414015
GSM4138112,375,7,0.8767607277946854
GSM4138112,375,8,0.872704955249565
GSM4138112,375,9,0.8765887510139582
GSM4138113,175,0,0.7175194930804409
GSM4138113,175,1,0.7175315595843383
GSM4138113,175,2,0.7174939835202522
GSM4138113,175,3,0.718359057052895
GSM4138113,175,4,0.7176889973359202
GSM4138113,175,5,0.717710399237959
GSM4138113,175,6,0.7121332938729394
GSM4138113,175,7,0.71799550391797
GSM4138113,175,8,0.7212696267496659
GSM4138113,175,9,0.7181795477089994
GSM4138117,325,0,0.7005160576884101
GSM4138117,325,1,0.7065201679103599
GSM4138117,325,2,0.7057024666930902
GSM4138117,325,3,0.7060354724385245
GSM4138117,325,4,0.6955160710989392
GSM4138117,325,5,0.7028832849612093
GSM4138117,325,6,0.7042479422200593
GSM4138117,325,7,0.7032553880174698
GSM4138117,325,8,0.6913207325803046
GSM4138117,325,9,0.6909747088536057
GSM4138121,200,0,0.6269333562938224
GSM4138121,200,1,0.6269333562938224
GSM4138121,200,2,0.6269333562938224
GSM4138121,200,3,0.6269333562938224
GSM4138121,200,4,0.6269333562938223
GSM4138121,200,5,0.6269333562938224
GSM4138121,200,6,0.6269333562938224
GSM4138121,200,7,0.6269333562938224
GSM4138121,200,8,0.6269333562938224
GSM4138121,200,9,0.6269333562938224
GSM4138123,650,0,0.6739801570058155
GSM4138123,650,1,0.6771736441027094
GSM4138123,650,2,0.6715315141865814
GSM4138123,650,3,0.6764041676287889
GSM4138123,650,4,0.6731464817624642
GSM4138123,650,5,0.6792170597884717
GSM4138123,650,6,0.6665856026991566
GSM4138123,650,7,0.6752813518950883
GSM4138123,650,8,0.67506845300943
GSM4138123,650,9,0.67044376496238
GSM4138125,525,0,0.6986403511907375
GSM4138125,525,1,0.6981883853754869
GSM4138125,525,2,0.6986387517388665
GSM4138125,525,3,0.698809719499967
GSM4138125,525,4,0.6996626523894232
GSM4138125,525,5,0.6985584804342777
GSM4138125,525,6,0.6980395619603871
GSM4138125,525,7,0.7019093548108244
GSM4138125,525,8,0.7037106763716829
GSM4138125,525,9,0.6984427975449903
GSM4138129,250,0,0.6979869851013982
GSM4138129,250,1,0.6942169468129064
GSM4138129,250,2,0.6964604611196215
GSM4138129,250,3,0.7061836921670177
GSM4138129,250,4,0.7048256957047998
GSM4138129,250,5,0.6937814485854814
GSM4138129,250,6,0.701718539497195
GSM4138129,250,7,0.6943271259331152
GSM4138129,250,8,0.6928875205708606
GSM4138129,250,9,0.6945546534436433
GSM4138130,600,0,0.9006502329855329
GSM4138130,600,1,0.8990268575366764
GSM4138130,600,2,0.9001860227692698
GSM4138130,600,3,0.900173347055294
GSM4138130,600,4,0.9001068487442725
GSM4138130,600,5,0.900435697096069
GSM4138130,600,6,0.9000556108559777
GSM4138130,600,7,0.9003243192087369
GSM4138130,600,8,0.9001930783648432
GSM4138130,600,9,0.9001799191035641
GSM4138131,725,0,0.6839962249830801
GSM4138131,725,1,0.6810151097395025
GSM4138131,725,2,0.6816979253608337
GSM4138131,725,3,0.678277561446609
GSM4138131,725,4,0.6769796148406457
GSM4138131,725,5,0.6783380499449883
GSM4138131,725,6,0.6791610631822977
GSM4138131,725,7,0.6858443278127653
GSM4138131,725,8,0.680371978611197
GSM4138131,725,9,0.6848525465283837
GSM4138141,600,0,0.6980931130621353
GSM4138141,600,1,0.7023723067240244
GSM4138141,600,2,0.6899089633757438
GSM4138141,600,3,0.6996359316030016
GSM4138141,600,4,0.6947828664609963
GSM4138141,600,5,0.6913202336321523
GSM4138141,600,6,0.6848693808334603
GSM4138141,600,7,0.6920119923948671
GSM4138141,600,8,0.6936921349999511
GSM4138141,600,9,0.6921289484302702
GSM4138143,350,0,0.6772896345031285
GSM4138143,350,1,0.6929868065765972
GSM4138143,350,2,0.6794795143482574
GSM4138143,350,3,0.6810441616986518
GSM4138143,350,4,0.6819210181220711
GSM4138143,350,5,0.6815834624477364
GSM4138143,350,6,0.6811331150494635
GSM4138143,350,7,0.6797815362213976
GSM4138143,350,8,0.6898359403538398
GSM4138143,350,9,0.6907493471796368
GSM4138145,525,0,0.6867851901906002
GSM4138145,525,1,0.6916482502864685
GSM4138145,525,2,0.6865771150415168
GSM4138145,525,3,0.6964547048482381
GSM4138145,525,4,0.6882342675300608
GSM4138145,525,5,0.6900872322332483
GSM4138145,525,6,0.6854514369649388
GSM4138145,525,7,0.6852648539189679
GSM4138145,525,8,0.6882797935893824
GSM4138145,525,9,0.6940366786762843
GSM4138152,475,0,0.8465260349103263
GSM4138152,475,1,0.8464596728417111
GSM4138152,475,2,0.8462436355639711
GSM4138152,475,3,0.846695526311304
GSM4138152,475,4,0.84769491380652
GSM4138152,475,5,0.8467425688998306
GSM4138152,475,6,0.8466185217387916
GSM4138152,475,7,0.8514533895563288
GSM4138152,475,8,0.8464719679875554
GSM4138152,475,9,0.8514349609821049
GSM4138153,75,0,0.7248415773585144
GSM4138153,75,1,0.7248415773585143
GSM4138153,75,2,0.7248415773585142
GSM4138153,75,3,0.7248415773585144
GSM4138153,75,4,0.7248415773585142
GSM4138153,75,5,0.7248415773585143
GSM4138153,75,6,0.7248415773585142
GSM4138153,75,7,0.7248415773585143
GSM4138153,75,8,0.7248415773585143
GSM4138153,75,9,0.7248415773585142
GSM4138155,650,0,0.5983057254825249
GSM4138155,650,1,0.5969135338902312
GSM4138155,650,2,0.598839677816674
GSM4138155,650,3,0.597611407385886
GSM4138155,650,4,0.6005748942971154
GSM4138155,650,5,0.6016358663984165
GSM4138155,650,6,0.6016951595051134
GSM4138155,650,7,0.595496324917743
GSM4138155,650,8,0.6048646092735122
GSM4138155,650,9,0.5960025532076308
GSM4138157,175,0,0.6914473467863581
GSM4138157,175,1,0.6906880839751575
GSM4138157,175,2,0.6878367191235628
GSM4138157,175,3,0.6868778499271155
GSM4138157,175,4,0.6883421331035419
GSM4138157,175,5,0.6882219455927374
GSM4138157,175,6,0.6864226477029524
GSM4138157,175,7,0.6874422241556635
GSM4138157,175,8,0.6881590864100403
GSM4138157,175,9,0.6882219455927374
GSM4138160,500,0,0.8612632203620407
GSM4138160,500,1,0.8589765959988243
GSM4138160,500,2,0.8585859537771328
GSM4138160,500,3,0.858838458564336
GSM4138160,500,4,0.8619079920179475
GSM4138160,500,5,0.8592495999630672
GSM4138160,500,6,0.8586381085472827
GSM4138160,500,7,0.8641315352995173
GSM4138160,500,8,0.8586224802897408
GSM4138160,500,9,0.8590239315800888
GSM4138161,400,0,0.6700003332190311
GSM4138161,400,1,0.6573319446093788
GSM4138161,400,2,0.6585113957985558
GSM4138161,400,3,0.6620899097309276
GSM4138161,400,4,0.6608909651651789
GSM4138161,400,5,0.6677050209231552
GSM4138161,400,6,0.6696844946093761
GSM4138161,400,7,0.6682418377651875
GSM4138161,400,8,0.668890629929618
GSM4138161,400,9,0.6762094050647316
GSM4138162,500,0,0.884307303803132
GSM4138162,500,1,0.8878164987348591
GSM4138162,500,2,0.8873997964672241
GSM4138162,500,3,0.8868693924101023
GSM4138162,500,4,0.8846426407509133
GSM4138162,500,5,0.8843246345446456
GSM4138162,500,6,0.8884516317339505
GSM4138162,500,7,0.8874768077229744
GSM4138162,500,8,0.8888368797407944
GSM4138162,500,9,0.8843524094777683
GSM4138116,325,0,0.9320153880437974
GSM4138116,325,1,0.9463956526483159
GSM4138116,325,2,0.943009442476104
GSM4138116,325,3,0.9291671144779526
GSM4138116,325,4,0.8956335577816568
GSM4138116,325,5,0.9415107716920552
GSM4138116,325,6,0.9342696198151043
GSM4138116,325,7,0.9286978994061089
GSM4138116,325,8,0.9370767324533947
GSM4138116,325,9,0.9157504010329297
GSM4138116,375,0,0.9133568787019577
GSM4138116,375,1,0.9271426561410063
GSM4138116,375,2,0.9454988727246334
GSM4138116,375,3,0.9294612758914552
GSM4138116,375,4,0.9270465733535229
GSM4138116,375,5,0.9094518742534698
GSM4138116,375,6,0.9245586567443022
GSM4138116,375,7,0.9277497457444376
GSM4138116,375,8,0.9305019280379033
GSM4138116,375,9,0.930178894728455
GSM4138120,175,0,0.8558326182685425
GSM4138120,175,1,0.8745018660841996
GSM4138120,175,2,0.885726795114564
GSM4138120,175,3,0.849637812257159
GSM4138120,175,4,0.8666798111490909
GSM4138120,175,5,0.8613313607996362
GSM4138120,175,6,0.8673547328200337
GSM4138120,175,7,0.8531445668742967
GSM4138120,175,8,0.8424524172919815
GSM4138120,175,9,0.850968736365333
GSM4138122,175,0,0.8739077822155994
GSM4138122,175,1,0.8891592877256493
GSM4138122,175,2,0.8870208818994983
GSM4138122,175,3,0.9014730577687511
GSM4138122,175,4,0.8903666928632672
GSM4138122,175,5,0.9041164372200472
GSM4138122,175,6,0.8920541962263122
GSM4138122,175,7,0.9126938297268156
GSM4138122,175,8,0.8844433121879616
GSM4138122,175,9,0.8882506654949098
GSM4138122,350,0,0.8768543853060038
GSM4138122,350,1,0.8892603696577789
GSM4138122,350,2,0.8876363507839379
GSM4138122,350,3,0.8853354029648872
GSM4138122,350,4,0.8876304382134727
GSM4138122,350,5,0.8830330187396247
GSM4138122,350,6,0.881849495016081
GSM4138122,350,7,0.8847229520844425
GSM4138122,350,8,0.8817330061564137
GSM4138122,350,9,0.887330482573118
GSM4138123,475,0,0.6623787241451498
GSM4138123,475,1,0.6981401313340059
GSM4138123,475,2,0.6786078554646622
GSM4138123,475,3,0.6767557542084988
GSM4138123,475,4,0.6708271409791362
GSM4138123,475,5,0.6801700598026926
GSM4138123,475,6,0.672706567351236
GSM4138123,475,7,0.6934630387070629
GSM4138123,475,8,0.679847812695095
GSM4138123,475,9,0.6913160099925109
GSM4138128,175,0,0.881282187443181
GSM4138128,175,1,0.9105116341007307
GSM4138128,175,2,0.902987747377483
GSM4138128,175,3,0.8750192796455262
GSM4138128,175,4,0.8907146329906726
GSM4138128,175,5,0.9029257087280078
GSM4138128,175,6,0.8977099220442357
GSM4138128,175,7,0.9092203332317821
GSM4138128,175,8,0.8997399123533077
GSM4138128,175,9,0.900997042241559
GSM4138128,350,0,0.8896495908929339
GSM4138128,350,1,0.8856309479640663
GSM4138128,350,2,0.8838771914467289
GSM4138128,350,3,0.8841030894144695
GSM4138128,350,4,0.8932052026027794
GSM4138128,350,5,0.8862693983218041
GSM4138128,350,6,0.8795586348399125
GSM4138128,350,7,0.8884944855408878
GSM4138128,350,8,0.8889975342975395
GSM4138128,350,9,0.8892977658429606
GSM4138132,250,0,0.9305371383604832
GSM4138132,250,1,0.9386522224642749
GSM4138132,250,2,0.9272462262155355
GSM4138132,250,3,0.9276784115058976
GSM4138132,250,4,0.9472135665768331
GSM4138132,250,5,0.9309665564261731
GSM4138132,250,6,0.9291922265091185
GSM4138132,250,7,0.9292345266745564
GSM4138132,250,8,0.9391504763696288
GSM4138132,250,9,0.9287707226380657
GSM4138132,175,0,0.9454229853590246
GSM4138132,175,1,0.9399252585656253
GSM4138132,175,2,0.9345040469055763
GSM4138132,175,3,0.9397804238942663
GSM4138132,175,4,0.928214963970826
GSM4138132,175,5,0.9212445813427322
GSM4138132,175,6,0.9404735024017133
GSM4138132,175,7,0.9491220874444519
GSM4138132,175,8,0.945864294620925
GSM4138132,175,9,0.9427463989653535
GSM4138135,450,0,0.6780639951775684
GSM4138135,450,1,0.6814999359860272
GSM4138135,450,2,0.6865943320135908
GSM4138135,450,3,0.6799448734703413
GSM4138135,450,4,0.6714783384333702
GSM4138135,450,5,0.6898681768044646
GSM4138135,450,6,0.6735445440614933
GSM4138135,450,7,0.6776444546856883
GSM4138135,450,8,0.6866140480607097
GSM4138135,450,9,0.696418866644132
GSM4138137,400,0,0.7753869049831386
GSM4138137,400,1,0.7700378622034452
GSM4138137,400,2,0.7747940282344608
GSM4138137,400,3,0.7601011540277186
GSM4138137,400,4,0.7583817787995559
GSM4138137,400,5,0.7712065703496721
GSM4138137,400,6,0.7664306928082266
GSM4138137,400,7,0.7618591992577008
GSM4138137,400,8,0.767252029026416
GSM4138137,400,9,0.7689996742949339
GSM4138142,350,0,0.9211719181876865
GSM4138142,350,1,0.9038038425081041
GSM4138142,350,2,0.9083883626599649
GSM4138142,350,3,0.9173020207833648
GSM4138142,350,4,0.9207055851388888
GSM4138142,350,5,0.9107362833076128
GSM4138142,350,6,0.9112317681074527
GSM4138142,350,7,0.9040407578383555
GSM4138142,350,8,0.9013869326685203
GSM4138142,350,9,0.9064430260110364
GSM4138145,450,0,0.7094397665445404
GSM4138145,450,1,0.6995238215167536
GSM4138145,450,2,0.6999304123030627
GSM4138145,450,3,0.6981035699631387
GSM4138145,450,4,0.6835026241155493
GSM4138145,450,5,0.7042460329664819
GSM4138145,450,6,0.6935664896577516
GSM4138145,450,7,0.6995691437714584
GSM4138145,450,8,0.7058583599013968
GSM4138145,450,9,0.7023028611271689
GSM4138156,625,0,0.8877355165105493
GSM4138156,625,1,0.8862789641234496
GSM4138156,625,2,0.8863787849981901
GSM4138156,625,3,0.8843435801769188
GSM4138156,625,4,0.8865331331958859
GSM4138156,625,5,0.8819509409184635
GSM4138156,625,6,0.8972927911407047
GSM4138156,625,7,0.8841463625185595
GSM4138156,625,8,0.901692288794087
GSM4138156,625,9,0.8902137675292691
GSM4138160,225,0,0.881090420909678
GSM4138160,225,1,0.868006720122452
GSM4138160,225,2,0.8742104408225255
GSM4138160,225,3,0.8925414146844153
GSM4138160,225,4,0.8883035406606106
GSM4138160,225,5,0.8692123603897064
GSM4138160,225,6,0.8662476437093047
GSM4138160,225,7,0.8812049429676516
GSM4138160,225,8,0.8600507268688016
GSM4138160,225,9,0.8805126317582529
GSM4138162,175,0,0.8997433838873901
GSM4138162,175,1,0.9046370156683844
GSM4138162,175,2,0.887425253207724
GSM4138162,175,3,0.8983016572057672
GSM4138162,175,4,0.928995925758382
GSM4138162,175,5,0.9004961144217999
GSM4138162,175,6,0.8939337087135527
GSM4138162,175,7,0.8985280977629473
GSM4138162,175,8,0.9241868024205724
GSM4138162,175,9,0.9038724107633703
GSM4138110,500,0,0.9076147922948985
GSM4138110,500,1,0.9052373833606528
GSM4138110,500,2,0.9012440738272504
GSM4138110,500,3,0.9054291881859035
GSM4138110,500,4,0.903742005458692
GSM4138110,500,5,0.9026757021121674
GSM4138110,500,6,0.9046362972912156
GSM4138110,500,7,0.9041744338317272
GSM4138110,500,8,0.904392431018325
GSM4138110,500,9,0.9077411961297615
GSM4138112,275,0,0.8780614533096827
GSM4138112,275,1,0.8775163632321425
GSM4138112,275,2,0.8622145484754689
GSM4138112,275,3,0.879235760092744
GSM4138112,275,4,0.8893395393909186
GSM4138112,275,5,0.8782109301937854
GSM4138112,275,6,0.878944150849423
GSM4138112,275,7,0.8772249331714143
GSM4138112,275,8,0.8884177791771113
GSM4138112,275,9,0.8868714939387315
GSM4138116,550,0,0.9222559313830023
GSM4138116,550,1,0.9235183359770551
GSM4138116,550,2,0.9239525318215016
GSM4138116,550,3,0.9237608523608567
GSM4138116,550,4,0.9195705255407532
GSM4138116,550,5,0.9271330606971919
GSM4138116,550,6,0.9136686400973719
GSM4138116,550,7,0.9261435610114683
GSM4138116,550,8,0.9184630462873299
GSM4138116,550,9,0.9182965775813652
GSM4138116,75,0,0.9267993738420295
GSM4138116,75,1,0.9549179342203348
GSM4138116,75,2,0.9383522735049249
GSM4138116,75,3,0.9509451666400459
GSM4138116,75,4,0.9302859926985765
GSM4138116,75,5,0.9399475210739939
GSM4138116,75,6,0.9148327772430151
GSM4138116,75,7,0.9322545599011793
GSM4138116,75,8,0.9246681608179547
GSM4138116,75,9,0.9152335343981243
GSM4138122,450,0,0.8848346094258517
GSM4138122,450,1,0.8849059497048661
GSM4138122,450,2,0.8838185881178562
GSM4138122,450,3,0.8877189104991792
GSM4138122,450,4,0.8854115133550597
GSM4138122,450,5,0.8869477521858494
GSM4138122,450,6,0.8855909612192583
GSM4138122,450,7,0.8819167886156635
GSM4138122,450,8,0.8833002498990663
GSM4138122,450,9,0.8833734690840702
GSM4138126,500,0,0.9513780247623682
GSM4138126,500,1,0.9582239413388052
GSM4138126,500,2,0.9576691849596605
GSM4138126,500,3,0.959801581221868
GSM4138126,500,4,0.9498260537827146
GSM4138126,500,5,0.955465858051315
GSM4138126,500,6,0.9570533855062987
GSM4138126,500,7,0.9551453644482384
GSM4138126,500,8,0.957918494918095
GSM4138126,500,9,0.9567077370716184
GSM4138128,450,0,0.8869085160122101
GSM4138128,450,1,0.8906924834507336
GSM4138128,450,2,0.8859106762839309
GSM4138128,450,3,0.8861558207794061
GSM4138128,450,4,0.8846670466854814
GSM4138128,450,5,0.8829363778059889
GSM4138128,450,6,0.8841936824000148
GSM4138128,450,7,0.8843337709184245
GSM4138128,450,8,0.8849717010881242
GSM4138128,450,9,0.8779819375177447
GSM4138134,800,0,0.956433034839729
GSM4138134,800,1,0.9535195678897236
GSM4138134,800,2,0.9526327829013252
GSM4138134,800,3,0.9500701112486811
GSM4138134,800,4,0.9525938085456164
GSM4138134,800,5,0.9511304762270957
GSM4138134,800,6,0.9490037919322126
GSM4138134,800,7,0.9514856751360471
GSM4138134,800,8,0.9485117664619825
GSM4138134,800,9,0.9486880187420946
GSM4138134,125,0,0.9750404811140188
GSM4138134,125,1,0.963316010472286
GSM4138134,125,2,0.9772348386918391
GSM4138134,125,3,0.953106749971266
GSM4138134,125,4,0.9559691691011517
GSM4138134,125,5,0.9571923924237254
GSM4138134,125,6,0.9686191741683791
GSM4138134,125,7,0.9713220448363509
GSM4138134,125,8,0.9743220078419911
GSM4138134,125,9,0.9649118258854937
GSM4138136,75,0,0.9414117209128053
GSM4138136,75,1,0.9427473915135377
GSM4138136,75,2,0.9369783709591655
GSM4138136,75,3,0.959143251414022
GSM4138136,75,4,0.9093468236214134
GSM4138136,75,5,0.9152846359537604
GSM4138136,75,6,0.9461309101631289
GSM4138136,75,7,0.9515618091181034
GSM4138136,75,8,0.9540967792210958
GSM4138136,75,9,0.9339096785142064
GSM4138141,375,0,0.7146840458429449
GSM4138141,375,1,0.725243772422066
GSM4138141,375,2,0.722912212428952
GSM4138141,375,3,0.7262191918735919
GSM4138141,375,4,0.7182202027221374
GSM4138141,375,5,0.7167520737773442
GSM4138141,375,6,0.7371074393835212
GSM4138141,375,7,0.736550730959431
GSM4138141,375,8,0.7272311106250203
GSM4138141,375,9,0.7215906142448724
GSM4138142,75,0,0.946132528877719
GSM4138142,75,1,0.9359914000584345
GSM4138142,75,2,0.9425383412870918
GSM4138142,75,3,0.9297391494247169
GSM4138142,75,4,0.9340949273087531
GSM4138142,75,5,0.9242164756079008
GSM4138142,75,6,0.9423452778737714
GSM4138142,75,7,0.9074626663240437
GSM4138142,75,8,0.968581145673626
GSM4138142,75,9,0.9433838299744818
GSM4138146,375,0,0.8893138381511743
GSM4138146,375,1,0.8897732126288629
GSM4138146,375,2,0.8858023716798866
GSM4138146,375,3,0.8857883765433723
GSM4138146,375,4,0.8880407779382671
GSM4138146,375,5,0.8904055739589417
GSM4138146,375,6,0.8877029709062009
GSM4138146,375,7,0.8926171931410875
GSM4138146,375,8,0.8861053882443463
GSM4138146,375,9,0.8920218429127947
GSM4138154,125,0,0.8449267062233198
GSM4138154,125,1,0.8380774570142533
GSM4138154,125,2,0.8448292023737529
GSM4138154,125,3,0.830519939688889
GSM4138154,125,4,0.8276542379077064
GSM4138154,125,5,0.8275834379797025
GSM4138154,125,6,0.8285936467609928
GSM4138154,125,7,0.8468671386606089
GSM4138154,125,8,0.8546094697959012
GSM4138154,125,9,0.8196029080773684
GSM4138155,375,0,0.6136952874364672
GSM4138155,375,1,0.6042236740578824
GSM4138155,375,2,0.5806838898513939
GSM4138155,375,3,0.612256227446073
GSM4138155,375,4,0.6072563613471317
GSM4138155,375,5,0.6050028129950762
GSM4138155,375,6,0.5772281646116075
GSM4138155,375,7,0.5803740847504935
GSM4138155,375,8,0.601889177376394
GSM4138155,375,9,0.5897428570523199
GSM4138156,375,0,0.8915403385801427
GSM4138156,375,1,0.8840854038220322
GSM4138156,375,2,0.8854367916432554
GSM4138156,375,3,0.8942465746859474
GSM4138156,375,4,0.8867713675301993
GSM4138156,375,5,0.8854342915944139
GSM4138156,375,6,0.8827584836750861
GSM4138156,375,7,0.8828745424990855
GSM4138156,375,8,0.8937641968626205
GSM4138156,375,9,0.8885784043452921
GSM4138161,250,0,0.6870623353546794
GSM4138161,250,1,0.6915630579191169
GSM4138161,250,2,0.7029900149243768
GSM4138161,250,3,0.6897601876108439
GSM4138161,250,4,0.6924550807417271
GSM4138161,250,5,0.684374187251249
GSM4138161,250,6,0.7014364234293802
GSM4138161,250,7,0.6884250533394688
GSM4138161,250,8,0.6794991760363556
GSM4138161,250,9,0.6987283168426748
GSM4138112,325,0,0.8785969525381041
GSM4138112,325,1,0.8781370175027489
GSM4138112,325,2,0.867597312127848
GSM4138112,325,3,0.8778650282852372
GSM4138112,325,4,0.8753633700964024
GSM4138112,325,5,0.876815935436032
GSM4138112,325,6,0.8858385622881946
GSM4138112,325,7,0.8857135970854211
GSM4138112,325,8,0.8716012191362207
GSM4138112,325,9,0.8784001034473627
GSM4138120,200,0,0.8466592406272802
GSM4138120,200,1,0.8680267670752941
GSM4138120,200,2,0.8509020298214964
GSM4138120,200,3,0.8579626981928675
GSM4138120,200,4,0.8559180444184885
GSM4138120,200,5,0.8408191676912027
GSM4138120,200,6,0.8373921122334305
GSM4138120,200,7,0.8768589395122701
GSM4138120,200,8,0.8554168363354362
GSM4138120,200,9,0.8787683253214733
GSM4138123,400,0,0.6732468741152675
GSM4138123,400,1,0.6801619586439268
GSM4138123,400,2,0.6883590595838236
GSM4138123,400,3,0.6749299495944232
GSM4138123,400,4,0.6752833142386834
GSM4138123,400,5,0.6743532961997583
GSM4138123,400,6,0.6820884285859066
GSM4138123,400,7,0.6791069118395556
GSM4138123,400,8,0.6770832153065077
GSM4138123,400,9,0.681276210113581
GSM4138132,425,0,0.9275363445036494
GSM4138132,425,1,0.9355390495379425
GSM4138132,425,2,0.9408252937013293
GSM4138132,425,3,0.9358696341683237
GSM4138132,425,4,0.9319425875175071
GSM4138132,425,5,0.9426486638059187
GSM4138132,425,6,0.9331227294676756
GSM4138132,425,7,0.9378923978225363
GSM4138132,425,8,0.9425614124345272
GSM4138132,425,9,0.9341469525544679
GSM4138134,850,0,0.9420618987603178
GSM4138134,850,1,0.9536029387265459
GSM4138134,850,2,0.9480224432449087
GSM4138134,850,3,0.9480660600303684
GSM4138134,850,4,0.9541779888559643
GSM4138134,850,5,0.9511460398945146
GSM4138134,850,6,0.954906165815558
GSM4138134,850,7,0.9570349181539523
GSM4138134,850,8,0.9520663340036863
GSM4138134,850,9,0.9504525562680718
GSM4138136,100,0,0.9342294963013987
GSM4138136,100,1,0.8968863191767749
GSM4138136,100,2,0.9523382677477767
GSM4138136,100,3,0.9389815111165333
GSM4138136,100,4,0.9370350677433491
GSM4138136,100,5,0.9336879600496064
GSM4138136,100,6,0.9334333476869708
GSM4138136,100,7,0.9328663066556124
GSM4138136,100,8,0.9228380858376968
GSM4138136,100,9,0.9339880450291158
GSM4138138,150,0,0.910036081985092
GSM4138138,150,1,0.9064406308976574
GSM4138138,150,2,0.9167274202876512
GSM4138138,150,3,0.898464941695531
GSM4138138,150,4,0.9069696472454206
GSM4138138,150,5,0.899529788857275
GSM4138138,150,6,0.9049952014849777
GSM4138138,150,7,0.9047603484772436
GSM4138138,150,8,0.8822034614841904
GSM4138138,150,9,0.9116473651429589
GSM4138140,100,0,0.946663024073184
GSM4138140,100,1,0.9381025412568547
GSM4138140,100,2,0.9105790979492704
GSM4138140,100,3,0.944479006693126
GSM4138140,100,4,0.9589730117409974
GSM4138140,100,5,0.9300852320401318
GSM4138140,100,6,0.9092456710736434
GSM4138140,100,7,0.9530786821950902
GSM4138140,100,8,0.9209067604280675
GSM4138140,100,9,0.9342499878734604
GSM4138142,100,0,0.9349710539056159
GSM4138142,100,1,0.9208295571153985
GSM4138142,100,2,0.9202275783098877
GSM4138142,100,3,0.9371246964711244
GSM4138142,100,4,0.9304236620765279
GSM4138142,100,5,0.9435424825470691
GSM4138142,100,6,0.9263572778388053
GSM4138142,100,7,0.958357608011563
GSM4138142,100,8,0.9335931573074845
GSM4138142,100,9,0.9195989879897855
GSM4138146,425,0,0.8868902332006917
GSM4138146,425,1,0.8888323052021319
GSM4138146,425,2,0.8856173780655545
GSM4138146,425,3,0.8876509211515664
GSM4138146,425,4,0.8868335558278968
GSM4138146,425,5,0.8936491158048038
GSM4138146,425,6,0.8858453126520928
GSM4138146,425,7,0.8954864456396712
GSM4138146,425,8,0.8914995750786897
GSM4138146,425,9,0.8900257802451794
GSM4138156,700,0,0.8824090763394906
GSM4138156,700,1,0.8958474717774143
GSM4138156,700,2,0.8859990470481024
GSM4138156,700,3,0.8944648581764738
GSM4138156,700,4,0.8872708758219706
GSM4138156,700,5,0.8837562721496628
GSM4138156,700,6,0.8964820236254144
GSM4138156,700,7,0.8856109008466403
GSM4138156,700,8,0.8854191123264212
GSM4138156,700,9,0.8824490814036101
GSM4138165,350,0,0.9015767299932466
GSM4138165,350,1,0.8961818607559983
GSM4138165,350,2,0.8937382521683509
GSM4138165,350,3,0.8967394266292851
GSM4138165,350,4,0.8983236275768824
GSM4138165,350,5,0.8958713166058029
GSM4138165,350,6,0.8989941041346398
GSM4138165,350,7,0.8947047686109404
GSM4138165,350,8,0.8944457963882992
GSM4138165,350,9,0.8918951099068017
GSM4138166,400,0,0.8899823548447973
GSM4138166,400,1,0.8936960121877638
GSM4138166,400,2,0.8951123661651618
GSM4138166,400,3,0.8860315585730871
GSM4138166,400,4,0.8900586709714703
GSM4138166,400,5,0.8910815807437154
GSM4138166,400,6,0.8904474431449061
GSM4138166,400,7,0.8881955358550027
GSM4138166,400,8,0.8897475725045959
GSM4138166,400,9,0.8939341134705758
