sample,K,gep,label,label_kind,ROGUE,n_cells,baseline_ROGUE,delta_ROGUE,recommendation
GSM4138110,3,1,Ambiguous/Mixed,ambiguous,0.9114773114976726,629,,,ambiguous
GSM4138110,3,3,Ambiguous/Mixed,ambiguous,0.9555193703185515,21,,,ambiguous
GSM4138111,3,1,Ambiguous/Mixed,ambiguous,0.766802226791379,176,,,ambiguous
GSM4138111,3,2,Ambiguous/Mixed,ambiguous,0.6958492287170717,197,,,ambiguous
GSM4138111,3,3,Ambiguous/Mixed,ambiguous,0.7452902075852744,75,,,ambiguous
GSM4138112,3,1,Ambiguous/Mixed,ambiguous,0.891575734297846,356,,,ambiguous
GSM4138112,3,3,Ambiguous/Mixed,ambiguous,0.9672228106134714,26,,,ambiguous
GSM4138113,3,1,Ambiguous/Mixed,ambiguous,0.8064528192081646,103,,,ambiguous
GSM4138113,3,2,Ambiguous/Mixed,ambiguous,0.7763458870311577,54,,,ambiguous
GSM4138113,3,3,Ambiguous/Mixed,ambiguous,0.7622109130848536,42,,,ambiguous
GSM4138114,3,1,Ambiguous/Mixed,ambiguous,0.8769103836005709,353,,,ambiguous
GSM4138115,3,1,Ambiguous/Mixed,ambiguous,0.8828191141448248,76,,,ambiguous
GSM4138115,3,2,Ambiguous/Mixed,ambiguous,0.7586296138336767,126,,,ambiguous
GSM4138115,3,3,Ambiguous/Mixed,ambiguous,0.9675141596311382,24,,,ambiguous
GSM4138116,3,1,Ambiguous/Mixed,ambiguous,0.9218872648235008,704,,,ambiguous
GSM4138117,3,1,Ambiguous/Mixed,ambiguous,0.7928789119410289,185,,,ambiguous
GSM4138117,3,2,Ambiguous/Mixed,ambiguous,0.7209903833691957,207,,,ambiguous
GSM4138117,3,3,Ambiguous/Mixed,ambiguous,0.9355094590429337,17,,,ambiguous
GSM4138118,3,1,Ambiguous/Mixed,ambiguous,0.8770768667778066,292,,,ambiguous
GSM4138119,3,1,Ambiguous/Mixed,ambiguous,0.9135265429330045,50,,,ambiguous
GSM4138119,3,2,Ambiguous/Mixed,ambiguous,0.6787229440240936,79,,,ambiguous
GSM4138120,3,1,Ambiguous/Mixed,ambiguous,0.8473820463215724,609,,,ambiguous
GSM4138121,3,1,Ambiguous/Mixed,ambiguous,0.905104533409425,52,,,ambiguous
GSM4138121,3,2,Ambiguous/Mixed,ambiguous,0.6376931419768164,152,,,ambiguous
GSM4138121,3,3,Ambiguous/Mixed,ambiguous,0.9663704271892041,18,,,ambiguous
GSM4138122,3,1,Ambiguous/Mixed,ambiguous,0.8814912149219919,545,,,ambiguous
GSM4138122,3,3,Ambiguous/Mixed,ambiguous,0.9782659584116306,20,,,ambiguous
GSM4138123,3,1,Ambiguous/Mixed,ambiguous,0.9052040801701687,36,,,ambiguous
GSM4138123,3,2,Ambiguous/Mixed,ambiguous,0.6751828155143952,605,,,ambiguous
GSM4138123,3,3,Ambiguous/Mixed,ambiguous,0.922462488991559,54,,,ambiguous
GSM4138124,3,1,Ambiguous/Mixed,ambiguous,0.915608488781229,341,,,ambiguous
GSM4138125,3,1,Ambiguous/Mixed,ambiguous,0.8050800343817472,177,,,ambiguous
GSM4138125,3,2,Ambiguous/Mixed,ambiguous,0.7244542015210268,418,,,ambiguous
GSM4138126,3,1,Ambiguous/Mixed,ambiguous,0.9529039457285877,758,,,ambiguous
GSM4138127,3,1,Ambiguous/Mixed,ambiguous,0.8971460432891596,170,,,ambiguous
GSM4138127,3,2,Ambiguous/Mixed,ambiguous,0.7322231330726069,332,,,ambiguous
GSM4138127,3,3,Ambiguous/Mixed,ambiguous,0.9217204179375714,33,,,ambiguous
GSM4138128,3,1,Ambiguous/Mixed,ambiguous,0.8814912149219919,545,,,ambiguous
GSM4138128,3,3,Ambiguous/Mixed,ambiguous,0.9782659584116306,20,,,ambiguous
GSM4138129,3,1,Ambiguous/Mixed,ambiguous,0.8099710882886093,107,,,ambiguous
GSM4138129,3,2,Ambiguous/Mixed,ambiguous,0.7419695109169989,181,,,ambiguous
GSM4138129,3,3,Ambiguous/Mixed,ambiguous,0.9244986976218579,30,,,ambiguous
GSM4138130,3,1,Ambiguous/Mixed,ambiguous,0.9192650063799177,586,,,ambiguous
GSM4138130,3,3,Ambiguous/Mixed,ambiguous,0.9639490407838097,19,,,ambiguous
GSM4138131,3,1,Ambiguous/Mixed,ambiguous,0.8596114669725747,146,,,ambiguous
GSM4138131,3,2,Ambiguous/Mixed,ambiguous,0.6797097895879648,571,,,ambiguous
GSM4138131,3,3,Ambiguous/Mixed,ambiguous,0.8983656584162234,114,,,ambiguous
GSM4138132,3,1,Ambiguous/Mixed,ambiguous,0.93497175799228,644,,,ambiguous
GSM4138133,3,1,Ambiguous/Mixed,ambiguous,0.8490123201432067,103,,,ambiguous
GSM4138133,3,2,Ambiguous/Mixed,ambiguous,0.7492294064145144,264,,,ambiguous
GSM4138133,3,3,Ambiguous/Mixed,ambiguous,0.8844253085509738,29,,,ambiguous
GSM4138134,3,1,Ambiguous/Mixed,ambiguous,0.9561562126178971,1213,,,ambiguous
GSM4138134,3,3,Ambiguous/Mixed,ambiguous,0.9856991785152992,15,,,ambiguous
GSM4138135,3,1,Ambiguous/Mixed,ambiguous,0.8932910138583363,148,,,ambiguous
GSM4138135,3,2,Ambiguous/Mixed,ambiguous,0.6673511031814827,786,,,ambiguous
GSM4138135,3,3,Ambiguous/Mixed,ambiguous,0.9571196660778339,22,,,ambiguous
GSM4138136,3,1,Ambiguous/Mixed,ambiguous,0.897545671138613,641,,,ambiguous
GSM4138137,3,1,Ambiguous/Mixed,ambiguous,0.8997490768177377,133,,,ambiguous
GSM4138137,3,2,Ambiguous/Mixed,ambiguous,0.7459842126713978,639,,,ambiguous
GSM4138138,3,1,Ambiguous/Mixed,ambiguous,0.8861204739979011,577,,,ambiguous
GSM4138139,3,1,Ambiguous/Mixed,ambiguous,0.7907311433152985,191,,,ambiguous
GSM4138139,3,2,Ambiguous/Mixed,ambiguous,0.630336763720311,544,,,ambiguous
GSM4138139,3,3,Ambiguous/Mixed,ambiguous,0.9516788264807273,33,,,ambiguous
GSM4138140,3,1,Ambiguous/Mixed,ambiguous,0.9072145288378533,702,,,ambiguous
GSM4138141,3,1,Ambiguous/Mixed,ambiguous,0.8641866881544171,325,,,ambiguous
GSM4138141,3,2,Ambiguous/Mixed,ambiguous,0.6936634823779799,281,,,ambiguous
GSM4138141,3,3,Ambiguous/Mixed,ambiguous,0.8874271088835952,87,,,ambiguous
GSM4138142,3,1,Ambiguous/Mixed,ambiguous,0.9089434586896139,690,,,ambiguous
GSM4138143,3,1,Ambiguous/Mixed,ambiguous,0.799102983380791,219,,,ambiguous
GSM4138143,3,2,Ambiguous/Mixed,ambiguous,0.7196039495451355,210,,,ambiguous
GSM4138143,3,3,Ambiguous/Mixed,ambiguous,0.9151120997890876,54,,,ambiguous
GSM4138144,3,1,Ambiguous/Mixed,ambiguous,0.8498831569088204,298,,,ambiguous
GSM4138145,3,1,Ambiguous/Mixed,ambiguous,0.7790433356312647,332,,,ambiguous
GSM4138145,3,2,Ambiguous/Mixed,ambiguous,0.7246384350585988,245,,,ambiguous
GSM4138145,3,3,Ambiguous/Mixed,ambiguous,0.9120040082451933,56,,,ambiguous
GSM4138146,3,1,Ambiguous/Mixed,ambiguous,0.8890286325827184,461,,,ambiguous
GSM4138147,3,1,Ambiguous/Mixed,ambiguous,0.9577270165846237,17,,,ambiguous
GSM4138147,3,2,Ambiguous/Mixed,ambiguous,0.798178831867252,19,,,ambiguous
GSM4138147,3,3,Ambiguous/Mixed,ambiguous,0.925292417692126,32,,,ambiguous
GSM4138148,3,1,Ambiguous/Mixed,ambiguous,0.848786243228475,178,,,ambiguous
GSM4138149,3,2,Ambiguous/Mixed,ambiguous,0.8934852676294477,30,,,ambiguous
GSM4138150,3,1,Ambiguous/Mixed,ambiguous,0.897909786957394,190,,,ambiguous
GSM4138151,3,1,Ambiguous/Mixed,ambiguous,0.9847786378006826,18,,,ambiguous
GSM4138151,3,3,Ambiguous/Mixed,ambiguous,0.9738475571395456,17,,,ambiguous
GSM4138152,3,1,Ambiguous/Mixed,ambiguous,0.8568259520075167,462,,,ambiguous
GSM4138153,3,1,Ambiguous/Mixed,ambiguous,0.8741725965716558,31,,,ambiguous
GSM4138153,3,2,Ambiguous/Mixed,ambiguous,0.7573822990439627,48,,,ambiguous
GSM4138154,3,1,Ambiguous/Mixed,ambiguous,0.828703408821198,358,,,ambiguous
GSM4138155,3,1,Ambiguous/Mixed,ambiguous,0.7871483425758936,205,,,ambiguous
GSM4138155,3,2,Ambiguous/Mixed,ambiguous,0.5919472680571591,502,,,ambiguous
GSM4138155,3,3,Ambiguous/Mixed,ambiguous,0.9068377231980147,59,,,ambiguous
GSM4138156,3,1,Ambiguous/Mixed,ambiguous,0.8963045395859952,922,,,ambiguous
GSM4138156,3,3,Ambiguous/Mixed,ambiguous,0.9577040896667335,16,,,ambiguous
GSM4138157,3,1,Ambiguous/Mixed,ambiguous,0.8810911134272981,75,,,ambiguous
GSM4138157,3,2,Ambiguous/Mixed,ambiguous,0.7155480902783415,123,,,ambiguous
GSM4138157,3,3,Ambiguous/Mixed,ambiguous,0.9802785497881232,23,,,ambiguous
GSM4138158,3,1,Ambiguous/Mixed,ambiguous,0.8955717529007992,278,,,ambiguous
GSM4138159,3,1,Ambiguous/Mixed,ambiguous,0.8318490226971791,62,,,ambiguous
GSM4138159,3,2,Ambiguous/Mixed,ambiguous,0.7326646747267873,100,,,ambiguous
GSM4138160,3,1,Ambiguous/Mixed,ambiguous,0.8981459733199194,486,,,ambiguous
GSM4138160,3,3,Ambiguous/Mixed,ambiguous,0.980833886723325,23,,,ambiguous
GSM4138161,3,1,Ambiguous/Mixed,ambiguous,0.790917024580946,162,,,ambiguous
GSM4138161,3,2,Ambiguous/Mixed,ambiguous,0.6757883581467505,223,,,ambiguous
GSM4138161,3,3,Ambiguous/Mixed,ambiguous,0.8273749696816828,117,,,ambiguous
GSM4138162,3,1,Ambiguous/Mixed,ambiguous,0.8911671709487927,485,,,ambiguous
GSM4138162,3,3,Ambiguous/Mixed,ambiguous,0.9897606953288196,17,,,ambiguous
GSM4138163,3,1,Ambiguous/Mixed,ambiguous,0.9072704819130132,424,,,ambiguous
GSM4138163,3,3,Ambiguous/Mixed,ambiguous,0.9858316108356697,17,,,ambiguous
GSM4138164,3,1,Ambiguous/Mixed,ambiguous,0.8359159780743531,156,,,ambiguous
GSM4138165,3,1,Ambiguous/Mixed,ambiguous,0.8949850658164404,437,,,ambiguous
GSM4138166,3,1,Ambiguous/Mixed,ambiguous,0.8867922994795233,468,,,ambiguous
GSM4138167,3,1,Ambiguous/Mixed,ambiguous,0.8846051573624987,342,,,ambiguous
GSM4138168,3,3,Ambiguous/Mixed,ambiguous,0.9457890908623999,20,,,ambiguous
GSM4138170,3,2,Ambiguous/Mixed,ambiguous,0.9566400442476745,22,,,ambiguous
GSM4138171,3,1,Ambiguous/Mixed,ambiguous,0.9864726800207587,19,,,ambiguous
GSM4138171,3,2,Ambiguous/Mixed,ambiguous,0.9836274240491337,16,,,ambiguous
GSM4138172,3,1,Ambiguous/Mixed,ambiguous,0.9151972197012069,20,,,ambiguous
GSM4138172,3,2,Ambiguous/Mixed,ambiguous,0.9640855562841814,21,,,ambiguous
GSM4138110,4,1,Ambiguous/Mixed,ambiguous,0.9114773114976726,629,,,ambiguous
GSM4138110,4,3,Ambiguous/Mixed,ambiguous,0.9555193703185515,21,,,ambiguous
GSM4138111,4,1,Ambiguous/Mixed,ambiguous,0.7760994271060138,164,,,ambiguous
GSM4138111,4,2,Ambiguous/Mixed,ambiguous,0.6619991121866347,204,,,ambiguous
GSM4138111,4,3,Ambiguous/Mixed,ambiguous,0.7690406718982319,72,,,ambiguous
GSM4138112,4,1,Ambiguous/Mixed,ambiguous,0.891575734297846,356,,,ambiguous
GSM4138112,4,3,Ambiguous/Mixed,ambiguous,0.9670409840078681,25,,,ambiguous
GSM4138113,4,1,Ambiguous/Mixed,ambiguous,0.801947329052001,100,,,ambiguous
GSM4138113,4,2,Ambiguous/Mixed,ambiguous,0.7673833069220581,58,,,ambiguous
GSM4138113,4,3,Ambiguous/Mixed,ambiguous,0.7785771275833526,38,,,ambiguous
GSM4138114,4,1,Ambiguous/Mixed,ambiguous,0.8769103836005709,353,,,ambiguous
GSM4138115,4,1,Ambiguous/Mixed,ambiguous,0.9531140888048011,48,,,ambiguous
GSM4138115,4,2,Ambiguous/Mixed,ambiguous,0.7578281537562463,136,,,ambiguous
GSM4138115,4,3,Ambiguous/Mixed,ambiguous,0.96780551371186,20,,,ambiguous
GSM4138116,4,1,Ambiguous/Mixed,ambiguous,0.9218872648235008,704,,,ambiguous
GSM4138117,4,1,Ambiguous/Mixed,ambiguous,0.7958957226155612,172,,,ambiguous
GSM4138117,4,2,Ambiguous/Mixed,ambiguous,0.7376796022416674,201,,,ambiguous
GSM4138117,4,3,Ambiguous/Mixed,ambiguous,0.9528621852287787,15,,,ambiguous
GSM4138118,4,1,Ambiguous/Mixed,ambiguous,0.8770768667778066,292,,,ambiguous
GSM4138119,4,1,Ambiguous/Mixed,ambiguous,0.8297091806071449,54,,,ambiguous
GSM4138119,4,2,Ambiguous/Mixed,ambiguous,0.7009394199228562,67,,,ambiguous
GSM4138119,4,4,Ambiguous/Mixed,ambiguous,0.9435657192702678,15,,,ambiguous
GSM4138120,4,1,Ambiguous/Mixed,ambiguous,0.8473820463215724,609,,,ambiguous
GSM4138121,4,1,Ambiguous/Mixed,ambiguous,0.9031128454013131,52,,,ambiguous
GSM4138121,4,2,Ambiguous/Mixed,ambiguous,0.7187614338200496,71,,,ambiguous
GSM4138121,4,3,Ambiguous/Mixed,ambiguous,0.9625272091273236,19,,,ambiguous
GSM4138121,4,4,Ambiguous/Mixed,ambiguous,0.7445859251945723,94,,,ambiguous
GSM4138122,4,1,Ambiguous/Mixed,ambiguous,0.8814912149219919,545,,,ambiguous
GSM4138122,4,3,Ambiguous/Mixed,ambiguous,0.9782659584116306,20,,,ambiguous
GSM4138123,4,1,Ambiguous/Mixed,ambiguous,0.974365667312414,36,,,ambiguous
GSM4138123,4,2,Ambiguous/Mixed,ambiguous,0.6949658237879408,569,,,ambiguous
GSM4138123,4,3,Ambiguous/Mixed,ambiguous,0.9398560040556583,51,,,ambiguous
GSM4138123,4,4,Ambiguous/Mixed,ambiguous,0.861326954109911,40,,,ambiguous
GSM4138124,4,1,Ambiguous/Mixed,ambiguous,0.915608488781229,341,,,ambiguous
GSM4138125,4,1,Ambiguous/Mixed,ambiguous,0.7955198582868301,184,,,ambiguous
GSM4138125,4,2,Ambiguous/Mixed,ambiguous,0.7244348430354086,405,,,ambiguous
GSM4138126,4,1,Ambiguous/Mixed,ambiguous,0.9529039457285877,758,,,ambiguous
GSM4138127,4,1,Ambiguous/Mixed,ambiguous,0.846125010010763,188,,,ambiguous
GSM4138127,4,2,Ambiguous/Mixed,ambiguous,0.7233046292213674,189,,,ambiguous
GSM4138127,4,3,Ambiguous/Mixed,ambiguous,0.9217204179375714,33,,,ambiguous
GSM4138127,4,4,Ambiguous/Mixed,ambiguous,0.7835737473344919,142,,,ambiguous
GSM4138128,4,1,Ambiguous/Mixed,ambiguous,0.8814912149219919,545,,,ambiguous
GSM4138128,4,3,Ambiguous/Mixed,ambiguous,0.9782659584116306,20,,,ambiguous
GSM4138129,4,1,Ambiguous/Mixed,ambiguous,0.8353152713676549,110,,,ambiguous
GSM4138129,4,2,Ambiguous/Mixed,ambiguous,0.7644823723540994,151,,,ambiguous
GSM4138129,4,3,Ambiguous/Mixed,ambiguous,0.9736965042063906,27,,,ambiguous
GSM4138129,4,4,Ambiguous/Mixed,ambiguous,0.8606186214350756,40,,,ambiguous
GSM4138130,4,1,Ambiguous/Mixed,ambiguous,0.9156188827213053,587,,,ambiguous
GSM4138130,4,3,Ambiguous/Mixed,ambiguous,0.9639490407838097,19,,,ambiguous
GSM4138131,4,1,Ambiguous/Mixed,ambiguous,0.8704700604037489,157,,,ambiguous
GSM4138131,4,2,Ambiguous/Mixed,ambiguous,0.7058842857983468,480,,,ambiguous
GSM4138131,4,3,Ambiguous/Mixed,ambiguous,0.8971855593128172,114,,,ambiguous
GSM4138131,4,4,Ambiguous/Mixed,ambiguous,0.7801596440085354,124,,,ambiguous
GSM4138132,4,1,Ambiguous/Mixed,ambiguous,0.93497175799228,644,,,ambiguous
GSM4138133,4,1,Ambiguous/Mixed,ambiguous,0.9281825516355459,75,,,ambiguous
GSM4138133,4,2,Ambiguous/Mixed,ambiguous,0.7358222265274604,264,,,ambiguous
GSM4138133,4,3,Ambiguous/Mixed,ambiguous,0.9840886463775538,22,,,ambiguous
GSM4138134,4,1,Ambiguous/Mixed,ambiguous,0.9551895690151568,1215,,,ambiguous
GSM4138134,4,3,Ambiguous/Mixed,ambiguous,0.9856991785152992,15,,,ambiguous
GSM4138135,4,1,Ambiguous/Mixed,ambiguous,0.9058577512569856,171,,,ambiguous
GSM4138135,4,2,Ambiguous/Mixed,ambiguous,0.7258693103729387,564,,,ambiguous
GSM4138135,4,3,Ambiguous/Mixed,ambiguous,0.9592348250153161,19,,,ambiguous
GSM4138135,4,4,Ambiguous/Mixed,ambiguous,0.7575918664267036,265,,,ambiguous
GSM4138136,4,1,Ambiguous/Mixed,ambiguous,0.897545671138613,641,,,ambiguous
GSM4138137,4,1,Ambiguous/Mixed,ambiguous,0.8844784783018877,159,,,ambiguous
GSM4138137,4,2,Ambiguous/Mixed,ambiguous,0.7579628570338426,514,,,ambiguous
GSM4138137,4,4,Ambiguous/Mixed,ambiguous,0.8103243804214839,192,,,ambiguous
GSM4138138,4,1,Ambiguous/Mixed,ambiguous,0.8861204739979011,577,,,ambiguous
GSM4138139,4,1,Ambiguous/Mixed,ambiguous,0.8206976709189738,200,,,ambiguous
GSM4138139,4,2,Ambiguous/Mixed,ambiguous,0.7101796392059474,389,,,ambiguous
GSM4138139,4,3,Ambiguous/Mixed,ambiguous,0.9716409059383292,26,,,ambiguous
GSM4138139,4,4,Ambiguous/Mixed,ambiguous,0.8150162369859284,173,,,ambiguous
GSM4138140,4,1,Ambiguous/Mixed,ambiguous,0.9072145288378533,702,,,ambiguous
GSM4138141,4,1,Ambiguous/Mixed,ambiguous,0.8470740579803502,326,,,ambiguous
GSM4138141,4,2,Ambiguous/Mixed,ambiguous,0.719142759319678,264,,,ambiguous
GSM4138141,4,3,Ambiguous/Mixed,ambiguous,0.8954011728893709,80,,,ambiguous
GSM4138141,4,4,Ambiguous/Mixed,ambiguous,0.9343077524427869,25,,,ambiguous
GSM4138142,4,1,Ambiguous/Mixed,ambiguous,0.9089434586896139,690,,,ambiguous
GSM4138143,4,1,Ambiguous/Mixed,ambiguous,0.8208159747328546,185,,,ambiguous
GSM4138143,4,2,Ambiguous/Mixed,ambiguous,0.7298013931077686,238,,,ambiguous
GSM4138143,4,3,Ambiguous/Mixed,ambiguous,0.9202665442833279,49,,,ambiguous
GSM4138144,4,1,Ambiguous/Mixed,ambiguous,0.8498831569088204,298,,,ambiguous
GSM4138145,4,1,Ambiguous/Mixed,ambiguous,0.7829054386820119,315,,,ambiguous
GSM4138145,4,2,Ambiguous/Mixed,ambiguous,0.7251709803540143,213,,,ambiguous
GSM4138145,4,3,Ambiguous/Mixed,ambiguous,0.9263778626574697,48,,,ambiguous
GSM4138145,4,4,Ambiguous/Mixed,ambiguous,0.9155345612277795,50,,,ambiguous
GSM4138146,4,1,Ambiguous/Mixed,ambiguous,0.8890286325827184,461,,,ambiguous
GSM4138147,4,2,Ambiguous/Mixed,ambiguous,0.8619349376671225,24,,,ambiguous
GSM4138147,4,3,Ambiguous/Mixed,ambiguous,0.925292417692126,32,,,ambiguous
GSM4138148,4,1,Ambiguous/Mixed,ambiguous,0.8491981528274695,179,,,ambiguous
GSM4138149,4,2,Ambiguous/Mixed,ambiguous,0.8805888009467954,29,,,ambiguous
GSM4138150,4,1,Ambiguous/Mixed,ambiguous,0.897909786957394,190,,,ambiguous
GSM4138151,4,1,Ambiguous/Mixed,ambiguous,0.9805591382003187,15,,,ambiguous
GSM4138151,4,2,Ambiguous/Mixed,ambiguous,0.9865825014227227,15,,,ambiguous
GSM4138151,4,3,Ambiguous/Mixed,ambiguous,0.9891966018729946,16,,,ambiguous
GSM4138152,4,1,Ambiguous/Mixed,ambiguous,0.8615241308228656,461,,,ambiguous
GSM4138153,4,1,Ambiguous/Mixed,ambiguous,0.9395882162049336,28,,,ambiguous
GSM4138153,4,2,Ambiguous/Mixed,ambiguous,0.8016620421501865,45,,,ambiguous
GSM4138154,4,1,Ambiguous/Mixed,ambiguous,0.8401348047358669,356,,,ambiguous
GSM4138155,4,1,Ambiguous/Mixed,ambiguous,0.794038706042747,217,,,ambiguous
GSM4138155,4,2,Ambiguous/Mixed,ambiguous,0.6637002623353289,354,,,ambiguous
GSM4138155,4,3,Ambiguous/Mixed,ambiguous,0.8977913208737531,57,,,ambiguous
GSM4138155,4,4,Ambiguous/Mixed,ambiguous,0.7323332519079839,167,,,ambiguous
GSM4138156,4,1,Ambiguous/Mixed,ambiguous,0.896145116018356,920,,,ambiguous
GSM4138156,4,3,Ambiguous/Mixed,ambiguous,0.9539837451128743,15,,,ambiguous
GSM4138157,4,1,Ambiguous/Mixed,ambiguous,0.8808765361210058,71,,,ambiguous
GSM4138157,4,2,Ambiguous/Mixed,ambiguous,0.8106937503232029,105,,,ambiguous
GSM4138157,4,3,Ambiguous/Mixed,ambiguous,0.9469015608814682,19,,,ambiguous
GSM4138157,4,4,Ambiguous/Mixed,ambiguous,0.8984363393935156,28,,,ambiguous
GSM4138158,4,1,Ambiguous/Mixed,ambiguous,0.8953909489090076,277,,,ambiguous
GSM4138159,4,1,Ambiguous/Mixed,ambiguous,0.9241018691146561,56,,,ambiguous
GSM4138159,4,2,Ambiguous/Mixed,ambiguous,0.7435458182257025,82,,,ambiguous
GSM4138159,4,4,Ambiguous/Mixed,ambiguous,0.9794286666907153,19,,,ambiguous
GSM4138160,4,1,Ambiguous/Mixed,ambiguous,0.8981459733199194,486,,,ambiguous
GSM4138160,4,3,Ambiguous/Mixed,ambiguous,0.980833886723325,23,,,ambiguous
GSM4138161,4,1,Ambiguous/Mixed,ambiguous,0.8060882822858961,162,,,ambiguous
GSM4138161,4,2,Ambiguous/Mixed,ambiguous,0.6988668355969854,178,,,ambiguous
GSM4138161,4,3,Ambiguous/Mixed,ambiguous,0.8482486109126365,115,,,ambiguous
GSM4138161,4,4,Ambiguous/Mixed,ambiguous,0.8505006879186128,63,,,ambiguous
GSM4138162,4,1,Ambiguous/Mixed,ambiguous,0.8911671709487927,485,,,ambiguous
GSM4138162,4,3,Ambiguous/Mixed,ambiguous,0.9897606953288196,17,,,ambiguous
GSM4138163,4,1,Ambiguous/Mixed,ambiguous,0.9072704819130132,424,,,ambiguous
GSM4138163,4,3,Ambiguous/Mixed,ambiguous,0.9858316108356697,17,,,ambiguous
GSM4138164,4,1,Ambiguous/Mixed,ambiguous,0.841996642698004,155,,,ambiguous
GSM4138165,4,1,Ambiguous/Mixed,ambiguous,0.8949850658164404,437,,,ambiguous
GSM4138166,4,1,Ambiguous/Mixed,ambiguous,0.8867922994795233,468,,,ambiguous
GSM4138167,4,1,Ambiguous/Mixed,ambiguous,0.8846051573624987,342,,,ambiguous
GSM4138168,4,3,Ambiguous/Mixed,ambiguous,0.9457890908623999,20,,,ambiguous
GSM4138169,4,2,Ambiguous/Mixed,ambiguous,0.9809954986468268,17,,,ambiguous
GSM4138170,4,2,Ambiguous/Mixed,ambiguous,0.9566400442476745,22,,,ambiguous
GSM4138171,4,2,Ambiguous/Mixed,ambiguous,0.9747727423495927,22,,,ambiguous
GSM4138172,4,1,Ambiguous/Mixed,ambiguous,0.9534066659976976,19,,,ambiguous
GSM4138172,4,2,Ambiguous/Mixed,ambiguous,0.96250396934253,21,,,ambiguous
GSM4138110,5,1,Ambiguous/Mixed,ambiguous,0.9114773114976726,629,,,ambiguous
GSM4138110,5,3,Ambiguous/Mixed,ambiguous,0.9555193703185515,21,,,ambiguous
GSM4138111,5,1,Ambiguous/Mixed,ambiguous,0.7840479105985663,167,,,ambiguous
GSM4138111,5,2,Ambiguous/Mixed,ambiguous,0.6675392817126597,172,,,ambiguous
GSM4138111,5,3,Ambiguous/Mixed,ambiguous,0.7690406718982319,72,,,ambiguous
GSM4138111,5,5,Mast,specific,0.8772200899755831,30,0.9059125026497903,-0.02869241267420719,tie
GSM4138112,5,1,Ambiguous/Mixed,ambiguous,0.891575734297846,356,,,ambiguous
GSM4138112,5,3,Ambiguous/Mixed,ambiguous,0.9672228106134714,26,,,ambiguous
GSM4138113,5,1,Ambiguous/Mixed,ambiguous,0.7975772283028084,102,,,ambiguous
GSM4138113,5,2,Ambiguous/Mixed,ambiguous,0.7498680066193102,53,,,ambiguous
GSM4138113,5,3,Ambiguous/Mixed,ambiguous,0.7785771275833526,38,,,ambiguous
GSM4138114,5,1,Ambiguous/Mixed,ambiguous,0.8769103836005709,353,,,ambiguous
GSM4138115,5,1,Ambiguous/Mixed,ambiguous,0.9541424542473583,50,,,ambiguous
GSM4138115,5,2,Ambiguous/Mixed,ambiguous,0.7707041854557432,124,,,ambiguous
GSM4138115,5,3,Ambiguous/Mixed,ambiguous,0.96780551371186,20,,,ambiguous
GSM4138116,5,1,Ambiguous/Mixed,ambiguous,0.9218872648235008,704,,,ambiguous
GSM4138117,5,1,Ambiguous/Mixed,ambiguous,0.7786420171850579,175,,,ambiguous
GSM4138117,5,2,Ambiguous/Mixed,ambiguous,0.7382378160877645,184,,,ambiguous
GSM4138117,5,3,Ambiguous/Mixed,ambiguous,0.9528621852287787,15,,,ambiguous
GSM4138117,5,5,Mast,specific,0.9848958966969695,15,0.9848958966969695,0.0,tie
GSM4138118,5,1,Ambiguous/Mixed,ambiguous,0.8770768667778066,292,,,ambiguous
GSM4138119,5,1,Ambiguous/Mixed,ambiguous,0.8339303732550831,55,,,ambiguous
GSM4138119,5,2,Ambiguous/Mixed,ambiguous,0.6950779930317557,58,,,ambiguous
GSM4138119,5,4,Ambiguous/Mixed,ambiguous,0.9435657192702678,15,,,ambiguous
GSM4138120,5,1,Ambiguous/Mixed,ambiguous,0.8473820463215724,609,,,ambiguous
GSM4138121,5,1,Ambiguous/Mixed,ambiguous,0.9056632237721938,53,,,ambiguous
GSM4138121,5,2,Ambiguous/Mixed,ambiguous,0.7179433470609333,70,,,ambiguous
GSM4138121,5,3,Ambiguous/Mixed,ambiguous,0.9625272091273236,19,,,ambiguous
GSM4138121,5,4,Ambiguous/Mixed,ambiguous,0.7445859251945723,94,,,ambiguous
GSM4138122,5,1,Ambiguous/Mixed,ambiguous,0.8814912149219919,545,,,ambiguous
GSM4138122,5,3,Ambiguous/Mixed,ambiguous,0.9782659584116306,20,,,ambiguous
GSM4138123,5,1,Ambiguous/Mixed,ambiguous,0.974365667312414,36,,,ambiguous
GSM4138123,5,2,Ambiguous/Mixed,ambiguous,0.720605285422135,556,,,ambiguous
GSM4138123,5,3,Ambiguous/Mixed,ambiguous,0.9398560040556583,51,,,ambiguous
GSM4138123,5,4,Ambiguous/Mixed,ambiguous,0.87184204760925,39,,,ambiguous
GSM4138124,5,1,Ambiguous/Mixed,ambiguous,0.9156908552946471,340,,,ambiguous
GSM4138125,5,1,Ambiguous/Mixed,ambiguous,0.7973184317384461,181,,,ambiguous
GSM4138125,5,2,Ambiguous/Mixed,ambiguous,0.7402072613272823,401,,,ambiguous
GSM4138126,5,1,Ambiguous/Mixed,ambiguous,0.9529039457285877,758,,,ambiguous
GSM4138127,5,1,Ambiguous/Mixed,ambiguous,0.8515188580590478,190,,,ambiguous
GSM4138127,5,2,Ambiguous/Mixed,ambiguous,0.7273245578326826,184,,,ambiguous
GSM4138127,5,3,Ambiguous/Mixed,ambiguous,0.9217204179375714,33,,,ambiguous
GSM4138127,5,4,Ambiguous/Mixed,ambiguous,0.7856108440119302,144,,,ambiguous
GSM4138128,5,1,Ambiguous/Mixed,ambiguous,0.8814912149219919,545,,,ambiguous
GSM4138128,5,3,Ambiguous/Mixed,ambiguous,0.9782659584116306,20,,,ambiguous
GSM4138129,5,1,Ambiguous/Mixed,ambiguous,0.8453987699023754,109,,,ambiguous
GSM4138129,5,2,Ambiguous/Mixed,ambiguous,0.7502546139226207,138,,,ambiguous
GSM4138129,5,3,Ambiguous/Mixed,ambiguous,0.9736965042063906,27,,,ambiguous
GSM4138129,5,4,Ambiguous/Mixed,ambiguous,0.8606186214350756,40,,,ambiguous
GSM4138130,5,1,Ambiguous/Mixed,ambiguous,0.9156188827213053,587,,,ambiguous
GSM4138130,5,3,Ambiguous/Mixed,ambiguous,0.9639490407838097,19,,,ambiguous
GSM4138131,5,1,Ambiguous/Mixed,ambiguous,0.8683454344226185,164,,,ambiguous
GSM4138131,5,2,Ambiguous/Mixed,ambiguous,0.7252159666068891,458,,,ambiguous
GSM4138131,5,3,Ambiguous/Mixed,ambiguous,0.8971855593128172,114,,,ambiguous
GSM4138131,5,4,Ambiguous/Mixed,ambiguous,0.7807775541446622,126,,,ambiguous
GSM4138131,5,5,Mast,specific,0.9564196483172959,19,0.9764376533440459,-0.020018005026749996,tie
GSM4138132,5,1,Ambiguous/Mixed,ambiguous,0.93497175799228,644,,,ambiguous
GSM4138133,5,1,Ambiguous/Mixed,ambiguous,0.9281825516355459,75,,,ambiguous
GSM4138133,5,2,Ambiguous/Mixed,ambiguous,0.7284885003214742,254,,,ambiguous
GSM4138133,5,3,Ambiguous/Mixed,ambiguous,0.9840886463775538,22,,,ambiguous
GSM4138134,5,1,Ambiguous/Mixed,ambiguous,0.9551895690151568,1215,,,ambiguous
GSM4138134,5,3,Ambiguous/Mixed,ambiguous,0.9856991785152992,15,,,ambiguous
GSM4138135,5,1,Ambiguous/Mixed,ambiguous,0.9171711294349929,176,,,ambiguous
GSM4138135,5,2,Ambiguous/Mixed,ambiguous,0.7446798931149115,545,,,ambiguous
GSM4138135,5,3,Ambiguous/Mixed,ambiguous,0.9592348250153161,19,,,ambiguous
GSM4138135,5,4,Ambiguous/Mixed,ambiguous,0.7574557316920644,264,,,ambiguous
GSM4138135,5,5,Mast,specific,1.0,21,1.0,0.0,tie
GSM4138136,5,1,Ambiguous/Mixed,ambiguous,0.897545671138613,641,,,ambiguous
GSM4138137,5,1,Ambiguous/Mixed,ambiguous,0.8795638935710284,160,,,ambiguous
GSM4138137,5,2,Ambiguous/Mixed,ambiguous,0.7648294531602248,507,,,ambiguous
GSM4138137,5,4,Ambiguous/Mixed,ambiguous,0.8106111094609713,194,,,ambiguous
GSM4138138,5,1,Ambiguous/Mixed,ambiguous,0.8861204739979011,577,,,ambiguous
GSM4138139,5,1,Ambiguous/Mixed,ambiguous,0.8123179699534597,205,,,ambiguous
GSM4138139,5,2,Ambiguous/Mixed,ambiguous,0.7233222883692232,325,,,ambiguous
GSM4138139,5,3,Ambiguous/Mixed,ambiguous,0.9716409059383292,26,,,ambiguous
GSM4138139,5,4,Ambiguous/Mixed,ambiguous,0.8154874008991096,174,,,ambiguous
GSM4138139,5,5,Mast,specific,0.9658315628046693,60,0.9658315628046693,0.0,tie
GSM4138140,5,1,Ambiguous/Mixed,ambiguous,0.9072145288378533,702,,,ambiguous
GSM4138141,5,1,Ambiguous/Mixed,ambiguous,0.8470636390758126,327,,,ambiguous
GSM4138141,5,2,Ambiguous/Mixed,ambiguous,0.7266056714798446,252,,,ambiguous
GSM4138141,5,3,Ambiguous/Mixed,ambiguous,0.8869173053932443,81,,,ambiguous
GSM4138141,5,4,Ambiguous/Mixed,ambiguous,0.9343077524427869,25,,,ambiguous
GSM4138142,5,1,Ambiguous/Mixed,ambiguous,0.9089434586896139,690,,,ambiguous
GSM4138143,5,1,Ambiguous/Mixed,ambiguous,0.8191643375778168,189,,,ambiguous
GSM4138143,5,2,Ambiguous/Mixed,ambiguous,0.7038178324343245,203,,,ambiguous
GSM4138143,5,3,Ambiguous/Mixed,ambiguous,0.9202665442833279,49,,,ambiguous
GSM4138143,5,5,Mast,specific,0.9748135904112316,31,0.9748135904112316,0.0,tie
GSM4138144,5,1,Ambiguous/Mixed,ambiguous,0.8498831569088204,298,,,ambiguous
GSM4138145,5,1,Ambiguous/Mixed,ambiguous,0.7829258571512471,319,,,ambiguous
GSM4138145,5,2,Ambiguous/Mixed,ambiguous,0.7281488146456764,203,,,ambiguous
GSM4138145,5,3,Ambiguous/Mixed,ambiguous,0.9182144676386043,49,,,ambiguous
GSM4138145,5,4,Ambiguous/Mixed,ambiguous,0.9283193380242976,51,,,ambiguous
GSM4138146,5,1,Ambiguous/Mixed,ambiguous,0.8890286325827184,461,,,ambiguous
GSM4138147,5,2,Ambiguous/Mixed,ambiguous,0.8619349376671225,24,,,ambiguous
GSM4138147,5,3,Ambiguous/Mixed,ambiguous,0.925292417692126,32,,,ambiguous
GSM4138148,5,1,Ambiguous/Mixed,ambiguous,0.8491981528274695,179,,,ambiguous
GSM4138149,5,2,Ambiguous/Mixed,ambiguous,0.9161016400967175,23,,,ambiguous
GSM4138150,5,1,Ambiguous/Mixed,ambiguous,0.897909786957394,190,,,ambiguous
GSM4138151,5,1,Ambiguous/Mixed,ambiguous,0.9805591382003187,15,,,ambiguous
GSM4138151,5,3,Ambiguous/Mixed,ambiguous,0.9891966018729946,16,,,ambiguous
GSM4138152,5,1,Ambiguous/Mixed,ambiguous,0.8615241308228656,461,,,ambiguous
GSM4138153,5,1,Ambiguous/Mixed,ambiguous,0.9395882162049336,28,,,ambiguous
GSM4138153,5,2,Ambiguous/Mixed,ambiguous,0.8025131593512107,38,,,ambiguous
GSM4138154,5,1,Ambiguous/Mixed,ambiguous,0.8401348047358669,356,,,ambiguous
GSM4138155,5,1,Ambiguous/Mixed,ambiguous,0.7927237659428419,220,,,ambiguous
GSM4138155,5,2,Ambiguous/Mixed,ambiguous,0.6629394997291075,330,,,ambiguous
GSM4138155,5,3,Ambiguous/Mixed,ambiguous,0.9061873774711973,58,,,ambiguous
GSM4138155,5,4,Ambiguous/Mixed,ambiguous,0.7323332519079839,167,,,ambiguous
GSM4138155,5,5,Mast,specific,0.9252378509283148,20,0.9381206978557273,-0.012882846927412483,tie
GSM4138156,5,1,Ambiguous/Mixed,ambiguous,0.896145116018356,920,,,ambiguous
GSM4138156,5,3,Ambiguous/Mixed,ambiguous,0.9539837451128743,15,,,ambiguous
GSM4138157,5,1,Ambiguous/Mixed,ambiguous,0.8808765361210058,71,,,ambiguous
GSM4138157,5,2,Ambiguous/Mixed,ambiguous,0.778764644670627,94,,,ambiguous
GSM4138157,5,3,Ambiguous/Mixed,ambiguous,0.9469015608814682,19,,,ambiguous
GSM4138157,5,4,Ambiguous/Mixed,ambiguous,0.8983891907807703,29,,,ambiguous
GSM4138158,5,1,Ambiguous/Mixed,ambiguous,0.8953909489090076,277,,,ambiguous
GSM4138159,5,1,Ambiguous/Mixed,ambiguous,0.9039270880675616,57,,,ambiguous
GSM4138159,5,2,Ambiguous/Mixed,ambiguous,0.728675137109386,81,,,ambiguous
GSM4138159,5,4,Ambiguous/Mixed,ambiguous,0.9794286666907153,19,,,ambiguous
GSM4138160,5,1,Ambiguous/Mixed,ambiguous,0.8981459733199194,486,,,ambiguous
GSM4138160,5,3,Ambiguous/Mixed,ambiguous,0.980833886723325,23,,,ambiguous
GSM4138161,5,1,Ambiguous/Mixed,ambiguous,0.7934126003945857,164,,,ambiguous
GSM4138161,5,2,Ambiguous/Mixed,ambiguous,0.6927996210518523,168,,,ambiguous
GSM4138161,5,3,Ambiguous/Mixed,ambiguous,0.831548479499724,116,,,ambiguous
GSM4138161,5,4,Ambiguous/Mixed,ambiguous,0.8315729649617303,64,,,ambiguous
GSM4138162,5,1,Ambiguous/Mixed,ambiguous,0.8911671709487927,485,,,ambiguous
GSM4138162,5,3,Ambiguous/Mixed,ambiguous,0.9897606953288196,17,,,ambiguous
GSM4138163,5,1,Ambiguous/Mixed,ambiguous,0.9072704819130132,424,,,ambiguous
GSM4138163,5,3,Ambiguous/Mixed,ambiguous,0.9858316108356697,17,,,ambiguous
GSM4138164,5,1,Ambiguous/Mixed,ambiguous,0.841996642698004,155,,,ambiguous
GSM4138165,5,1,Ambiguous/Mixed,ambiguous,0.8949850658164404,437,,,ambiguous
GSM4138166,5,1,Ambiguous/Mixed,ambiguous,0.8867922994795233,468,,,ambiguous
GSM4138167,5,1,Ambiguous/Mixed,ambiguous,0.8846051573624987,342,,,ambiguous
GSM4138168,5,3,Ambiguous/Mixed,ambiguous,0.9457890908623999,20,,,ambiguous
GSM4138169,5,2,Ambiguous/Mixed,ambiguous,0.9875244593524303,15,,,ambiguous
GSM4138170,5,2,Ambiguous/Mixed,ambiguous,0.9558105937591198,19,,,ambiguous
GSM4138171,5,2,Ambiguous/Mixed,ambiguous,0.9737519763925274,21,,,ambiguous
GSM4138172,5,1,Ambiguous/Mixed,ambiguous,0.9151972197012069,20,,,ambiguous
GSM4138172,5,2,Ambiguous/Mixed,ambiguous,0.9633309981461945,19,,,ambiguous
GSM4138110,6,1,Ambiguous/Mixed,ambiguous,0.9112355875424483,628,,,ambiguous
GSM4138110,6,5,DC_pDC,specific,0.9555193703185515,21,0.9555193703185515,0.0,tie
GSM4138111,6,1,Ambiguous/Mixed,ambiguous,0.7747339804331732,150,,,ambiguous
GSM4138111,6,2,DC_family,family,0.6866452237557851,174,0.7139188135165719,-0.027273589760786865,tie
GSM4138111,6,3,Macrophage_family,family,0.8822188134263073,29,0.7348820353100064,0.14733677811630086,purer
GSM4138111,6,5,DC_pDC,specific,0.8982633472756885,67,0.8980982837036952,0.0001650635719933069,tie
GSM4138111,6,6,Mast,specific,0.8772200899755831,30,0.9059125026497903,-0.02869241267420719,tie
GSM4138112,6,1,Ambiguous/Mixed,ambiguous,0.8976264865527062,355,,,ambiguous
GSM4138112,6,5,DC_pDC,specific,0.9670409840078681,25,0.9672228106134714,-0.00018182660560328578,tie
GSM4138113,6,1,Ambiguous/Mixed,ambiguous,0.8065907071917895,98,,,ambiguous
GSM4138113,6,2,DC_family,family,0.7731988613783498,47,0.7632287255055046,0.009970135872845232,tie
GSM4138113,6,3,Macrophage_family,family,0.9396865002881398,16,0.9310730182321791,0.008613482055960686,tie
GSM4138113,6,5,DC_pDC,specific,0.9211167331049517,36,0.9211167331049517,0.0,tie
GSM4138114,6,1,Ambiguous/Mixed,ambiguous,0.8848695210761265,352,,,ambiguous
GSM4138115,6,1,Ambiguous/Mixed,ambiguous,0.9357963111777167,49,,,ambiguous
GSM4138115,6,2,DC_family,family,0.7621815905364416,112,0.7727754744975728,-0.010593883961131145,tie
GSM4138115,6,3,Macrophage_family,family,0.9573535860333173,18,0.9489538079417781,0.008399778091539245,tie
GSM4138115,6,5,DC_pDC,specific,0.9816087420119992,19,0.9816087420119992,0.0,tie
GSM4138116,6,1,Ambiguous/Mixed,ambiguous,0.9242507542572167,703,,,ambiguous
GSM4138117,6,1,Ambiguous/Mixed,ambiguous,0.776586761071949,185,,,ambiguous
GSM4138117,6,2,DC_family,family,0.7592294284489977,94,0.8983178908723612,-0.1390884624233636,less_pure
GSM4138117,6,3,Macrophage_family,family,0.7969532707401487,105,0.7420397036679759,0.054913567072172764,purer
GSM4138117,6,6,Mast,specific,0.9848958966969695,15,0.9848958966969695,0.0,tie
GSM4138118,6,1,Ambiguous/Mixed,ambiguous,0.8770768667778066,292,,,ambiguous
GSM4138119,6,1,Ambiguous/Mixed,ambiguous,0.8201942086462771,57,,,ambiguous
GSM4138119,6,2,DC_family,family,0.7901940613705924,36,0.903900009773125,-0.11370594840253256,less_pure
GSM4138119,6,3,Macrophage_family,family,0.8342729933782775,30,0.7571052713504478,0.07716772202782973,purer
GSM4138119,6,4,Ambiguous/Mixed,ambiguous,0.9147164485075103,18,,,ambiguous
GSM4138120,6,1,Ambiguous/Mixed,ambiguous,0.8479083685655052,608,,,ambiguous
GSM4138121,6,1,Ambiguous/Mixed,ambiguous,0.8977518072165732,56,,,ambiguous
GSM4138121,6,2,DC_family,family,0.7731662141523226,46,0.85151969778944,-0.07835348363711747,less_pure
GSM4138121,6,3,Macrophage_family,family,0.9398356236893127,26,0.7061923152542848,0.2336433084350279,purer
GSM4138121,6,4,Ambiguous/Mixed,ambiguous,0.7433425114842123,97,,,ambiguous
GSM4138121,6,5,DC_pDC,specific,0.9750438656944226,16,,,no_baseline
GSM4138122,6,1,Ambiguous/Mixed,ambiguous,0.8836217431693505,543,,,ambiguous
GSM4138122,6,5,DC_pDC,specific,0.9782659584116306,20,0.9782659584116306,0.0,tie
GSM4138123,6,1,Ambiguous/Mixed,ambiguous,0.9394625704929922,46,,,ambiguous
GSM4138123,6,2,DC_family,family,0.6547443448310659,187,0.7694321137860433,-0.11468776895497734,less_pure
GSM4138123,6,3,Macrophage_family,family,0.7334973273901304,449,0.7056844211043604,0.027812906285770045,tie
GSM4138123,6,4,Ambiguous/Mixed,ambiguous,0.8671936729721905,50,,,ambiguous
GSM4138123,6,5,DC_pDC,specific,0.9416198516182993,49,0.9383997749472549,0.003220076671044403,tie
GSM4138124,6,1,Ambiguous/Mixed,ambiguous,0.9156908552946471,340,,,ambiguous
GSM4138125,6,1,Ambiguous/Mixed,ambiguous,0.7749094019335943,200,,,ambiguous
GSM4138125,6,2,DC_family,family,0.8882127090667542,37,0.95113418699402,-0.06292147792726577,less_pure
GSM4138125,6,3,Macrophage_family,family,0.7575366658717195,378,0.7439021951733407,0.013634470698378864,tie
GSM4138126,6,1,Ambiguous/Mixed,ambiguous,0.9529039457285877,758,,,ambiguous
GSM4138127,6,1,Ambiguous/Mixed,ambiguous,0.8517664459395782,187,,,ambiguous
GSM4138127,6,2,DC_family,family,0.7662404975725251,149,0.891335201708411,-0.12509470413588586,less_pure
GSM4138127,6,3,Macrophage_family,family,0.8587715572584007,58,0.7778561108377001,0.08091544642070059,purer
GSM4138127,6,4,Ambiguous/Mixed,ambiguous,0.7889541423312765,146,,,ambiguous
GSM4138127,6,5,DC_pDC,specific,0.921039121510737,32,0.9441912994803779,-0.023152177969640975,tie
GSM4138128,6,1,Ambiguous/Mixed,ambiguous,0.8836217431693505,543,,,ambiguous
GSM4138128,6,5,DC_pDC,specific,0.9782659584116306,20,0.9782659584116306,0.0,tie
GSM4138129,6,1,Ambiguous/Mixed,ambiguous,0.8163465207283138,126,,,ambiguous
GSM4138129,6,2,DC_family,family,0.8040504036019214,51,0.8738886990016175,-0.0698382953996961,less_pure
GSM4138129,6,3,Macrophage_family,family,0.8126191821157269,94,0.7576685488530968,0.054950633262630166,purer
GSM4138129,6,4,Ambiguous/Mixed,ambiguous,0.8552449139190512,46,,,ambiguous
GSM4138129,6,5,DC_pDC,specific,0.9868286715955322,25,0.9868286715955322,0.0,tie
GSM4138130,6,1,Ambiguous/Mixed,ambiguous,0.9156188827213053,587,,,ambiguous
GSM4138130,6,5,DC_pDC,specific,0.9645785270275617,18,0.9639490407838097,0.000629486243752031,tie
GSM4138131,6,1,Ambiguous/Mixed,ambiguous,0.8648872285452264,175,,,ambiguous
GSM4138131,6,2,DC_family,family,0.7135785225217521,353,0.7536865945444218,-0.04010807202266964,tie
GSM4138131,6,3,Macrophage_family,family,0.7673984748272938,164,0.7412359185254018,0.026162556301892015,tie
GSM4138131,6,4,Ambiguous/Mixed,ambiguous,0.7798470149940145,150,,,ambiguous
GSM4138131,6,5,DC_pDC,specific,0.9181206911501923,109,0.9179857890881354,0.00013490206205690747,tie
GSM4138131,6,6,Mast,specific,0.9564196483172959,19,0.9764376533440459,-0.020018005026749996,tie
GSM4138132,6,1,Ambiguous/Mixed,ambiguous,0.93497175799228,644,,,ambiguous
GSM4138133,6,1,Ambiguous/Mixed,ambiguous,0.9114132812975829,90,,,ambiguous
GSM4138133,6,2,DC_family,family,0.7235344484294698,169,0.7773132578349409,-0.053778809405471084,less_pure
GSM4138133,6,3,Macrophage_family,family,0.8060111414959503,104,0.7734595161579602,0.032551625337990164,tie
GSM4138133,6,5,DC_pDC,specific,0.9840886463775538,22,0.9780104357713506,0.0060782106062031716,tie
GSM4138134,6,1,Ambiguous/Mixed,ambiguous,0.9551895690151568,1215,,,ambiguous
GSM4138134,6,5,DC_pDC,specific,0.9856991785152992,15,0.9856991785152992,0.0,tie
GSM4138135,6,1,Ambiguous/Mixed,ambiguous,0.8609315442026624,214,,,ambiguous
GSM4138135,6,2,DC_family,family,0.7925710304136416,125,0.841697457205539,-0.04912642679189738,tie
GSM4138135,6,3,Macrophage_family,family,0.745882460745696,415,0.6821237468466982,0.06375871389899779,purer
GSM4138135,6,4,Ambiguous/Mixed,ambiguous,0.7625517654193059,278,,,ambiguous
GSM4138135,6,5,DC_pDC,specific,0.9592348250153161,19,0.9787886250594097,-0.019553800044093572,tie
GSM4138135,6,6,Mast,specific,1.0,21,1.0,0.0,tie
GSM4138136,6,1,Ambiguous/Mixed,ambiguous,0.897545671138613,641,,,ambiguous
GSM4138137,6,1,Ambiguous/Mixed,ambiguous,0.8695381911145705,181,,,ambiguous
GSM4138137,6,2,DC_family,family,0.7782571990689284,140,0.839030314310623,-0.0607731152416946,less_pure
GSM4138137,6,3,Macrophage_family,family,0.7807791998369301,375,0.747893468389154,0.03288573144777607,tie
GSM4138137,6,4,Ambiguous/Mixed,ambiguous,0.7665860408837013,211,,,ambiguous
GSM4138138,6,1,Ambiguous/Mixed,ambiguous,0.8903661621199703,576,,,ambiguous
GSM4138139,6,1,Ambiguous/Mixed,ambiguous,0.8226015420397549,222,,,ambiguous
GSM4138139,6,2,DC_family,family,0.7708313802045271,125,0.8604547296733422,-0.08962334946881512,less_pure
GSM4138139,6,3,Macrophage_family,family,0.7344528698096282,210,0.6611390100606357,0.07331385974899252,purer
GSM4138139,6,4,Ambiguous/Mixed,ambiguous,0.8153543971085511,178,,,ambiguous
GSM4138139,6,5,DC_pDC,specific,0.9506174967437965,22,0.9506174967437965,0.0,tie
GSM4138139,6,6,Mast,specific,0.9658315628046693,60,0.9658315628046693,0.0,tie
GSM4138140,6,1,Ambiguous/Mixed,ambiguous,0.9111691050016222,700,,,ambiguous
GSM4138141,6,1,Ambiguous/Mixed,ambiguous,0.847147815895705,333,,,ambiguous
GSM4138141,6,2,DC_family,family,0.7464891172365851,203,0.7646439714392582,-0.018154854202673154,tie
GSM4138141,6,3,Macrophage_family,family,0.8654375495508938,78,0.8124580686420484,0.05297948090884541,purer
GSM4138141,6,4,Ambiguous/Mixed,ambiguous,0.9227482334348748,28,,,ambiguous
GSM4138141,6,5,DC_pDC,specific,0.9158404233747901,74,0.9165508686482305,-0.000710445273440441,tie
GSM4138142,6,1,Ambiguous/Mixed,ambiguous,0.9089434586896139,690,,,ambiguous
GSM4138143,6,1,Ambiguous/Mixed,ambiguous,0.801090444923736,170,,,ambiguous
GSM4138143,6,2,DC_family,family,0.778399441602325,160,0.7974127699611427,-0.01901332835881775,tie
GSM4138143,6,3,Macrophage_family,family,0.8562287520519617,46,0.7385317125013253,0.11769703955063637,purer
GSM4138143,6,5,DC_pDC,specific,0.9316124284876989,47,0.9295762244202338,0.002036204067465075,tie
GSM4138143,6,6,Mast,specific,0.9748135904112316,31,0.9748135904112316,0.0,tie
GSM4138144,6,1,Ambiguous/Mixed,ambiguous,0.8539567189715235,297,,,ambiguous
GSM4138144,6,2,DC_family,family,0.9809779392479938,18,0.8857225642654714,0.09525537498252246,purer
GSM4138145,6,1,Ambiguous/Mixed,ambiguous,0.7968336706124601,291,,,ambiguous
GSM4138145,6,2,DC_family,family,0.7385075424267595,198,0.7535493269325659,-0.0150417845058064,tie
GSM4138145,6,3,Macrophage_family,family,0.9439699526748437,23,0.8162928621790009,0.12767709049584286,purer
GSM4138145,6,4,Ambiguous/Mixed,ambiguous,0.9058876243226139,47,,,ambiguous
GSM4138145,6,5,DC_pDC,specific,0.945258029964264,45,0.9472622152517468,-0.002004185287482807,tie
GSM4138146,6,1,Ambiguous/Mixed,ambiguous,0.8890286325827184,461,,,ambiguous
GSM4138147,6,2,DC_family,family,0.9616064699533186,16,,,no_baseline
GSM4138147,6,5,DC_pDC,specific,0.935324749011505,31,0.935324749011505,0.0,tie
GSM4138148,6,1,Ambiguous/Mixed,ambiguous,0.8574681859865385,177,,,ambiguous
GSM4138149,6,2,DC_family,family,0.9112130437435122,18,,,no_baseline
GSM4138150,6,1,Ambiguous/Mixed,ambiguous,0.897909786957394,190,,,ambiguous
GSM4138151,6,5,DC_pDC,specific,0.9891966018729946,16,0.9806392337550041,0.008557368117990571,tie
GSM4138152,6,1,Ambiguous/Mixed,ambiguous,0.8615241308228656,461,,,ambiguous
GSM4138153,6,1,Ambiguous/Mixed,ambiguous,0.9024228488550167,25,,,ambiguous
GSM4138153,6,2,DC_family,family,0.8306667636492662,36,0.9378503541294222,-0.10718359048015602,less_pure
GSM4138154,6,1,Ambiguous/Mixed,ambiguous,0.8585011775359603,353,,,ambiguous
GSM4138155,6,1,Ambiguous/Mixed,ambiguous,0.7874606994634895,224,,,ambiguous
GSM4138155,6,2,DC_family,family,0.7000460308834227,220,0.7010983122032448,-0.001052281319822157,tie
GSM4138155,6,3,Macrophage_family,family,0.7060218460319105,143,0.6299154299118346,0.07610641612007596,purer
GSM4138155,6,4,Ambiguous/Mixed,ambiguous,0.6913855228492859,179,,,ambiguous
GSM4138155,6,5,DC_pDC,specific,0.9045513096631285,51,0.9062361607604512,-0.0016848510973227482,tie
GSM4138155,6,6,Mast,specific,0.9252378509283148,20,0.9381206978557273,-0.012882846927412483,tie
GSM4138156,6,1,Ambiguous/Mixed,ambiguous,0.8972217973513263,919,,,ambiguous
GSM4138156,6,5,DC_pDC,specific,0.9539837451128743,15,0.9539837451128743,0.0,tie
GSM4138157,6,1,Ambiguous/Mixed,ambiguous,0.8946851957409117,76,,,ambiguous
GSM4138157,6,2,DC_family,family,0.806625429973166,74,0.8709308666726747,-0.06430543669950872,less_pure
GSM4138157,6,3,Macrophage_family,family,0.9232362554646655,35,0.8168706613307802,0.10636559413388524,purer
GSM4138157,6,4,Ambiguous/Mixed,ambiguous,0.9014339428568493,31,,,ambiguous
GSM4138157,6,5,DC_pDC,specific,0.9480389776479722,17,0.9771060119735836,-0.02906703432561142,tie
GSM4138158,6,1,Ambiguous/Mixed,ambiguous,0.8990372377107105,275,,,ambiguous
GSM4138159,6,1,Ambiguous/Mixed,ambiguous,0.9005105836681306,60,,,ambiguous
GSM4138159,6,2,DC_family,family,0.7329414292466949,58,0.774082064685566,-0.04114063543887103,tie
GSM4138159,6,3,Macrophage_family,family,0.9526233584467999,30,0.8696457764255141,0.0829775820212858,purer
GSM4138159,6,4,Ambiguous/Mixed,ambiguous,0.9795660926314762,20,,,ambiguous
GSM4138160,6,1,Ambiguous/Mixed,ambiguous,0.8981459733199194,486,,,ambiguous
GSM4138160,6,5,DC_pDC,specific,0.980833886723325,23,0.980833886723325,0.0,tie
GSM4138161,6,1,Ambiguous/Mixed,ambiguous,0.8361012648376328,158,,,ambiguous
GSM4138161,6,2,DC_family,family,0.6835683310239489,157,0.6918033483531927,-0.00823501732924381,tie
GSM4138161,6,3,Macrophage_family,family,0.913391146992583,24,0.7827305071018592,0.13066063989072374,purer
GSM4138161,6,4,Ambiguous/Mixed,ambiguous,0.8126771934604665,63,,,ambiguous
GSM4138161,6,5,DC_pDC,specific,0.8675121114099724,110,0.8488491714550629,0.01866293995490953,tie
GSM4138162,6,1,Ambiguous/Mixed,ambiguous,0.8932261726908315,486,,,ambiguous
GSM4138162,6,2,DC_family,family,0.9902710833327145,16,0.9565826886013326,0.033688394731381965,tie
GSM4138162,6,5,DC_pDC,specific,0.9897606953288196,17,0.9897606953288196,0.0,tie
GSM4138163,6,1,Ambiguous/Mixed,ambiguous,0.9072704819130132,424,,,ambiguous
GSM4138163,6,5,DC_pDC,specific,0.9941087355013785,16,0.9858316108356697,0.008277124665708735,tie
GSM4138164,6,1,Ambiguous/Mixed,ambiguous,0.8359159780743531,156,,,ambiguous
GSM4138165,6,1,Ambiguous/Mixed,ambiguous,0.8949850658164404,437,,,ambiguous
GSM4138166,6,1,Ambiguous/Mixed,ambiguous,0.8939738482001738,466,,,ambiguous
GSM4138167,6,1,Ambiguous/Mixed,ambiguous,0.8846051573624987,342,,,ambiguous
GSM4138168,6,5,DC_pDC,specific,0.9457890908623999,20,0.9457890908623999,0.0,tie
GSM4138169,6,2,DC_family,family,0.9863717519788898,15,0.987992121191529,-0.0016203692126391944,tie
GSM4138170,6,2,DC_family,family,0.9550517717157567,17,0.9514630440883375,0.0035887276274192415,tie
GSM4138171,6,2,DC_family,family,0.9742658317755947,23,0.985688027513448,-0.011422195737853302,tie
GSM4138172,6,1,Ambiguous/Mixed,ambiguous,0.9751867733562581,16,,,ambiguous
GSM4138172,6,2,DC_family,family,0.9751510210975685,17,0.9751510210975685,0.0,tie
GSM4138110,7,1,Mono_CD14_ID1,specific,0.9112355875424483,628,,,no_baseline
GSM4138110,7,6,DC_pDC,specific,0.9555193703185515,21,0.9555193703185515,0.0,tie
GSM4138111,7,1,Mono_CD14_ID1,specific,0.7746940640719809,149,,,no_baseline
GSM4138111,7,2,DC_family,family,0.8014319929644905,89,0.7139188135165719,0.08751317944791859,purer
GSM4138111,7,3,Macrophage_family,family,0.8972460411737626,28,0.7348820353100064,0.1623640058637562,purer
GSM4138111,7,4,Ambiguous/Mixed,ambiguous,0.6825138338535691,97,,,ambiguous
GSM4138111,7,5,Ambiguous/Mixed,ambiguous,0.9411471864362656,19,,,ambiguous
GSM4138111,7,6,DC_pDC,specific,0.8965629129225732,68,0.8980982837036952,-0.0015353707811219808,tie
GSM4138111,7,7,Mast,specific,0.8772200899755831,30,0.9059125026497903,-0.02869241267420719,tie
GSM4138112,7,1,Mono_CD14_ID1,specific,0.8974190082299656,353,,,no_baseline
GSM4138112,7,6,DC_pDC,specific,0.9670409840078681,25,0.9672228106134714,-0.00018182660560328578,tie
GSM4138113,7,1,Mono_CD14_ID1,specific,0.8234407479903397,97,,,no_baseline
GSM4138113,7,2,DC_family,family,0.8520799652448467,30,0.7632287255055046,0.08885123973934217,purer
GSM4138113,7,4,Ambiguous/Mixed,ambiguous,0.759889595319878,18,,,ambiguous
GSM4138113,7,6,DC_pDC,specific,0.8467529855706365,37,0.9211167331049517,-0.07436374753431518,less_pure
GSM4138114,7,1,Mono_CD14_ID1,specific,0.8899277182970458,350,,,no_baseline
GSM4138114,7,2,DC_family,family,0.9827840413772583,15,0.9550220117526695,0.027762029624588735,tie
GSM4138115,7,1,Mono_CD14_ID1,specific,0.9494971810652097,43,,,no_baseline
GSM4138115,7,2,DC_family,family,0.8298242832428965,90,0.7727754744975728,0.0570488087453237,purer
GSM4138115,7,3,Macrophage_family,family,0.9849806165371603,15,0.9489538079417781,0.03602680859538221,tie
GSM4138115,7,4,Ambiguous/Mixed,ambiguous,0.9384878035905677,29,,,ambiguous
GSM4138115,7,6,DC_pDC,specific,0.9816087420119992,19,0.9816087420119992,0.0,tie
GSM4138116,7,1,Mono_CD14_ID1,specific,0.9303430193458323,701,,,no_baseline
GSM4138117,7,1,Mono_CD14_ID1,specific,0.7585367369494338,193,,,no_baseline
GSM4138117,7,2,DC_family,family,0.9711117796460589,31,0.8983178908723612,0.07279388877369763,purer
GSM4138117,7,3,Macrophage_family,family,0.7681776086904579,105,0.7420397036679759,0.026137905022482033,tie
GSM4138117,7,4,Ambiguous/Mixed,ambiguous,0.7800522090918157,69,,,ambiguous
GSM4138117,7,6,DC_pDC,specific,0.9528621852287787,15,,,no_baseline
GSM4138117,7,7,Mast,specific,0.9848958966969695,15,0.9848958966969695,0.0,tie
GSM4138118,7,1,Mono_CD14_ID1,specific,0.9022237135692892,288,0.9335570118094065,-0.031333298240117324,tie
GSM4138119,7,1,Mono_CD14_ID1,specific,0.8090909281101569,55,,,no_baseline
GSM4138119,7,2,DC_family,family,0.7829044411693626,34,0.903900009773125,-0.12099556860376237,less_pure
GSM4138119,7,3,Macrophage_family,family,0.835151192656767,26,0.7571052713504478,0.07804592130631915,purer
GSM4138119,7,5,Ambiguous/Mixed,ambiguous,0.9735710450381649,18,,,ambiguous
GSM4138120,7,1,Mono_CD14_ID1,specific,0.8674861757291178,598,0.9143636094168758,-0.046877433687757986,tie
GSM4138120,7,2,DC_family,family,0.969012675180625,21,0.9218733376798663,0.047139337500758605,tie
GSM4138121,7,1,Mono_CD14_ID1,specific,0.8914711002505342,54,,,no_baseline
GSM4138121,7,2,DC_family,family,0.8670405667054802,27,0.85151969778944,0.015520868916040209,tie
GSM4138121,7,3,Macrophage_family,family,0.9136130826054358,24,0.7061923152542848,0.207420767351151,purer
GSM4138121,7,4,Ambiguous/Mixed,ambiguous,0.9247012584374138,20,,,ambiguous
GSM4138121,7,5,Ambiguous/Mixed,ambiguous,0.7433425114842123,97,,,ambiguous
GSM4138121,7,6,DC_pDC,specific,0.975345479450801,16,,,no_baseline
GSM4138122,7,1,Mono_CD14_ID1,specific,0.8858123633540804,541,,,no_baseline
GSM4138122,7,2,DC_family,family,0.9935818637411507,18,0.9508492071935304,0.04273265654762026,tie
GSM4138122,7,6,DC_pDC,specific,0.9782659584116306,20,0.9782659584116306,0.0,tie
GSM4138123,7,1,Mono_CD14_ID1,specific,0.9267711320312457,47,,,no_baseline
GSM4138123,7,2,DC_family,family,0.738525496227873,54,0.7694321137860433,-0.030906617558170257,tie
GSM4138123,7,3,Macrophage_family,family,0.733915351246978,455,0.7056844211043604,0.028230930142617683,tie
GSM4138123,7,4,Ambiguous/Mixed,ambiguous,0.6481341827819969,125,,,ambiguous
GSM4138123,7,5,Ambiguous/Mixed,ambiguous,0.8438224810873931,52,,,ambiguous
GSM4138123,7,6,DC_pDC,specific,0.9416198516182993,49,0.9383997749472549,0.003220076671044403,tie
GSM4138124,7,1,Mono_CD14_ID1,specific,0.9237456780946116,339,,,no_baseline
GSM4138125,7,1,Mono_CD14_ID1,specific,0.7841103815934863,197,,,no_baseline
GSM4138125,7,2,DC_family,family,0.8603278067659906,38,0.95113418699402,-0.09080638022802934,less_pure
GSM4138125,7,3,Macrophage_family,family,0.7548342315742447,372,0.7439021951733407,0.01093203640090401,tie
GSM4138126,7,1,Mono_CD14_ID1,specific,0.9529039457285877,758,,,no_baseline
GSM4138127,7,1,Mono_CD14_ID1,specific,0.8562221281717252,185,,,no_baseline
GSM4138127,7,2,DC_family,family,0.967595453769263,22,0.891335201708411,0.07626025206085207,purer
GSM4138127,7,3,Macrophage_family,family,0.8556483127362167,61,0.7778561108377001,0.07779220189851654,purer
GSM4138127,7,4,Ambiguous/Mixed,ambiguous,0.7641463725876312,134,,,ambiguous
GSM4138127,7,5,Ambiguous/Mixed,ambiguous,0.7892953985608646,146,,,ambiguous
GSM4138127,7,6,DC_pDC,specific,0.9217204179375714,33,0.9441912994803779,-0.02247088154280652,tie
GSM4138128,7,1,Mono_CD14_ID1,specific,0.8858123633540804,541,,,no_baseline
GSM4138128,7,2,DC_family,family,0.9935818637411507,18,0.9508492071935304,0.04273265654762026,tie
GSM4138128,7,6,DC_pDC,specific,0.9782659584116306,20,0.9782659584116306,0.0,tie
GSM4138129,7,1,Mono_CD14_ID1,specific,0.8362392677117908,121,,,no_baseline
GSM4138129,7,2,DC_family,family,0.8991171740410553,33,0.8738886990016175,0.025228475039437814,tie
GSM4138129,7,3,Macrophage_family,family,0.8163135898993938,93,0.7576685488530968,0.058645041046297086,purer
GSM4138129,7,4,Ambiguous/Mixed,ambiguous,0.9670070291035117,20,,,ambiguous
GSM4138129,7,5,Ambiguous/Mixed,ambiguous,0.8572450339386174,49,,,ambiguous
GSM4138129,7,6,DC_pDC,specific,0.9868286715955322,25,0.9868286715955322,0.0,tie
GSM4138130,7,1,Mono_CD14_ID1,specific,0.9243480600383656,586,,,no_baseline
GSM4138130,7,6,DC_pDC,specific,0.9645785270275617,18,0.9639490407838097,0.000629486243752031,tie
GSM4138131,7,1,Mono_CD14_ID1,specific,0.8500207143373106,197,,,no_baseline
GSM4138131,7,2,DC_family,family,0.8320376070098416,89,0.7536865945444218,0.07835101246541987,purer
GSM4138131,7,3,Macrophage_family,family,0.7770523462928637,178,0.7412359185254018,0.035816427767461856,tie
GSM4138131,7,4,Ambiguous/Mixed,ambiguous,0.7078358394790869,260,,,ambiguous
GSM4138131,7,5,Ambiguous/Mixed,ambiguous,0.7841430151881318,156,,,ambiguous
GSM4138131,7,6,DC_pDC,specific,0.904860956633087,111,0.9179857890881354,-0.013124832455048474,tie
GSM4138131,7,7,Mast,specific,0.9564196483172959,19,0.9764376533440459,-0.020018005026749996,tie
GSM4138132,7,1,Mono_CD14_ID1,specific,0.93497175799228,644,,,no_baseline
GSM4138133,7,1,Mono_CD14_ID1,specific,0.902175684660931,93,,,no_baseline
GSM4138133,7,2,DC_family,family,0.8439116893202743,109,0.7773132578349409,0.0665984314853334,purer
GSM4138133,7,3,Macrophage_family,family,0.8028238636643232,105,0.7734595161579602,0.029364347506363075,tie
GSM4138133,7,4,Ambiguous/Mixed,ambiguous,0.7503995202504137,89,,,ambiguous
GSM4138133,7,6,DC_pDC,specific,0.9840886463775538,22,0.9780104357713506,0.0060782106062031716,tie
GSM4138134,7,1,Mono_CD14_ID1,specific,0.9551895690151568,1215,,,no_baseline
GSM4138134,7,6,DC_pDC,specific,0.9856991785152992,15,0.9856991785152992,0.0,tie
GSM4138135,7,1,Mono_CD14_ID1,specific,0.8645602701464414,210,,,no_baseline
GSM4138135,7,2,DC_family,family,0.8414564177921688,59,0.841697457205539,-0.00024103941337016987,tie
GSM4138135,7,3,Macrophage_family,family,0.7461068350296983,408,0.6821237468466982,0.06398308818300014,purer
GSM4138135,7,4,Ambiguous/Mixed,ambiguous,0.8419738901127582,66,,,ambiguous
GSM4138135,7,5,Ambiguous/Mixed,ambiguous,0.7618279426131771,279,,,ambiguous
GSM4138135,7,6,DC_pDC,specific,0.9592348250153161,19,0.9787886250594097,-0.019553800044093572,tie
GSM4138135,7,7,Mast,specific,1.0,21,1.0,0.0,tie
GSM4138136,7,1,Mono_CD14_ID1,specific,0.9002676239333379,640,,,no_baseline
GSM4138136,7,2,DC_family,family,0.9791864512380506,15,0.9575949318499146,0.02159151938813597,tie
GSM4138137,7,1,Mono_CD14_ID1,specific,0.8743084344346915,182,,,no_baseline
GSM4138137,7,2,DC_family,family,0.8186808007827883,57,0.839030314310623,-0.02034951352783476,tie
GSM4138137,7,3,Macrophage_family,family,0.7789722873189203,369,0.747893468389154,0.031078818929766272,tie
GSM4138137,7,4,Ambiguous/Mixed,ambiguous,0.7915204657775792,82,,,ambiguous
GSM4138137,7,5,Ambiguous/Mixed,ambiguous,0.7670429677569568,224,,,ambiguous
GSM4138138,7,1,Mono_CD14_ID1,specific,0.90393497044711,573,,,no_baseline
GSM4138139,7,1,Mono_CD14_ID1,specific,0.8242367794108715,218,,,no_baseline
GSM4138139,7,2,DC_family,family,0.8796156665986075,67,0.8604547296733422,0.019160936925265215,tie
GSM4138139,7,3,Macrophage_family,family,0.733206917794917,204,0.6611390100606357,0.07206790773428129,purer
GSM4138139,7,4,Ambiguous/Mixed,ambiguous,0.7836324549691086,61,,,ambiguous
GSM4138139,7,5,Ambiguous/Mixed,ambiguous,0.8116806546691749,178,,,ambiguous
GSM4138139,7,6,DC_pDC,specific,0.9805921689050666,24,0.9506174967437965,0.029974672161270144,tie
GSM4138139,7,7,Mast,specific,0.9658315628046693,60,0.9658315628046693,0.0,tie
GSM4138140,7,1,Mono_CD14_ID1,specific,0.9177226957902214,696,,,no_baseline
GSM4138140,7,2,DC_family,family,0.9813728581502653,18,0.9577957427797844,0.023577115370480906,tie
GSM4138141,7,1,Mono_CD14_ID1,specific,0.8559378672673029,328,,,no_baseline
GSM4138141,7,2,DC_family,family,0.7917463102701583,119,0.7646439714392582,0.027102338830900075,tie
GSM4138141,7,3,Macrophage_family,family,0.8583390177692743,76,0.8124580686420484,0.045880949127225956,tie
GSM4138141,7,4,Ambiguous/Mixed,ambiguous,0.7554768987571377,100,,,ambiguous
GSM4138141,7,5,Ambiguous/Mixed,ambiguous,0.9203395493290749,29,,,ambiguous
GSM4138141,7,6,DC_pDC,specific,0.915848528113676,73,0.9165508686482305,-0.0007023405345545353,tie
GSM4138142,7,1,Mono_CD14_ID1,specific,0.9108648709995313,688,0.9672045977511199,-0.056339726751588604,less_pure
GSM4138143,7,1,Mono_CD14_ID1,specific,0.7912038670234601,153,,,no_baseline
GSM4138143,7,2,DC_family,family,0.7497358933101806,116,0.7974127699611427,-0.0476768766509621,tie
GSM4138143,7,3,Macrophage_family,family,0.88664514512261,38,0.7385317125013253,0.14811343262128462,purer
GSM4138143,7,4,Ambiguous/Mixed,ambiguous,0.8083135579305717,64,,,ambiguous
GSM4138143,7,6,DC_pDC,specific,0.9295762244202338,46,0.9295762244202338,0.0,tie
GSM4138143,7,7,Mast,specific,0.9748135904112316,31,0.9748135904112316,0.0,tie
GSM4138144,7,1,Mono_CD14_ID1,specific,0.8912510576682213,284,,,no_baseline
GSM4138144,7,2,DC_family,family,0.9666238759581844,28,0.8857225642654714,0.08090131169271308,purer
GSM4138145,7,1,Mono_CD14_ID1,specific,0.8150965900278737,264,,,no_baseline
GSM4138145,7,2,DC_family,family,0.753765761299156,194,0.7535493269325659,0.00021643436659002369,tie
GSM4138145,7,3,Macrophage_family,family,0.9439699526748437,23,0.8162928621790009,0.12767709049584286,purer
GSM4138145,7,4,Ambiguous/Mixed,ambiguous,0.8507792246944086,33,,,ambiguous
GSM4138145,7,5,Ambiguous/Mixed,ambiguous,0.9062044498419644,49,,,ambiguous
GSM4138145,7,6,DC_pDC,specific,0.9472622152517468,46,0.9472622152517468,0.0,tie
GSM4138146,7,1,Mono_CD14_ID1,specific,0.8941498986540146,459,,,no_baseline
GSM4138147,7,2,DC_family,family,0.9840307386621786,15,,,no_baseline
GSM4138147,7,6,DC_pDC,specific,0.935324749011505,31,0.935324749011505,0.0,tie
GSM4138148,7,1,Mono_CD14_ID1,specific,0.8607675443829517,176,,,no_baseline
GSM4138148,7,2,DC_family,family,0.9923075368293461,18,0.9695044981476699,0.022803038681676213,tie
GSM4138150,7,1,Mono_CD14_ID1,specific,0.9065579601561824,189,,,no_baseline
GSM4138151,7,6,DC_pDC,specific,0.9891966018729946,16,0.9806392337550041,0.008557368117990571,tie
GSM4138152,7,1,Mono_CD14_ID1,specific,0.8932099949004707,452,0.9520007247267991,-0.05879072982632838,less_pure
GSM4138152,7,2,DC_family,family,0.9711211544580763,18,0.9275689836639187,0.04355217079415763,tie
GSM4138153,7,1,Mono_CD14_ID1,specific,0.9010370034237491,22,,,no_baseline
GSM4138153,7,2,DC_family,family,0.8910003616176113,27,0.9378503541294222,-0.04684999251181088,tie
GSM4138154,7,1,Mono_CD14_ID1,specific,0.8685220907115672,350,0.943462555263132,-0.07494046455156489,less_pure
GSM4138154,7,2,DC_family,family,0.9333305365115374,16,0.8775236679295477,0.05580686858198969,purer
GSM4138155,7,1,Mono_CD14_ID1,specific,0.8058975194348263,210,,,no_baseline
GSM4138155,7,2,DC_family,family,0.6911917301315929,206,0.7010983122032448,-0.00990658207165196,tie
GSM4138155,7,3,Macrophage_family,family,0.7201951941211083,126,0.6299154299118346,0.09027976420927375,purer
GSM4138155,7,4,Ambiguous/Mixed,ambiguous,0.865467202728884,50,,,ambiguous
GSM4138155,7,5,Ambiguous/Mixed,ambiguous,0.7014825082268505,177,,,ambiguous
GSM4138155,7,6,DC_pDC,specific,0.9001000132765705,52,0.9062361607604512,-0.006136147483880694,tie
GSM4138155,7,7,Mast,specific,0.9252378509283148,20,0.9381206978557273,-0.012882846927412483,tie
GSM4138156,7,1,Mono_CD14_ID1,specific,0.901151012079771,916,,,no_baseline
GSM4138156,7,2,DC_family,family,0.9908015396634673,17,0.943543967188031,0.04725757247543627,tie
GSM4138156,7,6,DC_pDC,specific,0.9539837451128743,15,0.9539837451128743,0.0,tie
GSM4138157,7,1,Mono_CD14_ID1,specific,0.9376654006444944,63,,,no_baseline
GSM4138157,7,2,DC_family,family,0.8011798461305737,63,0.8709308666726747,-0.06975102054210103,less_pure
GSM4138157,7,3,Macrophage_family,family,0.9528565541743165,29,0.8168706613307802,0.13598589284353624,purer
GSM4138157,7,4,Ambiguous/Mixed,ambiguous,0.9781602379772937,22,,,ambiguous
GSM4138157,7,5,Ambiguous/Mixed,ambiguous,0.886462757352847,31,,,ambiguous
GSM4138157,7,6,DC_pDC,specific,0.9771060119735836,17,0.9771060119735836,0.0,tie
GSM4138158,7,1,Mono_CD14_ID1,specific,0.9075641323874505,271,,,no_baseline
GSM4138158,7,2,DC_family,family,1.0,15,0.9711664758645067,0.028833524135493338,tie
GSM4138159,7,1,Mono_CD14_ID1,specific,0.9140041260679089,58,,,no_baseline
GSM4138159,7,2,DC_family,family,0.7896571641251642,53,0.774082064685566,0.015575099439598228,tie
GSM4138159,7,3,Macrophage_family,family,0.9695143293398831,24,0.8696457764255141,0.09986855291436902,purer
GSM4138159,7,5,Ambiguous/Mixed,ambiguous,0.9808256954472852,21,,,ambiguous
GSM4138160,7,1,Mono_CD14_ID1,specific,0.9140249351178305,482,,,no_baseline
GSM4138160,7,6,DC_pDC,specific,0.980833886723325,23,0.980833886723325,0.0,tie
GSM4138161,7,1,Mono_CD14_ID1,specific,0.8257401640000842,150,,,no_baseline
GSM4138161,7,2,DC_family,family,0.7266048031764751,115,0.6918033483531927,0.03480145482328245,tie
GSM4138161,7,3,Macrophage_family,family,0.905138782903818,20,0.7827305071018592,0.12240827580195879,purer
GSM4138161,7,4,Ambiguous/Mixed,ambiguous,0.7014032076679837,64,,,ambiguous
GSM4138161,7,5,Ambiguous/Mixed,ambiguous,0.8144678491841726,65,,,ambiguous
GSM4138161,7,6,DC_pDC,specific,0.864470627766718,111,0.8488491714550629,0.015621456311655124,tie
GSM4138162,7,1,Mono_CD14_ID1,specific,0.9020093553589479,481,,,no_baseline
GSM4138162,7,2,DC_family,family,0.9845765053069033,27,0.9565826886013326,0.027993816705570773,tie
GSM4138162,7,6,DC_pDC,specific,0.9897606953288196,17,0.9897606953288196,0.0,tie
GSM4138163,7,1,Mono_CD14_ID1,specific,0.9069094975978119,423,,,no_baseline
GSM4138163,7,2,DC_family,family,0.9856049530918567,16,0.9662642696443162,0.019340683447540474,tie
GSM4138163,7,6,DC_pDC,specific,0.9858316108356697,17,0.9858316108356697,0.0,tie
GSM4138164,7,1,Mono_CD14_ID1,specific,0.8390432037763356,155,,,no_baseline
GSM4138165,7,1,Mono_CD14_ID1,specific,0.9064512272842953,434,,,no_baseline
GSM4138166,7,1,Mono_CD14_ID1,specific,0.9007863589473213,463,,,no_baseline
GSM4138166,7,2,DC_family,family,0.971344443028832,18,0.9432683195432393,0.02807612348559274,tie
GSM4138167,7,1,Mono_CD14_ID1,specific,0.8967396653845052,338,,,no_baseline
GSM4138167,7,2,DC_family,family,0.9849664056750759,18,0.9791664161417739,0.0057999895333019635,tie
GSM4138168,7,6,DC_pDC,specific,0.9457890908623999,20,0.9457890908623999,0.0,tie
GSM4138169,7,2,DC_family,family,1.0,15,0.987992121191529,0.012007878808470984,tie
GSM4138171,7,2,DC_family,family,1.0,21,0.985688027513448,0.014311972486552027,tie
GSM4138172,7,2,DC_family,family,0.9755730284803008,19,0.9751510210975685,0.00042200738273234784,tie
GSM4138110,8,1,Mono_CD14_ID1,specific,0.9112355875424483,628,,,no_baseline
GSM4138110,8,6,DC_pDC,specific,0.9555193703185515,21,0.9555193703185515,0.0,tie
GSM4138111,8,1,Mono_CD14_ID1,specific,0.771550403231092,153,,,no_baseline
GSM4138111,8,2,DC_family,family,0.7988684902385811,89,0.7139188135165719,0.08494967672200915,purer
GSM4138111,8,3,Macrophage_family,family,0.8927878554392925,25,0.7348820353100064,0.1579058201292861,purer
GSM4138111,8,4,Ambiguous/Mixed,ambiguous,0.6908310741416077,100,,,ambiguous
GSM4138111,8,5,Ambiguous/Mixed,ambiguous,0.9301811709659488,20,,,ambiguous
GSM4138111,8,6,DC_pDC,specific,0.8965629129225732,68,0.8980982837036952,-0.0015353707811219808,tie
GSM4138111,8,8,Mast,specific,0.8772200899755831,30,0.9059125026497903,-0.02869241267420719,tie
GSM4138112,8,1,Mono_CD14_ID1,specific,0.8960687168604251,352,,,no_baseline
GSM4138112,8,6,DC_pDC,specific,0.9670409840078681,25,0.9672228106134714,-0.00018182660560328578,tie
GSM4138113,8,1,Mono_CD14_ID1,specific,0.8230387558662098,98,,,no_baseline
GSM4138113,8,2,DC_family,family,0.8520799652448467,30,0.7632287255055046,0.08885123973934217,purer
GSM4138113,8,4,Ambiguous/Mixed,ambiguous,0.7598678538910242,19,,,ambiguous
GSM4138113,8,6,DC_pDC,specific,0.8467529855706365,37,0.9211167331049517,-0.07436374753431518,less_pure
GSM4138114,8,1,Mono_CD14_ID1,specific,0.8899277182970458,350,,,no_baseline
GSM4138114,8,2,DC_family,family,0.9827840413772583,15,0.9550220117526695,0.027762029624588735,tie
GSM4138115,8,1,Mono_CD14_ID1,specific,0.9481940729727578,44,,,no_baseline
GSM4138115,8,2,DC_family,family,0.8296773657679054,89,0.7727754744975728,0.05690189127033263,purer
GSM4138115,8,3,Macrophage_family,family,0.9610498967635126,17,0.9489538079417781,0.012096088821734519,tie
GSM4138115,8,4,Ambiguous/Mixed,ambiguous,0.9389925405737257,28,,,ambiguous
GSM4138115,8,6,DC_pDC,specific,0.9816087420119992,19,0.9816087420119992,0.0,tie
GSM4138116,8,1,Mono_CD14_ID1,specific,0.9303430193458323,701,,,no_baseline
GSM4138117,8,1,Mono_CD14_ID1,specific,0.7584394996755968,208,,,no_baseline
GSM4138117,8,2,DC_family,family,0.960642136857666,33,0.8983178908723612,0.06232424598530473,purer
GSM4138117,8,3,Macrophage_family,family,0.8040751181323886,89,0.7420397036679759,0.06203541446441274,purer
GSM4138117,8,4,Ambiguous/Mixed,ambiguous,0.77336416676082,66,,,ambiguous
GSM4138117,8,6,DC_pDC,specific,0.9528621852287787,15,,,no_baseline
GSM4138117,8,7,Macrophage_family,family,0.9590416898148455,18,0.7420397036679759,0.2170019861468696,purer
GSM4138117,8,8,Mast,specific,0.9848958966969695,15,0.9848958966969695,0.0,tie
GSM4138118,8,1,Mono_CD14_ID1,specific,0.9022237135692892,288,0.9335570118094065,-0.031333298240117324,tie
GSM4138119,8,1,Mono_CD14_ID1,specific,0.8298852898892471,52,,,no_baseline
GSM4138119,8,2,DC_family,family,0.7777881334920953,32,0.903900009773125,-0.1261118762810297,less_pure
GSM4138119,8,5,Ambiguous/Mixed,ambiguous,0.958074479815691,17,,,ambiguous
GSM4138119,8,7,Macrophage_family,family,0.8604409948630265,29,0.7571052713504478,0.10333572351257869,purer
GSM4138120,8,1,Mono_CD14_ID1,specific,0.8674861757291178,598,0.9143636094168758,-0.046877433687757986,tie
GSM4138120,8,2,DC_family,family,0.969012675180625,21,0.9218733376798663,0.047139337500758605,tie
GSM4138121,8,1,Mono_CD14_ID1,specific,0.896394737057166,58,,,no_baseline
GSM4138121,8,2,DC_family,family,0.8653672494399116,26,0.85151969778944,0.013847551650471579,tie
GSM4138121,8,3,Macrophage_family,family,0.9424171619784621,20,0.7061923152542848,0.23622484672417732,purer
GSM4138121,8,4,Ambiguous/Mixed,ambiguous,0.9316836863652749,18,,,ambiguous
GSM4138121,8,5,Ambiguous/Mixed,ambiguous,0.7264044435525087,100,,,ambiguous
GSM4138121,8,6,DC_pDC,specific,0.975345479450801,16,,,no_baseline
GSM4138122,8,1,Mono_CD14_ID1,specific,0.8858123633540804,541,,,no_baseline
GSM4138122,8,2,DC_family,family,0.9935818637411507,18,0.9508492071935304,0.04273265654762026,tie
GSM4138122,8,6,DC_pDC,specific,0.9782659584116306,20,0.9782659584116306,0.0,tie
GSM4138123,8,1,Mono_CD14_ID1,specific,0.9238361367114025,50,,,no_baseline
GSM4138123,8,2,DC_family,family,0.7353372454800295,52,0.7694321137860433,-0.034094868306013715,tie
GSM4138123,8,3,Macrophage_family,family,0.7362434675296827,455,0.7056844211043604,0.030559046425322367,tie
GSM4138123,8,4,Ambiguous/Mixed,ambiguous,0.6525109463765668,112,,,ambiguous
GSM4138123,8,5,Ambiguous/Mixed,ambiguous,0.8674763413278519,50,,,ambiguous
GSM4138123,8,6,DC_pDC,specific,0.9416198516182993,49,0.9383997749472549,0.003220076671044403,tie
GSM4138124,8,1,Mono_CD14_ID1,specific,0.9237456780946116,339,,,no_baseline
GSM4138125,8,1,Mono_CD14_ID1,specific,0.8383990860934287,137,,,no_baseline
GSM4138125,8,2,DC_family,family,0.8600729955159627,34,0.95113418699402,-0.09106119147805725,less_pure
GSM4138125,8,3,Macrophage_family,family,0.8468536406704467,53,0.7439021951733407,0.102951445497106,purer
GSM4138125,8,7,Macrophage_family,family,0.7544608834604561,353,0.7439021951733407,0.01055868828711548,tie
GSM4138126,8,1,Mono_CD14_ID1,specific,0.9529039457285877,758,,,no_baseline
GSM4138127,8,1,Mono_CD14_ID1,specific,0.8518878151845684,190,,,no_baseline
GSM4138127,8,2,DC_family,family,0.9674500777465271,23,0.891335201708411,0.07611487603811617,purer
GSM4138127,8,3,Macrophage_family,family,0.8726655803988921,30,0.7778561108377001,0.09480946956119196,purer
GSM4138127,8,4,Ambiguous/Mixed,ambiguous,0.7665473654720703,128,,,ambiguous
GSM4138127,8,5,Ambiguous/Mixed,ambiguous,0.7957864177406202,143,,,ambiguous
GSM4138127,8,6,DC_pDC,specific,0.9217204179375714,33,0.9441912994803779,-0.02247088154280652,tie
GSM4138127,8,7,Macrophage_family,family,0.9421282622889127,32,0.7778561108377001,0.16427215145121254,purer
GSM4138128,8,1,Mono_CD14_ID1,specific,0.8858123633540804,541,,,no_baseline
GSM4138128,8,2,DC_family,family,0.9935818637411507,18,0.9508492071935304,0.04273265654762026,tie
GSM4138128,8,6,DC_pDC,specific,0.9782659584116306,20,0.9782659584116306,0.0,tie
GSM4138129,8,1,Mono_CD14_ID1,specific,0.8202941963743482,125,,,no_baseline
GSM4138129,8,2,DC_family,family,0.9272246626001659,33,0.8738886990016175,0.05333596359854842,purer
GSM4138129,8,3,Macrophage_family,family,0.8792332828100605,46,0.7576685488530968,0.12156473395696377,purer
GSM4138129,8,4,Ambiguous/Mixed,ambiguous,0.9266706172500899,22,,,ambiguous
GSM4138129,8,5,Ambiguous/Mixed,ambiguous,0.8565421779872796,48,,,ambiguous
GSM4138129,8,6,DC_pDC,specific,0.9868286715955322,25,0.9868286715955322,0.0,tie
GSM4138129,8,7,Macrophage_family,family,0.8589902237186712,53,0.7576685488530968,0.10132167486557442,purer
GSM4138130,8,1,Mono_CD14_ID1,specific,0.9243480600383656,586,,,no_baseline
GSM4138130,8,6,DC_pDC,specific,0.9645785270275617,18,0.9639490407838097,0.000629486243752031,tie
GSM4138131,8,1,Mono_CD14_ID1,specific,0.8555360986183448,195,,,no_baseline
GSM4138131,8,2,DC_family,family,0.8256416147449379,84,0.7536865945444218,0.07195502020051614,purer
GSM4138131,8,3,Macrophage_family,family,0.7863479699431435,232,0.7412359185254018,0.04511205141774166,tie
GSM4138131,8,4,Ambiguous/Mixed,ambiguous,0.7128581178999536,187,,,ambiguous
GSM4138131,8,5,Ambiguous/Mixed,ambiguous,0.7810219802394593,152,,,ambiguous
GSM4138131,8,6,DC_pDC,specific,0.904860956633087,111,0.9179857890881354,-0.013124832455048474,tie
GSM4138131,8,8,Mast,specific,0.9564196483172959,19,0.9764376533440459,-0.020018005026749996,tie
GSM4138132,8,1,Mono_CD14_ID1,specific,0.93497175799228,644,,,no_baseline
GSM4138133,8,1,Mono_CD14_ID1,specific,0.8887515702684458,105,,,no_baseline
GSM4138133,8,2,DC_family,family,0.8537660202096267,106,0.7773132578349409,0.07645276237468579,purer
GSM4138133,8,3,Macrophage_family,family,0.8127746564461432,96,0.7734595161579602,0.03931514028818306,tie
GSM4138133,8,4,Ambiguous/Mixed,ambiguous,0.7540865397396561,88,,,ambiguous
GSM4138133,8,6,DC_pDC,specific,0.9840886463775538,22,0.9780104357713506,0.0060782106062031716,tie
GSM4138133,8,7,Macrophage_family,family,0.963762423151256,18,0.7734595161579602,0.19030290699329588,purer
GSM4138134,8,1,Mono_CD14_ID1,specific,0.9551895690151568,1215,,,no_baseline
GSM4138134,8,6,DC_pDC,specific,0.9856991785152992,15,0.9856991785152992,0.0,tie
GSM4138135,8,1,Mono_CD14_ID1,specific,0.8394860122748699,236,,,no_baseline
GSM4138135,8,2,DC_family,family,0.8399079315972822,55,0.841697457205539,-0.0017895256082568478,tie
GSM4138135,8,3,Macrophage_family,family,0.7659695360154295,359,0.6821237468466982,0.08384578916873131,purer
GSM4138135,8,4,Ambiguous/Mixed,ambiguous,0.8093505552553671,68,,,ambiguous
GSM4138135,8,5,Ambiguous/Mixed,ambiguous,0.7609833535309107,286,,,ambiguous
GSM4138135,8,6,DC_pDC,specific,0.9592348250153161,19,0.9787886250594097,-0.019553800044093572,tie
GSM4138135,8,7,Macrophage_family,family,0.8063907765554901,73,0.6821237468466982,0.12426702970879189,purer
GSM4138135,8,8,Mast,specific,1.0,21,1.0,0.0,tie
GSM4138136,8,1,Mono_CD14_ID1,specific,0.9002676239333379,640,,,no_baseline
GSM4138136,8,2,DC_family,family,0.9791864512380506,15,0.9575949318499146,0.02159151938813597,tie
GSM4138137,8,1,Mono_CD14_ID1,specific,0.852893192640241,195,,,no_baseline
GSM4138137,8,2,DC_family,family,0.8287543293996954,58,0.839030314310623,-0.010275984910927627,tie
GSM4138137,8,3,Macrophage_family,family,0.8032636480473612,285,0.747893468389154,0.05537017965820712,purer
GSM4138137,8,4,Ambiguous/Mixed,ambiguous,0.8031142893164556,80,,,ambiguous
GSM4138137,8,5,Ambiguous/Mixed,ambiguous,0.767832385922006,242,,,ambiguous
GSM4138137,8,7,Macrophage_family,family,0.7825844758474203,131,0.747893468389154,0.034691007458266254,tie
GSM4138138,8,1,Mono_CD14_ID1,specific,0.90393497044711,573,,,no_baseline
GSM4138139,8,1,Mono_CD14_ID1,specific,0.8171834664939609,222,,,no_baseline
GSM4138139,8,2,DC_family,family,0.9112297135074826,66,0.8604547296733422,0.050774983834140364,purer
GSM4138139,8,3,Macrophage_family,family,0.8088605251557499,119,0.6611390100606357,0.14772151509511422,purer
GSM4138139,8,4,Ambiguous/Mixed,ambiguous,0.8022676102285571,63,,,ambiguous
GSM4138139,8,5,Ambiguous/Mixed,ambiguous,0.8150251609806659,175,,,ambiguous
GSM4138139,8,6,DC_pDC,specific,0.9805921689050666,24,0.9506174967437965,0.029974672161270144,tie
GSM4138139,8,7,Macrophage_family,family,0.7727477638192559,107,0.6611390100606357,0.11160875375862023,purer
GSM4138139,8,8,Mast,specific,0.9658315628046693,60,0.9658315628046693,0.0,tie
GSM4138140,8,1,Mono_CD14_ID1,specific,0.9177226957902214,696,,,no_baseline
GSM4138140,8,2,DC_family,family,0.9813728581502653,18,0.9577957427797844,0.023577115370480906,tie
GSM4138141,8,1,Mono_CD14_ID1,specific,0.8573143247037032,325,,,no_baseline
GSM4138141,8,2,DC_family,family,0.7801060032773154,116,0.7646439714392582,0.015462031838057166,tie
GSM4138141,8,3,Macrophage_family,family,0.8317996521540496,81,0.8124580686420484,0.019341583512001215,tie
GSM4138141,8,4,Ambiguous/Mixed,ambiguous,0.7625470579899168,94,,,ambiguous
GSM4138141,8,5,Ambiguous/Mixed,ambiguous,0.9227482334348748,28,,,ambiguous
GSM4138141,8,6,DC_pDC,specific,0.915848528113676,73,0.9165508686482305,-0.0007023405345545353,tie
GSM4138142,8,1,Mono_CD14_ID1,specific,0.9108648709995313,688,0.9672045977511199,-0.056339726751588604,less_pure
GSM4138143,8,1,Mono_CD14_ID1,specific,0.78664635385047,156,,,no_baseline
GSM4138143,8,2,DC_family,family,0.7664617629902254,116,0.7974127699611427,-0.03095100697091735,tie
GSM4138143,8,3,Macrophage_family,family,0.9399460163049818,21,0.7385317125013253,0.20141430380365644,purer
GSM4138143,8,4,Ambiguous/Mixed,ambiguous,0.7818845311553456,63,,,ambiguous
GSM4138143,8,6,DC_pDC,specific,0.9295762244202338,46,0.9295762244202338,0.0,tie
GSM4138143,8,7,Macrophage_family,family,0.9443814286217983,17,0.7385317125013253,0.20584971612047298,purer
GSM4138143,8,8,Mast,specific,0.9748135904112316,31,0.9748135904112316,0.0,tie
GSM4138144,8,1,Mono_CD14_ID1,specific,0.8912510576682213,284,,,no_baseline
GSM4138144,8,2,DC_family,family,0.9666238759581844,28,0.8857225642654714,0.08090131169271308,purer
GSM4138145,8,1,Mono_CD14_ID1,specific,0.8170804980246577,262,,,no_baseline
GSM4138145,8,2,DC_family,family,0.757991342666297,193,0.7535493269325659,0.004442015733731042,tie
GSM4138145,8,3,Macrophage_family,family,0.9741884417190813,18,0.8162928621790009,0.15789557954008038,purer
GSM4138145,8,4,Ambiguous/Mixed,ambiguous,0.8507792246944086,33,,,ambiguous
GSM4138145,8,5,Ambiguous/Mixed,ambiguous,0.9030173138190658,46,,,ambiguous
GSM4138145,8,6,DC_pDC,specific,0.9472622152517468,46,0.9472622152517468,0.0,tie
GSM4138146,8,1,Mono_CD14_ID1,specific,0.8941498986540146,459,,,no_baseline
GSM4138147,8,2,DC_family,family,0.9518901963320407,16,,,no_baseline
GSM4138147,8,6,DC_pDC,specific,0.935324749011505,31,0.935324749011505,0.0,tie
GSM4138148,8,1,Mono_CD14_ID1,specific,0.8607675443829517,176,,,no_baseline
GSM4138148,8,2,DC_family,family,0.9923075368293461,18,0.9695044981476699,0.022803038681676213,tie
GSM4138150,8,1,Mono_CD14_ID1,specific,0.9065579601561824,189,,,no_baseline
GSM4138151,8,6,DC_pDC,specific,0.9891966018729946,16,0.9806392337550041,0.008557368117990571,tie
GSM4138152,8,1,Mono_CD14_ID1,specific,0.8932099949004707,452,0.9520007247267991,-0.05879072982632838,less_pure
GSM4138152,8,2,DC_family,family,0.9711211544580763,18,0.9275689836639187,0.04355217079415763,tie
GSM4138153,8,1,Mono_CD14_ID1,specific,0.9028503979785505,23,,,no_baseline
GSM4138153,8,2,DC_family,family,0.9275191023927652,26,0.9378503541294222,-0.010331251736656943,tie
GSM4138154,8,1,Mono_CD14_ID1,specific,0.8679727082402541,349,0.943462555263132,-0.07548984702287798,less_pure
GSM4138154,8,2,DC_family,family,0.9333305365115374,16,0.8775236679295477,0.05580686858198969,purer
GSM4138155,8,1,Mono_CD14_ID1,specific,0.7991277801921779,207,,,no_baseline
GSM4138155,8,2,DC_family,family,0.6953688768886308,209,0.7010983122032448,-0.0057294353146140065,tie
GSM4138155,8,3,Macrophage_family,family,0.85612845331566,48,0.6299154299118346,0.22621302340382543,purer
GSM4138155,8,4,Ambiguous/Mixed,ambiguous,0.8510794144698908,55,,,ambiguous
GSM4138155,8,5,Ambiguous/Mixed,ambiguous,0.6909527738749444,179,,,ambiguous
GSM4138155,8,6,DC_pDC,specific,0.9001000132765705,52,0.9062361607604512,-0.006136147483880694,tie
GSM4138155,8,7,Macrophage_family,family,0.7024760182159506,104,0.6299154299118346,0.07256058830411605,purer
GSM4138155,8,8,Mast,specific,0.9252378509283148,20,0.9381206978557273,-0.012882846927412483,tie
GSM4138156,8,1,Mono_CD14_ID1,specific,0.901151012079771,916,,,no_baseline
GSM4138156,8,2,DC_family,family,0.9908015396634673,17,0.943543967188031,0.04725757247543627,tie
GSM4138156,8,6,DC_pDC,specific,0.9539837451128743,15,0.9539837451128743,0.0,tie
GSM4138157,8,1,Mono_CD14_ID1,specific,0.9376654006444944,63,,,no_baseline
GSM4138157,8,2,DC_family,family,0.7846516018407415,62,0.8709308666726747,-0.08627926483193327,less_pure
GSM4138157,8,3,Macrophage_family,family,0.9370485532968975,19,0.8168706613307802,0.12017789196611728,purer
GSM4138157,8,4,Ambiguous/Mixed,ambiguous,0.9793446133640051,22,,,ambiguous
GSM4138157,8,5,Ambiguous/Mixed,ambiguous,0.886462757352847,31,,,ambiguous
GSM4138157,8,6,DC_pDC,specific,0.9771060119735836,17,0.9771060119735836,0.0,tie
GSM4138158,8,1,Mono_CD14_ID1,specific,0.9075641323874505,271,,,no_baseline
GSM4138158,8,2,DC_family,family,1.0,15,0.9711664758645067,0.028833524135493338,tie
GSM4138159,8,1,Mono_CD14_ID1,specific,0.9144184871252556,59,,,no_baseline
GSM4138159,8,2,DC_family,family,0.7896571641251642,53,0.774082064685566,0.015575099439598228,tie
GSM4138159,8,3,Macrophage_family,family,0.9726361930749953,21,0.8696457764255141,0.10299041664948116,purer
GSM4138159,8,5,Ambiguous/Mixed,ambiguous,0.9808256954472852,21,,,ambiguous
GSM4138160,8,1,Mono_CD14_ID1,specific,0.9140249351178305,482,,,no_baseline
GSM4138160,8,6,DC_pDC,specific,0.980833886723325,23,0.980833886723325,0.0,tie
GSM4138161,8,1,Mono_CD14_ID1,specific,0.8257401640000842,150,,,no_baseline
GSM4138161,8,2,DC_family,family,0.7324776835457405,115,0.6918033483531927,0.04067433519254782,tie
GSM4138161,8,3,Macrophage_family,family,0.9521756295808197,15,0.7827305071018592,0.16944512247896049,purer
GSM4138161,8,4,Ambiguous/Mixed,ambiguous,0.6892795092258195,60,,,ambiguous
GSM4138161,8,5,Ambiguous/Mixed,ambiguous,0.8144678491841726,65,,,ambiguous
GSM4138161,8,6,DC_pDC,specific,0.864470627766718,111,0.8488491714550629,0.015621456311655124,tie
GSM4138162,8,1,Mono_CD14_ID1,specific,0.9020093553589479,481,,,no_baseline
GSM4138162,8,2,DC_family,family,0.9845765053069033,27,0.9565826886013326,0.027993816705570773,tie
GSM4138162,8,6,DC_pDC,specific,0.9897606953288196,17,0.9897606953288196,0.0,tie
GSM4138163,8,1,Mono_CD14_ID1,specific,0.9069094975978119,423,,,no_baseline
GSM4138163,8,2,DC_family,family,0.9856049530918567,16,0.9662642696443162,0.019340683447540474,tie
GSM4138163,8,6,DC_pDC,specific,0.9858316108356697,17,0.9858316108356697,0.0,tie
GSM4138164,8,1,Mono_CD14_ID1,specific,0.8390432037763356,155,,,no_baseline
GSM4138165,8,1,Mono_CD14_ID1,specific,0.9064512272842953,434,,,no_baseline
GSM4138166,8,1,Mono_CD14_ID1,specific,0.9048694271408997,462,,,no_baseline
GSM4138166,8,2,DC_family,family,0.9711918571755427,19,0.9432683195432393,0.027923537632303375,tie
GSM4138167,8,1,Mono_CD14_ID1,specific,0.8967396653845052,338,,,no_baseline
GSM4138167,8,2,DC_family,family,0.9849664056750759,18,0.9791664161417739,0.0057999895333019635,tie
GSM4138168,8,6,DC_pDC,specific,0.9457890908623999,20,0.9457890908623999,0.0,tie
GSM4138169,8,2,DC_family,family,1.0,15,0.987992121191529,0.012007878808470984,tie
GSM4138171,8,2,DC_family,family,1.0,20,0.985688027513448,0.014311972486552027,tie
GSM4138172,8,2,DC_family,family,0.9755730284803008,19,0.9751510210975685,0.00042200738273234784,tie
GSM4138110,9,1,Mono_CD14_ID1,specific,0.9112138596517879,626,,,no_baseline
GSM4138110,9,6,DC_pDC,specific,0.9555193703185515,21,0.9555193703185515,0.0,tie
GSM4138111,9,1,Mono_CD14_ID1,specific,0.7781898836431698,140,,,no_baseline
GSM4138111,9,2,DC_family,family,0.7962573856864913,86,0.7139188135165719,0.08233857216991936,purer
GSM4138111,9,3,Macrophage_family,family,0.9080905767537002,21,0.7348820353100064,0.1732085414436938,purer
GSM4138111,9,4,Ambiguous/Mixed,ambiguous,0.6868311236287747,104,,,ambiguous
GSM4138111,9,5,Ambiguous/Mixed,ambiguous,0.9440404852905947,19,,,ambiguous
GSM4138111,9,6,DC_pDC,specific,0.7659231473604542,70,0.8980982837036952,-0.13217513634324096,less_pure
GSM4138111,9,8,DC_family,family,0.7334839480501059,16,0.7139188135165719,0.019565134533533923,tie
GSM4138111,9,9,Mast,specific,0.876493661763317,29,0.9059125026497903,-0.029418840886473285,tie
GSM4138112,9,1,Mono_CD14_ID1,specific,0.8960687168604251,352,,,no_baseline
GSM4138112,9,6,DC_pDC,specific,0.9670409840078681,25,0.9672228106134714,-0.00018182660560328578,tie
GSM4138113,9,1,Mono_CD14_ID1,specific,0.8113401194136391,93,,,no_baseline
GSM4138113,9,2,DC_family,family,0.8564245511920417,32,0.7632287255055046,0.09319582568653717,purer
GSM4138113,9,4,Ambiguous/Mixed,ambiguous,0.7639556664319941,20,,,ambiguous
GSM4138113,9,6,DC_pDC,specific,0.8467529855706365,37,0.9211167331049517,-0.07436374753431518,less_pure
GSM4138114,9,1,Mono_CD14_ID1,specific,0.8899277182970458,350,,,no_baseline
GSM4138114,9,2,DC_family,family,0.9851093130705938,17,0.9550220117526695,0.030087301317924253,tie
GSM4138115,9,1,Mono_CD14_ID1,specific,0.9493627209615266,40,,,no_baseline
GSM4138115,9,2,DC_family,family,0.8225898255254993,88,0.7727754744975728,0.04981435102792653,tie
GSM4138115,9,3,Macrophage_family,family,0.9727002945398558,17,0.9489538079417781,0.023746486598077765,tie
GSM4138115,9,6,DC_pDC,specific,0.9816087420119992,19,0.9816087420119992,0.0,tie
GSM4138115,9,8,DC_family,family,0.9715914688500271,22,0.7727754744975728,0.19881599435245434,purer
GSM4138116,9,1,Mono_CD14_ID1,specific,0.9303430193458323,701,,,no_baseline
GSM4138117,9,1,Mono_CD14_ID1,specific,0.7876014965862705,185,,,no_baseline
GSM4138117,9,2,DC_family,family,0.9490990951158271,34,0.8983178908723612,0.05078120424346588,purer
GSM4138117,9,3,Macrophage_family,family,0.8077971608807629,80,0.7420397036679759,0.06575745721278703,purer
GSM4138117,9,4,Ambiguous/Mixed,ambiguous,0.7616081033619493,76,,,ambiguous
GSM4138117,9,6,DC_pDC,specific,0.9528621852287787,15,,,no_baseline
GSM4138117,9,7,Macrophage_family,family,0.9456192998329424,19,0.7420397036679759,0.20357959616496646,purer
GSM4138117,9,9,Mast,specific,0.9848958966969695,15,0.9848958966969695,0.0,tie
GSM4138118,9,1,Mono_CD14_ID1,specific,0.9022237135692892,288,0.9335570118094065,-0.031333298240117324,tie
GSM4138119,9,1,Mono_CD14_ID1,specific,0.8359292837971,51,,,no_baseline
GSM4138119,9,2,DC_family,family,0.7777881334920953,32,0.903900009773125,-0.1261118762810297,less_pure
GSM4138119,9,5,Ambiguous/Mixed,ambiguous,0.958074479815691,17,,,ambiguous
GSM4138119,9,7,Macrophage_family,family,0.8626331707562538,28,0.7571052713504478,0.10552789940580598,purer
GSM4138120,9,1,Mono_CD14_ID1,specific,0.8691350693725601,597,0.9143636094168758,-0.045228540044315646,tie
GSM4138120,9,2,DC_family,family,0.969012675180625,21,0.9218733376798663,0.047139337500758605,tie
GSM4138121,9,1,Mono_CD14_ID1,specific,0.9019739769627144,54,,,no_baseline
GSM4138121,9,2,DC_family,family,0.9125197721046266,25,0.85151969778944,0.061000074315186614,purer
GSM4138121,9,3,Macrophage_family,family,0.9471813294476342,19,0.7061923152542848,0.2409890141933494,purer
GSM4138121,9,5,Ambiguous/Mixed,ambiguous,0.7264044435525087,100,,,ambiguous
GSM4138121,9,6,DC_pDC,specific,0.9606962873427333,17,,,no_baseline
GSM4138122,9,1,Mono_CD14_ID1,specific,0.8856372629639649,542,,,no_baseline
GSM4138122,9,2,DC_family,family,0.9941451054804079,21,0.9508492071935304,0.04329589828687752,tie
GSM4138122,9,6,DC_pDC,specific,0.9782659584116306,20,0.9782659584116306,0.0,tie
GSM4138123,9,1,Mono_CD14_ID1,specific,0.9160921116359942,48,,,no_baseline
GSM4138123,9,2,DC_family,family,0.7156797279935578,57,0.7694321137860433,-0.053752385792485424,less_pure
GSM4138123,9,3,Macrophage_family,family,0.737360294793972,434,0.7056844211043604,0.03167587368961167,tie
GSM4138123,9,4,Ambiguous/Mixed,ambiguous,0.675855119698161,138,,,ambiguous
GSM4138123,9,5,Ambiguous/Mixed,ambiguous,0.8410556148283354,51,,,ambiguous
GSM4138123,9,6,DC_pDC,specific,0.9223107797302584,50,0.9383997749472549,-0.01608899521699647,tie
GSM4138123,9,8,DC_family,family,0.958023195554979,24,0.7694321137860433,0.1885910817689357,purer
GSM4138124,9,1,Mono_CD14_ID1,specific,0.9237456780946116,339,,,no_baseline
GSM4138125,9,1,Mono_CD14_ID1,specific,0.8429057044792516,135,,,no_baseline
GSM4138125,9,2,DC_family,family,0.8609043357195834,34,0.95113418699402,-0.09022985127443661,less_pure
GSM4138125,9,3,Macrophage_family,family,0.8522201301453913,51,0.7439021951733407,0.10831793497205067,purer
GSM4138125,9,7,Macrophage_family,family,0.7541661292157958,350,0.7439021951733407,0.01026393404245518,tie
GSM4138126,9,1,Mono_CD14_ID1,specific,0.9529039457285877,758,,,no_baseline
GSM4138127,9,1,Mono_CD14_ID1,specific,0.8529388207459693,177,,,no_baseline
GSM4138127,9,2,DC_family,family,0.9617699444243151,23,0.891335201708411,0.07043474271590411,purer
GSM4138127,9,3,Macrophage_family,family,0.9157780775550798,25,0.7778561108377001,0.13792196671737966,purer
GSM4138127,9,4,Ambiguous/Mixed,ambiguous,0.7680234902053483,130,,,ambiguous
GSM4138127,9,5,Ambiguous/Mixed,ambiguous,0.7938505754588328,142,,,ambiguous
GSM4138127,9,6,DC_pDC,specific,0.9204383741892933,31,0.9441912994803779,-0.023752925291084637,tie
GSM4138127,9,7,Macrophage_family,family,0.9630760450146838,30,0.7778561108377001,0.18521993417698368,purer
GSM4138128,9,1,Mono_CD14_ID1,specific,0.8856372629639649,542,,,no_baseline
GSM4138128,9,2,DC_family,family,0.9941451054804079,21,0.9508492071935304,0.04329589828687752,tie
GSM4138128,9,6,DC_pDC,specific,0.9782659584116306,20,0.9782659584116306,0.0,tie
GSM4138129,9,1,Mono_CD14_ID1,specific,0.8191052024948184,123,,,no_baseline
GSM4138129,9,2,DC_family,family,0.898900259049723,35,0.8738886990016175,0.025011560048105563,tie
GSM4138129,9,3,Macrophage_family,family,0.8916381324646152,43,0.7576685488530968,0.13396958361151845,purer
GSM4138129,9,5,Ambiguous/Mixed,ambiguous,0.8565421779872796,48,,,ambiguous
GSM4138129,9,6,DC_pDC,specific,0.9868286715955322,25,0.9868286715955322,0.0,tie
GSM4138129,9,7,Macrophage_family,family,0.8679345920861055,52,0.7576685488530968,0.1102660432330087,purer
GSM4138130,9,1,Mono_CD14_ID1,specific,0.9223221264230032,585,,,no_baseline
GSM4138130,9,6,DC_pDC,specific,0.9645785270275617,18,0.9639490407838097,0.000629486243752031,tie
GSM4138131,9,1,Mono_CD14_ID1,specific,0.8598300879309552,184,,,no_baseline
GSM4138131,9,2,DC_family,family,0.8244603768660645,83,0.7536865945444218,0.07077378232164278,purer
GSM4138131,9,3,Macrophage_family,family,0.7905883826863281,216,0.7412359185254018,0.04935246416092631,tie
GSM4138131,9,4,Ambiguous/Mixed,ambiguous,0.7194601886183394,128,,,ambiguous
GSM4138131,9,5,Ambiguous/Mixed,ambiguous,0.7815295974624592,159,,,ambiguous
GSM4138131,9,6,DC_pDC,specific,0.9046789059634622,112,0.9179857890881354,-0.013306883124673208,tie
GSM4138131,9,8,DC_family,family,0.8325848233336373,71,0.7536865945444218,0.07889822878921549,purer
GSM4138131,9,9,Mast,specific,0.9564196483172959,19,0.9764376533440459,-0.020018005026749996,tie
GSM4138132,9,1,Mono_CD14_ID1,specific,0.93497175799228,644,,,no_baseline
GSM4138133,9,1,Mono_CD14_ID1,specific,0.8874492962314716,95,,,no_baseline
GSM4138133,9,2,DC_family,family,0.8483915479514408,106,0.7773132578349409,0.07107829011649991,purer
GSM4138133,9,3,Macrophage_family,family,0.8086356747497486,89,0.7734595161579602,0.035176158591788464,tie
GSM4138133,9,4,Ambiguous/Mixed,ambiguous,0.7900910059504772,83,,,ambiguous
GSM4138133,9,6,DC_pDC,specific,0.9840886463775538,22,0.9780104357713506,0.0060782106062031716,tie
GSM4138133,9,7,Macrophage_family,family,0.9537444507935291,17,0.7734595161579602,0.18028493463556894,purer
GSM4138133,9,8,DC_family,family,0.8804507500234613,20,0.7773132578349409,0.10313749218852042,purer
GSM4138134,9,1,Mono_CD14_ID1,specific,0.9551895690151568,1215,,,no_baseline
GSM4138134,9,6,DC_pDC,specific,0.9856991785152992,15,0.9856991785152992,0.0,tie
GSM4138135,9,1,Mono_CD14_ID1,specific,0.8558280710549593,243,,,no_baseline
GSM4138135,9,2,DC_family,family,0.8492462536866922,56,0.841697457205539,0.007548796481153142,tie
GSM4138135,9,3,Macrophage_family,family,0.7683205168611128,352,0.6821237468466982,0.08619677001441461,purer
GSM4138135,9,4,Ambiguous/Mixed,ambiguous,0.8509565009609645,42,,,ambiguous
GSM4138135,9,5,Ambiguous/Mixed,ambiguous,0.765945213078435,288,,,ambiguous
GSM4138135,9,6,DC_pDC,specific,0.9592348250153161,19,0.9787886250594097,-0.019553800044093572,tie
GSM4138135,9,7,Macrophage_family,family,0.807720068145625,76,0.6821237468466982,0.12559632129892684,purer
GSM4138135,9,8,DC_family,family,0.9257796574418986,31,0.841697457205539,0.0840822002363596,purer
GSM4138135,9,9,Mast,specific,1.0,21,1.0,0.0,tie
GSM4138136,9,1,Mono_CD14_ID1,specific,0.9002676239333379,640,,,no_baseline
GSM4138136,9,2,DC_family,family,0.9866241378894167,17,0.9575949318499146,0.029029206039502098,tie
GSM4138137,9,1,Mono_CD14_ID1,specific,0.8574584354480189,191,,,no_baseline
GSM4138137,9,2,DC_family,family,0.8311492989396501,56,0.839030314310623,-0.007881015370972966,tie
GSM4138137,9,3,Macrophage_family,family,0.8097903338765343,271,0.747893468389154,0.06189686548738027,purer
GSM4138137,9,4,Ambiguous/Mixed,ambiguous,0.7774476499491572,75,,,ambiguous
GSM4138137,9,5,Ambiguous/Mixed,ambiguous,0.7649508519523864,250,,,ambiguous
GSM4138137,9,7,Macrophage_family,family,0.7884094348906279,127,0.747893468389154,0.04051596650147382,tie
GSM4138137,9,8,DC_family,family,0.9522191221967475,18,0.839030314310623,0.11318880788612451,purer
GSM4138138,9,1,Mono_CD14_ID1,specific,0.9029797350123661,572,,,no_baseline
GSM4138139,9,1,Mono_CD14_ID1,specific,0.8092009249244116,221,,,no_baseline
GSM4138139,9,2,DC_family,family,0.9078734787975924,67,0.8604547296733422,0.04741874912425015,tie
GSM4138139,9,3,Macrophage_family,family,0.8218196557891018,113,0.6611390100606357,0.16068064572846608,purer
GSM4138139,9,4,Ambiguous/Mixed,ambiguous,0.8193012422619578,50,,,ambiguous
GSM4138139,9,5,Ambiguous/Mixed,ambiguous,0.8157593613332395,178,,,ambiguous
GSM4138139,9,6,DC_pDC,specific,0.9603602245344051,23,0.9506174967437965,0.009742727790608585,tie
GSM4138139,9,7,Macrophage_family,family,0.774390785899687,105,0.6611390100606357,0.11325177583905133,purer
GSM4138139,9,8,DC_family,family,0.9424067231791787,23,0.8604547296733422,0.08195199350583648,purer
GSM4138139,9,9,Mast,specific,0.9658315628046693,60,0.9658315628046693,0.0,tie
GSM4138140,9,1,Mono_CD14_ID1,specific,0.9177226957902214,696,,,no_baseline
GSM4138140,9,2,DC_family,family,0.9813728581502653,18,0.9577957427797844,0.023577115370480906,tie
GSM4138141,9,1,Mono_CD14_ID1,specific,0.8600830918900632,322,,,no_baseline
GSM4138141,9,2,DC_family,family,0.7940578189061338,118,0.7646439714392582,0.029413847466875587,tie
GSM4138141,9,3,Macrophage_family,family,0.8399421545405734,79,0.8124580686420484,0.027484085898525024,tie
GSM4138141,9,4,Ambiguous/Mixed,ambiguous,0.8308296912152109,44,,,ambiguous
GSM4138141,9,5,Ambiguous/Mixed,ambiguous,0.9225110023988454,29,,,ambiguous
GSM4138141,9,6,DC_pDC,specific,0.915848528113676,73,0.9165508686482305,-0.0007023405345545353,tie
GSM4138141,9,8,DC_family,family,0.8839117111816409,56,0.7646439714392582,0.1192677397423827,purer
GSM4138142,9,1,Mono_CD14_ID1,specific,0.9108648709995313,688,0.9672045977511199,-0.056339726751588604,less_pure
GSM4138143,9,1,Mono_CD14_ID1,specific,0.7903760073723568,155,,,no_baseline
GSM4138143,9,2,DC_family,family,0.7679580541445408,116,0.7974127699611427,-0.029454715816601973,tie
GSM4138143,9,3,Macrophage_family,family,0.9399460163049818,21,0.7385317125013253,0.20141430380365644,purer
GSM4138143,9,4,Ambiguous/Mixed,ambiguous,0.8264721658351509,32,,,ambiguous
GSM4138143,9,6,DC_pDC,specific,0.9295762244202338,46,0.9295762244202338,0.0,tie
GSM4138143,9,7,Macrophage_family,family,0.9443814286217983,17,0.7385317125013253,0.20584971612047298,purer
GSM4138143,9,8,DC_family,family,0.8192495354150123,45,0.7974127699611427,0.02183676545386959,tie
GSM4138143,9,9,Mast,specific,0.9748135904112316,31,0.9748135904112316,0.0,tie
GSM4138144,9,1,Mono_CD14_ID1,specific,0.8910884895574768,282,,,no_baseline
GSM4138144,9,2,DC_family,family,0.9666238759581844,28,0.8857225642654714,0.08090131169271308,purer
GSM4138145,9,1,Mono_CD14_ID1,specific,0.8151015981566707,258,,,no_baseline
GSM4138145,9,2,DC_family,family,0.757991342666297,193,0.7535493269325659,0.004442015733731042,tie
GSM4138145,9,3,Macrophage_family,family,0.984092641023257,17,0.8162928621790009,0.16779977884425612,purer
GSM4138145,9,4,Ambiguous/Mixed,ambiguous,0.9317717955774188,15,,,ambiguous
GSM4138145,9,5,Ambiguous/Mixed,ambiguous,0.9554920140094636,49,,,ambiguous
GSM4138145,9,6,DC_pDC,specific,0.945258029964264,45,0.9472622152517468,-0.002004185287482807,tie
GSM4138145,9,8,DC_family,family,0.9536282277938718,19,0.7535493269325659,0.20007890086130586,purer
GSM4138146,9,1,Mono_CD14_ID1,specific,0.8947861848653658,457,,,no_baseline
GSM4138147,9,2,DC_family,family,0.9518901963320407,16,,,no_baseline
GSM4138147,9,6,DC_pDC,specific,0.935324749011505,31,0.935324749011505,0.0,tie
GSM4138148,9,1,Mono_CD14_ID1,specific,0.8695786111229583,171,,,no_baseline
GSM4138148,9,2,DC_family,family,0.986946893765804,19,0.9695044981476699,0.0174423956181341,tie
GSM4138150,9,1,Mono_CD14_ID1,specific,0.9065579601561824,189,,,no_baseline
GSM4138151,9,6,DC_pDC,specific,0.9891966018729946,16,0.9806392337550041,0.008557368117990571,tie
GSM4138152,9,1,Mono_CD14_ID1,specific,0.8932099949004707,452,0.9520007247267991,-0.05879072982632838,less_pure
GSM4138152,9,2,DC_family,family,0.9742314981219488,20,0.9275689836639187,0.04666251445803005,tie
GSM4138153,9,1,Mono_CD14_ID1,specific,0.8978060026779507,21,,,no_baseline
GSM4138153,9,2,DC_family,family,0.925871374275103,25,0.9378503541294222,-0.011978979854319172,tie
GSM4138154,9,1,Mono_CD14_ID1,specific,0.8680948189420876,348,0.943462555263132,-0.07536773632104443,less_pure
GSM4138154,9,2,DC_family,family,0.9333305365115374,16,0.8775236679295477,0.05580686858198969,purer
GSM4138155,9,1,Mono_CD14_ID1,specific,0.8045228534029445,204,,,no_baseline
GSM4138155,9,2,DC_family,family,0.7117386153721172,206,0.7010983122032448,0.010640303168872434,tie
GSM4138155,9,3,Macrophage_family,family,0.8524257017583861,43,0.6299154299118346,0.22251027184655148,purer
GSM4138155,9,4,Ambiguous/Mixed,ambiguous,0.9284452700214915,30,,,ambiguous
GSM4138155,9,5,Ambiguous/Mixed,ambiguous,0.6965669771830003,179,,,ambiguous
GSM4138155,9,6,DC_pDC,specific,0.9001000132765705,52,0.9062361607604512,-0.006136147483880694,tie
GSM4138155,9,7,Macrophage_family,family,0.698979420746189,102,0.6299154299118346,0.06906399083435444,purer
GSM4138155,9,8,DC_family,family,0.8643912220347433,30,0.7010983122032448,0.16329290983149847,purer
GSM4138155,9,9,Mast,specific,0.9252378509283148,20,0.9381206978557273,-0.012882846927412483,tie
GSM4138156,9,1,Mono_CD14_ID1,specific,0.901151012079771,916,,,no_baseline
GSM4138156,9,2,DC_family,family,0.9913859065992812,19,0.943543967188031,0.047841939411250145,tie
GSM4138156,9,6,DC_pDC,specific,0.9539837451128743,15,0.9539837451128743,0.0,tie
GSM4138157,9,1,Mono_CD14_ID1,specific,0.9721506007221582,62,,,no_baseline
GSM4138157,9,2,DC_family,family,0.7831922878935761,63,0.8709308666726747,-0.08773857877909863,less_pure
GSM4138157,9,3,Macrophage_family,family,0.942428150830226,18,0.8168706613307802,0.12555748949944578,purer
GSM4138157,9,5,Ambiguous/Mixed,ambiguous,0.886462757352847,31,,,ambiguous
GSM4138157,9,6,DC_pDC,specific,0.9771060119735836,17,0.9771060119735836,0.0,tie
GSM4138158,9,1,Mono_CD14_ID1,specific,0.9210505693943015,270,,,no_baseline
GSM4138158,9,2,DC_family,family,1.0,15,0.9711664758645067,0.028833524135493338,tie
GSM4138159,9,1,Mono_CD14_ID1,specific,0.9140905102469118,58,,,no_baseline
GSM4138159,9,2,DC_family,family,0.7896571641251642,53,0.774082064685566,0.015575099439598228,tie
GSM4138159,9,3,Macrophage_family,family,0.9726361930749953,21,0.8696457764255141,0.10299041664948116,purer
GSM4138159,9,5,Ambiguous/Mixed,ambiguous,0.9669909867524459,22,,,ambiguous
GSM4138160,9,1,Mono_CD14_ID1,specific,0.9140249351178305,482,,,no_baseline
GSM4138160,9,6,DC_pDC,specific,0.980833886723325,23,0.980833886723325,0.0,tie
GSM4138161,9,1,Mono_CD14_ID1,specific,0.8488077235594932,145,,,no_baseline
GSM4138161,9,2,DC_family,family,0.7346267873358303,116,0.6918033483531927,0.04282343898263763,tie
GSM4138161,9,4,Ambiguous/Mixed,ambiguous,0.6928939206466647,54,,,ambiguous
GSM4138161,9,5,Ambiguous/Mixed,ambiguous,0.814516914921161,66,,,ambiguous
GSM4138161,9,6,DC_pDC,specific,0.864470627766718,111,0.8488491714550629,0.015621456311655124,tie
GSM4138162,9,1,Mono_CD14_ID1,specific,0.9060767949256268,478,,,no_baseline
GSM4138162,9,2,DC_family,family,0.9845765053069033,27,0.9565826886013326,0.027993816705570773,tie
GSM4138162,9,6,DC_pDC,specific,0.9897606953288196,17,0.9897606953288196,0.0,tie
GSM4138163,9,1,Mono_CD14_ID1,specific,0.9106057456052996,421,,,no_baseline
GSM4138163,9,2,DC_family,family,0.9856049530918567,16,0.9662642696443162,0.019340683447540474,tie
GSM4138163,9,6,DC_pDC,specific,0.9858316108356697,17,0.9858316108356697,0.0,tie
GSM4138164,9,1,Mono_CD14_ID1,specific,0.8442994891097184,154,,,no_baseline
GSM4138165,9,1,Mono_CD14_ID1,specific,0.9064512272842953,434,,,no_baseline
GSM4138166,9,1,Mono_CD14_ID1,specific,0.9048694271408997,462,,,no_baseline
GSM4138166,9,2,DC_family,family,0.9737649177989018,21,0.9432683195432393,0.030496598255662533,tie
GSM4138167,9,1,Mono_CD14_ID1,specific,0.8967396653845052,338,,,no_baseline
GSM4138167,9,2,DC_family,family,0.9824703471603309,21,0.9791664161417739,0.0033039310185569715,tie
GSM4138168,9,6,DC_pDC,specific,0.9457890908623999,20,0.9457890908623999,0.0,tie
GSM4138169,9,2,DC_family,family,1.0,15,0.987992121191529,0.012007878808470984,tie
GSM4138171,9,2,DC_family,family,0.9883896921508036,19,0.985688027513448,0.0027016646373556608,tie
GSM4138172,9,2,DC_family,family,0.9755730284803008,19,0.9751510210975685,0.00042200738273234784,tie
GSM4138110,10,1,Monocyte_family,family,0.9593833580196316,482,0.9347650824919556,0.024618275527676037,tie
GSM4138110,10,2,Mono_CD16,specific,0.9128143949221114,192,0.97761328954427,-0.0647988946221586,less_pure
GSM4138110,10,7,DC_pDC,specific,0.9555193703185515,21,0.9555193703185515,0.0,tie
GSM4138111,10,1,Monocyte_family,family,0.8603474128605402,75,0.8259886433998749,0.034358769460665295,tie
GSM4138111,10,10,Mast,specific,0.876493661763317,29,0.9059125026497903,-0.029418840886473285,tie
GSM4138111,10,2,Mono_CD16,specific,0.877335689842504,61,0.891739170315181,-0.014403480472677033,tie
GSM4138111,10,3,DC_family,family,0.7981130488915757,95,0.7139188135165719,0.08419423537500381,purer
GSM4138111,10,4,Macrophage_family,family,0.8949073873996459,22,0.7348820353100064,0.16002535208963953,purer
GSM4138111,10,5,Ambiguous/Mixed,ambiguous,0.9549644102025155,18,,,ambiguous
GSM4138111,10,6,Ambiguous/Mixed,ambiguous,0.6899565959116409,108,,,ambiguous
GSM4138111,10,7,DC_pDC,specific,0.7677349770986589,71,0.8980982837036952,-0.13036330660503626,less_pure
GSM4138111,10,9,DC_family,family,0.7334839480501059,16,0.7139188135165719,0.019565134533533923,tie
GSM4138112,10,1,Monocyte_family,family,0.9441571023103507,201,0.9190793652117981,0.025077737098552544,tie
GSM4138112,10,2,Mono_CD16,specific,0.9013698409412547,175,0.9618001923997429,-0.060430351458488185,less_pure
GSM4138112,10,7,DC_pDC,specific,0.9672228106134714,26,0.9672228106134714,0.0,tie
GSM4138113,10,1,Monocyte_family,family,0.897925330363139,62,0.8906473359246847,0.007277994438454338,tie
GSM4138113,10,2,Mono_CD16,specific,0.9482529557156902,32,,,no_baseline
GSM4138113,10,3,DC_family,family,0.8362231132686577,32,0.7632287255055046,0.07299438776315315,purer
GSM4138113,10,6,Ambiguous/Mixed,ambiguous,0.7619747896436133,22,,,ambiguous
GSM4138113,10,7,DC_pDC,specific,0.8467529855706365,37,0.9211167331049517,-0.07436374753431518,less_pure
GSM4138114,10,1,Monocyte_family,family,0.9361869442947107,251,0.936754189234116,-0.0005672449394052981,tie
GSM4138114,10,2,Mono_CD16,specific,0.8708061288559303,144,0.9638175783207804,-0.09301144946485007,less_pure
GSM4138114,10,3,DC_family,family,0.9840322664632362,20,0.9550220117526695,0.02901025471056662,tie
GSM4138115,10,1,Monocyte_family,family,1.0,16,,,no_baseline
GSM4138115,10,2,Mono_CD16,specific,0.9689205939418045,31,,,no_baseline
GSM4138115,10,3,DC_family,family,0.8201135253525401,91,0.7727754744975728,0.04733805085496734,tie
GSM4138115,10,4,Macrophage_family,family,0.9843949484511658,20,0.9489538079417781,0.035441140509387736,tie
GSM4138115,10,7,DC_pDC,specific,0.9816087420119992,19,0.9816087420119992,0.0,tie
GSM4138115,10,9,DC_family,family,0.9715914688500271,22,0.7727754744975728,0.19881599435245434,purer
GSM4138116,10,1,Monocyte_family,family,0.9489287727730615,683,0.9347870689288121,0.014141703844249398,tie
GSM4138116,10,2,Mono_CD16,specific,0.9724498913822374,27,0.9836055443637416,-0.011155652981504227,tie
GSM4138117,10,1,Monocyte_family,family,0.8117006347688214,147,0.8607567303204385,-0.04905609555161716,tie
GSM4138117,10,10,Mast,specific,0.9848958966969695,15,0.9848958966969695,0.0,tie
GSM4138117,10,2,Mono_CD16,specific,0.9045767638448446,41,,,no_baseline
GSM4138117,10,3,DC_family,family,0.9497935081257668,35,0.8983178908723612,0.05147561725340555,purer
GSM4138117,10,4,Macrophage_family,family,0.8030892761006609,90,0.7420397036679759,0.06104957243268505,purer
GSM4138117,10,6,Ambiguous/Mixed,ambiguous,0.7729459284097338,77,,,ambiguous
GSM4138117,10,7,DC_pDC,specific,0.9528621852287787,15,,,no_baseline
GSM4138117,10,8,Macrophage_family,family,0.9089495373043791,25,0.7420397036679759,0.16690983363640322,purer
GSM4138118,10,1,Monocyte_family,family,0.918066743983385,277,0.9129088194689152,0.005157924514469725,tie
GSM4138118,10,2,Mono_CD16,specific,0.9734239621987251,33,,,no_baseline
GSM4138119,10,1,Monocyte_family,family,0.8301904052179547,49,0.9283766587096818,-0.09818625349172705,less_pure
GSM4138119,10,3,DC_family,family,0.7834007493233578,33,0.903900009773125,-0.12049926044976722,less_pure
GSM4138119,10,5,Ambiguous/Mixed,ambiguous,0.9732472140276668,15,,,ambiguous
GSM4138119,10,8,Macrophage_family,family,0.864219868053146,31,0.7571052713504478,0.10711459670269818,purer
GSM4138120,10,1,Monocyte_family,family,0.8968761474998195,533,0.8913061766587369,0.005569970841082572,tie
GSM4138120,10,2,Mono_CD16,specific,0.8853974827644117,110,0.9596757142031672,-0.07427823143875556,less_pure
GSM4138120,10,3,DC_family,family,0.9564666443320459,25,0.9218733376798663,0.03459330665217952,tie
GSM4138121,10,1,Monocyte_family,family,0.8810486817182515,56,0.8716042571522686,0.009444424565982823,tie
GSM4138121,10,3,DC_family,family,0.9125197721046266,25,0.85151969778944,0.061000074315186614,purer
GSM4138121,10,4,Macrophage_family,family,0.9448455167979144,20,0.7061923152542848,0.23865320154362957,purer
GSM4138121,10,5,Ambiguous/Mixed,ambiguous,0.7195840603810597,102,,,ambiguous
GSM4138121,10,7,DC_pDC,specific,0.9606962873427333,17,,,no_baseline
GSM4138122,10,1,Monocyte_family,family,0.9334391104950936,268,0.9304728980531936,0.0029662124419000957,tie
GSM4138122,10,2,Mono_CD16,specific,0.9038548561726819,376,0.9776116977859656,-0.07375684161328366,less_pure
GSM4138122,10,3,DC_family,family,0.9768433080215141,25,0.9508492071935304,0.0259941008279837,tie
GSM4138122,10,7,DC_pDC,specific,0.9782659584116306,20,0.9782659584116306,0.0,tie
GSM4138123,10,1,Monocyte_family,family,0.9158159994694424,33,0.9278791004179824,-0.012063100948540018,tie
GSM4138123,10,3,DC_family,family,0.7350764053240022,57,0.7694321137860433,-0.03435570846204106,tie
GSM4138123,10,4,Macrophage_family,family,0.738187942540551,439,0.7056844211043604,0.03250352143619062,tie
GSM4138123,10,5,Ambiguous/Mixed,ambiguous,0.8161148892056481,55,,,ambiguous
GSM4138123,10,6,Ambiguous/Mixed,ambiguous,0.6734543473855013,130,,,ambiguous
GSM4138123,10,7,DC_pDC,specific,0.9223107797302584,50,0.9383997749472549,-0.01608899521699647,tie
GSM4138123,10,9,DC_family,family,0.958023195554979,24,0.7694321137860433,0.1885910817689357,purer
GSM4138124,10,1,Monocyte_family,family,0.9772825373437619,258,0.9444246024199014,0.032857934923860466,tie
GSM4138124,10,2,Mono_CD16,specific,0.910919783208417,142,0.969665210227224,-0.05874542701880692,less_pure
GSM4138125,10,1,Monocyte_family,family,0.932179708974783,98,0.9443814511936789,-0.012201742218895917,tie
GSM4138125,10,2,Mono_CD16,specific,1.0,21,,,no_baseline
GSM4138125,10,3,DC_family,family,0.871765313385526,37,0.95113418699402,-0.07936887360849398,less_pure
GSM4138125,10,4,Macrophage_family,family,0.8515620472889727,50,0.7439021951733407,0.107659852115632,purer
GSM4138125,10,8,Macrophage_family,family,0.7537935354050889,352,0.7439021951733407,0.009891340231748202,tie
GSM4138126,10,1,Monocyte_family,family,0.9691884326079986,697,0.9663228947211787,0.002865537886819869,tie
GSM4138126,10,2,Mono_CD16,specific,0.9463763398962457,129,1.0,-0.0536236601037543,less_pure
GSM4138127,10,1,Monocyte_family,family,0.8810783016432953,148,0.839799905947372,0.04127839569592329,tie
GSM4138127,10,2,Mono_CD16,specific,0.9414220690012178,31,,,no_baseline
GSM4138127,10,3,DC_family,family,0.9629382819797,24,0.891335201708411,0.07160308027128903,purer
GSM4138127,10,4,Macrophage_family,family,0.8986026007661706,29,0.7778561108377001,0.12074648992847048,purer
GSM4138127,10,5,Ambiguous/Mixed,ambiguous,0.7941599623105388,146,,,ambiguous
GSM4138127,10,6,Ambiguous/Mixed,ambiguous,0.7654299071420149,127,,,ambiguous
GSM4138127,10,7,DC_pDC,specific,0.9204383741892933,31,0.9441912994803779,-0.023752925291084637,tie
GSM4138127,10,8,Macrophage_family,family,0.961294484089343,34,0.7778561108377001,0.18343837325164292,purer
GSM4138128,10,1,Monocyte_family,family,0.9334391104950936,268,0.9304728980531936,0.0029662124419000957,tie
GSM4138128,10,2,Mono_CD16,specific,0.9038548561726819,376,0.9776116977859656,-0.07375684161328366,less_pure
GSM4138128,10,3,DC_family,family,0.9768433080215141,25,0.9508492071935304,0.0259941008279837,tie
GSM4138128,10,7,DC_pDC,specific,0.9782659584116306,20,0.9782659584116306,0.0,tie
GSM4138129,10,1,Monocyte_family,family,0.8982846641713316,82,0.9392410883358336,-0.04095642416450207,tie
GSM4138129,10,2,Mono_CD16,specific,0.9475706337637547,31,,,no_baseline
GSM4138129,10,3,DC_family,family,0.8997260689014991,34,0.8738886990016175,0.025837369899881613,tie
GSM4138129,10,4,Macrophage_family,family,0.893825722539305,44,0.7576685488530968,0.13615717368620828,purer
GSM4138129,10,5,Ambiguous/Mixed,ambiguous,0.8558026454046324,52,,,ambiguous
GSM4138129,10,7,DC_pDC,specific,0.9868286715955322,25,0.9868286715955322,0.0,tie
GSM4138129,10,8,Macrophage_family,family,0.869217139195234,54,0.7576685488530968,0.11154859034213727,purer
GSM4138130,10,1,Monocyte_family,family,0.9522259301363993,336,0.9271215447766311,0.025104385359768222,tie
GSM4138130,10,2,Mono_CD16,specific,0.9468019407739113,320,0.9812775037239836,-0.03447556295007226,tie
GSM4138130,10,7,DC_pDC,specific,0.9639490407838097,19,0.9639490407838097,0.0,tie
GSM4138131,10,1,Monocyte_family,family,0.9162632797669797,93,0.7864517889481842,0.1298114908187955,purer
GSM4138131,10,10,Mast,specific,0.9564196483172959,19,0.9764376533440459,-0.020018005026749996,tie
GSM4138131,10,2,Mono_CD16,specific,0.8741825596748746,125,,,no_baseline
GSM4138131,10,3,DC_family,family,0.8351679787051121,86,0.7536865945444218,0.08148138416069028,purer
GSM4138131,10,4,Macrophage_family,family,0.7967461029315521,224,0.7412359185254018,0.0555101844061503,purer
GSM4138131,10,5,Ambiguous/Mixed,ambiguous,0.775327327770793,162,,,ambiguous
GSM4138131,10,6,Ambiguous/Mixed,ambiguous,0.7192621474618006,113,,,ambiguous
GSM4138131,10,7,DC_pDC,specific,0.9046789059634622,112,0.9179857890881354,-0.013306883124673208,tie
GSM4138131,10,9,DC_family,family,0.8325848233336373,71,0.7536865945444218,0.07889822878921549,purer
GSM4138132,10,1,Monocyte_family,family,0.9565503876094258,470,0.9463038082948044,0.010246579314621362,tie
GSM4138132,10,2,Mono_CD16,specific,0.9410540349064743,294,0.9814133723188372,-0.04035933741236286,tie
GSM4138133,10,1,Monocyte_family,family,0.9250654616205337,54,0.9757353034710631,-0.05066984185052936,less_pure
GSM4138133,10,2,Mono_CD16,specific,0.9531905854668106,37,,,no_baseline
GSM4138133,10,3,DC_family,family,0.8430418484453923,111,0.7773132578349409,0.06572859061045144,purer
GSM4138133,10,4,Macrophage_family,family,0.8049100866144815,95,0.7734595161579602,0.03145057045652133,tie
GSM4138133,10,6,Ambiguous/Mixed,ambiguous,0.7775710941392109,81,,,ambiguous
GSM4138133,10,7,DC_pDC,specific,0.9840886463775538,22,0.9780104357713506,0.0060782106062031716,tie
GSM4138133,10,8,Macrophage_family,family,0.9379396200257782,19,0.7734595161579602,0.16448010386781808,purer
GSM4138133,10,9,DC_family,family,0.8823855061566597,21,0.7773132578349409,0.1050722483217188,purer
GSM4138134,10,1,Monocyte_family,family,0.9772723859444108,915,0.9607718200587291,0.016500565885681717,tie
GSM4138134,10,2,Mono_CD16,specific,0.9539559668671737,495,0.9695591587489021,-0.015603191881728429,tie
GSM4138134,10,7,DC_pDC,specific,0.9856991785152992,15,0.9856991785152992,0.0,tie
GSM4138135,10,1,Monocyte_family,family,0.9173264985299775,159,0.8944589205248566,0.022867578005120848,tie
GSM4138135,10,10,Mast,specific,1.0,21,1.0,0.0,tie
GSM4138135,10,2,Mono_CD16,specific,0.9500243422310869,61,,,no_baseline
GSM4138135,10,3,DC_family,family,0.8372207220982687,64,0.841697457205539,-0.004476735107270313,tie
GSM4138135,10,4,Macrophage_family,family,0.7677637912867639,360,0.6821237468466982,0.08564004444006568,purer
GSM4138135,10,5,Ambiguous/Mixed,ambiguous,0.7606847888152559,295,,,ambiguous
GSM4138135,10,6,Ambiguous/Mixed,ambiguous,0.8625819641685972,41,,,ambiguous
GSM4138135,10,7,DC_pDC,specific,0.9592348250153161,19,0.9787886250594097,-0.019553800044093572,tie
GSM4138135,10,8,Macrophage_family,family,0.8099957579263966,82,0.6821237468466982,0.12787201107969837,purer
GSM4138135,10,9,DC_family,family,0.9257796574418986,31,0.841697457205539,0.0840822002363596,purer
GSM4138136,10,1,Monocyte_family,family,0.9477131287844229,417,0.944450659488512,0.003262469295910897,tie
GSM4138136,10,2,Mono_CD16,specific,0.9018462206630427,291,0.978914746972955,-0.07706852630991234,less_pure
GSM4138136,10,3,DC_family,family,0.9737796902475713,18,0.9575949318499146,0.01618475839765665,tie
GSM4138137,10,1,Monocyte_family,family,0.8702352129140535,148,0.9224120085919152,-0.05217679567786171,less_pure
GSM4138137,10,2,Mono_CD16,specific,0.951158359345737,44,,,no_baseline
GSM4138137,10,3,DC_family,family,0.8318496360608798,58,0.839030314310623,-0.007180678249743222,tie
GSM4138137,10,4,Macrophage_family,family,0.804282226522456,278,0.747893468389154,0.05638875813330191,purer
GSM4138137,10,5,Ambiguous/Mixed,ambiguous,0.7626664169943294,244,,,ambiguous
GSM4138137,10,6,Ambiguous/Mixed,ambiguous,0.7787042396688124,73,,,ambiguous
GSM4138137,10,8,Macrophage_family,family,0.7743389324960033,143,0.747893468389154,0.026445464106849226,tie
GSM4138137,10,9,DC_family,family,0.9522191221967475,18,0.839030314310623,0.11318880788612451,purer
GSM4138138,10,1,Monocyte_family,family,0.965693438462939,396,0.9141982586487056,0.05149517981423335,purer
GSM4138138,10,2,Mono_CD16,specific,0.9485221618001273,230,0.9668810029523296,-0.01835884115220232,tie
GSM4138139,10,1,Monocyte_family,family,0.842008727928697,144,0.8510495085223697,-0.009040780593672748,tie
GSM4138139,10,10,Mast,specific,0.9658315628046693,60,0.9658315628046693,0.0,tie
GSM4138139,10,2,Mono_CD16,specific,0.9146627294646159,61,,,no_baseline
GSM4138139,10,3,DC_family,family,0.8915456397320431,72,0.8604547296733422,0.031090910058700905,tie
GSM4138139,10,4,Macrophage_family,family,0.8105316178034123,120,0.6611390100606357,0.14939260774277663,purer
GSM4138139,10,5,Ambiguous/Mixed,ambiguous,0.8139231565559496,178,,,ambiguous
GSM4138139,10,6,Ambiguous/Mixed,ambiguous,0.8145148965935813,49,,,ambiguous
GSM4138139,10,7,DC_pDC,specific,0.9506174967437965,22,0.9506174967437965,0.0,tie
GSM4138139,10,8,Macrophage_family,family,0.7709936242081673,115,0.6611390100606357,0.10985461414753162,purer
GSM4138139,10,9,DC_family,family,0.9439413382638153,24,0.8604547296733422,0.08348660859047308,purer
GSM4138140,10,1,Monocyte_family,family,0.958324552157612,501,0.9378362608794556,0.020488291278156434,tie
GSM4138140,10,2,Mono_CD16,specific,0.9204626106809379,291,0.9699730019986887,-0.04951039131775081,tie
GSM4138140,10,3,DC_family,family,0.9763764214345327,21,0.9577957427797844,0.018580678654748328,tie
GSM4138141,10,1,Monocyte_family,family,0.8717252266860432,238,0.8153267211987012,0.05639850548734204,purer
GSM4138141,10,2,Mono_CD16,specific,0.9047144123154433,95,0.9724074031211091,-0.06769299080566582,less_pure
GSM4138141,10,3,DC_family,family,0.7803949582220299,124,0.7646439714392582,0.015750986782771648,tie
GSM4138141,10,4,Macrophage_family,family,0.842221478411341,83,0.8124580686420484,0.029763409769292593,tie
GSM4138141,10,5,Ambiguous/Mixed,ambiguous,0.9176034364524749,29,,,ambiguous
GSM4138141,10,6,Ambiguous/Mixed,ambiguous,0.8323895907668315,45,,,ambiguous
GSM4138141,10,7,DC_pDC,specific,0.915848528113676,73,0.9165508686482305,-0.0007023405345545353,tie
GSM4138141,10,9,DC_family,family,0.8839117111816409,56,0.7646439714392582,0.1192677397423827,purer
GSM4138142,10,1,Monocyte_family,family,0.9471691798583534,512,0.920204129281547,0.026965050576806315,tie
GSM4138142,10,2,Mono_CD16,specific,0.9167702337645984,249,0.9665257719433304,-0.04975553817873202,tie
GSM4138143,10,1,Monocyte_family,family,0.8318146907440728,94,0.886201598540746,-0.05438690779667321,less_pure
GSM4138143,10,10,Mast,specific,0.9748135904112316,31,0.9748135904112316,0.0,tie
GSM4138143,10,2,Mono_CD16,specific,0.9269137037838897,63,,,no_baseline
GSM4138143,10,3,DC_family,family,0.762588474182718,125,0.7974127699611427,-0.03482429577842472,tie
GSM4138143,10,4,Macrophage_family,family,0.9309242650895759,28,0.7385317125013253,0.1923925525882506,purer
GSM4138143,10,6,Ambiguous/Mixed,ambiguous,0.8182152239123526,36,,,ambiguous
GSM4138143,10,7,DC_pDC,specific,0.9295762244202338,46,0.9295762244202338,0.0,tie
GSM4138143,10,8,Macrophage_family,family,0.9443814286217983,17,0.7385317125013253,0.20584971612047298,purer
GSM4138143,10,9,DC_family,family,0.8192495354150123,45,0.7974127699611427,0.02183676545386959,tie
GSM4138144,10,1,Monocyte_family,family,0.9308469567230436,177,0.9366753735624749,-0.00582841683943125,tie
GSM4138144,10,2,Mono_CD16,specific,0.913412856980042,128,0.9749122264211482,-0.06149936944110612,less_pure
GSM4138144,10,3,DC_family,family,0.9672627327475007,30,0.8857225642654714,0.08154016848202938,purer
GSM4138145,10,1,Monocyte_family,family,0.841086024366519,201,0.8845972805340161,-0.04351125616749707,tie
GSM4138145,10,2,Mono_CD16,specific,0.9511841811326168,59,,,no_baseline
GSM4138145,10,3,DC_family,family,0.7508566878624285,208,0.7535493269325659,-0.0026926390701373926,tie
GSM4138145,10,4,Macrophage_family,family,0.963957485284193,25,0.8162928621790009,0.14766462310519213,purer
GSM4138145,10,5,Ambiguous/Mixed,ambiguous,0.9547066591211589,49,,,ambiguous
GSM4138145,10,6,Ambiguous/Mixed,ambiguous,0.9152733942228151,17,,,ambiguous
GSM4138145,10,7,DC_pDC,specific,0.945258029964264,45,0.9472622152517468,-0.002004185287482807,tie
GSM4138145,10,9,DC_family,family,0.9536282277938718,19,0.7535493269325659,0.20007890086130586,purer
GSM4138146,10,1,Monocyte_family,family,0.9349843820878567,179,0.9146938667766903,0.020290515311166435,tie
GSM4138146,10,2,Mono_CD16,specific,0.9031717752925157,308,0.9622686828921565,-0.05909690759964081,less_pure
GSM4138147,10,3,DC_family,family,0.9637043878758242,17,,,no_baseline
GSM4138147,10,7,DC_pDC,specific,0.935324749011505,31,0.935324749011505,0.0,tie
GSM4138148,10,1,Monocyte_family,family,0.9288983821404443,114,0.935303562563987,-0.006405180423542656,tie
GSM4138148,10,2,Mono_CD16,specific,0.8617422744655868,76,0.9692635348384981,-0.10752126037291132,less_pure
GSM4138148,10,3,DC_family,family,0.9848610337060923,20,0.9695044981476699,0.015356535558422424,tie
GSM4138150,10,1,Monocyte_family,family,0.9360416558635849,135,0.946407681415232,-0.010366025551647118,tie
GSM4138150,10,2,Mono_CD16,specific,0.9109620258962416,80,0.9785444665693842,-0.06758244067314256,less_pure
GSM4138151,10,3,DC_family,family,0.9824141155797756,15,,,no_baseline
GSM4138151,10,7,DC_pDC,specific,0.9806392337550041,15,0.9806392337550041,0.0,tie
GSM4138152,10,1,Monocyte_family,family,0.936009624661148,318,0.9123151404438743,0.023694484217273715,tie
GSM4138152,10,2,Mono_CD16,specific,0.8874677495244612,175,0.9413199538988823,-0.053852204374421175,less_pure
GSM4138152,10,3,DC_family,family,0.9640923557347325,24,0.9275689836639187,0.0365233720708138,tie
GSM4138152,10,7,DC_pDC,specific,0.9775928259929391,15,0.992154406195808,-0.014561580202868907,tie
GSM4138153,10,3,DC_family,family,0.9257985223829949,26,0.9378503541294222,-0.012051831746427322,tie
GSM4138154,10,1,Monocyte_family,family,0.9018379476746698,296,0.9120842471097981,-0.010246299435128225,tie
GSM4138154,10,2,Mono_CD16,specific,0.8721505223825365,72,0.951042806610867,-0.0788922842283305,less_pure
GSM4138154,10,3,DC_family,family,0.9160527031063195,20,0.8775236679295477,0.03852903517677175,tie
GSM4138155,10,1,Monocyte_family,family,0.8080225273122563,181,0.8176768242132156,-0.009654296900959314,tie
GSM4138155,10,10,Mast,specific,0.9252378509283148,20,0.9381206978557273,-0.012882846927412483,tie
GSM4138155,10,2,Mono_CD16,specific,0.9529490639652533,26,,,no_baseline
GSM4138155,10,3,DC_family,family,0.7098692862251731,215,0.7010983122032448,0.00877097402192828,tie
GSM4138155,10,4,Macrophage_family,family,0.8524257017583861,43,0.6299154299118346,0.22251027184655148,purer
GSM4138155,10,5,Ambiguous/Mixed,ambiguous,0.7003253413319414,183,,,ambiguous
GSM4138155,10,6,Ambiguous/Mixed,ambiguous,0.9285023841023412,28,,,ambiguous
GSM4138155,10,7,DC_pDC,specific,0.9001000132765705,52,0.9062361607604512,-0.006136147483880694,tie
GSM4138155,10,8,Macrophage_family,family,0.6958074412506168,105,0.6299154299118346,0.0658920113387822,purer
GSM4138155,10,9,DC_family,family,0.8643912220347433,30,0.7010983122032448,0.16329290983149847,purer
GSM4138156,10,1,Monocyte_family,family,0.9435820370523977,674,0.9272161110073198,0.016365926045077916,tie
GSM4138156,10,2,Mono_CD16,specific,0.916190319184399,286,0.9674540600296433,-0.05126374084524432,less_pure
GSM4138156,10,3,DC_family,family,0.9714212397510513,32,0.943543967188031,0.027877272563020306,tie
GSM4138156,10,7,DC_pDC,specific,0.9539837451128743,15,0.9539837451128743,0.0,tie
GSM4138157,10,1,Monocyte_family,family,0.9460408286213942,37,0.9673513117174695,-0.021310483096075306,tie
GSM4138157,10,2,Mono_CD16,specific,0.9628750472669719,28,,,no_baseline
GSM4138157,10,3,DC_family,family,0.7922982404166817,65,0.8709308666726747,-0.07863262625599299,less_pure
GSM4138157,10,4,Macrophage_family,family,0.9460653166400542,20,0.8168706613307802,0.129194655309274,purer
GSM4138157,10,5,Ambiguous/Mixed,ambiguous,0.8884224596344418,28,,,ambiguous
GSM4138157,10,6,Ambiguous/Mixed,ambiguous,0.9734038183665672,15,,,ambiguous
GSM4138157,10,7,DC_pDC,specific,0.9480389776479722,17,0.9771060119735836,-0.02906703432561142,tie
GSM4138158,10,1,Monocyte_family,family,0.9557882757122204,233,0.9577852629673983,-0.00199698725517794,tie
GSM4138158,10,2,Mono_CD16,specific,0.9434871565412246,60,0.9852479955603701,-0.04176083901914551,tie
GSM4138158,10,3,DC_family,family,0.9837408307263258,17,0.9711664758645067,0.012574354861819126,tie
GSM4138159,10,1,Monocyte_family,family,0.9583928678346204,40,0.9468764067983803,0.011516461036240155,tie
GSM4138159,10,2,Mono_CD16,specific,1.0,20,,,no_baseline
GSM4138159,10,3,DC_family,family,0.8039710178303696,51,0.774082064685566,0.029888953144803665,tie
GSM4138159,10,4,Macrophage_family,family,0.9851261513291948,20,0.8696457764255141,0.11548037490368068,purer
GSM4138159,10,5,Ambiguous/Mixed,ambiguous,0.9670570333468763,20,,,ambiguous
GSM4138160,10,1,Monocyte_family,family,0.9384949837137762,428,0.9408522767361661,-0.0023572930223899613,tie
GSM4138160,10,2,Mono_CD16,specific,0.9309714413309697,104,0.9900033659049698,-0.059031924574000194,less_pure
GSM4138160,10,7,DC_pDC,specific,0.980833886723325,23,0.980833886723325,0.0,tie
GSM4138161,10,1,Monocyte_family,family,0.8612178123479826,116,0.8112926743286786,0.04992513801930398,tie
GSM4138161,10,2,Mono_CD16,specific,0.9631913581263088,25,,,no_baseline
GSM4138161,10,3,DC_family,family,0.7338053250382374,121,0.6918033483531927,0.042001976685044684,tie
GSM4138161,10,4,Macrophage_family,family,0.9166840720148676,15,0.7827305071018592,0.13395356491300836,purer
GSM4138161,10,5,Ambiguous/Mixed,ambiguous,0.8235185624424047,65,,,ambiguous
GSM4138161,10,6,Ambiguous/Mixed,ambiguous,0.6931114675622623,53,,,ambiguous
GSM4138161,10,7,DC_pDC,specific,0.864470627766718,111,0.8488491714550629,0.015621456311655124,tie
GSM4138162,10,1,Monocyte_family,family,0.9543367771708506,354,0.9451087043263531,0.009228072844497559,tie
GSM4138162,10,2,Mono_CD16,specific,0.8867580973559154,191,0.9689990847188696,-0.08224098736295427,less_pure
GSM4138162,10,3,DC_family,family,0.973564138893859,32,0.9565826886013326,0.0169814502925264,tie
GSM4138162,10,7,DC_pDC,specific,0.9897606953288196,17,0.9897606953288196,0.0,tie
GSM4138163,10,1,Monocyte_family,family,0.9484472572321808,361,0.9488582621664332,-0.00041100493425239026,tie
GSM4138163,10,2,Mono_CD16,specific,0.901342799698692,102,0.9838436758508947,-0.0825008761522027,less_pure
GSM4138163,10,3,DC_family,family,0.9850226828093042,21,0.9662642696443162,0.01875841316498794,tie
GSM4138163,10,7,DC_pDC,specific,0.9941087355013785,16,0.9858316108356697,0.008277124665708735,tie
GSM4138164,10,1,Monocyte_family,family,0.9367310393066749,97,0.9167656535447561,0.019965385761918752,tie
GSM4138164,10,2,Mono_CD16,specific,0.8779419020859581,71,0.9829393430119403,-0.10499744092598218,less_pure
GSM4138165,10,1,Monocyte_family,family,0.9428005120816174,286,0.9330548693882358,0.009745642693381629,tie
GSM4138165,10,2,Mono_CD16,specific,0.8911394300344553,196,0.9446544771791544,-0.053515047144699124,less_pure
GSM4138166,10,1,Monocyte_family,family,0.9405286017300151,275,0.934676558303836,0.0058520434261790655,tie
GSM4138166,10,2,Mono_CD16,specific,0.8958434907167918,232,0.9621941145544404,-0.06635062383764856,less_pure
GSM4138166,10,3,DC_family,family,0.9779430663585412,27,0.9432683195432393,0.034674746815301916,tie
GSM4138167,10,1,Monocyte_family,family,0.9437417102518999,246,0.945732763205749,-0.0019910529538490485,tie
GSM4138167,10,2,Mono_CD16,specific,0.8844978452320758,161,0.9625303423920475,-0.07803249715997174,less_pure
GSM4138167,10,3,DC_family,family,0.9816701437508192,22,0.9791664161417739,0.00250372760904527,tie
GSM4138168,10,7,DC_pDC,specific,0.9457890908623999,20,0.9457890908623999,0.0,tie
GSM4138169,10,3,DC_family,family,1.0,15,0.987992121191529,0.012007878808470984,tie
GSM4138171,10,3,DC_family,family,1.0,18,0.985688027513448,0.014311972486552027,tie
GSM4138172,10,3,DC_family,family,0.9755730284803008,19,0.9751510210975685,0.00042200738273234784,tie
GSM4138110,11,1,Ambiguous/Mixed,ambiguous,0.9112355875424483,628,,,ambiguous
GSM4138110,11,6,DC_pDC,specific,0.9555193703185515,21,0.9555193703185515,0.0,tie
GSM4138111,11,1,Ambiguous/Mixed,ambiguous,0.7817213904917982,150,,,ambiguous
GSM4138111,11,10,Mast,specific,0.876493661763317,29,0.9059125026497903,-0.029418840886473285,tie
GSM4138111,11,2,DC_family,family,0.8000662107501335,84,0.7139188135165719,0.08614739723356157,purer
GSM4138111,11,3,Macrophage_family,family,0.9100903202704623,21,0.7348820353100064,0.17520828496045593,purer
GSM4138111,11,5,Ambiguous/Mixed,ambiguous,0.6818644700088208,99,,,ambiguous
GSM4138111,11,6,DC_pDC,specific,0.7663896671108272,70,0.8980982837036952,-0.13170861659286792,less_pure
GSM4138111,11,9,DC_family,family,0.7334839480501059,16,0.7139188135165719,0.019565134533533923,tie
GSM4138112,11,1,Ambiguous/Mixed,ambiguous,0.8981281816270975,355,,,ambiguous
GSM4138112,11,6,DC_pDC,specific,0.9670409840078681,25,0.9672228106134714,-0.00018182660560328578,tie
GSM4138113,11,1,Ambiguous/Mixed,ambiguous,0.8136010033882289,99,,,ambiguous
GSM4138113,11,2,DC_family,family,0.833577352685968,31,0.7632287255055046,0.07034862718046342,purer
GSM4138113,11,5,Ambiguous/Mixed,ambiguous,0.7639556664319941,20,,,ambiguous
GSM4138113,11,6,DC_pDC,specific,0.8467529855706365,37,0.9211167331049517,-0.07436374753431518,less_pure
GSM4138114,11,1,Ambiguous/Mixed,ambiguous,0.885230274258664,351,,,ambiguous
GSM4138115,11,1,Ambiguous/Mixed,ambiguous,0.9339506295779967,48,,,ambiguous
GSM4138115,11,2,DC_family,family,0.822321887062468,86,0.7727754744975728,0.049546412564895226,tie
GSM4138115,11,6,DC_pDC,specific,0.9816087420119992,19,0.9816087420119992,0.0,tie
GSM4138115,11,9,DC_family,family,0.9715914688500271,22,0.7727754744975728,0.19881599435245434,purer
GSM4138116,11,1,Ambiguous/Mixed,ambiguous,0.9242507542572167,703,,,ambiguous
GSM4138117,11,1,Ambiguous/Mixed,ambiguous,0.7603635657477116,204,,,ambiguous
GSM4138117,11,10,Mast,specific,0.9848958966969695,15,0.9848958966969695,0.0,tie
GSM4138117,11,2,DC_family,family,0.9521541972245413,29,0.8983178908723612,0.05383630635218006,purer
GSM4138117,11,3,Macrophage_family,family,0.8426619811514806,67,0.7420397036679759,0.10062227748350472,purer
GSM4138117,11,5,Ambiguous/Mixed,ambiguous,0.7747709736908224,70,,,ambiguous
GSM4138117,11,6,DC_pDC,specific,0.9528621852287787,15,,,no_baseline
GSM4138117,11,7,Macrophage_family,family,0.9192768875775964,21,0.7420397036679759,0.1772371839096205,purer
GSM4138118,11,1,Ambiguous/Mixed,ambiguous,0.9015219098076861,289,,,ambiguous
GSM4138119,11,1,Ambiguous/Mixed,ambiguous,0.8380595761903472,54,,,ambiguous
GSM4138119,11,2,DC_family,family,0.7761625158554313,33,0.903900009773125,-0.12773749391769373,less_pure
GSM4138119,11,7,Macrophage_family,family,0.8696025215461947,28,0.7571052713504478,0.11249725019574686,purer
GSM4138120,11,1,Ambiguous/Mixed,ambiguous,0.8599154385654162,602,,,ambiguous
GSM4138120,11,2,DC_family,family,0.9688844567268268,20,0.9218733376798663,0.047011119046960426,tie
GSM4138121,11,1,Ambiguous/Mixed,ambiguous,0.881079433849453,61,,,ambiguous
GSM4138121,11,2,DC_family,family,0.8670405667054802,27,0.85151969778944,0.015520868916040209,tie
GSM4138121,11,3,Macrophage_family,family,0.9228278689813452,17,0.7061923152542848,0.21663555372706034,purer
GSM4138121,11,4,Ambiguous/Mixed,ambiguous,0.7514610237949835,95,,,ambiguous
GSM4138121,11,6,DC_pDC,specific,0.9606962873427333,17,,,no_baseline
GSM4138122,11,1,Ambiguous/Mixed,ambiguous,0.8856372629639649,542,,,ambiguous
GSM4138122,11,6,DC_pDC,specific,0.9782659584116306,20,0.9782659584116306,0.0,tie
GSM4138123,11,1,Ambiguous/Mixed,ambiguous,0.9135404416997024,52,,,ambiguous
GSM4138123,11,2,DC_family,family,0.7327074070677715,58,0.7694321137860433,-0.03672470671827177,tie
GSM4138123,11,3,Macrophage_family,family,0.7381884581688076,434,0.7056844211043604,0.032504037064447266,tie
GSM4138123,11,4,Ambiguous/Mixed,ambiguous,0.8810109963024618,47,,,ambiguous
GSM4138123,11,5,Ambiguous/Mixed,ambiguous,0.6805131178052157,132,,,ambiguous
GSM4138123,11,6,DC_pDC,specific,0.9223107797302584,50,0.9383997749472549,-0.01608899521699647,tie
GSM4138123,11,9,DC_family,family,0.958023195554979,24,0.7694321137860433,0.1885910817689357,purer
GSM4138124,11,1,Ambiguous/Mixed,ambiguous,0.9156908552946471,340,,,ambiguous
GSM4138125,11,1,Ambiguous/Mixed,ambiguous,0.8183523945160587,141,,,ambiguous
GSM4138125,11,2,DC_family,family,0.8621715671343563,35,0.95113418699402,-0.0889626198596637,less_pure
GSM4138125,11,3,Macrophage_family,family,0.8505946282655551,47,0.7439021951733407,0.10669243309221443,purer
GSM4138125,11,7,Macrophage_family,family,0.7577851378735541,350,0.7439021951733407,0.013882942700213396,tie
GSM4138126,11,1,Ambiguous/Mixed,ambiguous,0.9529039457285877,758,,,ambiguous
GSM4138127,11,1,Ambiguous/Mixed,ambiguous,0.8817379324049085,174,,,ambiguous
GSM4138127,11,2,DC_family,family,0.9767806547958995,23,0.891335201708411,0.08544545308748852,purer
GSM4138127,11,4,Ambiguous/Mixed,ambiguous,0.8489914838245385,109,,,ambiguous
GSM4138127,11,5,Ambiguous/Mixed,ambiguous,0.7613353152989071,126,,,ambiguous
GSM4138127,11,6,DC_pDC,specific,0.921039121510737,32,0.9441912994803779,-0.023152177969640975,tie
GSM4138127,11,7,Macrophage_family,family,0.9740186225060996,33,0.7778561108377001,0.1961625116683995,purer
GSM4138127,11,8,Ambiguous/Mixed,ambiguous,0.8846847382005212,52,,,ambiguous
GSM4138128,11,1,Ambiguous/Mixed,ambiguous,0.8856372629639649,542,,,ambiguous
GSM4138128,11,6,DC_pDC,specific,0.9782659584116306,20,0.9782659584116306,0.0,tie
GSM4138129,11,1,Ambiguous/Mixed,ambiguous,0.804273985989195,137,,,ambiguous
GSM4138129,11,2,DC_family,family,0.9257082629099478,32,0.8738886990016175,0.05181956390833031,purer
GSM4138129,11,3,Macrophage_family,family,0.8984436242200077,41,0.7576685488530968,0.14077507536691092,purer
GSM4138129,11,4,Ambiguous/Mixed,ambiguous,0.8553363656607953,43,,,ambiguous
GSM4138129,11,6,DC_pDC,specific,0.9868286715955322,25,0.9868286715955322,0.0,tie
GSM4138129,11,7,Macrophage_family,family,0.86748325700545,47,0.7576685488530968,0.10981470815235328,purer
GSM4138130,11,1,Ambiguous/Mixed,ambiguous,0.9243480600383656,586,,,ambiguous
GSM4138130,11,6,DC_pDC,specific,0.9645785270275617,18,0.9639490407838097,0.000629486243752031,tie
GSM4138131,11,1,Ambiguous/Mixed,ambiguous,0.848243622632533,185,,,ambiguous
GSM4138131,11,10,Mast,specific,0.9764376533440459,18,0.9764376533440459,0.0,tie
GSM4138131,11,2,DC_family,family,0.8300317259401129,76,0.7536865945444218,0.0763451313956911,purer
GSM4138131,11,3,Macrophage_family,family,0.8120277224647855,129,0.7412359185254018,0.07079180393938367,purer
GSM4138131,11,4,Ambiguous/Mixed,ambiguous,0.8468314399811656,84,,,ambiguous
GSM4138131,11,5,Ambiguous/Mixed,ambiguous,0.7069937716466508,98,,,ambiguous
GSM4138131,11,6,DC_pDC,specific,0.9046789059634622,112,0.9179857890881354,-0.013306883124673208,tie
GSM4138131,11,8,Ambiguous/Mixed,ambiguous,0.7649967187491438,204,,,ambiguous
GSM4138131,11,9,DC_family,family,0.83157827189553,70,0.7536865945444218,0.07789167735110825,purer
GSM4138132,11,1,Ambiguous/Mixed,ambiguous,0.934953313386201,643,,,ambiguous
GSM4138133,11,1,Ambiguous/Mixed,ambiguous,0.885035139598179,108,,,ambiguous
GSM4138133,11,2,DC_family,family,0.8373948424131921,94,0.7773132578349409,0.06008158457825119,purer
GSM4138133,11,3,Macrophage_family,family,0.8083441982764537,84,0.7734595161579602,0.03488468211849349,tie
GSM4138133,11,5,Ambiguous/Mixed,ambiguous,0.7854710830168549,77,,,ambiguous
GSM4138133,11,6,DC_pDC,specific,0.9840886463775538,22,0.9780104357713506,0.0060782106062031716,tie
GSM4138133,11,7,Macrophage_family,family,0.9648208303936991,18,0.7734595161579602,0.191361314235739,purer
GSM4138133,11,9,DC_family,family,0.8823855061566597,21,0.7773132578349409,0.1050722483217188,purer
GSM4138134,11,1,Ambiguous/Mixed,ambiguous,0.9551895690151568,1215,,,ambiguous
GSM4138134,11,6,DC_pDC,specific,0.9856991785152992,15,0.9856991785152992,0.0,tie
GSM4138135,11,1,Ambiguous/Mixed,ambiguous,0.8218673329332532,280,,,ambiguous
GSM4138135,11,10,Mast,specific,1.0,21,1.0,0.0,tie
GSM4138135,11,2,DC_family,family,0.8431889329539428,55,0.841697457205539,0.0014914757484038033,tie
GSM4138135,11,3,Macrophage_family,family,0.7695416087483746,334,0.6821237468466982,0.08741786190167644,purer
GSM4138135,11,4,Ambiguous/Mixed,ambiguous,0.759517890341808,267,,,ambiguous
GSM4138135,11,5,Ambiguous/Mixed,ambiguous,0.8521024247063679,40,,,ambiguous
GSM4138135,11,6,DC_pDC,specific,0.9592348250153161,19,0.9787886250594097,-0.019553800044093572,tie
GSM4138135,11,7,Macrophage_family,family,0.8146590336670942,66,0.6821237468466982,0.13253528682039606,purer
GSM4138135,11,8,Ambiguous/Mixed,ambiguous,0.9110868539147059,19,,,ambiguous
GSM4138135,11,9,DC_family,family,0.9257796574418986,31,0.841697457205539,0.0840822002363596,purer
GSM4138136,11,1,Ambiguous/Mixed,ambiguous,0.897545671138613,641,,,ambiguous
GSM4138137,11,1,Ambiguous/Mixed,ambiguous,0.8555947852706363,214,,,ambiguous
GSM4138137,11,2,DC_family,family,0.8169113624739601,58,0.839030314310623,-0.022118951836662903,tie
GSM4138137,11,3,Macrophage_family,family,0.8096762471753869,261,0.747893468389154,0.06178277878623284,purer
GSM4138137,11,4,Ambiguous/Mixed,ambiguous,0.7608632613420944,231,,,ambiguous
GSM4138137,11,5,Ambiguous/Mixed,ambiguous,0.7870464656896914,74,,,ambiguous
GSM4138137,11,7,Macrophage_family,family,0.782893846079952,127,0.747893468389154,0.035000377690798,tie
GSM4138137,11,9,DC_family,family,0.9522191221967475,18,0.839030314310623,0.11318880788612451,purer
GSM4138138,11,1,Ambiguous/Mixed,ambiguous,0.9180072414154318,574,,,ambiguous
GSM4138139,11,1,Ambiguous/Mixed,ambiguous,0.8201942577668182,230,,,ambiguous
GSM4138139,11,10,Mast,specific,0.9658315628046693,60,0.9658315628046693,0.0,tie
GSM4138139,11,2,DC_family,family,0.8958491905208821,65,0.8604547296733422,0.03539446084753983,tie
GSM4138139,11,3,Macrophage_family,family,0.8258883001176913,106,0.6611390100606357,0.16474929005705563,purer
GSM4138139,11,4,Ambiguous/Mixed,ambiguous,0.8172270233725507,146,,,ambiguous
GSM4138139,11,5,Ambiguous/Mixed,ambiguous,0.8261381761685366,43,,,ambiguous
GSM4138139,11,6,DC_pDC,specific,0.9603602245344051,23,0.9506174967437965,0.009742727790608585,tie
GSM4138139,11,7,Macrophage_family,family,0.7659944554578983,109,0.6611390100606357,0.10485544539726266,purer
GSM4138139,11,8,Ambiguous/Mixed,ambiguous,0.905845117013915,35,,,ambiguous
GSM4138139,11,9,DC_family,family,0.9418075881014323,24,0.8604547296733422,0.08135285842809004,purer
GSM4138140,11,1,Ambiguous/Mixed,ambiguous,0.9149200528088437,698,,,ambiguous
GSM4138141,11,1,Ambiguous/Mixed,ambiguous,0.8516320571906213,333,,,ambiguous
GSM4138141,11,2,DC_family,family,0.778911375479474,116,0.7646439714392582,0.014267404040215759,tie
GSM4138141,11,3,Macrophage_family,family,0.8718777422641134,63,0.8124580686420484,0.05941967362206502,purer
GSM4138141,11,4,Ambiguous/Mixed,ambiguous,1.0,20,,,ambiguous
GSM4138141,11,5,Ambiguous/Mixed,ambiguous,0.8288248426628748,42,,,ambiguous
GSM4138141,11,6,DC_pDC,specific,0.915848528113676,73,0.9165508686482305,-0.0007023405345545353,tie
GSM4138141,11,8,Ambiguous/Mixed,ambiguous,0.9107851182108267,41,,,ambiguous
GSM4138141,11,9,DC_family,family,0.8839117111816409,56,0.7646439714392582,0.1192677397423827,purer
GSM4138142,11,1,Ambiguous/Mixed,ambiguous,0.9108648709995313,688,,,ambiguous
GSM4138143,11,1,Ambiguous/Mixed,ambiguous,0.786849728111602,166,,,ambiguous
GSM4138143,11,10,Mast,specific,0.9748135904112316,31,0.9748135904112316,0.0,tie
GSM4138143,11,2,DC_family,family,0.7640507471740232,108,0.7974127699611427,-0.03336202278711953,tie
GSM4138143,11,3,Macrophage_family,family,0.9447308199895365,19,0.7385317125013253,0.20619910748821113,purer
GSM4138143,11,5,Ambiguous/Mixed,ambiguous,0.8229999624270716,29,,,ambiguous
GSM4138143,11,6,DC_pDC,specific,0.9295762244202338,46,0.9295762244202338,0.0,tie
GSM4138143,11,7,Macrophage_family,family,0.938831477726725,15,0.7385317125013253,0.20029976522539972,purer
GSM4138143,11,9,DC_family,family,0.8192495354150123,45,0.7974127699611427,0.02183676545386959,tie
GSM4138144,11,1,Ambiguous/Mixed,ambiguous,0.8799152169972322,289,,,ambiguous
GSM4138144,11,2,DC_family,family,0.9723802304269106,23,0.8857225642654714,0.08665766616143922,purer
GSM4138145,11,1,Ambiguous/Mixed,ambiguous,0.8157326919261859,274,,,ambiguous
GSM4138145,11,2,DC_family,family,0.7546289430094681,189,0.7535493269325659,0.0010796160769022123,tie
GSM4138145,11,3,Macrophage_family,family,0.9885485267864661,16,0.8162928621790009,0.17225566460746522,purer
GSM4138145,11,4,Ambiguous/Mixed,ambiguous,0.9237650129263058,48,,,ambiguous
GSM4138145,11,6,DC_pDC,specific,0.945258029964264,45,0.9472622152517468,-0.002004185287482807,tie
GSM4138145,11,9,DC_family,family,0.9536282277938718,19,0.7535493269325659,0.20007890086130586,purer
GSM4138146,11,1,Ambiguous/Mixed,ambiguous,0.8893332715472475,460,,,ambiguous
GSM4138147,11,2,DC_family,family,0.9840307386621786,15,,,no_baseline
GSM4138147,11,6,DC_pDC,specific,0.935324749011505,31,0.935324749011505,0.0,tie
GSM4138148,11,1,Ambiguous/Mixed,ambiguous,0.8574536368806229,178,,,ambiguous
GSM4138150,11,1,Ambiguous/Mixed,ambiguous,0.9065579601561824,189,,,ambiguous
GSM4138151,11,6,DC_pDC,specific,0.9806392337550041,15,0.9806392337550041,0.0,tie
GSM4138152,11,1,Ambiguous/Mixed,ambiguous,0.8767305170489357,458,,,ambiguous
GSM4138152,11,2,DC_family,family,0.9871090852553972,17,0.9275689836639187,0.05954010159147849,purer
GSM4138153,11,1,Ambiguous/Mixed,ambiguous,0.8978060026779507,21,,,ambiguous
GSM4138153,11,2,DC_family,family,0.925871374275103,25,0.9378503541294222,-0.011978979854319172,tie
GSM4138154,11,1,Ambiguous/Mixed,ambiguous,0.8656045552087716,351,,,ambiguous
GSM4138154,11,2,DC_family,family,0.9333305365115374,16,0.8775236679295477,0.05580686858198969,purer
GSM4138155,11,1,Ambiguous/Mixed,ambiguous,0.7844130759342576,230,,,ambiguous
GSM4138155,11,10,Mast,specific,0.9252378509283148,20,0.9381206978557273,-0.012882846927412483,tie
GSM4138155,11,2,DC_family,family,0.6987922486996074,208,0.7010983122032448,-0.002306063503637379,tie
GSM4138155,11,3,Macrophage_family,family,0.9026069487122212,43,0.6299154299118346,0.27269151880038667,purer
GSM4138155,11,4,Ambiguous/Mixed,ambiguous,0.7071714693694409,170,,,ambiguous
GSM4138155,11,5,Ambiguous/Mixed,ambiguous,0.9296922058711121,29,,,ambiguous
GSM4138155,11,6,DC_pDC,specific,0.9001000132765705,52,0.9062361607604512,-0.006136147483880694,tie
GSM4138155,11,7,Macrophage_family,family,0.7220924392381769,96,0.6299154299118346,0.09217700932634232,purer
GSM4138155,11,9,DC_family,family,0.8994361183339555,29,0.7010983122032448,0.19833780613071073,purer
GSM4138156,11,1,Ambiguous/Mixed,ambiguous,0.8986154212925365,918,,,ambiguous
GSM4138156,11,6,DC_pDC,specific,0.9539837451128743,15,0.9539837451128743,0.0,tie
GSM4138157,11,1,Ambiguous/Mixed,ambiguous,0.9286157028387777,70,,,ambiguous
GSM4138157,11,2,DC_family,family,0.7809667426362313,59,0.8709308666726747,-0.08996412403644338,less_pure
GSM4138157,11,3,Macrophage_family,family,1.0,16,0.8168706613307802,0.18312933866921977,purer
GSM4138157,11,4,Ambiguous/Mixed,ambiguous,0.9000953553627464,25,,,ambiguous
GSM4138157,11,6,DC_pDC,specific,0.9480389776479722,17,0.9771060119735836,-0.02906703432561142,tie
GSM4138158,11,1,Ambiguous/Mixed,ambiguous,0.9075641323874505,271,,,ambiguous
GSM4138159,11,1,Ambiguous/Mixed,ambiguous,0.9081057923352676,61,,,ambiguous
GSM4138159,11,2,DC_family,family,0.8010662435453213,49,0.774082064685566,0.026984178859755348,tie
GSM4138159,11,3,Macrophage_family,family,0.9851261513291948,20,0.8696457764255141,0.11548037490368068,purer
GSM4138160,11,1,Ambiguous/Mixed,ambiguous,0.9092596411348683,484,,,ambiguous
GSM4138160,11,6,DC_pDC,specific,0.980833886723325,23,0.980833886723325,0.0,tie
GSM4138161,11,1,Ambiguous/Mixed,ambiguous,0.8367168482417279,156,,,ambiguous
GSM4138161,11,2,DC_family,family,0.7362483748130549,112,0.6918033483531927,0.04444502645986226,tie
GSM4138161,11,4,Ambiguous/Mixed,ambiguous,0.8324642219684636,58,,,ambiguous
GSM4138161,11,5,Ambiguous/Mixed,ambiguous,0.7058655099355506,52,,,ambiguous
GSM4138161,11,6,DC_pDC,specific,0.864470627766718,111,0.8488491714550629,0.015621456311655124,tie
GSM4138161,11,8,Ambiguous/Mixed,ambiguous,1.0,21,,,ambiguous
GSM4138162,11,1,Ambiguous/Mixed,ambiguous,0.89506414438395,484,,,ambiguous
GSM4138162,11,2,DC_family,family,0.9894803796261168,23,0.9565826886013326,0.03289769102478424,tie
GSM4138162,11,6,DC_pDC,specific,0.9897606953288196,17,0.9897606953288196,0.0,tie
GSM4138163,11,1,Ambiguous/Mixed,ambiguous,0.9072704819130132,424,,,ambiguous
GSM4138163,11,6,DC_pDC,specific,0.9941087355013785,16,0.9858316108356697,0.008277124665708735,tie
GSM4138164,11,1,Ambiguous/Mixed,ambiguous,0.8359159780743531,156,,,ambiguous
GSM4138165,11,1,Ambiguous/Mixed,ambiguous,0.9054095570214926,435,,,ambiguous
GSM4138166,11,1,Ambiguous/Mixed,ambiguous,0.8939738482001738,466,,,ambiguous
GSM4138167,11,1,Ambiguous/Mixed,ambiguous,0.8877640834471093,340,,,ambiguous
GSM4138168,11,6,DC_pDC,specific,0.9457890908623999,20,0.9457890908623999,0.0,tie
GSM4138169,11,2,DC_family,family,1.0,15,0.987992121191529,0.012007878808470984,tie
GSM4138171,11,2,DC_family,family,1.0,18,0.985688027513448,0.014311972486552027,tie
GSM4138172,11,1,Ambiguous/Mixed,ambiguous,1.0,15,,,ambiguous
GSM4138172,11,2,DC_family,family,0.9755730284803008,19,0.9751510210975685,0.00042200738273234784,tie
GSM4138110,12,1,Monocyte_family,family,0.9593750965272415,480,0.9347650824919556,0.024610014035285954,tie
GSM4138110,12,2,Mono_CD16,specific,0.9133221533127656,200,0.97761328954427,-0.0642911362315044,less_pure
GSM4138110,12,7,DC_pDC,specific,0.9555193703185515,21,0.9555193703185515,0.0,tie
GSM4138111,12,1,Monocyte_family,family,0.8490966149343271,75,0.8259886433998749,0.02310797153445221,tie
GSM4138111,12,10,DC_family,family,0.7334839480501059,16,0.7139188135165719,0.019565134533533923,tie
GSM4138111,12,11,Mast,specific,0.876493661763317,29,0.9059125026497903,-0.029418840886473285,tie
GSM4138111,12,2,Mono_CD16,specific,0.8705263949734385,65,0.891739170315181,-0.021212775341742485,tie
GSM4138111,12,3,DC_family,family,0.7971114674816056,95,0.7139188135165719,0.08319265396503361,purer
GSM4138111,12,4,Macrophage_family,family,0.8974881992500149,23,0.7348820353100064,0.16260616394000849,purer
GSM4138111,12,5,Ambiguous/Mixed,ambiguous,0.6923395376660497,111,,,ambiguous
GSM4138111,12,6,Ambiguous/Mixed,ambiguous,0.9549644102025155,18,,,ambiguous
GSM4138111,12,7,DC_pDC,specific,0.7677349770986589,71,0.8980982837036952,-0.13036330660503626,less_pure
GSM4138112,12,1,Monocyte_family,family,0.9459685221997503,200,0.9190793652117981,0.026889156987952134,tie
GSM4138112,12,2,Mono_CD16,specific,0.8974561880279941,179,0.9618001923997429,-0.06434400437174881,less_pure
GSM4138112,12,7,DC_pDC,specific,0.9672228106134714,26,0.9672228106134714,0.0,tie
GSM4138113,12,1,Monocyte_family,family,0.897925330363139,62,0.8906473359246847,0.007277994438454338,tie
GSM4138113,12,2,Mono_CD16,specific,0.9481411019105694,32,,,no_baseline
GSM4138113,12,3,DC_family,family,0.8367192497109632,33,0.7632287255055046,0.07349052420545865,purer
GSM4138113,12,5,Ambiguous/Mixed,ambiguous,0.7619747896436133,22,,,ambiguous
GSM4138113,12,7,DC_pDC,specific,0.8467529855706365,37,0.9211167331049517,-0.07436374753431518,less_pure
GSM4138114,12,1,Monocyte_family,family,0.9373287519131976,247,0.936754189234116,0.000574562679081625,tie
GSM4138114,12,2,Mono_CD16,specific,0.8746782461256999,148,0.9638175783207804,-0.08913933219508052,less_pure
GSM4138114,12,3,DC_family,family,0.9840322664632362,20,0.9550220117526695,0.02901025471056662,tie
GSM4138115,12,1,Monocyte_family,family,1.0,16,,,no_baseline
GSM4138115,12,10,DC_family,family,0.9715914688500271,22,0.7727754744975728,0.19881599435245434,purer
GSM4138115,12,2,Mono_CD16,specific,0.979986192490465,29,,,no_baseline
GSM4138115,12,3,DC_family,family,0.8209738257998478,92,0.7727754744975728,0.04819835130227501,tie
GSM4138115,12,4,Macrophage_family,family,1.0,15,0.9489538079417781,0.05104619205822192,purer
GSM4138115,12,7,DC_pDC,specific,0.9816087420119992,19,0.9816087420119992,0.0,tie
GSM4138116,12,1,Monocyte_family,family,0.9489287727730615,683,0.9347870689288121,0.014141703844249398,tie
GSM4138116,12,2,Mono_CD16,specific,0.9726282392011247,28,0.9836055443637416,-0.010977305162616857,tie
GSM4138117,12,1,Monocyte_family,family,0.8127357097201415,146,0.8607567303204385,-0.048021020600297004,tie
GSM4138117,12,11,Mast,specific,0.9848958966969695,15,0.9848958966969695,0.0,tie
GSM4138117,12,2,Mono_CD16,specific,0.922602465065495,38,,,no_baseline
GSM4138117,12,3,DC_family,family,0.9558027852557885,35,0.8983178908723612,0.0574848943834273,purer
GSM4138117,12,4,Macrophage_family,family,0.8456056276303525,72,0.7420397036679759,0.10356592396237663,purer
GSM4138117,12,5,Ambiguous/Mixed,ambiguous,0.7688290459450444,77,,,ambiguous
GSM4138117,12,7,DC_pDC,specific,0.9528621852287787,15,,,no_baseline
GSM4138117,12,8,Macrophage_family,family,0.8933649714689892,27,0.7420397036679759,0.1513252678010133,purer
GSM4138118,12,1,Monocyte_family,family,0.9119567065618142,275,0.9129088194689152,-0.0009521129071010659,tie
GSM4138118,12,2,Mono_CD16,specific,0.9380089482839189,41,,,no_baseline
GSM4138119,12,1,Monocyte_family,family,0.8301904052179547,49,0.9283766587096818,-0.09818625349172705,less_pure
GSM4138119,12,3,DC_family,family,0.7834007493233578,33,0.903900009773125,-0.12049926044976722,less_pure
GSM4138119,12,6,Ambiguous/Mixed,ambiguous,0.9732472140276668,15,,,ambiguous
GSM4138119,12,8,Macrophage_family,family,0.8629482015457265,32,0.7571052713504478,0.10584293019527868,purer
GSM4138120,12,1,Monocyte_family,family,0.8968761474998195,533,0.8913061766587369,0.005569970841082572,tie
GSM4138120,12,2,Mono_CD16,specific,0.8802491699832636,112,0.9596757142031672,-0.07942654421990358,less_pure
GSM4138120,12,3,DC_family,family,0.9564666443320459,25,0.9218733376798663,0.03459330665217952,tie
GSM4138121,12,1,Monocyte_family,family,0.8814756957588346,57,0.8716042571522686,0.009871438606565919,tie
GSM4138121,12,3,DC_family,family,0.902908662245091,26,0.85151969778944,0.051388964455651,purer
GSM4138121,12,4,Macrophage_family,family,0.9193182559337585,18,0.7061923152542848,0.21312594067947366,purer
GSM4138121,12,6,Ambiguous/Mixed,ambiguous,0.7514610237949835,95,,,ambiguous
GSM4138121,12,7,DC_pDC,specific,0.9606962873427333,17,,,no_baseline
GSM4138122,12,1,Monocyte_family,family,0.9447736300488448,261,0.9304728980531936,0.014300731995651295,tie
GSM4138122,12,2,Mono_CD16,specific,0.9019805544820307,380,0.9776116977859656,-0.07563114330393483,less_pure
GSM4138122,12,3,DC_family,family,0.9774600209767685,24,0.9508492071935304,0.026610813783238152,tie
GSM4138122,12,7,DC_pDC,specific,0.9782659584116306,20,0.9782659584116306,0.0,tie
GSM4138123,12,1,Monocyte_family,family,0.9357564482828016,34,0.9278791004179824,0.007877347864819195,tie
GSM4138123,12,10,DC_family,family,0.958023195554979,24,0.7694321137860433,0.1885910817689357,purer
GSM4138123,12,3,DC_family,family,0.7402785562734407,58,0.7694321137860433,-0.029153557512602513,tie
GSM4138123,12,4,Macrophage_family,family,0.7385084171558971,436,0.7056844211043604,0.03282399605153674,tie
GSM4138123,12,5,Ambiguous/Mixed,ambiguous,0.6754717335830845,132,,,ambiguous
GSM4138123,12,6,Ambiguous/Mixed,ambiguous,0.8806815960086999,49,,,ambiguous
GSM4138123,12,7,DC_pDC,specific,0.9223107797302584,50,0.9383997749472549,-0.01608899521699647,tie
GSM4138124,12,1,Monocyte_family,family,0.9781642606008704,256,0.9444246024199014,0.03373965818096891,tie
GSM4138124,12,2,Mono_CD16,specific,0.9089337440365708,145,0.969665210227224,-0.06073146619065317,less_pure
GSM4138125,12,1,Monocyte_family,family,0.932179708974783,98,0.9443814511936789,-0.012201742218895917,tie
GSM4138125,12,2,Mono_CD16,specific,0.9900812906484642,26,,,no_baseline
GSM4138125,12,3,DC_family,family,0.8709129045127088,38,0.95113418699402,-0.08022128248131122,less_pure
GSM4138125,12,4,Macrophage_family,family,0.8512437194018825,48,0.7439021951733407,0.10734152422854182,purer
GSM4138125,12,8,Macrophage_family,family,0.7537935354050889,352,0.7439021951733407,0.009891340231748202,tie
GSM4138126,12,1,Monocyte_family,family,0.9694586130318367,696,0.9663228947211787,0.0031357183106579534,tie
GSM4138126,12,2,Mono_CD16,specific,0.9458750048182377,138,1.0,-0.05412499518176228,less_pure
GSM4138127,12,1,Monocyte_family,family,0.9133671781124495,142,0.839799905947372,0.07356727216507752,purer
GSM4138127,12,2,Mono_CD16,specific,0.981980969111335,16,,,no_baseline
GSM4138127,12,3,DC_family,family,0.9767806547958995,23,0.891335201708411,0.08544545308748852,purer
GSM4138127,12,4,Macrophage_family,family,0.9709477216564447,15,0.7778561108377001,0.1930916108187446,purer
GSM4138127,12,5,Ambiguous/Mixed,ambiguous,0.7648217314886064,128,,,ambiguous
GSM4138127,12,6,Ambiguous/Mixed,ambiguous,0.8410766176196753,114,,,ambiguous
GSM4138127,12,7,DC_pDC,specific,0.921039121510737,32,0.9441912994803779,-0.023152177969640975,tie
GSM4138127,12,8,Macrophage_family,family,0.947868612068971,37,0.7778561108377001,0.17001250123127087,purer
GSM4138127,12,9,Ambiguous/Mixed,ambiguous,0.8851488886354602,51,,,ambiguous
GSM4138128,12,1,Monocyte_family,family,0.9447736300488448,261,0.9304728980531936,0.014300731995651295,tie
GSM4138128,12,2,Mono_CD16,specific,0.9019805544820307,380,0.9776116977859656,-0.07563114330393483,less_pure
GSM4138128,12,3,DC_family,family,0.9774600209767685,24,0.9508492071935304,0.026610813783238152,tie
GSM4138128,12,7,DC_pDC,specific,0.9782659584116306,20,0.9782659584116306,0.0,tie
GSM4138129,12,1,Monocyte_family,family,0.8982846641713316,82,0.9392410883358336,-0.04095642416450207,tie
GSM4138129,12,2,Mono_CD16,specific,0.9131034492806565,35,,,no_baseline
GSM4138129,12,3,DC_family,family,0.9005405649057687,35,0.8738886990016175,0.02665186590415125,tie
GSM4138129,12,4,Macrophage_family,family,0.8954206301655294,45,0.7576685488530968,0.13775208131243266,purer
GSM4138129,12,6,Ambiguous/Mixed,ambiguous,0.8548852353928865,47,,,ambiguous
GSM4138129,12,7,DC_pDC,specific,0.9868286715955322,25,0.9868286715955322,0.0,tie
GSM4138129,12,8,Macrophage_family,family,0.8632345528204051,51,0.7576685488530968,0.10556600396730831,purer
GSM4138130,12,1,Monocyte_family,family,0.9522311669345941,335,0.9271215447766311,0.025109622157962974,tie
GSM4138130,12,2,Mono_CD16,specific,0.953723791786991,322,0.9812775037239836,-0.02755371193699263,tie
GSM4138130,12,7,DC_pDC,specific,0.9639490407838097,19,0.9639490407838097,0.0,tie
GSM4138131,12,1,Monocyte_family,family,0.9087714626929588,97,0.7864517889481842,0.12231967374477459,purer
GSM4138131,12,10,DC_family,family,0.83157827189553,70,0.7536865945444218,0.07789167735110825,purer
GSM4138131,12,11,Mast,specific,0.9764376533440459,18,0.9764376533440459,0.0,tie
GSM4138131,12,2,Mono_CD16,specific,0.904506487064903,69,,,no_baseline
GSM4138131,12,3,DC_family,family,0.8370167389524503,84,0.7536865945444218,0.08333014440802855,purer
GSM4138131,12,4,Macrophage_family,family,0.8127356256474372,132,0.7412359185254018,0.07149970712203535,purer
GSM4138131,12,5,Ambiguous/Mixed,ambiguous,0.7099348533114918,101,,,ambiguous
GSM4138131,12,6,Ambiguous/Mixed,ambiguous,0.837124532349858,89,,,ambiguous
GSM4138131,12,7,DC_pDC,specific,0.9046789059634622,112,0.9179857890881354,-0.013306883124673208,tie
GSM4138131,12,9,Ambiguous/Mixed,ambiguous,0.7713906461408506,223,,,ambiguous
GSM4138132,12,1,Monocyte_family,family,0.9565503876094258,470,0.9463038082948044,0.010246579314621362,tie
GSM4138132,12,2,Mono_CD16,specific,0.941905510293099,292,0.9814133723188372,-0.039507862025738194,tie
GSM4138133,12,1,Monocyte_family,family,0.9223858384475896,53,0.9757353034710631,-0.053349465023473486,less_pure
GSM4138133,12,10,DC_family,family,0.8823855061566597,21,0.7773132578349409,0.1050722483217188,purer
GSM4138133,12,2,Mono_CD16,specific,0.931263544367843,42,,,no_baseline
GSM4138133,12,3,DC_family,family,0.8394094621234728,114,0.7773132578349409,0.06209620428853191,purer
GSM4138133,12,4,Macrophage_family,family,0.8038256666194437,89,0.7734595161579602,0.0303661504614835,tie
GSM4138133,12,5,Ambiguous/Mixed,ambiguous,0.7858060718666593,79,,,ambiguous
GSM4138133,12,7,DC_pDC,specific,0.9840886463775538,22,0.9780104357713506,0.0060782106062031716,tie
GSM4138133,12,8,Macrophage_family,family,0.9623413213770462,19,0.7734595161579602,0.18888180521908604,purer
GSM4138134,12,1,Monocyte_family,family,0.97621142111818,907,0.9607718200587291,0.01543960105945097,tie
GSM4138134,12,2,Mono_CD16,specific,0.9446526711651977,510,0.9695591587489021,-0.024906487583704395,tie
GSM4138134,12,7,DC_pDC,specific,0.9856991785152992,15,0.9856991785152992,0.0,tie
GSM4138135,12,1,Monocyte_family,family,0.9059890669520098,163,0.8944589205248566,0.01153014642715311,tie
GSM4138135,12,10,DC_family,family,0.9257796574418986,31,0.841697457205539,0.0840822002363596,purer
GSM4138135,12,11,Mast,specific,1.0,21,1.0,0.0,tie
GSM4138135,12,2,Mono_CD16,specific,0.9604740558725261,58,,,no_baseline
GSM4138135,12,3,DC_family,family,0.8420882036843245,72,0.841697457205539,0.0003907464787854531,tie
GSM4138135,12,4,Macrophage_family,family,0.7696900114917565,354,0.6821237468466982,0.08756626464505834,purer
GSM4138135,12,5,Ambiguous/Mixed,ambiguous,0.8509565009609645,42,,,ambiguous
GSM4138135,12,6,Ambiguous/Mixed,ambiguous,0.7669386743459885,278,,,ambiguous
GSM4138135,12,7,DC_pDC,specific,0.9592348250153161,19,0.9787886250594097,-0.019553800044093572,tie
GSM4138135,12,8,Macrophage_family,family,0.8165999288577982,72,0.6821237468466982,0.1344761820111,purer
GSM4138135,12,9,Ambiguous/Mixed,ambiguous,0.89367536911004,21,,,ambiguous
GSM4138136,12,1,Monocyte_family,family,0.9476576069112228,415,0.944450659488512,0.003206947422710771,tie
GSM4138136,12,2,Mono_CD16,specific,0.8990695093693504,297,0.978914746972955,-0.07984523760360462,less_pure
GSM4138136,12,3,DC_family,family,0.974499496859647,17,0.9575949318499146,0.016904565009732364,tie
GSM4138137,12,1,Monocyte_family,family,0.8534539935578849,160,0.9224120085919152,-0.06895801503403032,less_pure
GSM4138137,12,10,DC_family,family,0.9522191221967475,18,0.839030314310623,0.11318880788612451,purer
GSM4138137,12,2,Mono_CD16,specific,0.9514222490754696,43,,,no_baseline
GSM4138137,12,3,DC_family,family,0.8271115721898883,60,0.839030314310623,-0.011918742120734738,tie
GSM4138137,12,4,Macrophage_family,family,0.8038322830379123,273,0.747893468389154,0.05593881464875827,purer
GSM4138137,12,5,Ambiguous/Mixed,ambiguous,0.7872329068735635,74,,,ambiguous
GSM4138137,12,6,Ambiguous/Mixed,ambiguous,0.7622135881181109,236,,,ambiguous
GSM4138137,12,8,Macrophage_family,family,0.7819769507211658,145,0.747893468389154,0.03408348233201175,tie
GSM4138138,12,1,Monocyte_family,family,0.9641925066148367,393,0.9141982586487056,0.049994247966131056,tie
GSM4138138,12,2,Mono_CD16,specific,0.9218681113051929,234,0.9668810029523296,-0.04501289164713673,tie
GSM4138139,12,1,Monocyte_family,family,0.8365293362153019,150,0.8510495085223697,-0.014520172307067813,tie
GSM4138139,12,10,DC_family,family,0.9297053464799931,25,0.8604547296733422,0.0692506168066509,purer
GSM4138139,12,11,Mast,specific,0.9658315628046693,60,0.9658315628046693,0.0,tie
GSM4138139,12,2,Mono_CD16,specific,0.9356652526706568,58,,,no_baseline
GSM4138139,12,3,DC_family,family,0.8915456397320431,72,0.8604547296733422,0.031090910058700905,tie
GSM4138139,12,4,Macrophage_family,family,0.8216421482690122,114,0.6611390100606357,0.16050313820837647,purer
GSM4138139,12,5,Ambiguous/Mixed,ambiguous,0.8068246540406163,49,,,ambiguous
GSM4138139,12,6,Ambiguous/Mixed,ambiguous,0.8225307654647279,154,,,ambiguous
GSM4138139,12,7,DC_pDC,specific,0.9506174967437965,22,0.9506174967437965,0.0,tie
GSM4138139,12,8,Macrophage_family,family,0.7690134979841876,117,0.6611390100606357,0.10787448792355192,purer
GSM4138139,12,9,Ambiguous/Mixed,ambiguous,0.9175847530106999,40,,,ambiguous
GSM4138140,12,1,Monocyte_family,family,0.9644058632752025,493,0.9378362608794556,0.026569602395746905,tie
GSM4138140,12,2,Mono_CD16,specific,0.9159713743666826,305,0.9699730019986887,-0.05400162763200611,less_pure
GSM4138140,12,3,DC_family,family,0.9763764214345327,21,0.9577957427797844,0.018580678654748328,tie
GSM4138141,12,1,Monocyte_family,family,0.8698346667474979,235,0.8153267211987012,0.05450794554879668,purer
GSM4138141,12,10,DC_family,family,0.8839117111816409,56,0.7646439714392582,0.1192677397423827,purer
GSM4138141,12,2,Mono_CD16,specific,0.933099147452921,91,0.9724074031211091,-0.039308255668188075,tie
GSM4138141,12,3,DC_family,family,0.7794588753837707,124,0.7646439714392582,0.014814903944512459,tie
GSM4138141,12,4,Macrophage_family,family,0.873261031915548,68,0.8124580686420484,0.060802963273499655,purer
GSM4138141,12,5,Ambiguous/Mixed,ambiguous,0.8309447023370256,44,,,ambiguous
GSM4138141,12,6,Ambiguous/Mixed,ambiguous,1.0,19,,,ambiguous
GSM4138141,12,7,DC_pDC,specific,0.915848528113676,73,0.9165508686482305,-0.0007023405345545353,tie
GSM4138141,12,9,Ambiguous/Mixed,ambiguous,0.9107851182108267,41,,,ambiguous
GSM4138142,12,1,Monocyte_family,family,0.9473687031363087,511,0.920204129281547,0.027164573854761676,tie
GSM4138142,12,2,Mono_CD16,specific,0.915575312011897,254,0.9665257719433304,-0.050950459931433434,less_pure
GSM4138143,12,1,Monocyte_family,family,0.8361773428118097,93,0.886201598540746,-0.05002425572893632,less_pure
GSM4138143,12,10,DC_family,family,0.8192495354150123,45,0.7974127699611427,0.02183676545386959,tie
GSM4138143,12,11,Mast,specific,0.9748135904112316,31,0.9748135904112316,0.0,tie
GSM4138143,12,2,Mono_CD16,specific,0.9310288610315396,65,,,no_baseline
GSM4138143,12,3,DC_family,family,0.7549513149795697,124,0.7974127699611427,-0.042461454981573055,tie
GSM4138143,12,4,Macrophage_family,family,0.9474046401652317,26,0.7385317125013253,0.20887292766390642,purer
GSM4138143,12,5,Ambiguous/Mixed,ambiguous,0.8163142533533485,35,,,ambiguous
GSM4138143,12,7,DC_pDC,specific,0.9295762244202338,46,0.9295762244202338,0.0,tie
GSM4138143,12,8,Macrophage_family,family,0.9416668169167848,16,0.7385317125013253,0.20313510441545946,purer
GSM4138144,12,1,Monocyte_family,family,0.9309024689099442,176,0.9366753735624749,-0.005772904652530664,tie
GSM4138144,12,2,Mono_CD16,specific,0.8982824682844057,134,0.9749122264211482,-0.07662975813674244,less_pure
GSM4138144,12,3,DC_family,family,0.9670712946687575,29,0.8857225642654714,0.08134873040328616,purer
GSM4138145,12,1,Monocyte_family,family,0.8456685911269737,203,0.8845972805340161,-0.038928689407042416,tie
GSM4138145,12,10,DC_family,family,0.9536282277938718,19,0.7535493269325659,0.20007890086130586,purer
GSM4138145,12,2,Mono_CD16,specific,0.9443050397154488,63,,,no_baseline
GSM4138145,12,3,DC_family,family,0.7542515310441777,208,0.7535493269325659,0.000702204111611815,tie
GSM4138145,12,4,Macrophage_family,family,0.9846149096034856,20,0.8162928621790009,0.16832204742448476,purer
GSM4138145,12,5,Ambiguous/Mixed,ambiguous,0.9152733942228151,17,,,ambiguous
GSM4138145,12,6,Ambiguous/Mixed,ambiguous,0.9545219515456672,44,,,ambiguous
GSM4138145,12,7,DC_pDC,specific,0.945258029964264,45,0.9472622152517468,-0.002004185287482807,tie
GSM4138146,12,1,Monocyte_family,family,0.9355226204602256,179,0.9146938667766903,0.020828753683535317,tie
GSM4138146,12,2,Mono_CD16,specific,0.9031717752925157,308,0.9622686828921565,-0.05909690759964081,less_pure
GSM4138147,12,3,DC_family,family,0.9637043878758242,17,,,no_baseline
GSM4138147,12,7,DC_pDC,specific,0.935324749011505,31,0.935324749011505,0.0,tie
GSM4138148,12,1,Monocyte_family,family,0.9330797310218641,113,0.935303562563987,-0.0022238315421228005,tie
GSM4138148,12,2,Mono_CD16,specific,0.8619670835696838,79,0.9692635348384981,-0.10729645126881437,less_pure
GSM4138148,12,3,DC_family,family,0.9848610337060923,20,0.9695044981476699,0.015356535558422424,tie
GSM4138150,12,1,Monocyte_family,family,0.9412945623889309,134,0.946407681415232,-0.005113119026301072,tie
GSM4138150,12,2,Mono_CD16,specific,0.9134653127529453,84,0.9785444665693842,-0.06507915381643892,less_pure
GSM4138151,12,3,DC_family,family,0.9824141155797756,15,,,no_baseline
GSM4138151,12,7,DC_pDC,specific,0.9806392337550041,15,0.9806392337550041,0.0,tie
GSM4138152,12,1,Monocyte_family,family,0.936009624661148,318,0.9123151404438743,0.023694484217273715,tie
GSM4138152,12,2,Mono_CD16,specific,0.8867065201756956,178,0.9413199538988823,-0.05461343372318672,less_pure
GSM4138152,12,3,DC_family,family,0.9640923557347325,24,0.9275689836639187,0.0365233720708138,tie
GSM4138152,12,7,DC_pDC,specific,0.9775928259929391,15,0.992154406195808,-0.014561580202868907,tie
GSM4138153,12,3,DC_family,family,0.9257985223829949,26,0.9378503541294222,-0.012051831746427322,tie
GSM4138154,12,1,Monocyte_family,family,0.9018379476746698,296,0.9120842471097981,-0.010246299435128225,tie
GSM4138154,12,2,Mono_CD16,specific,0.8744576550661908,74,0.951042806610867,-0.07658515154467627,less_pure
GSM4138154,12,3,DC_family,family,0.9203479832199403,21,0.8775236679295477,0.042824315290392545,tie
GSM4138155,12,1,Monocyte_family,family,0.8074232916499652,181,0.8176768242132156,-0.010253532563250456,tie
GSM4138155,12,10,DC_family,family,0.8994361183339555,29,0.7010983122032448,0.19833780613071073,purer
GSM4138155,12,11,Mast,specific,0.9252378509283148,20,0.9381206978557273,-0.012882846927412483,tie
GSM4138155,12,2,Mono_CD16,specific,0.9549171673630674,24,,,no_baseline
GSM4138155,12,3,DC_family,family,0.6986032908855999,216,0.7010983122032448,-0.0024950213176448965,tie
GSM4138155,12,4,Macrophage_family,family,0.8788072601964092,44,0.6299154299118346,0.24889183028457462,purer
GSM4138155,12,5,Ambiguous/Mixed,ambiguous,0.9296922058711121,29,,,ambiguous
GSM4138155,12,6,Ambiguous/Mixed,ambiguous,0.7114099765858005,174,,,ambiguous
GSM4138155,12,7,DC_pDC,specific,0.9001000132765705,52,0.9062361607604512,-0.006136147483880694,tie
GSM4138155,12,8,Macrophage_family,family,0.7191097628847894,103,0.6299154299118346,0.08919433297295487,purer
GSM4138156,12,1,Monocyte_family,family,0.9426551483840779,675,0.9272161110073198,0.015439037376758113,tie
GSM4138156,12,2,Mono_CD16,specific,0.9250422240605476,289,0.9674540600296433,-0.0424118359690957,tie
GSM4138156,12,3,DC_family,family,0.9669125237062431,31,0.943543967188031,0.023368556518212125,tie
GSM4138156,12,7,DC_pDC,specific,0.9539837451128743,15,0.9539837451128743,0.0,tie
GSM4138157,12,1,Monocyte_family,family,0.9455524856382694,39,0.9673513117174695,-0.02179882607920003,tie
GSM4138157,12,2,Mono_CD16,specific,0.9614172626496479,27,,,no_baseline
GSM4138157,12,3,DC_family,family,0.7922982404166817,65,0.8709308666726747,-0.07863262625599299,less_pure
GSM4138157,12,4,Macrophage_family,family,0.9683351226356409,17,0.8168706613307802,0.1514644613048607,purer
GSM4138157,12,5,Ambiguous/Mixed,ambiguous,0.9734038183665672,15,,,ambiguous
GSM4138157,12,6,Ambiguous/Mixed,ambiguous,0.9083360890216121,26,,,ambiguous
GSM4138157,12,7,DC_pDC,specific,0.9480389776479722,17,0.9771060119735836,-0.02906703432561142,tie
GSM4138158,12,1,Monocyte_family,family,0.95581289160625,231,0.9577852629673983,-0.0019723713611482507,tie
GSM4138158,12,2,Mono_CD16,specific,0.9179046321305694,62,0.9852479955603701,-0.06734336342980074,less_pure
GSM4138158,12,3,DC_family,family,0.9837408307263258,17,0.9711664758645067,0.012574354861819126,tie
GSM4138159,12,1,Monocyte_family,family,0.9567150043540634,41,0.9468764067983803,0.00983859755568317,tie
GSM4138159,12,2,Mono_CD16,specific,1.0,20,,,no_baseline
GSM4138159,12,3,DC_family,family,0.807876367058532,52,0.774082064685566,0.0337943023729661,tie
GSM4138159,12,4,Macrophage_family,family,0.9851261513291948,20,0.8696457764255141,0.11548037490368068,purer
GSM4138159,12,6,Ambiguous/Mixed,ambiguous,0.9699993387304106,17,,,ambiguous
GSM4138160,12,1,Monocyte_family,family,0.9388649359826713,427,0.9408522767361661,-0.001987340753494826,tie
GSM4138160,12,2,Mono_CD16,specific,0.9279708536985148,111,0.9900033659049698,-0.062032512206455004,less_pure
GSM4138160,12,7,DC_pDC,specific,0.980833886723325,23,0.980833886723325,0.0,tie
GSM4138161,12,1,Monocyte_family,family,0.8570630158393897,118,0.8112926743286786,0.04577034151071113,tie
GSM4138161,12,2,Mono_CD16,specific,0.9863001966567363,23,,,no_baseline
GSM4138161,12,3,DC_family,family,0.7382378052015434,121,0.6918033483531927,0.04643445684835068,tie
GSM4138161,12,5,Ambiguous/Mixed,ambiguous,0.7058655099355506,52,,,ambiguous
GSM4138161,12,6,Ambiguous/Mixed,ambiguous,0.8335959019104148,60,,,ambiguous
GSM4138161,12,7,DC_pDC,specific,0.864470627766718,111,0.8488491714550629,0.015621456311655124,tie
GSM4138161,12,9,Ambiguous/Mixed,ambiguous,0.9786689342172611,20,,,ambiguous
GSM4138162,12,1,Monocyte_family,family,0.9599440500446534,351,0.9451087043263531,0.014835345718300363,tie
GSM4138162,12,2,Mono_CD16,specific,0.887129379448877,197,0.9689990847188696,-0.0818697052699926,less_pure
GSM4138162,12,3,DC_family,family,0.9716035667832286,30,0.9565826886013326,0.015020878181896014,tie
GSM4138162,12,7,DC_pDC,specific,0.9897606953288196,17,0.9897606953288196,0.0,tie
GSM4138163,12,1,Monocyte_family,family,0.9501985850433226,360,0.9488582621664332,0.0013403228768893438,tie
GSM4138163,12,2,Mono_CD16,specific,0.8923419330236573,110,0.9838436758508947,-0.09150174282723744,less_pure
GSM4138163,12,3,DC_family,family,0.9850226828093042,21,0.9662642696443162,0.01875841316498794,tie
GSM4138163,12,7,DC_pDC,specific,0.9941087355013785,16,0.9858316108356697,0.008277124665708735,tie
GSM4138164,12,1,Monocyte_family,family,0.9415191925592123,95,0.9167656535447561,0.024753539014456205,tie
GSM4138164,12,2,Mono_CD16,specific,0.8495572508995906,71,0.9829393430119403,-0.13338209211234975,less_pure
GSM4138165,12,1,Monocyte_family,family,0.9438147379135147,283,0.9330548693882358,0.010759868525278882,tie
GSM4138165,12,2,Mono_CD16,specific,0.8867889326577834,198,0.9446544771791544,-0.05786554452137105,less_pure
GSM4138166,12,1,Monocyte_family,family,0.9446299634639408,271,0.934676558303836,0.009953405160104789,tie
GSM4138166,12,2,Mono_CD16,specific,0.8961861576154269,237,0.9621941145544404,-0.06600795693901351,less_pure
GSM4138166,12,3,DC_family,family,0.9771112478247362,26,0.9432683195432393,0.03384292828149693,tie
GSM4138167,12,1,Monocyte_family,family,0.9502266659307635,242,0.945732763205749,0.004493902725014598,tie
GSM4138167,12,2,Mono_CD16,specific,0.892456415629912,166,0.9625303423920475,-0.07007392676213553,less_pure
GSM4138167,12,3,DC_family,family,0.9817602647704399,21,0.9791664161417739,0.0025938486286659623,tie
GSM4138168,12,7,DC_pDC,specific,0.9457890908623999,20,0.9457890908623999,0.0,tie
GSM4138169,12,3,DC_family,family,1.0,15,0.987992121191529,0.012007878808470984,tie
GSM4138171,12,3,DC_family,family,1.0,18,0.985688027513448,0.014311972486552027,tie
GSM4138172,12,3,DC_family,family,0.9755730284803008,19,0.9751510210975685,0.00042200738273234784,tie
GSM4138110,13,1,Monocyte_family,family,0.9593750965272415,480,0.9347650824919556,0.024610014035285954,tie
GSM4138110,13,2,Mono_CD16,specific,0.91399615108195,200,0.97761328954427,-0.06361713846231998,less_pure
GSM4138110,13,6,DC_pDC,specific,0.9555193703185515,21,0.9555193703185515,0.0,tie
GSM4138111,13,1,Monocyte_family,family,0.854524476405081,73,0.8259886433998749,0.028535833005206124,tie
GSM4138111,13,10,DC_family,family,0.7334839480501059,16,0.7139188135165719,0.019565134533533923,tie
GSM4138111,13,11,Mast,specific,0.876493661763317,29,0.9059125026497903,-0.029418840886473285,tie
GSM4138111,13,2,Mono_CD16,specific,0.875203396147695,64,0.891739170315181,-0.016535774167485973,tie
GSM4138111,13,3,DC_family,family,0.7880566383700889,99,0.7139188135165719,0.07413782485351694,purer
GSM4138111,13,4,Macrophage_family,family,0.8974881992500149,23,0.7348820353100064,0.16260616394000849,purer
GSM4138111,13,5,Ambiguous/Mixed,ambiguous,0.6747809060156745,107,,,ambiguous
GSM4138111,13,6,DC_pDC,specific,0.7677349770986589,71,0.8980982837036952,-0.13036330660503626,less_pure
GSM4138112,13,1,Monocyte_family,family,0.9441571023103507,201,0.9190793652117981,0.025077737098552544,tie
GSM4138112,13,2,Mono_CD16,specific,0.8988754725072062,177,0.9618001923997429,-0.06292471989253667,less_pure
GSM4138112,13,6,DC_pDC,specific,0.9672228106134714,26,0.9672228106134714,0.0,tie
GSM4138113,13,1,Monocyte_family,family,0.8982244673654223,61,0.8906473359246847,0.007577131440737572,tie
GSM4138113,13,2,Mono_CD16,specific,0.9503294510359921,33,,,no_baseline
GSM4138113,13,3,DC_family,family,0.8383107755007563,35,0.7632287255055046,0.0750820499952517,purer
GSM4138113,13,5,Ambiguous/Mixed,ambiguous,0.7619747896436133,22,,,ambiguous
GSM4138113,13,6,DC_pDC,specific,0.8467529855706365,37,0.9211167331049517,-0.07436374753431518,less_pure
GSM4138114,13,1,Monocyte_family,family,0.9373001789739254,248,0.936754189234116,0.0005459897398093494,tie
GSM4138114,13,2,Mono_CD16,specific,0.8741797608275073,149,0.9638175783207804,-0.08963781749327315,less_pure
GSM4138114,13,3,DC_family,family,0.9840322664632362,20,0.9550220117526695,0.02901025471056662,tie
GSM4138115,13,1,Monocyte_family,family,1.0,16,,,no_baseline
GSM4138115,13,10,DC_family,family,0.9715914688500271,22,0.7727754744975728,0.19881599435245434,purer
GSM4138115,13,2,Mono_CD16,specific,0.9777080878495924,26,,,no_baseline
GSM4138115,13,3,DC_family,family,0.8209738257998478,92,0.7727754744975728,0.04819835130227501,tie
GSM4138115,13,4,Macrophage_family,family,1.0,15,0.9489538079417781,0.05104619205822192,purer
GSM4138115,13,6,DC_pDC,specific,0.9816087420119992,19,0.9816087420119992,0.0,tie
GSM4138116,13,1,Monocyte_family,family,0.9489287727730615,683,0.9347870689288121,0.014141703844249398,tie
GSM4138116,13,2,Mono_CD16,specific,0.9726282392011247,28,0.9836055443637416,-0.010977305162616857,tie
GSM4138117,13,1,Monocyte_family,family,0.8106875109472813,147,0.8607567303204385,-0.050069219373157225,less_pure
GSM4138117,13,11,Mast,specific,0.9848958966969695,15,0.9848958966969695,0.0,tie
GSM4138117,13,2,Mono_CD16,specific,0.920262109229281,37,,,no_baseline
GSM4138117,13,3,DC_family,family,0.9338160566376652,42,0.8983178908723612,0.03549816576530396,tie
GSM4138117,13,4,Macrophage_family,family,0.8378411854994278,74,0.7420397036679759,0.09580148183145187,purer
GSM4138117,13,5,Ambiguous/Mixed,ambiguous,0.7765744386707758,75,,,ambiguous
GSM4138117,13,6,DC_pDC,specific,0.9528621852287787,15,,,no_baseline
GSM4138117,13,8,Macrophage_family,family,0.8933649714689892,27,0.7420397036679759,0.1513252678010133,purer
GSM4138118,13,1,Monocyte_family,family,0.9119567065618142,275,0.9129088194689152,-0.0009521129071010659,tie
GSM4138118,13,2,Mono_CD16,specific,0.923884624710398,44,,,no_baseline
GSM4138119,13,1,Monocyte_family,family,0.8282939523507081,49,0.9283766587096818,-0.10008270635897365,less_pure
GSM4138119,13,3,DC_family,family,0.7943095442413091,41,0.903900009773125,-0.10959046553181595,less_pure
GSM4138119,13,8,Macrophage_family,family,0.8516349655816431,32,0.7571052713504478,0.09452969423119528,purer
GSM4138120,13,1,Monocyte_family,family,0.896800392373175,534,0.8913061766587369,0.005494215714438089,tie
GSM4138120,13,2,Mono_CD16,specific,0.8833148953197942,108,0.9596757142031672,-0.07636081888337298,less_pure
GSM4138120,13,3,DC_family,family,0.9564666443320459,25,0.9218733376798663,0.03459330665217952,tie
GSM4138121,13,1,Monocyte_family,family,0.8814756957588346,57,0.8716042571522686,0.009871438606565919,tie
GSM4138121,13,3,DC_family,family,0.8735396797473207,31,0.85151969778944,0.022019981957880685,tie
GSM4138121,13,4,Macrophage_family,family,0.9064871898672856,21,0.7061923152542848,0.20029487461300077,purer
GSM4138121,13,6,DC_pDC,specific,0.9606962873427333,17,,,no_baseline
GSM4138121,13,7,Ambiguous/Mixed,ambiguous,0.7488392671278076,93,,,ambiguous
GSM4138122,13,1,Monocyte_family,family,0.9320514202500316,263,0.9304728980531936,0.0015785221968380725,tie
GSM4138122,13,2,Mono_CD16,specific,0.9025209020673629,380,0.9776116977859656,-0.07509079571860267,less_pure
GSM4138122,13,3,DC_family,family,0.9768433080215141,25,0.9508492071935304,0.0259941008279837,tie
GSM4138122,13,6,DC_pDC,specific,0.9782659584116306,20,0.9782659584116306,0.0,tie
GSM4138123,13,1,Monocyte_family,family,0.959488373385583,36,0.9278791004179824,0.03160927296760063,tie
GSM4138123,13,10,DC_family,family,0.958023195554979,24,0.7694321137860433,0.1885910817689357,purer
GSM4138123,13,3,DC_family,family,0.7172478260165371,66,0.7694321137860433,-0.05218428776950612,less_pure
GSM4138123,13,4,Macrophage_family,family,0.7384593763656049,437,0.7056844211043604,0.03277495526124452,tie
GSM4138123,13,5,Ambiguous/Mixed,ambiguous,0.6683782513880385,132,,,ambiguous
GSM4138123,13,6,DC_pDC,specific,0.9223107797302584,50,0.9383997749472549,-0.01608899521699647,tie
GSM4138123,13,7,Ambiguous/Mixed,ambiguous,0.8800601705906238,42,,,ambiguous
GSM4138124,13,1,Monocyte_family,family,0.9781642606008704,256,0.9444246024199014,0.03373965818096891,tie
GSM4138124,13,2,Mono_CD16,specific,0.911046832135901,143,0.969665210227224,-0.058618378091322976,less_pure
GSM4138125,13,1,Monocyte_family,family,0.9325717941311107,99,0.9443814511936789,-0.011809657062568202,tie
GSM4138125,13,2,Mono_CD16,specific,0.9900812906484642,26,,,no_baseline
GSM4138125,13,3,DC_family,family,0.8725122771343002,39,0.95113418699402,-0.07862190985971973,less_pure
GSM4138125,13,4,Macrophage_family,family,0.851865038109249,49,0.7439021951733407,0.1079628429359083,purer
GSM4138125,13,8,Macrophage_family,family,0.7538845957695404,353,0.7439021951733407,0.009982400596199703,tie
GSM4138126,13,1,Monocyte_family,family,0.9694586130318367,696,0.9663228947211787,0.0031357183106579534,tie
GSM4138126,13,2,Mono_CD16,specific,0.943378836680536,139,1.0,-0.056621163319463985,less_pure
GSM4138127,13,1,Monocyte_family,family,0.8936953146946763,161,0.839799905947372,0.05389540874730436,purer
GSM4138127,13,2,Mono_CD16,specific,0.981980969111335,16,,,no_baseline
GSM4138127,13,3,DC_family,family,0.9655295624244854,29,0.891335201708411,0.07419436071607444,purer
GSM4138127,13,4,Macrophage_family,family,0.9709477216564447,15,0.7778561108377001,0.1930916108187446,purer
GSM4138127,13,5,Ambiguous/Mixed,ambiguous,0.7648217314886064,128,,,ambiguous
GSM4138127,13,6,DC_pDC,specific,0.921039121510737,32,0.9441912994803779,-0.023152177969640975,tie
GSM4138127,13,7,Ambiguous/Mixed,ambiguous,0.8515837813263827,98,,,ambiguous
GSM4138127,13,8,Macrophage_family,family,0.9428166870786171,38,0.7778561108377001,0.16496057624091698,purer
GSM4138127,13,9,Ambiguous/Mixed,ambiguous,0.8851488886354602,51,,,ambiguous
GSM4138128,13,1,Monocyte_family,family,0.9320514202500316,263,0.9304728980531936,0.0015785221968380725,tie
GSM4138128,13,2,Mono_CD16,specific,0.9025209020673629,380,0.9776116977859656,-0.07509079571860267,less_pure
GSM4138128,13,3,DC_family,family,0.9768433080215141,25,0.9508492071935304,0.0259941008279837,tie
GSM4138128,13,6,DC_pDC,specific,0.9782659584116306,20,0.9782659584116306,0.0,tie
GSM4138129,13,1,Monocyte_family,family,0.8969896902914624,84,0.9392410883358336,-0.04225139804437128,tie
GSM4138129,13,2,Mono_CD16,specific,0.9393233391814786,33,,,no_baseline
GSM4138129,13,3,DC_family,family,0.889735505017749,39,0.8738886990016175,0.01584680601613153,tie
GSM4138129,13,4,Macrophage_family,family,0.8954206301655294,45,0.7576685488530968,0.13775208131243266,purer
GSM4138129,13,6,DC_pDC,specific,0.9868286715955322,25,0.9868286715955322,0.0,tie
GSM4138129,13,7,Ambiguous/Mixed,ambiguous,0.8509241056589707,43,,,ambiguous
GSM4138129,13,8,Macrophage_family,family,0.8624269207198811,52,0.7576685488530968,0.10475837186678438,purer
GSM4138130,13,1,Monocyte_family,family,0.952561355891377,333,0.9271215447766311,0.025439811114745914,tie
GSM4138130,13,2,Mono_CD16,specific,0.9494402229324491,326,0.9812775037239836,-0.03183728079153447,tie
GSM4138130,13,6,DC_pDC,specific,0.9639490407838097,19,0.9639490407838097,0.0,tie
GSM4138131,13,1,Monocyte_family,family,0.8981524596253156,101,0.7864517889481842,0.11170067067713141,purer
GSM4138131,13,10,DC_family,family,0.83157827189553,70,0.7536865945444218,0.07789167735110825,purer
GSM4138131,13,11,Mast,specific,0.9764376533440459,18,0.9764376533440459,0.0,tie
GSM4138131,13,2,Mono_CD16,specific,0.9166756606828343,70,,,no_baseline
GSM4138131,13,3,DC_family,family,0.814067583976394,100,0.7536865945444218,0.06038098943197223,purer
GSM4138131,13,4,Macrophage_family,family,0.8079593706481092,131,0.7412359185254018,0.06672345212270736,purer
GSM4138131,13,5,Ambiguous/Mixed,ambiguous,0.7110499042135934,99,,,ambiguous
GSM4138131,13,6,DC_pDC,specific,0.9046789059634622,112,0.9179857890881354,-0.013306883124673208,tie
GSM4138131,13,7,Ambiguous/Mixed,ambiguous,0.8438545916632187,76,,,ambiguous
GSM4138131,13,9,Ambiguous/Mixed,ambiguous,0.7740278789683953,226,,,ambiguous
GSM4138132,13,1,Monocyte_family,family,0.9598280779068135,471,0.9463038082948044,0.013524269612009032,tie
GSM4138132,13,2,Mono_CD16,specific,0.9441196919071513,292,0.9814133723188372,-0.0372936804116859,tie
GSM4138133,13,1,Monocyte_family,family,0.9236752855902906,53,0.9757353034710631,-0.052060017880772524,less_pure
GSM4138133,13,10,DC_family,family,0.8823855061566597,21,0.7773132578349409,0.1050722483217188,purer
GSM4138133,13,2,Mono_CD16,specific,0.9401378877072214,42,,,no_baseline
GSM4138133,13,3,DC_family,family,0.8435036335908563,120,0.7773132578349409,0.06619037575591546,purer
GSM4138133,13,4,Macrophage_family,family,0.8038256666194437,89,0.7734595161579602,0.0303661504614835,tie
GSM4138133,13,5,Ambiguous/Mixed,ambiguous,0.7833270161132365,77,,,ambiguous
GSM4138133,13,6,DC_pDC,specific,0.9840886463775538,22,0.9780104357713506,0.0060782106062031716,tie
GSM4138133,13,8,Macrophage_family,family,0.9506664936975905,19,0.7734595161579602,0.17720697753963033,purer
GSM4138134,13,1,Monocyte_family,family,0.9772889190810901,908,0.9607718200587291,0.01651709902236098,tie
GSM4138134,13,2,Mono_CD16,specific,0.9495551849506053,504,0.9695591587489021,-0.02000397379829677,tie
GSM4138134,13,6,DC_pDC,specific,0.9856991785152992,15,0.9856991785152992,0.0,tie
GSM4138135,13,1,Monocyte_family,family,0.904953450605283,172,0.8944589205248566,0.010494530080426334,tie
GSM4138135,13,10,DC_family,family,0.9195868344073301,32,0.841697457205539,0.07788937720179112,purer
GSM4138135,13,11,Mast,specific,1.0,21,1.0,0.0,tie
GSM4138135,13,2,Mono_CD16,specific,0.95858738581472,58,,,no_baseline
GSM4138135,13,3,DC_family,family,0.8087450717410074,92,0.841697457205539,-0.03295238546453161,tie
GSM4138135,13,4,Macrophage_family,family,0.7723854697043138,357,0.6821237468466982,0.09026172285761558,purer
GSM4138135,13,5,Ambiguous/Mixed,ambiguous,0.8509565009609645,42,,,ambiguous
GSM4138135,13,6,DC_pDC,specific,0.9592348250153161,19,0.9787886250594097,-0.019553800044093572,tie
GSM4138135,13,7,Ambiguous/Mixed,ambiguous,0.7635046447447912,255,,,ambiguous
GSM4138135,13,8,Macrophage_family,family,0.7984427121510423,78,0.6821237468466982,0.11631896530434416,purer
GSM4138135,13,9,Ambiguous/Mixed,ambiguous,0.89367536911004,21,,,ambiguous
GSM4138136,13,1,Monocyte_family,family,0.9475371984845349,415,0.944450659488512,0.0030865389960228473,tie
GSM4138136,13,2,Mono_CD16,specific,0.8980716914150577,296,0.978914746972955,-0.08084305555789728,less_pure
GSM4138136,13,3,DC_family,family,0.974499496859647,17,0.9575949318499146,0.016904565009732364,tie
GSM4138137,13,1,Monocyte_family,family,0.8630895017739966,169,0.9224120085919152,-0.05932250681791862,less_pure
GSM4138137,13,10,DC_family,family,0.9522191221967475,18,0.839030314310623,0.11318880788612451,purer
GSM4138137,13,2,Mono_CD16,specific,0.9415350628615262,47,,,no_baseline
GSM4138137,13,3,DC_family,family,0.8253073595434147,97,0.839030314310623,-0.013722954767208306,tie
GSM4138137,13,4,Macrophage_family,family,0.8042450049513978,277,0.747893468389154,0.05635153656224379,purer
GSM4138137,13,5,Ambiguous/Mixed,ambiguous,0.7831315184056802,68,,,ambiguous
GSM4138137,13,7,Ambiguous/Mixed,ambiguous,0.8045679606014775,183,,,ambiguous
GSM4138137,13,8,Macrophage_family,family,0.7868653153580696,156,0.747893468389154,0.038971846968915536,tie
GSM4138137,13,9,Ambiguous/Mixed,ambiguous,0.9563480192331758,16,,,ambiguous
GSM4138138,13,1,Monocyte_family,family,0.9662583204193358,394,0.9141982586487056,0.05206006177063016,purer
GSM4138138,13,2,Mono_CD16,specific,0.9430563368742346,234,0.9668810029523296,-0.02382466607809497,tie
GSM4138139,13,1,Monocyte_family,family,0.8296432234998654,163,0.8510495085223697,-0.0214062850225043,tie
GSM4138139,13,10,DC_family,family,0.9297053464799931,25,0.8604547296733422,0.0692506168066509,purer
GSM4138139,13,11,Mast,specific,0.9658315628046693,60,0.9658315628046693,0.0,tie
GSM4138139,13,2,Mono_CD16,specific,0.9351511650799905,56,,,no_baseline
GSM4138139,13,3,DC_family,family,0.8879004015642217,75,0.8604547296733422,0.02744567189087943,tie
GSM4138139,13,4,Macrophage_family,family,0.8123388988721976,117,0.6611390100606357,0.15119988881156188,purer
GSM4138139,13,5,Ambiguous/Mixed,ambiguous,0.8068246540406163,49,,,ambiguous
GSM4138139,13,6,DC_pDC,specific,0.9506174967437965,22,0.9506174967437965,0.0,tie
GSM4138139,13,7,Ambiguous/Mixed,ambiguous,0.821329119079844,138,,,ambiguous
GSM4138139,13,8,Macrophage_family,family,0.7727728963427267,116,0.6611390100606357,0.11163388628209103,purer
GSM4138139,13,9,Ambiguous/Mixed,ambiguous,0.8956066983648854,41,,,ambiguous
GSM4138140,13,1,Monocyte_family,family,0.964870923744199,493,0.9378362608794556,0.02703466286474343,tie
GSM4138140,13,2,Mono_CD16,specific,0.9186223272858025,300,0.9699730019986887,-0.051350674712886235,less_pure
GSM4138140,13,3,DC_family,family,0.9763764214345327,21,0.9577957427797844,0.018580678654748328,tie
GSM4138141,13,1,Monocyte_family,family,0.8736463679669675,230,0.8153267211987012,0.05831964676826629,purer
GSM4138141,13,10,DC_family,family,0.8839117111816409,56,0.7646439714392582,0.1192677397423827,purer
GSM4138141,13,2,Mono_CD16,specific,0.9165974716242327,94,0.9724074031211091,-0.05580993149687641,less_pure
GSM4138141,13,3,DC_family,family,0.7745330035443425,130,0.7646439714392582,0.009889032105084294,tie
GSM4138141,13,4,Macrophage_family,family,0.8896325443988544,65,0.8124580686420484,0.07717447575680603,purer
GSM4138141,13,5,Ambiguous/Mixed,ambiguous,0.8231578720263868,45,,,ambiguous
GSM4138141,13,6,DC_pDC,specific,0.915848528113676,73,0.9165508686482305,-0.0007023405345545353,tie
GSM4138141,13,9,Ambiguous/Mixed,ambiguous,0.9112538436726614,40,,,ambiguous
GSM4138142,13,1,Monocyte_family,family,0.9466289857398996,512,0.920204129281547,0.026424856458352575,tie
GSM4138142,13,2,Mono_CD16,specific,0.9156654106654396,255,0.9665257719433304,-0.05086036127789084,less_pure
GSM4138143,13,1,Monocyte_family,family,0.8347359129920638,93,0.886201598540746,-0.05146568554868214,less_pure
GSM4138143,13,10,DC_family,family,0.8192495354150123,45,0.7974127699611427,0.02183676545386959,tie
GSM4138143,13,11,Mast,specific,0.9748135904112316,31,0.9748135904112316,0.0,tie
GSM4138143,13,2,Mono_CD16,specific,0.9476013084550674,64,,,no_baseline
GSM4138143,13,3,DC_family,family,0.7495401479320927,126,0.7974127699611427,-0.04787262202905007,tie
GSM4138143,13,4,Macrophage_family,family,0.9455400281249474,25,0.7385317125013253,0.2070083156236221,purer
GSM4138143,13,5,Ambiguous/Mixed,ambiguous,0.8154317405188625,33,,,ambiguous
GSM4138143,13,6,DC_pDC,specific,0.9295762244202338,46,0.9295762244202338,0.0,tie
GSM4138143,13,8,Macrophage_family,family,0.9416668169167848,16,0.7385317125013253,0.20313510441545946,purer
GSM4138144,13,1,Monocyte_family,family,0.9309024689099442,176,0.9366753735624749,-0.005772904652530664,tie
GSM4138144,13,2,Mono_CD16,specific,0.9005488423668254,134,0.9749122264211482,-0.07436338405432275,less_pure
GSM4138144,13,3,DC_family,family,0.9672627327475007,30,0.8857225642654714,0.08154016848202938,purer
GSM4138145,13,1,Monocyte_family,family,0.8541774399576098,203,0.8845972805340161,-0.030419840576406343,tie
GSM4138145,13,10,DC_family,family,0.9536282277938718,19,0.7535493269325659,0.20007890086130586,purer
GSM4138145,13,2,Mono_CD16,specific,0.9461106279585256,64,,,no_baseline
GSM4138145,13,3,DC_family,family,0.7484038286686265,214,0.7535493269325659,-0.0051454982639393965,tie
GSM4138145,13,4,Macrophage_family,family,0.9846149096034856,20,0.8162928621790009,0.16832204742448476,purer
GSM4138145,13,5,Ambiguous/Mixed,ambiguous,0.9493481735456163,16,,,ambiguous
GSM4138145,13,6,DC_pDC,specific,0.945258029964264,45,0.9472622152517468,-0.002004185287482807,tie
GSM4138145,13,7,Ambiguous/Mixed,ambiguous,0.9540186417385248,35,,,ambiguous
GSM4138146,13,1,Monocyte_family,family,0.9355226204602256,179,0.9146938667766903,0.020828753683535317,tie
GSM4138146,13,2,Mono_CD16,specific,0.9031717752925157,308,0.9622686828921565,-0.05909690759964081,less_pure
GSM4138147,13,3,DC_family,family,0.9637043878758242,17,,,no_baseline
GSM4138147,13,6,DC_pDC,specific,0.935324749011505,31,0.935324749011505,0.0,tie
GSM4138148,13,1,Monocyte_family,family,0.9288983821404443,114,0.935303562563987,-0.006405180423542656,tie
GSM4138148,13,2,Mono_CD16,specific,0.8618742753845652,77,0.9692635348384981,-0.10738925945393296,less_pure
GSM4138148,13,3,DC_family,family,0.9848610337060923,20,0.9695044981476699,0.015356535558422424,tie
GSM4138150,13,1,Monocyte_family,family,0.9408900485305137,133,0.946407681415232,-0.005517632884718293,tie
GSM4138150,13,2,Mono_CD16,specific,0.9135243462512388,85,0.9785444665693842,-0.06502012031814541,less_pure
GSM4138151,13,3,DC_family,family,0.9824141155797756,15,,,no_baseline
GSM4138151,13,6,DC_pDC,specific,0.9806392337550041,15,0.9806392337550041,0.0,tie
GSM4138152,13,1,Monocyte_family,family,0.9362018896982275,317,0.9123151404438743,0.02388674925435319,tie
GSM4138152,13,2,Mono_CD16,specific,0.885932814280163,179,0.9413199538988823,-0.05538713961871933,less_pure
GSM4138152,13,3,DC_family,family,0.9645422344713024,25,0.9275689836639187,0.03697325080738367,tie
GSM4138152,13,6,DC_pDC,specific,0.9775928259929391,15,0.992154406195808,-0.014561580202868907,tie
GSM4138153,13,3,DC_family,family,0.928135205839413,28,0.9378503541294222,-0.00971514829000919,tie
GSM4138154,13,1,Monocyte_family,family,0.9018379476746698,296,0.9120842471097981,-0.010246299435128225,tie
GSM4138154,13,2,Mono_CD16,specific,0.8697083382233193,73,0.951042806610867,-0.08133446838754776,less_pure
GSM4138154,13,3,DC_family,family,0.9203479832199403,21,0.8775236679295477,0.042824315290392545,tie
GSM4138155,13,1,Monocyte_family,family,0.7993318494775943,188,0.8176768242132156,-0.018344974735621355,tie
GSM4138155,13,10,DC_family,family,0.9000989490339172,30,0.7010983122032448,0.19900063683067237,purer
GSM4138155,13,11,Mast,specific,0.9252378509283148,20,0.9381206978557273,-0.012882846927412483,tie
GSM4138155,13,2,Mono_CD16,specific,0.9549171673630674,24,,,no_baseline
GSM4138155,13,3,DC_family,family,0.7023893061342437,219,0.7010983122032448,0.0012909939309988516,tie
GSM4138155,13,4,Macrophage_family,family,0.9026069487122212,43,0.6299154299118346,0.27269151880038667,purer
GSM4138155,13,5,Ambiguous/Mixed,ambiguous,0.9285023841023412,28,,,ambiguous
GSM4138155,13,6,DC_pDC,specific,0.9001000132765705,52,0.9062361607604512,-0.006136147483880694,tie
GSM4138155,13,7,Ambiguous/Mixed,ambiguous,0.7379945625900224,156,,,ambiguous
GSM4138155,13,8,Macrophage_family,family,0.7182593760564917,105,0.6299154299118346,0.08834394614465713,purer
GSM4138156,13,1,Monocyte_family,family,0.9426551483840779,675,0.9272161110073198,0.015439037376758113,tie
GSM4138156,13,2,Mono_CD16,specific,0.9262727161462959,288,0.9674540600296433,-0.04118134388334738,tie
GSM4138156,13,3,DC_family,family,0.9714212397510513,32,0.943543967188031,0.027877272563020306,tie
GSM4138156,13,6,DC_pDC,specific,0.9539837451128743,15,0.9539837451128743,0.0,tie
GSM4138157,13,1,Monocyte_family,family,0.982475521948006,40,0.9673513117174695,0.015124210230536561,tie
GSM4138157,13,2,Mono_CD16,specific,0.9578262382038223,25,,,no_baseline
GSM4138157,13,3,DC_family,family,0.7881150685281065,70,0.8709308666726747,-0.08281579814456819,less_pure
GSM4138157,13,4,Macrophage_family,family,0.9683351226356409,17,0.8168706613307802,0.1514644613048607,purer
GSM4138157,13,6,DC_pDC,specific,0.9480389776479722,17,0.9771060119735836,-0.02906703432561142,tie
GSM4138157,13,7,Ambiguous/Mixed,ambiguous,0.9351541786058971,17,,,ambiguous
GSM4138158,13,1,Monocyte_family,family,0.955780748590559,232,0.9577852629673983,-0.0020045143768393503,tie
GSM4138158,13,2,Mono_CD16,specific,0.9349282422643742,61,0.9852479955603701,-0.05031975329599592,less_pure
GSM4138158,13,3,DC_family,family,0.9837408307263258,17,0.9711664758645067,0.012574354861819126,tie
GSM4138159,13,1,Monocyte_family,family,0.9488972799213639,42,0.9468764067983803,0.002020873122983602,tie
GSM4138159,13,2,Mono_CD16,specific,1.0,19,,,no_baseline
GSM4138159,13,3,DC_family,family,0.7950059914958257,53,0.774082064685566,0.020923926810259785,tie
GSM4138159,13,4,Macrophage_family,family,0.9855431413179015,19,0.8696457764255141,0.11589736489238744,purer
GSM4138160,13,1,Monocyte_family,family,0.9388649359826713,427,0.9408522767361661,-0.001987340753494826,tie
GSM4138160,13,2,Mono_CD16,specific,0.9261327984288121,110,0.9900033659049698,-0.06387056747615771,less_pure
GSM4138160,13,6,DC_pDC,specific,0.980833886723325,23,0.980833886723325,0.0,tie
GSM4138161,13,1,Monocyte_family,family,0.8626462523074319,119,0.8112926743286786,0.051353577978753284,purer
GSM4138161,13,2,Mono_CD16,specific,0.9861001749970449,22,,,no_baseline
GSM4138161,13,3,DC_family,family,0.7364721767807411,130,0.6918033483531927,0.04466882842754838,tie
GSM4138161,13,5,Ambiguous/Mixed,ambiguous,0.7129183669465087,50,,,ambiguous
GSM4138161,13,6,DC_pDC,specific,0.864470627766718,111,0.8488491714550629,0.015621456311655124,tie
GSM4138161,13,7,Ambiguous/Mixed,ambiguous,0.8610378312883009,52,,,ambiguous
GSM4138161,13,9,Ambiguous/Mixed,ambiguous,1.0,21,,,ambiguous
GSM4138162,13,1,Monocyte_family,family,0.9547047036893725,351,0.9451087043263531,0.00959599936301947,tie
GSM4138162,13,2,Mono_CD16,specific,0.8872434855095792,203,0.9689990847188696,-0.08175559920929043,less_pure
GSM4138162,13,3,DC_family,family,0.9744174765158115,33,0.9565826886013326,0.0178347879144789,tie
GSM4138162,13,6,DC_pDC,specific,0.9897606953288196,17,0.9897606953288196,0.0,tie
GSM4138163,13,1,Monocyte_family,family,0.9489629816270196,359,0.9488582621664332,0.00010471946058643322,tie
GSM4138163,13,2,Mono_CD16,specific,0.8901371228447442,115,0.9838436758508947,-0.0937065530061505,less_pure
GSM4138163,13,3,DC_family,family,0.9850226828093042,21,0.9662642696443162,0.01875841316498794,tie
GSM4138163,13,6,DC_pDC,specific,0.9941087355013785,16,0.9858316108356697,0.008277124665708735,tie
GSM4138164,13,1,Monocyte_family,family,0.9415191925592123,95,0.9167656535447561,0.024753539014456205,tie
GSM4138164,13,2,Mono_CD16,specific,0.8536801857377868,72,0.9829393430119403,-0.1292591572741535,less_pure
GSM4138165,13,1,Monocyte_family,family,0.9436888131358229,285,0.9330548693882358,0.010633943747587082,tie
GSM4138165,13,2,Mono_CD16,specific,0.888606074306725,198,0.9446544771791544,-0.056048402872429404,less_pure
GSM4138166,13,1,Monocyte_family,family,0.9426049012728999,270,0.934676558303836,0.007928342969063862,tie
GSM4138166,13,2,Mono_CD16,specific,0.896825625546307,236,0.9621941145544404,-0.06536848900813341,less_pure
GSM4138166,13,3,DC_family,family,0.9779430663585412,27,0.9432683195432393,0.034674746815301916,tie
GSM4138167,13,1,Monocyte_family,family,0.9510815500445029,242,0.945732763205749,0.0053487868387539494,tie
GSM4138167,13,2,Mono_CD16,specific,0.8929206745940904,165,0.9625303423920475,-0.06960966779795708,less_pure
GSM4138167,13,3,DC_family,family,0.9817602647704399,21,0.9791664161417739,0.0025938486286659623,tie
GSM4138168,13,6,DC_pDC,specific,0.9457890908623999,20,0.9457890908623999,0.0,tie
GSM4138169,13,3,DC_family,family,1.0,15,0.987992121191529,0.012007878808470984,tie
GSM4138171,13,3,DC_family,family,1.0,19,0.985688027513448,0.014311972486552027,tie
GSM4138172,13,3,DC_family,family,0.9755730284803008,19,0.9751510210975685,0.00042200738273234784,tie
GSM4138110,14,1,Monocyte_family,family,0.9592499405049714,479,0.9347650824919556,0.02448485801301581,tie
GSM4138110,14,2,Mono_CD16,specific,0.9138976214364273,199,0.97761328954427,-0.06371566810784268,less_pure
GSM4138110,14,7,DC_pDC,specific,0.9555193703185515,21,0.9555193703185515,0.0,tie
GSM4138111,14,1,Monocyte_family,family,0.8515484691746268,71,0.8259886433998749,0.02555982577475191,tie
GSM4138111,14,11,DC_family,family,0.7334839480501059,16,0.7139188135165719,0.019565134533533923,tie
GSM4138111,14,12,Mast,specific,0.876493661763317,29,0.9059125026497903,-0.029418840886473285,tie
GSM4138111,14,2,Mono_CD16,specific,0.8712942108696953,73,0.891739170315181,-0.020444959445485744,tie
GSM4138111,14,3,DC_family,family,0.812285727956031,70,0.7139188135165719,0.09836691443945911,purer
GSM4138111,14,4,Macrophage_family,family,0.9074126970234008,24,0.7348820353100064,0.17253066171339437,purer
GSM4138111,14,5,Ambiguous/Mixed,ambiguous,0.9118816194059423,34,,,ambiguous
GSM4138111,14,6,Ambiguous/Mixed,ambiguous,0.6747809060156745,107,,,ambiguous
GSM4138111,14,7,DC_pDC,specific,0.7677349770986589,71,0.8980982837036952,-0.13036330660503626,less_pure
GSM4138112,14,1,Monocyte_family,family,0.9463983966966163,203,0.9190793652117981,0.02731903148481818,tie
GSM4138112,14,2,Mono_CD16,specific,0.9026871973807581,174,0.9618001923997429,-0.059112995018984815,less_pure
GSM4138112,14,7,DC_pDC,specific,0.9672228106134714,26,0.9672228106134714,0.0,tie
GSM4138113,14,1,Monocyte_family,family,0.896577077273925,57,0.8906473359246847,0.005929741349240292,tie
GSM4138113,14,2,Mono_CD16,specific,0.9223044189256375,43,,,no_baseline
GSM4138113,14,3,DC_family,family,0.8564245511920417,32,0.7632287255055046,0.09319582568653717,purer
GSM4138113,14,5,Ambiguous/Mixed,ambiguous,0.972484925578829,20,,,ambiguous
GSM4138113,14,6,Ambiguous/Mixed,ambiguous,0.7635385799960696,23,,,ambiguous
GSM4138113,14,7,DC_pDC,specific,0.8467529855706365,37,0.9211167331049517,-0.07436374753431518,less_pure
GSM4138114,14,1,Monocyte_family,family,0.928253586687016,245,0.936754189234116,-0.008500602547100056,tie
GSM4138114,14,2,Mono_CD16,specific,0.8773334710902937,149,0.9638175783207804,-0.08648410723048672,less_pure
GSM4138114,14,3,DC_family,family,0.9840322664632362,20,0.9550220117526695,0.02901025471056662,tie
GSM4138115,14,1,Monocyte_family,family,1.0,16,,,no_baseline
GSM4138115,14,11,DC_family,family,0.9715914688500271,22,0.7727754744975728,0.19881599435245434,purer
GSM4138115,14,2,Mono_CD16,specific,0.9793144460175177,28,,,no_baseline
GSM4138115,14,3,DC_family,family,0.8192967132426304,82,0.7727754744975728,0.04652123874505765,tie
GSM4138115,14,4,Macrophage_family,family,1.0,15,0.9489538079417781,0.05104619205822192,purer
GSM4138115,14,7,DC_pDC,specific,0.9816087420119992,19,0.9816087420119992,0.0,tie
GSM4138116,14,1,Monocyte_family,family,0.9489287727730615,683,0.9347870689288121,0.014141703844249398,tie
GSM4138116,14,2,Mono_CD16,specific,0.9787983446583841,28,0.9836055443637416,-0.004807199705357479,tie
GSM4138117,14,1,Monocyte_family,family,0.8149354935931061,142,0.8607567303204385,-0.045821236727332404,tie
GSM4138117,14,12,Mast,specific,0.9848958966969695,15,0.9848958966969695,0.0,tie
GSM4138117,14,2,Mono_CD16,specific,0.9034998389936455,44,,,no_baseline
GSM4138117,14,3,DC_family,family,0.9367229536092765,30,0.8983178908723612,0.03840506273691524,tie
GSM4138117,14,4,Macrophage_family,family,0.8379057050702301,74,0.7420397036679759,0.09586600140225421,purer
GSM4138117,14,5,Ambiguous/Mixed,ambiguous,0.9426275892212709,20,,,ambiguous
GSM4138117,14,6,Ambiguous/Mixed,ambiguous,0.7643031363387804,74,,,ambiguous
GSM4138117,14,7,DC_pDC,specific,0.9528621852287787,15,,,no_baseline
GSM4138117,14,8,Macrophage_family,family,0.9061038530981443,24,0.7420397036679759,0.16406414943016845,purer
GSM4138118,14,1,Monocyte_family,family,0.9105759119920283,272,0.9129088194689152,-0.0023329074768869695,tie
GSM4138118,14,2,Mono_CD16,specific,0.9255372287584402,51,,,no_baseline
GSM4138119,14,1,Monocyte_family,family,0.8931707767587106,38,0.9283766587096818,-0.035205881950971185,tie
GSM4138119,14,3,DC_family,family,0.9554113293858242,17,0.903900009773125,0.05151131961269917,purer
GSM4138119,14,5,Ambiguous/Mixed,ambiguous,0.7441605944905857,59,,,ambiguous
GSM4138119,14,8,Macrophage_family,family,0.8524367433444634,28,0.7571052713504478,0.09533147199401559,purer
GSM4138120,14,1,Monocyte_family,family,0.8967097475600959,532,0.8913061766587369,0.005403570901359012,tie
GSM4138120,14,2,Mono_CD16,specific,0.873436396157729,112,0.9596757142031672,-0.08623931804543827,less_pure
GSM4138120,14,3,DC_family,family,0.9564666443320459,25,0.9218733376798663,0.03459330665217952,tie
GSM4138121,14,1,Monocyte_family,family,0.8837464032929775,55,0.8716042571522686,0.012142146140708854,tie
GSM4138121,14,3,DC_family,family,0.9492184760389774,18,0.85151969778944,0.09769877824953732,purer
GSM4138121,14,4,Macrophage_family,family,0.9298354671123058,20,0.7061923152542848,0.22364315185802097,purer
GSM4138121,14,5,Ambiguous/Mixed,ambiguous,0.9678303368675437,26,,,ambiguous
GSM4138121,14,7,DC_pDC,specific,0.9587082910707863,17,,,no_baseline
GSM4138121,14,9,Ambiguous/Mixed,ambiguous,0.7587463166621207,89,,,ambiguous
GSM4138122,14,1,Monocyte_family,family,0.9273007476365601,262,0.9304728980531936,-0.0031721504166334347,tie
GSM4138122,14,2,Mono_CD16,specific,0.9038709698371952,379,0.9776116977859656,-0.0737407279487704,less_pure
GSM4138122,14,3,DC_family,family,0.9737817700905913,26,0.9508492071935304,0.022932562897060915,tie
GSM4138122,14,7,DC_pDC,specific,0.9782659584116306,20,0.9782659584116306,0.0,tie
GSM4138123,14,1,Monocyte_family,family,0.9313248935129657,33,0.9278791004179824,0.003445793094983274,tie
GSM4138123,14,11,DC_family,family,0.958023195554979,24,0.7694321137860433,0.1885910817689357,purer
GSM4138123,14,3,DC_family,family,0.7679846542020545,47,0.7694321137860433,-0.0014474595839887305,tie
GSM4138123,14,4,Macrophage_family,family,0.7383495226018162,437,0.7056844211043604,0.03266510149745583,tie
GSM4138123,14,6,Ambiguous/Mixed,ambiguous,0.6776488467228436,132,,,ambiguous
GSM4138123,14,7,DC_pDC,specific,0.9223107797302584,50,0.9383997749472549,-0.01608899521699647,tie
GSM4138123,14,9,Ambiguous/Mixed,ambiguous,0.8770238135478332,39,,,ambiguous
GSM4138124,14,1,Monocyte_family,family,0.9781642606008704,256,0.9444246024199014,0.03373965818096891,tie
GSM4138124,14,2,Mono_CD16,specific,0.9101825025667879,141,0.969665210227224,-0.05948270766043606,less_pure
GSM4138125,14,1,Monocyte_family,family,0.9265719082312729,96,0.9443814511936789,-0.017809542962406,tie
GSM4138125,14,2,Mono_CD16,specific,0.9900812906484642,26,,,no_baseline
GSM4138125,14,3,DC_family,family,0.8993343820088897,30,0.95113418699402,-0.05179980498513026,less_pure
GSM4138125,14,4,Macrophage_family,family,0.8512437194018825,48,0.7439021951733407,0.10734152422854182,purer
GSM4138125,14,8,Macrophage_family,family,0.7585871598870105,352,0.7439021951733407,0.014684964713669868,tie
GSM4138126,14,1,Monocyte_family,family,0.9697684042942266,689,0.9663228947211787,0.0034455095730479,tie
GSM4138126,14,2,Mono_CD16,specific,0.9420865190966663,145,1.0,-0.0579134809033337,less_pure
GSM4138127,14,1,Monocyte_family,family,0.9022173963713471,146,0.839799905947372,0.06241749042397515,purer
GSM4138127,14,10,Ambiguous/Mixed,ambiguous,0.8851488886354602,51,,,ambiguous
GSM4138127,14,2,Mono_CD16,specific,0.9814740258155423,18,,,no_baseline
GSM4138127,14,3,DC_family,family,0.9600463900403354,20,0.891335201708411,0.06871118833192447,purer
GSM4138127,14,4,Macrophage_family,family,0.9709477216564447,15,0.7778561108377001,0.1930916108187446,purer
GSM4138127,14,5,Ambiguous/Mixed,ambiguous,0.9471714431717189,38,,,ambiguous
GSM4138127,14,6,Ambiguous/Mixed,ambiguous,0.7644280517088644,125,,,ambiguous
GSM4138127,14,7,DC_pDC,specific,0.921039121510737,32,0.9441912994803779,-0.023152177969640975,tie
GSM4138127,14,8,Macrophage_family,family,0.9479015234563648,38,0.7778561108377001,0.17004541261866468,purer
GSM4138127,14,9,Ambiguous/Mixed,ambiguous,0.8421580434369498,87,,,ambiguous
GSM4138128,14,1,Monocyte_family,family,0.9273007476365601,262,0.9304728980531936,-0.0031721504166334347,tie
GSM4138128,14,2,Mono_CD16,specific,0.9038709698371952,379,0.9776116977859656,-0.0737407279487704,less_pure
GSM4138128,14,3,DC_family,family,0.9737817700905913,26,0.9508492071935304,0.022932562897060915,tie
GSM4138128,14,7,DC_pDC,specific,0.9782659584116306,20,0.9782659584116306,0.0,tie
GSM4138129,14,1,Monocyte_family,family,0.8969896902914624,84,0.9392410883358336,-0.04225139804437128,tie
GSM4138129,14,2,Mono_CD16,specific,0.9295070391138054,37,,,no_baseline
GSM4138129,14,3,DC_family,family,0.9046898741156764,31,0.8738886990016175,0.030801175114058887,tie
GSM4138129,14,4,Macrophage_family,family,0.9003549193093944,44,0.7576685488530968,0.14268637045629762,purer
GSM4138129,14,6,Ambiguous/Mixed,ambiguous,0.9690689991147234,15,,,ambiguous
GSM4138129,14,7,DC_pDC,specific,0.9868286715955322,25,0.9868286715955322,0.0,tie
GSM4138129,14,8,Macrophage_family,family,0.854508325926467,54,0.7576685488530968,0.09683977707337021,purer
GSM4138129,14,9,Ambiguous/Mixed,ambiguous,0.8528844759393982,44,,,ambiguous
GSM4138130,14,1,Monocyte_family,family,0.9510477899866729,327,0.9271215447766311,0.02392624521004183,tie
GSM4138130,14,2,Mono_CD16,specific,0.9483201612112523,331,0.9812775037239836,-0.0329573425127313,tie
GSM4138130,14,7,DC_pDC,specific,0.9639490407838097,19,0.9639490407838097,0.0,tie
GSM4138131,14,1,Monocyte_family,family,0.9010834836369203,87,0.7864517889481842,0.11463169468873602,purer
GSM4138131,14,10,Ambiguous/Mixed,ambiguous,0.7679938063012529,221,,,ambiguous
GSM4138131,14,11,DC_family,family,0.8429995741686834,70,0.7536865945444218,0.08931297962426166,purer
GSM4138131,14,12,Mast,specific,0.9764376533440459,18,0.9764376533440459,0.0,tie
GSM4138131,14,2,Mono_CD16,specific,0.8888893491827835,74,,,no_baseline
GSM4138131,14,3,DC_family,family,0.8554022493650505,66,0.7536865945444218,0.10171565482062872,purer
GSM4138131,14,4,Macrophage_family,family,0.8110618756657609,135,0.7412359185254018,0.06982595714035911,purer
GSM4138131,14,5,Ambiguous/Mixed,ambiguous,0.9309379993518933,60,,,ambiguous
GSM4138131,14,6,Ambiguous/Mixed,ambiguous,0.7074982540216697,101,,,ambiguous
GSM4138131,14,7,DC_pDC,specific,0.9046789059634622,112,0.9179857890881354,-0.013306883124673208,tie
GSM4138131,14,9,Ambiguous/Mixed,ambiguous,0.8589021394406193,64,,,ambiguous
GSM4138132,14,1,Monocyte_family,family,0.9597927575957138,468,0.9463038082948044,0.01348894930090938,tie
GSM4138132,14,2,Mono_CD16,specific,0.94440041020942,291,0.9814133723188372,-0.03701296210941718,tie
GSM4138133,14,1,Monocyte_family,family,0.9489361982234895,51,0.9757353034710631,-0.026799105247573562,tie
GSM4138133,14,11,DC_family,family,0.8823855061566597,21,0.7773132578349409,0.1050722483217188,purer
GSM4138133,14,2,Mono_CD16,specific,0.9297074317504862,46,,,no_baseline
GSM4138133,14,3,DC_family,family,0.8386736827577523,98,0.7773132578349409,0.06136042492281146,purer
GSM4138133,14,4,Macrophage_family,family,0.8059178805880508,94,0.7734595161579602,0.03245836443009065,tie
GSM4138133,14,5,Ambiguous/Mixed,ambiguous,0.961711664449021,16,,,ambiguous
GSM4138133,14,6,Ambiguous/Mixed,ambiguous,0.7786143162390822,79,,,ambiguous
GSM4138133,14,7,DC_pDC,specific,0.9840886463775538,22,0.9780104357713506,0.0060782106062031716,tie
GSM4138133,14,8,Macrophage_family,family,0.9506664936975905,19,0.7734595161579602,0.17720697753963033,purer
GSM4138134,14,1,Monocyte_family,family,0.97729107342338,900,0.9607718200587291,0.016519253364650877,tie
GSM4138134,14,2,Mono_CD16,specific,0.9520362650171108,505,0.9695591587489021,-0.017522893731791278,tie
GSM4138134,14,7,DC_pDC,specific,0.9856991785152992,15,0.9856991785152992,0.0,tie
GSM4138135,14,1,Monocyte_family,family,0.9014891101142476,158,0.8944589205248566,0.007030189589390945,tie
GSM4138135,14,10,Ambiguous/Mixed,ambiguous,0.9082227253528594,20,,,ambiguous
GSM4138135,14,11,DC_family,family,0.9257796574418986,31,0.841697457205539,0.0840822002363596,purer
GSM4138135,14,12,Mast,specific,1.0,21,1.0,0.0,tie
GSM4138135,14,2,Mono_CD16,specific,0.9361934128373055,67,,,no_baseline
GSM4138135,14,3,DC_family,family,0.8369910913985665,51,0.841697457205539,-0.004706365806972479,tie
GSM4138135,14,4,Macrophage_family,family,0.7754686159517501,356,0.6821237468466982,0.09334486910505191,purer
GSM4138135,14,5,Ambiguous/Mixed,ambiguous,0.9260859482871332,73,,,ambiguous
GSM4138135,14,6,Ambiguous/Mixed,ambiguous,0.8494111352942507,42,,,ambiguous
GSM4138135,14,7,DC_pDC,specific,0.9592348250153161,19,0.9787886250594097,-0.019553800044093572,tie
GSM4138135,14,8,Macrophage_family,family,0.8061356589781621,76,0.6821237468466982,0.1240119121314639,purer
GSM4138135,14,9,Ambiguous/Mixed,ambiguous,0.7661466472784695,231,,,ambiguous
GSM4138136,14,1,Monocyte_family,family,0.9475371984845349,415,0.944450659488512,0.0030865389960228473,tie
GSM4138136,14,2,Mono_CD16,specific,0.8987406559970847,295,0.978914746972955,-0.08017409097587025,less_pure
GSM4138136,14,3,DC_family,family,0.9732532323500448,17,0.9575949318499146,0.015658300500130173,tie
GSM4138137,14,1,Monocyte_family,family,0.869160673094443,151,0.9224120085919152,-0.053251335497472185,less_pure
GSM4138137,14,10,Ambiguous/Mixed,ambiguous,0.9530049242501447,15,,,ambiguous
GSM4138137,14,11,DC_family,family,0.9513257474953213,17,0.839030314310623,0.11229543318469826,purer
GSM4138137,14,2,Mono_CD16,specific,0.9500552453480378,42,,,no_baseline
GSM4138137,14,3,DC_family,family,0.8880735751762229,31,0.839030314310623,0.04904326086559985,tie
GSM4138137,14,4,Macrophage_family,family,0.8079824284233531,273,0.747893468389154,0.06008896003419906,purer
GSM4138137,14,5,Ambiguous/Mixed,ambiguous,0.8397114077207958,145,,,ambiguous
GSM4138137,14,6,Ambiguous/Mixed,ambiguous,0.7727221742266,66,,,ambiguous
GSM4138137,14,8,Macrophage_family,family,0.788651945797949,138,0.747893468389154,0.0407584774087949,tie
GSM4138137,14,9,Ambiguous/Mixed,ambiguous,0.8170236934726813,137,,,ambiguous
GSM4138138,14,1,Monocyte_family,family,0.9657884939804852,394,0.9141982586487056,0.05159023533177953,purer
GSM4138138,14,2,Mono_CD16,specific,0.926008830085431,235,0.9668810029523296,-0.04087217286689859,tie
GSM4138139,14,1,Monocyte_family,family,0.8210931367239227,156,0.8510495085223697,-0.029956371798447012,tie
GSM4138139,14,10,Ambiguous/Mixed,ambiguous,0.9179944661607212,42,,,ambiguous
GSM4138139,14,11,DC_family,family,0.9297053464799931,25,0.8604547296733422,0.0692506168066509,purer
GSM4138139,14,12,Mast,specific,0.9658315628046693,60,0.9658315628046693,0.0,tie
GSM4138139,14,2,Mono_CD16,specific,0.9382983704305125,59,,,no_baseline
GSM4138139,14,3,DC_family,family,0.8886474066950073,62,0.8604547296733422,0.028192677021665058,tie
GSM4138139,14,4,Macrophage_family,family,0.8176879776275323,118,0.6611390100606357,0.15654896756689662,purer
GSM4138139,14,5,Ambiguous/Mixed,ambiguous,1.0,20,,,ambiguous
GSM4138139,14,6,Ambiguous/Mixed,ambiguous,0.8131356946946577,48,,,ambiguous
GSM4138139,14,7,DC_pDC,specific,0.9506174967437965,22,0.9506174967437965,0.0,tie
GSM4138139,14,8,Macrophage_family,family,0.7734151362588281,121,0.6611390100606357,0.11227612619819238,purer
GSM4138139,14,9,Ambiguous/Mixed,ambiguous,0.8197943121177089,138,,,ambiguous
GSM4138140,14,1,Monocyte_family,family,0.963137297183217,492,0.9378362608794556,0.02530103630376135,tie
GSM4138140,14,2,Mono_CD16,specific,0.9212631767377053,305,0.9699730019986887,-0.04870982526098344,tie
GSM4138140,14,3,DC_family,family,0.9733274628397274,22,0.9577957427797844,0.015531720059942966,tie
GSM4138141,14,1,Monocyte_family,family,0.8812996116803266,225,0.8153267211987012,0.06597289048162536,purer
GSM4138141,14,10,Ambiguous/Mixed,ambiguous,0.9107851182108267,41,,,ambiguous
GSM4138141,14,11,DC_family,family,0.8830780150769266,56,0.7646439714392582,0.1184340436376684,purer
GSM4138141,14,2,Mono_CD16,specific,0.8848250145257219,110,0.9724074031211091,-0.08758238859538714,less_pure
GSM4138141,14,3,DC_family,family,0.8173145278960311,104,0.7646439714392582,0.05267055645677288,purer
GSM4138141,14,4,Macrophage_family,family,0.8732460009671544,67,0.8124580686420484,0.06078793232510604,purer
GSM4138141,14,5,Ambiguous/Mixed,ambiguous,0.9202285442574782,39,,,ambiguous
GSM4138141,14,6,Ambiguous/Mixed,ambiguous,0.8231578720263868,45,,,ambiguous
GSM4138141,14,7,DC_pDC,specific,0.915848528113676,73,0.9165508686482305,-0.0007023405345545353,tie
GSM4138142,14,1,Monocyte_family,family,0.9508256866802611,503,0.920204129281547,0.030621557398714083,tie
GSM4138142,14,2,Mono_CD16,specific,0.9139081615317776,261,0.9665257719433304,-0.052617610411552884,less_pure
GSM4138143,14,1,Monocyte_family,family,0.841835371908377,92,0.886201598540746,-0.044366226632369,tie
GSM4138143,14,11,DC_family,family,0.8192495354150123,45,0.7974127699611427,0.02183676545386959,tie
GSM4138143,14,12,Mast,specific,0.9748135904112316,31,0.9748135904112316,0.0,tie
GSM4138143,14,2,Mono_CD16,specific,0.9197263978779691,74,,,no_baseline
GSM4138143,14,3,DC_family,family,0.7781893410579017,107,0.7974127699611427,-0.019223428903241024,tie
GSM4138143,14,4,Macrophage_family,family,0.8930887524873931,29,0.7385317125013253,0.15455703998606773,purer
GSM4138143,14,5,Ambiguous/Mixed,ambiguous,0.9220865287735798,22,,,ambiguous
GSM4138143,14,6,Ambiguous/Mixed,ambiguous,0.8049115215361419,33,,,ambiguous
GSM4138143,14,7,DC_pDC,specific,0.9295762244202338,46,0.9295762244202338,0.0,tie
GSM4138143,14,8,Macrophage_family,family,0.9416668169167848,16,0.7385317125013253,0.20313510441545946,purer
GSM4138144,14,1,Monocyte_family,family,0.9299208814634559,174,0.9366753735624749,-0.006754492099019016,tie
GSM4138144,14,2,Mono_CD16,specific,0.8943114777616346,139,0.9749122264211482,-0.08060074865951361,less_pure
GSM4138144,14,3,DC_family,family,0.9670712946687575,29,0.8857225642654714,0.08134873040328616,purer
GSM4138145,14,1,Monocyte_family,family,0.8430788851029609,202,0.8845972805340161,-0.04151839543105518,tie
GSM4138145,14,11,DC_family,family,0.9345802066968787,20,0.7535493269325659,0.18103087976431276,purer
GSM4138145,14,2,Mono_CD16,specific,0.9373600847043534,72,,,no_baseline
GSM4138145,14,3,DC_family,family,0.7684815809430806,187,0.7535493269325659,0.014932254010514678,tie
GSM4138145,14,4,Macrophage_family,family,0.9845045403198233,21,0.8162928621790009,0.16821167814082238,purer
GSM4138145,14,5,Ambiguous/Mixed,ambiguous,0.8772342804857863,54,,,ambiguous
GSM4138145,14,6,Ambiguous/Mixed,ambiguous,0.9152733942228151,17,,,ambiguous
GSM4138145,14,7,DC_pDC,specific,0.945258029964264,45,0.9472622152517468,-0.002004185287482807,tie
GSM4138145,14,9,Ambiguous/Mixed,ambiguous,0.9545724006651672,36,,,ambiguous
GSM4138146,14,1,Monocyte_family,family,0.9355226204602256,179,0.9146938667766903,0.020828753683535317,tie
GSM4138146,14,2,Mono_CD16,specific,0.9072035396129767,306,0.9622686828921565,-0.055065143279179773,less_pure
GSM4138146,14,3,DC_family,family,0.9723431747443907,15,0.9535751433901899,0.018768031354200798,tie
GSM4138147,14,7,DC_pDC,specific,0.935324749011505,31,0.935324749011505,0.0,tie
GSM4138148,14,1,Monocyte_family,family,0.9288983821404443,114,0.935303562563987,-0.006405180423542656,tie
GSM4138148,14,2,Mono_CD16,specific,0.8636763514495,80,0.9692635348384981,-0.1055871833889982,less_pure
GSM4138148,14,3,DC_family,family,0.9829214708317753,21,0.9695044981476699,0.013416972684105355,tie
GSM4138150,14,1,Monocyte_family,family,0.9408900485305137,133,0.946407681415232,-0.005517632884718293,tie
GSM4138150,14,2,Mono_CD16,specific,0.9075274542915635,86,0.9785444665693842,-0.07101701227782076,less_pure
GSM4138151,14,7,DC_pDC,specific,0.9806392337550041,15,0.9806392337550041,0.0,tie
GSM4138152,14,1,Monocyte_family,family,0.9356874087486322,313,0.9123151404438743,0.023372268304757915,tie
GSM4138152,14,2,Mono_CD16,specific,0.8787543640321513,187,0.9413199538988823,-0.062565589866731,less_pure
GSM4138152,14,3,DC_family,family,0.9639416615462942,23,0.9275689836639187,0.036372677882375526,tie
GSM4138152,14,7,DC_pDC,specific,0.9775928259929391,15,0.992154406195808,-0.014561580202868907,tie
GSM4138153,14,3,DC_family,family,0.9347420571258227,21,0.9378503541294222,-0.0031082970035994917,tie
GSM4138153,14,5,Ambiguous/Mixed,ambiguous,0.9302147496974179,17,,,ambiguous
GSM4138154,14,1,Monocyte_family,family,0.9018379476746698,296,0.9120842471097981,-0.010246299435128225,tie
GSM4138154,14,2,Mono_CD16,specific,0.8764477254648624,72,0.951042806610867,-0.07459508114600466,less_pure
GSM4138154,14,3,DC_family,family,0.9160527031063195,20,0.8775236679295477,0.03852903517677175,tie
GSM4138155,14,1,Monocyte_family,family,0.8079931175885954,183,0.8176768242132156,-0.009683706624620259,tie
GSM4138155,14,11,DC_family,family,0.8811631329562903,32,0.7010983122032448,0.18006482075304553,purer
GSM4138155,14,12,Mast,specific,0.9252378509283148,20,0.9381206978557273,-0.012882846927412483,tie
GSM4138155,14,2,Mono_CD16,specific,0.9389882165185759,32,,,no_baseline
GSM4138155,14,3,DC_family,family,0.7129631180254925,188,0.7010983122032448,0.011864805822247693,tie
GSM4138155,14,4,Macrophage_family,family,0.8615429888649672,48,0.6299154299118346,0.23162755895313258,purer
GSM4138155,14,5,Ambiguous/Mixed,ambiguous,0.8698157186729056,45,,,ambiguous
GSM4138155,14,6,Ambiguous/Mixed,ambiguous,0.9288121978928772,30,,,ambiguous
GSM4138155,14,7,DC_pDC,specific,0.8979761845396674,53,0.9062361607604512,-0.008259976220783782,tie
GSM4138155,14,8,Macrophage_family,family,0.7088829025609875,111,0.6299154299118346,0.07896747264915294,purer
GSM4138155,14,9,Ambiguous/Mixed,ambiguous,0.7603943223171841,150,,,ambiguous
GSM4138156,14,1,Monocyte_family,family,0.9370617371907584,679,0.9272161110073198,0.009845626183438538,tie
GSM4138156,14,2,Mono_CD16,specific,0.9284911547381757,283,0.9674540600296433,-0.03896290529146762,tie
GSM4138156,14,3,DC_family,family,0.9723941793639231,33,0.943543967188031,0.02885021217589212,tie
GSM4138156,14,7,DC_pDC,specific,0.9539837451128743,15,0.9539837451128743,0.0,tie
GSM4138157,14,1,Monocyte_family,family,0.9690267336460738,32,0.9673513117174695,0.0016754219286043703,tie
GSM4138157,14,2,Mono_CD16,specific,0.9659265848423614,32,,,no_baseline
GSM4138157,14,3,DC_family,family,0.7946513048781594,57,0.8709308666726747,-0.07627956179451534,less_pure
GSM4138157,14,4,Macrophage_family,family,0.9683351226356409,17,0.8168706613307802,0.1514644613048607,purer
GSM4138157,14,5,Ambiguous/Mixed,ambiguous,0.9532351628136597,25,,,ambiguous
GSM4138157,14,7,DC_pDC,specific,0.9480389776479722,17,0.9771060119735836,-0.02906703432561142,tie
GSM4138158,14,1,Monocyte_family,family,0.9557882757122204,233,0.9577852629673983,-0.00199698725517794,tie
GSM4138158,14,2,Mono_CD16,specific,0.9102852408021876,64,0.9852479955603701,-0.07496275475818248,less_pure
GSM4138158,14,3,DC_family,family,0.9837408307263258,17,0.9711664758645067,0.012574354861819126,tie
GSM4138159,14,1,Monocyte_family,family,0.9534663102024759,40,0.9468764067983803,0.006589903404095598,tie
GSM4138159,14,2,Mono_CD16,specific,0.9671106128192986,22,,,no_baseline
GSM4138159,14,3,DC_family,family,0.8321846285557257,46,0.774082064685566,0.058102563870159774,purer
GSM4138159,14,4,Macrophage_family,family,0.9851261513291948,20,0.8696457764255141,0.11548037490368068,purer
GSM4138160,14,1,Monocyte_family,family,0.9384949837137762,428,0.9408522767361661,-0.0023572930223899613,tie
GSM4138160,14,2,Mono_CD16,specific,0.9141061689108362,105,0.9900033659049698,-0.07589719699413366,less_pure
GSM4138160,14,7,DC_pDC,specific,0.980833886723325,23,0.980833886723325,0.0,tie
GSM4138161,14,1,Monocyte_family,family,0.8595545836207575,119,0.8112926743286786,0.048261909292078964,tie
GSM4138161,14,10,Ambiguous/Mixed,ambiguous,1.0,21,,,ambiguous
GSM4138161,14,2,Mono_CD16,specific,0.9690695757781111,32,,,no_baseline
GSM4138161,14,3,DC_family,family,0.7663032443202008,109,0.6918033483531927,0.07449989596700812,purer
GSM4138161,14,5,Ambiguous/Mixed,ambiguous,0.8676765254874859,39,,,ambiguous
GSM4138161,14,6,Ambiguous/Mixed,ambiguous,0.7052366267497341,50,,,ambiguous
GSM4138161,14,7,DC_pDC,specific,0.8662151186311056,111,0.8488491714550629,0.017365947176042673,tie
GSM4138161,14,9,Ambiguous/Mixed,ambiguous,0.8838865178700936,45,,,ambiguous
GSM4138162,14,1,Monocyte_family,family,0.9530424858594555,344,0.9451087043263531,0.007933781533102424,tie
GSM4138162,14,2,Mono_CD16,specific,0.8818797894591448,219,0.9689990847188696,-0.08711929525972484,less_pure
GSM4138162,14,3,DC_family,family,0.9755344657191322,31,0.9565826886013326,0.018951777117799606,tie
GSM4138162,14,7,DC_pDC,specific,0.9897606953288196,17,0.9897606953288196,0.0,tie
GSM4138163,14,1,Monocyte_family,family,0.9489950391932113,357,0.9488582621664332,0.0001367770267780566,tie
GSM4138163,14,2,Mono_CD16,specific,0.8899439615840825,129,0.9838436758508947,-0.0938997142668122,less_pure
GSM4138163,14,3,DC_family,family,0.9800478107092825,20,0.9662642696443162,0.013783541064966265,tie
GSM4138163,14,7,DC_pDC,specific,0.9941087355013785,16,0.9858316108356697,0.008277124665708735,tie
GSM4138164,14,1,Monocyte_family,family,0.9346940747530386,97,0.9167656535447561,0.01792842120828242,tie
GSM4138164,14,2,Mono_CD16,specific,0.8592923819884837,71,0.9829393430119403,-0.12364696102345663,less_pure
GSM4138165,14,1,Monocyte_family,family,0.9428005120816174,286,0.9330548693882358,0.009745642693381629,tie
GSM4138165,14,2,Mono_CD16,specific,0.8920905587282775,195,0.9446544771791544,-0.052563918450876934,less_pure
GSM4138166,14,1,Monocyte_family,family,0.9421973769411024,267,0.934676558303836,0.007520818637266391,tie
GSM4138166,14,2,Mono_CD16,specific,0.8950603248372242,241,0.9621941145544404,-0.06713378971721617,less_pure
GSM4138166,14,3,DC_family,family,0.9780046869716861,26,0.9432683195432393,0.03473636742844677,tie
GSM4138167,14,1,Monocyte_family,family,0.9457881124844683,241,0.945732763205749,5.5349278719307726e-05,tie
GSM4138167,14,2,Mono_CD16,specific,0.8945142592825518,170,0.9625303423920475,-0.0680160831094957,less_pure
GSM4138167,14,3,DC_family,family,0.9825442242894104,23,0.9791664161417739,0.0033778081476364408,tie
GSM4138168,14,7,DC_pDC,specific,0.9457890908623999,20,0.9457890908623999,0.0,tie
GSM4138169,14,3,DC_family,family,1.0,15,0.987992121191529,0.012007878808470984,tie
GSM4138171,14,3,DC_family,family,0.9875620851035662,17,0.985688027513448,0.0018740575901182721,tie
GSM4138172,14,3,DC_family,family,0.9754958122373675,18,0.9751510210975685,0.00034479113979901665,tie
GSM4138110,15,1,Mono_CD14_ID1,specific,0.9213789247659095,514,,,no_baseline
GSM4138110,15,2,Mono_CD16,specific,0.9172950824857807,156,0.97761328954427,-0.060318207058489226,less_pure
GSM4138110,15,4,DC_pDC,specific,0.9555193703185515,21,0.9555193703185515,0.0,tie
GSM4138111,15,1,Mono_CD14_ID1,specific,0.7394763591341842,181,,,no_baseline
GSM4138111,15,10,Mast,specific,0.8772200899755831,30,0.9059125026497903,-0.02869241267420719,tie
GSM4138111,15,2,Mono_CD16,specific,0.7509349248728318,136,0.891739170315181,-0.14080424544234926,less_pure
GSM4138111,15,3,Ambiguous/Mixed,ambiguous,0.7880018631572686,49,,,ambiguous
GSM4138111,15,4,DC_pDC,specific,0.7774746429118676,75,0.8980982837036952,-0.12062364079182752,less_pure
GSM4138111,15,8,DC_family,family,0.8702585191315958,21,0.7139188135165719,0.15633970561502386,purer
GSM4138112,15,1,Mono_CD14_ID1,specific,0.893422348328196,228,,,no_baseline
GSM4138112,15,2,Mono_CD16,specific,0.8875773166218052,167,0.9618001923997429,-0.07422287577793774,less_pure
GSM4138112,15,4,DC_pDC,specific,0.9672228106134714,26,0.9672228106134714,0.0,tie
GSM4138113,15,1,Mono_CD14_ID1,specific,0.7709041868664214,89,,,no_baseline
GSM4138113,15,2,Mono_CD16,specific,0.8152124402027321,51,,,no_baseline
GSM4138113,15,3,Ambiguous/Mixed,ambiguous,0.9466419446296493,23,,,ambiguous
GSM4138113,15,4,DC_pDC,specific,0.7774084767715161,38,0.9211167331049517,-0.14370825633343554,less_pure
GSM4138114,15,1,Mono_CD14_ID1,specific,0.876662205236144,275,,,no_baseline
GSM4138114,15,2,Mono_CD16,specific,0.9037465154271344,109,0.9638175783207804,-0.060071062893646054,less_pure
GSM4138115,15,1,Mono_CD14_ID1,specific,0.8522399419536217,77,,,no_baseline
GSM4138115,15,2,Mono_CD16,specific,0.8560490145184834,70,,,no_baseline
GSM4138115,15,3,Ambiguous/Mixed,ambiguous,0.9150697035615135,46,,,ambiguous
GSM4138115,15,4,DC_pDC,specific,0.9516707081788459,20,0.9816087420119992,-0.0299380338331533,tie
GSM4138115,15,9,DC_family,family,0.9362558523254023,20,0.7727754744975728,0.16348037782782954,purer
GSM4138116,15,1,Mono_CD14_ID1,specific,0.935452443400098,689,,,no_baseline
GSM4138116,15,2,Mono_CD16,specific,0.9484839914277878,24,0.9836055443637416,-0.03512155293595376,tie
GSM4138117,15,1,Mono_CD14_ID1,specific,0.7178263228595058,230,,,no_baseline
GSM4138117,15,10,Mast,specific,0.9848958966969695,15,0.9848958966969695,0.0,tie
GSM4138117,15,2,Mono_CD16,specific,0.838396990227231,74,,,no_baseline
GSM4138117,15,3,Ambiguous/Mixed,ambiguous,0.8625634183400894,49,,,ambiguous
GSM4138117,15,4,DC_pDC,specific,0.9528621852287787,15,,,no_baseline
GSM4138117,15,6,Ambiguous/Mixed,ambiguous,0.9338310924384842,16,,,ambiguous
GSM4138117,15,7,Macrophage_family,family,0.7738454732316381,61,0.7420397036679759,0.03180576956366221,tie
GSM4138118,15,1,Mono_CD14_ID1,specific,0.8744104568894556,283,0.9335570118094065,-0.05914655491995091,less_pure
GSM4138118,15,2,Mono_CD16,specific,1.0,17,,,no_baseline
GSM4138119,15,1,Mono_CD14_ID1,specific,0.6689017703204843,85,,,no_baseline
GSM4138119,15,3,Ambiguous/Mixed,ambiguous,0.8524652742666641,21,,,ambiguous
GSM4138120,15,1,Mono_CD14_ID1,specific,0.8540153629179298,572,0.9143636094168758,-0.06034824649894599,less_pure
GSM4138120,15,2,Mono_CD16,specific,0.8608766205583843,76,0.9596757142031672,-0.0987990936447829,less_pure
GSM4138121,15,1,Mono_CD14_ID1,specific,0.794805589722757,75,,,no_baseline
GSM4138121,15,11,Ambiguous/Mixed,ambiguous,0.9730046209583849,21,,,ambiguous
GSM4138121,15,3,Ambiguous/Mixed,ambiguous,0.9475646757811396,20,,,ambiguous
GSM4138121,15,4,DC_pDC,specific,0.9614989489009151,17,,,no_baseline
GSM4138121,15,5,Ambiguous/Mixed,ambiguous,0.7858988707068161,80,,,ambiguous
GSM4138121,15,9,DC_family,family,0.9621384161764761,15,0.85151969778944,0.11061871838703607,purer
GSM4138122,15,1,Mono_CD14_ID1,specific,0.8808635435116888,327,,,no_baseline
GSM4138122,15,2,Mono_CD16,specific,0.9020646385078601,297,0.9776116977859656,-0.07554705927810546,less_pure
GSM4138122,15,4,DC_pDC,specific,0.9782659584116306,20,0.9782659584116306,0.0,tie
GSM4138123,15,1,Mono_CD14_ID1,specific,0.7632744776485478,78,,,no_baseline
GSM4138123,15,2,Mono_CD16,specific,0.8297954546267169,43,,,no_baseline
GSM4138123,15,3,Ambiguous/Mixed,ambiguous,0.7417208132706048,335,,,ambiguous
GSM4138123,15,4,DC_pDC,specific,0.9046695188500348,54,0.9383997749472549,-0.033730256097220135,tie
GSM4138123,15,5,Ambiguous/Mixed,ambiguous,0.8696614767239401,37,,,ambiguous
GSM4138123,15,7,Macrophage_family,family,0.7095899384625766,192,0.7056844211043604,0.003905517358216204,tie
GSM4138123,15,8,DC_family,family,0.9687224782754187,21,0.7694321137860433,0.19929036448937543,purer
GSM4138123,15,9,DC_family,family,0.9354034779330974,16,0.7694321137860433,0.16597136414705416,purer
GSM4138124,15,1,Mono_CD14_ID1,specific,0.9258573925702167,279,,,no_baseline
GSM4138124,15,2,Mono_CD16,specific,0.9097427103024796,105,0.969665210227224,-0.05992249992474441,less_pure
GSM4138125,15,1,Mono_CD14_ID1,specific,0.7154856844903865,369,,,no_baseline
GSM4138125,15,2,Mono_CD16,specific,0.7832610786523366,144,,,no_baseline
GSM4138125,15,3,Ambiguous/Mixed,ambiguous,0.7494964440926413,228,,,ambiguous
GSM4138125,15,7,Macrophage_family,family,0.780697505885121,54,0.7439021951733407,0.03679531071178033,tie
GSM4138126,15,1,Mono_CD14_ID1,specific,0.9567625018171136,725,,,no_baseline
GSM4138126,15,2,Mono_CD16,specific,0.9659217053693457,88,1.0,-0.03407829463065426,tie
GSM4138127,15,1,Mono_CD14_ID1,specific,0.8157339588791878,233,,,no_baseline
GSM4138127,15,11,Ambiguous/Mixed,ambiguous,0.8883008681565637,45,,,ambiguous
GSM4138127,15,2,Mono_CD16,specific,0.8245142135403825,97,,,no_baseline
GSM4138127,15,3,Ambiguous/Mixed,ambiguous,0.8927031442131874,33,,,ambiguous
GSM4138127,15,4,DC_pDC,specific,0.9393219664910837,28,0.9441912994803779,-0.004869332989294262,tie
GSM4138127,15,5,Ambiguous/Mixed,ambiguous,0.8719420233345734,72,,,ambiguous
GSM4138127,15,6,Ambiguous/Mixed,ambiguous,0.8442017904768506,62,,,ambiguous
GSM4138127,15,7,Macrophage_family,family,0.9548877979942209,24,0.7778561108377001,0.17703168715652073,purer
GSM4138128,15,1,Mono_CD14_ID1,specific,0.8808635435116888,327,,,no_baseline
GSM4138128,15,2,Mono_CD16,specific,0.9020646385078601,297,0.9776116977859656,-0.07554705927810546,less_pure
GSM4138128,15,4,DC_pDC,specific,0.9782659584116306,20,0.9782659584116306,0.0,tie
GSM4138129,15,1,Mono_CD14_ID1,specific,0.8076311364688619,142,,,no_baseline
GSM4138129,15,2,Mono_CD16,specific,0.8841927236072866,51,,,no_baseline
GSM4138129,15,3,Ambiguous/Mixed,ambiguous,0.8272073275198463,80,,,ambiguous
GSM4138129,15,4,DC_pDC,specific,0.9674757017063065,27,0.9868286715955322,-0.019352969889225746,tie
GSM4138129,15,5,Ambiguous/Mixed,ambiguous,0.8600678889951069,35,,,ambiguous
GSM4138130,15,1,Mono_CD14_ID1,specific,0.9331087483676892,381,,,no_baseline
GSM4138130,15,2,Mono_CD16,specific,0.9366235284312148,282,0.9812775037239836,-0.04465397529276882,tie
GSM4138130,15,4,DC_pDC,specific,0.9639490407838097,19,0.9639490407838097,0.0,tie
GSM4138131,15,1,Mono_CD14_ID1,specific,0.8054760317989604,168,,,no_baseline
GSM4138131,15,10,Mast,specific,0.9764376533440459,18,0.9764376533440459,0.0,tie
GSM4138131,15,11,Ambiguous/Mixed,ambiguous,0.8991459169454635,25,,,ambiguous
GSM4138131,15,12,Ambiguous/Mixed,ambiguous,0.960401294012841,20,,,ambiguous
GSM4138131,15,2,Mono_CD16,specific,0.813553837738842,132,,,no_baseline
GSM4138131,15,3,Ambiguous/Mixed,ambiguous,0.842185339585733,112,,,ambiguous
GSM4138131,15,4,DC_pDC,specific,0.8833199100673849,106,0.9179857890881354,-0.03466587902075058,tie
GSM4138131,15,5,Ambiguous/Mixed,ambiguous,0.9008591453866214,53,,,ambiguous
GSM4138131,15,6,Ambiguous/Mixed,ambiguous,0.740126035869098,257,,,ambiguous
GSM4138131,15,7,Macrophage_family,family,0.8229779021316169,71,0.7412359185254018,0.0817419836062151,purer
GSM4138131,15,8,DC_family,family,0.8533531428629139,55,0.7536865945444218,0.09966654831849209,purer
GSM4138131,15,9,DC_family,family,0.847348370303795,42,0.7536865945444218,0.09366177575937318,purer
GSM4138132,15,1,Mono_CD14_ID1,specific,0.9369755712162862,530,,,no_baseline
GSM4138132,15,2,Mono_CD16,specific,0.9438593831829021,197,0.9814133723188372,-0.037553989135935106,tie
GSM4138133,15,1,Mono_CD14_ID1,specific,0.8282072028652807,137,,,no_baseline
GSM4138133,15,2,Mono_CD16,specific,0.8546322805979327,91,,,no_baseline
GSM4138133,15,3,Ambiguous/Mixed,ambiguous,0.7698234524162038,124,,,ambiguous
GSM4138133,15,4,DC_pDC,specific,0.9753176722870366,23,0.9780104357713506,-0.0026927634843140202,tie
GSM4138133,15,7,Macrophage_family,family,0.9147468331672169,32,0.7734595161579602,0.14128731700925679,purer
GSM4138133,15,9,DC_family,family,0.9607506685662259,26,0.7773132578349409,0.18343741073128506,purer
GSM4138134,15,1,Mono_CD14_ID1,specific,0.9693702962145697,994,,,no_baseline
GSM4138134,15,2,Mono_CD16,specific,0.9595679323895354,383,0.9695591587489021,-0.009991226359366667,tie
GSM4138134,15,4,DC_pDC,specific,0.9878859617759893,16,0.9856991785152992,0.002186783260690106,tie
GSM4138135,15,1,Mono_CD14_ID1,specific,0.7896514178734346,263,,,no_baseline
GSM4138135,15,10,Mast,specific,1.0,22,1.0,0.0,tie
GSM4138135,15,11,Ambiguous/Mixed,ambiguous,0.778468698852656,115,,,ambiguous
GSM4138135,15,2,Mono_CD16,specific,0.8449657288035245,81,,,no_baseline
GSM4138135,15,3,Ambiguous/Mixed,ambiguous,0.7693345979286565,293,,,ambiguous
GSM4138135,15,4,DC_pDC,specific,0.9784301578221191,18,0.9787886250594097,-0.00035846723729060503,tie
GSM4138135,15,5,Ambiguous/Mixed,ambiguous,0.8244503217242479,160,,,ambiguous
GSM4138135,15,6,Ambiguous/Mixed,ambiguous,0.9055356416854353,19,,,ambiguous
GSM4138135,15,7,Macrophage_family,family,0.7806064930722332,159,0.6821237468466982,0.09848274622553499,purer
GSM4138135,15,8,DC_family,family,0.9599027490402972,24,0.841697457205539,0.11820529183475814,purer
GSM4138135,15,9,DC_family,family,0.9063904391136934,19,0.841697457205539,0.06469298190815442,purer
GSM4138136,15,1,Mono_CD14_ID1,specific,0.9099213421558858,466,,,no_baseline
GSM4138136,15,2,Mono_CD16,specific,0.9099110491596677,238,0.978914746972955,-0.0690036978132873,less_pure
GSM4138137,15,1,Mono_CD14_ID1,specific,0.790805554625572,274,,,no_baseline
GSM4138137,15,11,Ambiguous/Mixed,ambiguous,0.9402571026707578,33,,,ambiguous
GSM4138137,15,2,Mono_CD16,specific,0.8301769924234447,96,,,no_baseline
GSM4138137,15,3,Ambiguous/Mixed,ambiguous,0.7719677351970147,143,,,ambiguous
GSM4138137,15,5,Ambiguous/Mixed,ambiguous,0.7870761324868798,173,,,ambiguous
GSM4138137,15,6,Ambiguous/Mixed,ambiguous,0.9448852759753222,19,,,ambiguous
GSM4138137,15,7,Macrophage_family,family,0.7804215766964818,249,0.747893468389154,0.032528108307327774,tie
GSM4138137,15,8,DC_family,family,0.9504433032780831,16,0.839030314310623,0.1114129889674601,purer
GSM4138137,15,9,DC_family,family,0.9701376574555876,18,0.839030314310623,0.13110734314496453,purer
GSM4138138,15,1,Mono_CD14_ID1,specific,0.9085118895978805,426,,,no_baseline
GSM4138138,15,2,Mono_CD16,specific,0.9432953923877795,194,0.9668810029523296,-0.023585610564550108,tie
GSM4138139,15,1,Mono_CD14_ID1,specific,0.7175445228399706,291,,,no_baseline
GSM4138139,15,10,Mast,specific,0.9658315628046693,60,0.9658315628046693,0.0,tie
GSM4138139,15,11,Ambiguous/Mixed,ambiguous,0.9005660067929273,48,,,ambiguous
GSM4138139,15,2,Mono_CD16,specific,0.8066405324613025,107,,,no_baseline
GSM4138139,15,3,Ambiguous/Mixed,ambiguous,0.783721997494496,135,,,ambiguous
GSM4138139,15,4,DC_pDC,specific,0.9660842826102645,23,0.9506174967437965,0.015466785866467991,tie
GSM4138139,15,5,Ambiguous/Mixed,ambiguous,0.8454281363457513,98,,,ambiguous
GSM4138139,15,6,Ambiguous/Mixed,ambiguous,0.951049646455594,39,,,ambiguous
GSM4138139,15,7,Macrophage_family,family,0.8026383068220058,72,0.6611390100606357,0.14149929676137007,purer
GSM4138139,15,8,DC_family,family,0.9384010279639892,20,0.8604547296733422,0.07794629829064692,purer
GSM4138140,15,1,Mono_CD14_ID1,specific,0.9214153757250536,567,,,no_baseline
GSM4138140,15,2,Mono_CD16,specific,0.9154049872725397,223,0.9699730019986887,-0.05456801472614903,less_pure
GSM4138141,15,1,Mono_CD14_ID1,specific,0.7974236653191262,316,,,no_baseline
GSM4138141,15,2,Mono_CD16,specific,0.7835827463704781,125,0.9724074031211091,-0.18882465675063098,less_pure
GSM4138141,15,3,Ambiguous/Mixed,ambiguous,0.7943136181783477,102,,,ambiguous
GSM4138141,15,4,DC_pDC,specific,0.9085834119033498,78,0.9165508686482305,-0.007967456744880752,tie
GSM4138141,15,5,Ambiguous/Mixed,ambiguous,0.9644679672631942,16,,,ambiguous
GSM4138141,15,6,Ambiguous/Mixed,ambiguous,0.9015932229405654,50,,,ambiguous
GSM4138141,15,7,Macrophage_family,family,0.9361409720698576,15,0.8124580686420484,0.12368290342780919,purer
GSM4138141,15,8,DC_family,family,0.9269048322393975,38,0.7646439714392582,0.16226086080013924,purer
GSM4138141,15,9,DC_family,family,0.8591507557139366,41,0.7646439714392582,0.0945067842746784,purer
GSM4138142,15,1,Mono_CD14_ID1,specific,0.9143020515027537,552,0.9672045977511199,-0.05290254624836621,less_pure
GSM4138142,15,2,Mono_CD16,specific,0.9345278623062901,189,0.9665257719433304,-0.0319979096370403,tie
GSM4138143,15,1,Mono_CD14_ID1,specific,0.6929616747269796,199,,,no_baseline
GSM4138143,15,10,Mast,specific,0.9748135904112316,31,0.9748135904112316,0.0,tie
GSM4138143,15,2,Mono_CD16,specific,0.8128401670741563,112,,,no_baseline
GSM4138143,15,3,Ambiguous/Mixed,ambiguous,0.7698241694371206,73,,,ambiguous
GSM4138143,15,4,DC_pDC,specific,0.9205579784156942,50,0.9295762244202338,-0.009018246004539598,tie
GSM4138143,15,8,DC_family,family,0.8878247966702876,37,0.7974127699611427,0.09041202670914483,purer
GSM4138143,15,9,DC_family,family,0.952870728847712,18,0.7974127699611427,0.15545795888656921,purer
GSM4138144,15,1,Mono_CD14_ID1,specific,0.8360237696666257,213,,,no_baseline
GSM4138144,15,2,Mono_CD16,specific,0.8755949044798075,117,0.9749122264211482,-0.09931732194134069,less_pure
GSM4138145,15,1,Mono_CD14_ID1,specific,0.7442890497528557,355,,,no_baseline
GSM4138145,15,2,Mono_CD16,specific,0.7985165632741564,139,,,no_baseline
GSM4138145,15,3,Ambiguous/Mixed,ambiguous,0.8726143892975999,59,,,ambiguous
GSM4138145,15,4,DC_pDC,specific,0.8457218435588667,58,0.9472622152517468,-0.1015403716928801,less_pure
GSM4138145,15,5,Ambiguous/Mixed,ambiguous,0.9361103256705463,43,,,ambiguous
GSM4138145,15,7,Macrophage_family,family,1.0,16,0.8162928621790009,0.18370713782099912,purer
GSM4138145,15,8,DC_family,family,0.9646324181601479,20,0.7535493269325659,0.21108309122758195,purer
GSM4138145,15,9,DC_family,family,0.8248752980272622,50,0.7535493269325659,0.0713259710946963,purer
GSM4138146,15,1,Mono_CD14_ID1,specific,0.8811482917118035,213,,,no_baseline
GSM4138146,15,2,Mono_CD16,specific,0.9087528369094958,292,0.9622686828921565,-0.05351584598266068,less_pure
GSM4138147,15,1,Mono_CD14_ID1,specific,0.8522548170854469,17,,,no_baseline
GSM4138147,15,4,DC_pDC,specific,0.925292417692126,32,0.935324749011505,-0.010032331319378973,tie
GSM4138148,15,1,Mono_CD14_ID1,specific,0.839390519910242,136,,,no_baseline
GSM4138148,15,2,Mono_CD16,specific,0.8977067691672216,60,0.9692635348384981,-0.07155676567127656,less_pure
GSM4138150,15,1,Mono_CD14_ID1,specific,0.9153823576534879,144,,,no_baseline
GSM4138150,15,2,Mono_CD16,specific,0.9088156497890234,61,0.9785444665693842,-0.0697288167803608,less_pure
GSM4138151,15,1,Mono_CD14_ID1,specific,0.9863611420413553,15,,,no_baseline
GSM4138151,15,4,DC_pDC,specific,0.9888803155273663,17,0.9806392337550041,0.008241081772362269,tie
GSM4138152,15,1,Mono_CD14_ID1,specific,0.8674935543226805,350,0.9520007247267991,-0.08450717040411859,less_pure
GSM4138152,15,2,Mono_CD16,specific,0.8731420337645792,141,0.9413199538988823,-0.06817792013430313,less_pure
GSM4138152,15,4,DC_pDC,specific,0.9787838917268129,15,0.992154406195808,-0.013370514468995065,tie
GSM4138153,15,1,Mono_CD14_ID1,specific,0.9317712323082612,34,,,no_baseline
GSM4138153,15,2,Mono_CD16,specific,0.8427370194195133,17,,,no_baseline
GSM4138153,15,3,Ambiguous/Mixed,ambiguous,0.8679919610139057,18,,,ambiguous
GSM4138154,15,1,Mono_CD14_ID1,specific,0.8361229871847279,322,0.943462555263132,-0.10733956807840417,less_pure
GSM4138154,15,2,Mono_CD16,specific,0.8280651133346005,62,0.951042806610867,-0.12297769327626651,less_pure
GSM4138155,15,1,Mono_CD14_ID1,specific,0.645856096526193,324,,,no_baseline
GSM4138155,15,10,Mast,specific,0.9252378509283148,20,0.9381206978557273,-0.012882846927412483,tie
GSM4138155,15,11,Ambiguous/Mixed,ambiguous,0.7919060698517715,47,,,ambiguous
GSM4138155,15,12,Ambiguous/Mixed,ambiguous,0.9506848878775814,23,,,ambiguous
GSM4138155,15,2,Mono_CD16,specific,0.7430235417857327,116,,,no_baseline
GSM4138155,15,3,Ambiguous/Mixed,ambiguous,0.7376831573510528,108,,,ambiguous
GSM4138155,15,4,DC_pDC,specific,0.8820673943422893,51,0.9062361607604512,-0.024168766418161902,tie
GSM4138155,15,5,Ambiguous/Mixed,ambiguous,0.6935194195505021,136,,,ambiguous
GSM4138155,15,7,Macrophage_family,family,0.6947033398639819,79,0.6299154299118346,0.06478790995214734,purer
GSM4138155,15,9,DC_family,family,0.7961681517349579,78,0.7010983122032448,0.09506983953171311,purer
GSM4138156,15,1,Mono_CD14_ID1,specific,0.9008532828703408,723,,,no_baseline
GSM4138156,15,2,Mono_CD16,specific,0.9173509616432983,267,0.9674540600296433,-0.05010309838634497,less_pure
GSM4138157,15,1,Mono_CD14_ID1,specific,0.8442004669734582,76,,,no_baseline
GSM4138157,15,2,Mono_CD16,specific,0.8413324754033857,60,,,no_baseline
GSM4138157,15,3,Ambiguous/Mixed,ambiguous,0.9415379558041719,26,,,ambiguous
GSM4138157,15,4,DC_pDC,specific,0.9433348320039837,20,0.9771060119735836,-0.033771179969599885,tie
GSM4138157,15,5,Ambiguous/Mixed,ambiguous,0.9555307493975526,16,,,ambiguous
GSM4138157,15,7,Macrophage_family,family,0.9686389676483366,16,0.8168706613307802,0.15176830631755633,purer
GSM4138158,15,1,Mono_CD14_ID1,specific,0.9126686903795896,250,,,no_baseline
GSM4138158,15,2,Mono_CD16,specific,0.9366704459114941,50,0.9852479955603701,-0.04857754964887606,tie
GSM4138159,15,1,Mono_CD14_ID1,specific,0.8219153883906835,73,,,no_baseline
GSM4138159,15,2,Mono_CD16,specific,0.7706347918067843,53,,,no_baseline
GSM4138159,15,3,Ambiguous/Mixed,ambiguous,0.8217505642073124,44,,,ambiguous
GSM4138160,15,1,Mono_CD14_ID1,specific,0.9087033700291736,442,,,no_baseline
GSM4138160,15,2,Mono_CD16,specific,0.9076711555417392,70,0.9900033659049698,-0.08233221036323068,less_pure
GSM4138160,15,4,DC_pDC,specific,0.980833886723325,23,0.980833886723325,0.0,tie
GSM4138161,15,1,Mono_CD14_ID1,specific,0.7474955474094527,197,,,no_baseline
GSM4138161,15,12,Ambiguous/Mixed,ambiguous,0.9731014275470801,16,,,ambiguous
GSM4138161,15,2,Mono_CD16,specific,0.7653277153176757,97,,,no_baseline
GSM4138161,15,3,Ambiguous/Mixed,ambiguous,0.8148414666598897,48,,,ambiguous
GSM4138161,15,4,DC_pDC,specific,0.8339374175261643,112,0.8488491714550629,-0.014911753928898541,tie
GSM4138161,15,5,Ambiguous/Mixed,ambiguous,0.8596806546280641,54,,,ambiguous
GSM4138161,15,6,Ambiguous/Mixed,ambiguous,0.9395760804169075,28,,,ambiguous
GSM4138161,15,7,Macrophage_family,family,0.969686042344445,15,0.7827305071018592,0.1869555352425858,purer
GSM4138161,15,9,DC_family,family,0.8383380089097607,39,0.6918033483531927,0.14653466055656805,purer
GSM4138162,15,1,Mono_CD14_ID1,specific,0.8914715050378699,391,,,no_baseline
GSM4138162,15,2,Mono_CD16,specific,0.888991501443919,149,0.9689990847188696,-0.08000758327495061,less_pure
GSM4138162,15,4,DC_pDC,specific,0.9897606953288196,17,0.9897606953288196,0.0,tie
GSM4138163,15,1,Mono_CD14_ID1,specific,0.9125769712464531,388,,,no_baseline
GSM4138163,15,2,Mono_CD16,specific,0.9007474157158177,68,0.9838436758508947,-0.08309626013507698,less_pure
GSM4138163,15,4,DC_pDC,specific,0.9858316108356697,17,0.9858316108356697,0.0,tie
GSM4138164,15,1,Mono_CD14_ID1,specific,0.8458635652043084,122,,,no_baseline
GSM4138164,15,2,Mono_CD16,specific,0.870765040746343,62,0.9829393430119403,-0.11217430226559733,less_pure
GSM4138165,15,1,Mono_CD14_ID1,specific,0.9105637540435568,313,,,no_baseline
GSM4138165,15,2,Mono_CD16,specific,0.8839233014660014,169,0.9446544771791544,-0.06073117571315301,less_pure
GSM4138166,15,1,Mono_CD14_ID1,specific,0.8778063613036055,321,,,no_baseline
GSM4138166,15,2,Mono_CD16,specific,0.886866854902151,206,0.9621941145544404,-0.07532725965228937,less_pure
GSM4138167,15,1,Mono_CD14_ID1,specific,0.8855121512071538,280,,,no_baseline
GSM4138167,15,2,Mono_CD16,specific,0.877376592602833,115,0.9625303423920475,-0.08515374978921453,less_pure
GSM4138168,15,4,DC_pDC,specific,0.9617645158881328,18,0.9457890908623999,0.015975425025732903,tie
GSM4138171,15,2,Mono_CD16,specific,1.0,15,,,no_baseline
GSM4138172,15,1,Mono_CD14_ID1,specific,0.9460402968427628,23,,,no_baseline
GSM4138110,16,1,Ambiguous/Mixed,ambiguous,0.9117511928332115,627,,,ambiguous
GSM4138110,16,2,Ambiguous/Mixed,ambiguous,0.9764661063550998,39,,,ambiguous
GSM4138111,16,1,Ambiguous/Mixed,ambiguous,0.6810197039118979,282,,,ambiguous
GSM4138111,16,2,Ambiguous/Mixed,ambiguous,0.8423468125696927,59,,,ambiguous
GSM4138111,16,4,Ambiguous/Mixed,ambiguous,0.7184651429313542,46,,,ambiguous
GSM4138111,16,5,Mast,specific,0.9304650323972419,23,0.9059125026497903,0.02455252974745159,tie
GSM4138112,16,1,Ambiguous/Mixed,ambiguous,0.89109398562983,354,,,ambiguous
GSM4138112,16,2,Ambiguous/Mixed,ambiguous,0.9240225523293347,42,,,ambiguous
GSM4138113,16,1,Ambiguous/Mixed,ambiguous,0.726553926767936,135,,,ambiguous
GSM4138113,16,2,Ambiguous/Mixed,ambiguous,0.9562231808090269,30,,,ambiguous
GSM4138113,16,4,Ambiguous/Mixed,ambiguous,0.8212498525703691,15,,,ambiguous
GSM4138114,16,1,Ambiguous/Mixed,ambiguous,0.8769103836005709,353,,,ambiguous
GSM4138114,16,2,Ambiguous/Mixed,ambiguous,0.9427562892154617,23,,,ambiguous
GSM4138115,16,1,Ambiguous/Mixed,ambiguous,0.753872705026534,141,,,ambiguous
GSM4138115,16,2,Ambiguous/Mixed,ambiguous,0.9754817272653411,19,,,ambiguous
GSM4138116,16,1,Ambiguous/Mixed,ambiguous,0.9218872648235008,704,,,ambiguous
GSM4138117,16,1,Ambiguous/Mixed,ambiguous,0.7281767889599318,311,,,ambiguous
GSM4138117,16,2,Ambiguous/Mixed,ambiguous,0.9699232185519716,19,,,ambiguous
GSM4138118,16,1,Ambiguous/Mixed,ambiguous,0.8770768667778066,292,,,ambiguous
GSM4138119,16,1,Ambiguous/Mixed,ambiguous,0.6217358138676459,109,,,ambiguous
GSM4138120,16,1,Ambiguous/Mixed,ambiguous,0.8473069186100034,608,,,ambiguous
GSM4138120,16,2,Ambiguous/Mixed,ambiguous,0.9668193894476045,18,,,ambiguous
GSM4138121,16,1,Ambiguous/Mixed,ambiguous,0.6236267981026863,185,,,ambiguous
GSM4138122,16,1,Ambiguous/Mixed,ambiguous,0.8814912149219919,545,,,ambiguous
GSM4138122,16,2,Ambiguous/Mixed,ambiguous,0.9458874815999998,55,,,ambiguous
GSM4138122,16,3,Ambiguous/Mixed,ambiguous,0.9770381293743092,29,,,ambiguous
GSM4138123,16,1,Ambiguous/Mixed,ambiguous,0.6919173924852069,609,,,ambiguous
GSM4138123,16,2,Ambiguous/Mixed,ambiguous,0.9251488567571896,42,,,ambiguous
GSM4138123,16,4,Ambiguous/Mixed,ambiguous,0.936937000100551,20,,,ambiguous
GSM4138124,16,1,Ambiguous/Mixed,ambiguous,0.9161194431127048,339,,,ambiguous
GSM4138125,16,1,Ambiguous/Mixed,ambiguous,0.7074887170577354,511,,,ambiguous
GSM4138126,16,1,Ambiguous/Mixed,ambiguous,0.9528515383553519,757,,,ambiguous
GSM4138126,16,2,Ambiguous/Mixed,ambiguous,0.9748976727771669,17,,,ambiguous
GSM4138126,16,3,Ambiguous/Mixed,ambiguous,0.9935561603691053,19,,,ambiguous
GSM4138127,16,1,Ambiguous/Mixed,ambiguous,0.7045165884439893,430,,,ambiguous
GSM4138127,16,2,Ambiguous/Mixed,ambiguous,0.9511670323866639,28,,,ambiguous
GSM4138128,16,1,Ambiguous/Mixed,ambiguous,0.8814912149219919,545,,,ambiguous
GSM4138128,16,2,Ambiguous/Mixed,ambiguous,0.9458874815999998,55,,,ambiguous
GSM4138128,16,3,Ambiguous/Mixed,ambiguous,0.9770381293743092,29,,,ambiguous
GSM4138129,16,1,Ambiguous/Mixed,ambiguous,0.7222287124723787,236,,,ambiguous
GSM4138129,16,2,Ambiguous/Mixed,ambiguous,0.9578536994294637,27,,,ambiguous
GSM4138130,16,1,Ambiguous/Mixed,ambiguous,0.9192429154540388,583,,,ambiguous
GSM4138130,16,2,Ambiguous/Mixed,ambiguous,0.9572119665454314,33,,,ambiguous
GSM4138131,16,1,Ambiguous/Mixed,ambiguous,0.701272067145122,624,,,ambiguous
GSM4138131,16,2,Ambiguous/Mixed,ambiguous,0.8621115644582746,73,,,ambiguous
GSM4138131,16,4,Ambiguous/Mixed,ambiguous,0.8329788827671072,63,,,ambiguous
GSM4138131,16,5,Mast,specific,0.9700972690342095,17,0.9764376533440459,-0.006340384309836411,tie
GSM4138131,16,9,Ambiguous/Mixed,ambiguous,0.9302525109521438,23,,,ambiguous
GSM4138132,16,1,Ambiguous/Mixed,ambiguous,0.933026659763963,643,,,ambiguous
GSM4138132,16,2,Ambiguous/Mixed,ambiguous,0.979024786026382,29,,,ambiguous
GSM4138133,16,1,Ambiguous/Mixed,ambiguous,0.7359812244491926,288,,,ambiguous
GSM4138133,16,2,Ambiguous/Mixed,ambiguous,0.9735932114495309,35,,,ambiguous
GSM4138134,16,1,Ambiguous/Mixed,ambiguous,0.9565432739438885,1212,,,ambiguous
GSM4138134,16,2,Ambiguous/Mixed,ambiguous,0.9465090433507926,37,,,ambiguous
GSM4138135,16,1,Ambiguous/Mixed,ambiguous,0.674888122172387,819,,,ambiguous
GSM4138135,16,5,Mast,specific,1.0,17,1.0,0.0,tie
GSM4138136,16,1,Ambiguous/Mixed,ambiguous,0.897545671138613,641,,,ambiguous
GSM4138136,16,2,Ambiguous/Mixed,ambiguous,0.9688574615796324,30,,,ambiguous
GSM4138137,16,1,Ambiguous/Mixed,ambiguous,0.7439368391427564,707,,,ambiguous
GSM4138138,16,1,Ambiguous/Mixed,ambiguous,0.8862739672943118,576,,,ambiguous
GSM4138138,16,2,Ambiguous/Mixed,ambiguous,0.9650510221916854,27,,,ambiguous
GSM4138139,16,1,Ambiguous/Mixed,ambiguous,0.638332144058406,569,,,ambiguous
GSM4138139,16,11,Ambiguous/Mixed,ambiguous,0.9719796304169965,16,,,ambiguous
GSM4138139,16,2,Ambiguous/Mixed,ambiguous,0.9693744826452151,34,,,ambiguous
GSM4138139,16,5,Mast,specific,0.9756427557913485,47,0.9658315628046693,0.009811192986679207,tie
GSM4138140,16,1,Ambiguous/Mixed,ambiguous,0.9072145288378533,702,,,ambiguous
GSM4138140,16,2,Ambiguous/Mixed,ambiguous,0.9649399530937696,28,,,ambiguous
GSM4138141,16,1,Ambiguous/Mixed,ambiguous,0.719437142104272,547,,,ambiguous
GSM4138141,16,2,Ambiguous/Mixed,ambiguous,0.8754903553644616,56,,,ambiguous
GSM4138141,16,4,Ambiguous/Mixed,ambiguous,0.8329313840180126,72,,,ambiguous
GSM4138142,16,1,Ambiguous/Mixed,ambiguous,0.9083915205313742,688,,,ambiguous
GSM4138142,16,2,Ambiguous/Mixed,ambiguous,1.0,22,,,ambiguous
GSM4138143,16,1,Ambiguous/Mixed,ambiguous,0.7235105523416256,316,,,ambiguous
GSM4138143,16,2,Ambiguous/Mixed,ambiguous,0.8606010613903314,60,,,ambiguous
GSM4138143,16,4,Ambiguous/Mixed,ambiguous,0.9670926883490563,19,,,ambiguous
GSM4138143,16,5,Mast,specific,0.9719995175423171,23,0.9748135904112316,-0.002814072868914552,tie
GSM4138144,16,1,Ambiguous/Mixed,ambiguous,0.8498831569088204,298,,,ambiguous
GSM4138144,16,2,Ambiguous/Mixed,ambiguous,0.9057356456945628,27,,,ambiguous
GSM4138145,16,1,Ambiguous/Mixed,ambiguous,0.6897127993534349,486,,,ambiguous
GSM4138145,16,2,Ambiguous/Mixed,ambiguous,0.8941339233369188,81,,,ambiguous
GSM4138145,16,4,Ambiguous/Mixed,ambiguous,0.9153646335984849,25,,,ambiguous
GSM4138146,16,1,Ambiguous/Mixed,ambiguous,0.888289866285572,460,,,ambiguous
GSM4138146,16,2,Ambiguous/Mixed,ambiguous,0.9360625226140736,17,,,ambiguous
GSM4138147,16,1,Ambiguous/Mixed,ambiguous,0.7697945846460826,26,,,ambiguous
GSM4138147,16,2,Ambiguous/Mixed,ambiguous,0.9200802468575907,32,,,ambiguous
GSM4138148,16,1,Ambiguous/Mixed,ambiguous,0.848786243228475,178,,,ambiguous
GSM4138148,16,2,Ambiguous/Mixed,ambiguous,1.0,20,,,ambiguous
GSM4138149,16,1,Ambiguous/Mixed,ambiguous,0.8837849547463279,25,,,ambiguous
GSM4138150,16,1,Ambiguous/Mixed,ambiguous,0.897909786957394,190,,,ambiguous
GSM4138150,16,2,Ambiguous/Mixed,ambiguous,1.0,19,,,ambiguous
GSM4138151,16,1,Ambiguous/Mixed,ambiguous,0.9728685240660508,20,,,ambiguous
GSM4138152,16,1,Ambiguous/Mixed,ambiguous,0.8566104424917582,461,,,ambiguous
GSM4138152,16,2,Ambiguous/Mixed,ambiguous,0.9439936739664578,27,,,ambiguous
GSM4138153,16,1,Ambiguous/Mixed,ambiguous,0.7578956889537038,55,,,ambiguous
GSM4138154,16,1,Ambiguous/Mixed,ambiguous,0.828703408821198,358,,,ambiguous
GSM4138155,16,1,Ambiguous/Mixed,ambiguous,0.5987373879512206,622,,,ambiguous
GSM4138155,16,2,Ambiguous/Mixed,ambiguous,0.9209982610516746,40,,,ambiguous
GSM4138155,16,4,Ambiguous/Mixed,ambiguous,0.9403258531410472,35,,,ambiguous
GSM4138155,16,5,Mast,specific,0.9491554127543788,16,0.9381206978557273,0.011034714898651488,tie
GSM4138155,16,9,Ambiguous/Mixed,ambiguous,0.9645520831173513,17,,,ambiguous
GSM4138156,16,1,Ambiguous/Mixed,ambiguous,0.8960238723892652,919,,,ambiguous
GSM4138156,16,2,Ambiguous/Mixed,ambiguous,0.8927034467766775,47,,,ambiguous
GSM4138157,16,1,Ambiguous/Mixed,ambiguous,0.7047474295636331,148,,,ambiguous
GSM4138157,16,2,Ambiguous/Mixed,ambiguous,0.9579421423000493,24,,,ambiguous
GSM4138158,16,1,Ambiguous/Mixed,ambiguous,0.8955717529007992,278,,,ambiguous
GSM4138158,16,2,Ambiguous/Mixed,ambiguous,1.0,22,,,ambiguous
GSM4138159,16,1,Ambiguous/Mixed,ambiguous,0.7334508265611194,133,,,ambiguous
GSM4138160,16,1,Ambiguous/Mixed,ambiguous,0.8973504704889755,485,,,ambiguous
GSM4138160,16,2,Ambiguous/Mixed,ambiguous,0.967457085255771,28,,,ambiguous
GSM4138161,16,1,Ambiguous/Mixed,ambiguous,0.6702845872952201,320,,,ambiguous
GSM4138161,16,2,Ambiguous/Mixed,ambiguous,0.8584103431641511,80,,,ambiguous
GSM4138161,16,4,Ambiguous/Mixed,ambiguous,0.9189959704988162,27,,,ambiguous
GSM4138161,16,9,Ambiguous/Mixed,ambiguous,0.9217582540687785,31,,,ambiguous
GSM4138162,16,1,Ambiguous/Mixed,ambiguous,0.8911671709487927,485,,,ambiguous
GSM4138162,16,2,Ambiguous/Mixed,ambiguous,0.9563160108695631,36,,,ambiguous
GSM4138163,16,1,Ambiguous/Mixed,ambiguous,0.907456430436349,423,,,ambiguous
GSM4138163,16,2,Ambiguous/Mixed,ambiguous,0.9873099476431705,23,,,ambiguous
GSM4138164,16,1,Ambiguous/Mixed,ambiguous,0.8395625379771497,155,,,ambiguous
GSM4138164,16,2,Ambiguous/Mixed,ambiguous,1.0,15,,,ambiguous
GSM4138165,16,1,Ambiguous/Mixed,ambiguous,0.8949850658164404,437,,,ambiguous
GSM4138165,16,2,Ambiguous/Mixed,ambiguous,0.9832889659143685,22,,,ambiguous
GSM4138165,16,3,Ambiguous/Mixed,ambiguous,0.9449785553467918,16,,,ambiguous
GSM4138166,16,1,Ambiguous/Mixed,ambiguous,0.8915677334373335,467,,,ambiguous
GSM4138166,16,2,Ambiguous/Mixed,ambiguous,0.8920721484582055,40,,,ambiguous
GSM4138167,16,1,Ambiguous/Mixed,ambiguous,0.8860657128214239,339,,,ambiguous
GSM4138167,16,2,Ambiguous/Mixed,ambiguous,0.9719806253296581,27,,,ambiguous
GSM4138168,16,4,Ambiguous/Mixed,ambiguous,0.9763275632954486,17,,,ambiguous
GSM4138169,16,1,Ambiguous/Mixed,ambiguous,0.9803894539291542,17,,,ambiguous
GSM4138170,16,1,Ambiguous/Mixed,ambiguous,0.9554491799751693,22,,,ambiguous
GSM4138171,16,1,Ambiguous/Mixed,ambiguous,0.9760712496646808,25,,,ambiguous
GSM4138172,16,1,Ambiguous/Mixed,ambiguous,0.9120033482846142,31,,,ambiguous
GSM4138110,17,1,Ambiguous/Mixed,ambiguous,0.9117511928332115,627,,,ambiguous
GSM4138110,17,2,DC_pDC,specific,0.9768232977096065,40,0.9555193703185515,0.021303927391055022,tie
GSM4138111,17,1,Ambiguous/Mixed,ambiguous,0.6522020864050843,278,,,ambiguous
GSM4138111,17,2,DC_pDC,specific,0.7619112588770506,116,0.8980982837036952,-0.13618702482664458,less_pure
GSM4138111,17,4,Mast,specific,0.9651539377273815,26,0.9059125026497903,0.059241435077591165,purer
GSM4138112,17,1,Ambiguous/Mixed,ambiguous,0.89109398562983,354,,,ambiguous
GSM4138112,17,2,DC_pDC,specific,0.9196052305286814,49,0.9672228106134714,-0.04761758008479,tie
GSM4138113,17,1,Ambiguous/Mixed,ambiguous,0.7260701396555382,134,,,ambiguous
GSM4138113,17,2,DC_pDC,specific,0.7859423454951344,51,0.9211167331049517,-0.13517438760981726,less_pure
GSM4138114,17,1,Ambiguous/Mixed,ambiguous,0.8769103836005709,353,,,ambiguous
GSM4138114,17,2,DC_pDC,specific,0.9467489285501668,31,,,no_baseline
GSM4138115,17,1,Ambiguous/Mixed,ambiguous,0.7533463365034685,138,,,ambiguous
GSM4138115,17,2,DC_pDC,specific,0.8900541224367859,36,0.9816087420119992,-0.09155461957521327,less_pure
GSM4138116,17,1,Ambiguous/Mixed,ambiguous,0.9218872648235008,704,,,ambiguous
GSM4138117,17,1,Ambiguous/Mixed,ambiguous,0.7322462023664125,308,,,ambiguous
GSM4138117,17,2,DC_pDC,specific,0.9305533194423989,26,,,no_baseline
GSM4138117,17,3,Ambiguous/Mixed,ambiguous,0.986142640217175,15,,,ambiguous
GSM4138117,17,4,Mast,specific,0.9848958966969695,15,0.9848958966969695,0.0,tie
GSM4138118,17,1,Ambiguous/Mixed,ambiguous,0.8770768667778066,292,,,ambiguous
GSM4138119,17,1,Ambiguous/Mixed,ambiguous,0.6205047580086251,108,,,ambiguous
GSM4138120,17,1,Ambiguous/Mixed,ambiguous,0.8473069186100034,608,,,ambiguous
GSM4138120,17,2,DC_pDC,specific,0.9720514939499838,22,,,no_baseline
GSM4138121,17,1,Ambiguous/Mixed,ambiguous,0.6296489565011011,179,,,ambiguous
GSM4138121,17,2,DC_pDC,specific,0.9291018238273645,20,,,no_baseline
GSM4138121,17,3,Ambiguous/Mixed,ambiguous,0.796154550264716,37,,,ambiguous
GSM4138122,17,1,Ambiguous/Mixed,ambiguous,0.8813388704685386,544,,,ambiguous
GSM4138122,17,2,DC_pDC,specific,0.9367503398804925,87,0.9782659584116306,-0.041515618531138054,tie
GSM4138123,17,1,Ambiguous/Mixed,ambiguous,0.6924791490087264,602,,,ambiguous
GSM4138123,17,2,DC_pDC,specific,0.8907413390930683,65,0.9383997749472549,-0.04765843585418661,tie
GSM4138123,17,3,Ambiguous/Mixed,ambiguous,0.9549434592391047,18,,,ambiguous
GSM4138124,17,1,Ambiguous/Mixed,ambiguous,0.9161194431127048,339,,,ambiguous
GSM4138124,17,2,DC_pDC,specific,0.932344594880605,29,,,no_baseline
GSM4138125,17,1,Ambiguous/Mixed,ambiguous,0.71148723852189,509,,,ambiguous
GSM4138125,17,2,DC_pDC,specific,0.9743744591608358,19,,,no_baseline
GSM4138126,17,1,Ambiguous/Mixed,ambiguous,0.9528515383553519,757,,,ambiguous
GSM4138126,17,2,DC_pDC,specific,0.9493667784993394,42,,,no_baseline
GSM4138127,17,1,Ambiguous/Mixed,ambiguous,0.7197578488628631,366,,,ambiguous
GSM4138127,17,2,DC_pDC,specific,0.850988888339161,64,0.9441912994803779,-0.09320241114121697,less_pure
GSM4138127,17,3,Ambiguous/Mixed,ambiguous,0.8233975496662564,144,,,ambiguous
GSM4138128,17,1,Ambiguous/Mixed,ambiguous,0.8813388704685386,544,,,ambiguous
GSM4138128,17,2,DC_pDC,specific,0.9367503398804925,87,0.9782659584116306,-0.041515618531138054,tie
GSM4138129,17,1,Ambiguous/Mixed,ambiguous,0.7222287124723787,236,,,ambiguous
GSM4138129,17,2,DC_pDC,specific,0.9150457418782827,36,0.9868286715955322,-0.07178292971724953,less_pure
GSM4138130,17,1,Ambiguous/Mixed,ambiguous,0.9195887379424578,582,,,ambiguous
GSM4138130,17,2,DC_pDC,specific,0.9231249852618924,73,0.9639490407838097,-0.04082405552191737,tie
GSM4138130,17,3,Ambiguous/Mixed,ambiguous,0.9935814087781712,27,,,ambiguous
GSM4138131,17,1,Ambiguous/Mixed,ambiguous,0.7109418521329148,442,,,ambiguous
GSM4138131,17,2,DC_pDC,specific,0.7786669565483926,153,0.9179857890881354,-0.13931883253974287,less_pure
GSM4138131,17,3,Ambiguous/Mixed,ambiguous,0.7236805686894505,330,,,ambiguous
GSM4138131,17,4,Mast,specific,0.9845419573020023,17,0.9764376533440459,0.008104303957956471,tie
GSM4138131,17,9,Ambiguous/Mixed,ambiguous,0.9433911478983763,19,,,ambiguous
GSM4138132,17,1,Ambiguous/Mixed,ambiguous,0.9332883375462206,640,,,ambiguous
GSM4138132,17,2,DC_pDC,specific,0.978133910580234,46,,,no_baseline
GSM4138132,17,3,Ambiguous/Mixed,ambiguous,1.0,17,,,ambiguous
GSM4138133,17,1,Ambiguous/Mixed,ambiguous,0.7320449723495415,286,,,ambiguous
GSM4138133,17,2,DC_pDC,specific,0.9010118335244425,46,0.9780104357713506,-0.07699860224690813,less_pure
GSM4138134,17,1,Ambiguous/Mixed,ambiguous,0.9564923806074427,1211,,,ambiguous
GSM4138134,17,2,DC_pDC,specific,0.9505127302685946,52,0.9856991785152992,-0.03518644824670458,tie
GSM4138135,17,1,Ambiguous/Mixed,ambiguous,0.6773725238902617,801,,,ambiguous
GSM4138135,17,2,DC_pDC,specific,0.9460786260633283,24,0.9787886250594097,-0.0327099989960814,tie
GSM4138135,17,3,Ambiguous/Mixed,ambiguous,0.8300878715952985,58,,,ambiguous
GSM4138135,17,4,Mast,specific,1.0,19,1.0,0.0,tie
GSM4138136,17,1,Ambiguous/Mixed,ambiguous,0.897545671138613,641,,,ambiguous
GSM4138136,17,2,DC_pDC,specific,0.9321242501301601,38,,,no_baseline
GSM4138137,17,1,Ambiguous/Mixed,ambiguous,0.7598891998364766,689,,,ambiguous
GSM4138137,17,2,DC_pDC,specific,0.943213217570663,24,,,no_baseline
GSM4138137,17,3,Ambiguous/Mixed,ambiguous,0.8546929915224528,60,,,ambiguous
GSM4138138,17,1,Ambiguous/Mixed,ambiguous,0.8862739672943118,576,,,ambiguous
GSM4138138,17,2,DC_pDC,specific,0.9252009067762796,41,,,no_baseline
GSM4138139,17,1,Ambiguous/Mixed,ambiguous,0.6592309344012272,504,,,ambiguous
GSM4138139,17,2,DC_pDC,specific,0.9411294058664187,45,0.9506174967437965,-0.009488090877377786,tie
GSM4138139,17,3,Ambiguous/Mixed,ambiguous,0.8258051879396089,129,,,ambiguous
GSM4138139,17,4,Mast,specific,0.9714503271658984,51,0.9658315628046693,0.0056187643612291005,tie
GSM4138140,17,1,Ambiguous/Mixed,ambiguous,0.9065159406435577,701,,,ambiguous
GSM4138140,17,2,DC_pDC,specific,0.9386550215225641,36,,,no_baseline
GSM4138141,17,1,Ambiguous/Mixed,ambiguous,0.7226927548422555,510,,,ambiguous
GSM4138141,17,2,DC_pDC,specific,0.7974652696135668,139,0.9165508686482305,-0.11908559903466376,less_pure
GSM4138141,17,3,Ambiguous/Mixed,ambiguous,0.8251736802923413,70,,,ambiguous
GSM4138142,17,1,Ambiguous/Mixed,ambiguous,0.9083915205313742,688,,,ambiguous
GSM4138142,17,2,DC_pDC,specific,0.9333226699810906,31,,,no_baseline
GSM4138143,17,1,Ambiguous/Mixed,ambiguous,0.7234419417714458,315,,,ambiguous
GSM4138143,17,2,DC_pDC,specific,0.8365954936072338,84,0.9295762244202338,-0.09298073081299996,less_pure
GSM4138143,17,4,Mast,specific,0.9711194746254267,28,0.9748135904112316,-0.003694115785804919,tie
GSM4138144,17,1,Ambiguous/Mixed,ambiguous,0.8498831569088204,298,,,ambiguous
GSM4138144,17,2,DC_pDC,specific,0.8797413605226931,33,,,no_baseline
GSM4138145,17,1,Ambiguous/Mixed,ambiguous,0.6897127993534349,486,,,ambiguous
GSM4138145,17,2,DC_pDC,specific,0.8483997330120284,110,0.9472622152517468,-0.09886248223971839,less_pure
GSM4138145,17,3,Ambiguous/Mixed,ambiguous,0.8961582482955543,20,,,ambiguous
GSM4138146,17,1,Ambiguous/Mixed,ambiguous,0.888289866285572,460,,,ambiguous
GSM4138146,17,2,DC_pDC,specific,0.9372205132634481,39,,,no_baseline
GSM4138146,17,3,Ambiguous/Mixed,ambiguous,0.9834927921518992,20,,,ambiguous
GSM4138147,17,1,Ambiguous/Mixed,ambiguous,0.7807184317221232,24,,,ambiguous
GSM4138147,17,2,DC_pDC,specific,0.9033928471220383,36,0.935324749011505,-0.03193190188946671,tie
GSM4138148,17,1,Ambiguous/Mixed,ambiguous,0.848786243228475,178,,,ambiguous
GSM4138148,17,2,DC_pDC,specific,1.0,22,,,no_baseline
GSM4138149,17,1,Ambiguous/Mixed,ambiguous,0.8837849547463279,25,,,ambiguous
GSM4138150,17,1,Ambiguous/Mixed,ambiguous,0.897909786957394,190,,,ambiguous
GSM4138150,17,2,DC_pDC,specific,0.9529003073523672,24,,,no_baseline
GSM4138151,17,1,Ambiguous/Mixed,ambiguous,0.9728685240660508,20,,,ambiguous
GSM4138151,17,2,DC_pDC,specific,0.9673339807874858,22,0.9806392337550041,-0.013305252967518277,tie
GSM4138152,17,1,Ambiguous/Mixed,ambiguous,0.8566104424917582,461,,,ambiguous
GSM4138152,17,2,DC_pDC,specific,0.9470656854086414,32,0.992154406195808,-0.045088720787166525,tie
GSM4138153,17,1,Ambiguous/Mixed,ambiguous,0.7578956889537038,55,,,ambiguous
GSM4138153,17,2,DC_pDC,specific,0.9373270349785707,21,,,no_baseline
GSM4138154,17,1,Ambiguous/Mixed,ambiguous,0.828703408821198,358,,,ambiguous
GSM4138154,17,2,DC_pDC,specific,0.9688994905010057,16,,,no_baseline
GSM4138155,17,1,Ambiguous/Mixed,ambiguous,0.5997755642790535,618,,,ambiguous
GSM4138155,17,2,DC_pDC,specific,0.8498815036551731,79,0.9062361607604512,-0.056354657105278094,less_pure
GSM4138155,17,3,Ambiguous/Mixed,ambiguous,0.8464535660961731,35,,,ambiguous
GSM4138155,17,4,Mast,specific,0.9417778538948136,18,0.9381206978557273,0.00365715603908634,tie
GSM4138155,17,9,Ambiguous/Mixed,ambiguous,0.9511792393029601,20,,,ambiguous
GSM4138156,17,1,Ambiguous/Mixed,ambiguous,0.8960803078668969,918,,,ambiguous
GSM4138156,17,2,DC_pDC,specific,0.8845421031171858,75,0.9539837451128743,-0.06944164199568847,less_pure
GSM4138156,17,3,Ambiguous/Mixed,ambiguous,0.9578522267917439,25,,,ambiguous
GSM4138157,17,1,Ambiguous/Mixed,ambiguous,0.7050756837040149,145,,,ambiguous
GSM4138157,17,2,DC_pDC,specific,0.9511761716406647,34,0.9771060119735836,-0.025929840332918896,tie
GSM4138157,17,3,Ambiguous/Mixed,ambiguous,1.0,19,,,ambiguous
GSM4138158,17,1,Ambiguous/Mixed,ambiguous,0.8955717529007992,278,,,ambiguous
GSM4138158,17,2,DC_pDC,specific,0.9542005741431394,31,,,no_baseline
GSM4138159,17,1,Ambiguous/Mixed,ambiguous,0.7251752106449894,132,,,ambiguous
GSM4138159,17,2,DC_pDC,specific,0.9806478041985217,16,,,no_baseline
GSM4138160,17,1,Ambiguous/Mixed,ambiguous,0.8973504704889755,485,,,ambiguous
GSM4138160,17,2,DC_pDC,specific,0.9463672615322566,38,0.980833886723325,-0.03446662519106847,tie
GSM4138161,17,1,Ambiguous/Mixed,ambiguous,0.6686981496350203,298,,,ambiguous
GSM4138161,17,2,DC_pDC,specific,0.7890704777394455,130,0.8488491714550629,-0.05977869371561739,less_pure
GSM4138161,17,3,Ambiguous/Mixed,ambiguous,0.8281874955240968,52,,,ambiguous
GSM4138161,17,9,Ambiguous/Mixed,ambiguous,0.9717441884948799,16,,,ambiguous
GSM4138162,17,1,Ambiguous/Mixed,ambiguous,0.8906044122610324,484,,,ambiguous
GSM4138162,17,2,DC_pDC,specific,0.9366722084149848,41,0.9897606953288196,-0.05308848691383483,less_pure
GSM4138163,17,1,Ambiguous/Mixed,ambiguous,0.907456430436349,423,,,ambiguous
GSM4138163,17,2,DC_pDC,specific,0.9596772793192427,29,0.9858316108356697,-0.026154331516426987,tie
GSM4138164,17,1,Ambiguous/Mixed,ambiguous,0.8395625379771497,155,,,ambiguous
GSM4138164,17,2,DC_pDC,specific,1.0,19,,,no_baseline
GSM4138165,17,1,Ambiguous/Mixed,ambiguous,0.8949850658164404,437,,,ambiguous
GSM4138165,17,2,DC_pDC,specific,0.8851191927496197,39,,,no_baseline
GSM4138166,17,1,Ambiguous/Mixed,ambiguous,0.8915677334373335,467,,,ambiguous
GSM4138166,17,2,DC_pDC,specific,0.8943882078183664,65,,,no_baseline
GSM4138167,17,1,Ambiguous/Mixed,ambiguous,0.8860657128214239,339,,,ambiguous
GSM4138167,17,2,DC_pDC,specific,0.9177556822131814,39,,,no_baseline
GSM4138168,17,2,DC_pDC,specific,0.984660069778143,17,0.9457890908623999,0.03887097891574309,tie
GSM4138169,17,1,Ambiguous/Mixed,ambiguous,0.9803894539291542,17,,,ambiguous
GSM4138170,17,1,Ambiguous/Mixed,ambiguous,0.9554491799751693,22,,,ambiguous
GSM4138171,17,1,Ambiguous/Mixed,ambiguous,0.9760712496646808,25,,,ambiguous
GSM4138171,17,2,DC_pDC,specific,0.9869037437715381,15,,,no_baseline
GSM4138172,17,1,Ambiguous/Mixed,ambiguous,0.9120033482846142,31,,,ambiguous
GSM4138110,18,1,Ambiguous/Mixed,ambiguous,0.9117511928332115,627,,,ambiguous
GSM4138110,18,2,DC_pDC,specific,0.9642139230890165,33,0.9555193703185515,0.008694552770465047,tie
GSM4138111,18,1,Ambiguous/Mixed,ambiguous,0.6943235167276145,279,,,ambiguous
GSM4138111,18,2,DC_pDC,specific,0.7642386535860142,79,0.8980982837036952,-0.13385963011768098,less_pure
GSM4138111,18,3,Mast,specific,0.9783986715882725,21,0.9059125026497903,0.07248616893848225,purer
GSM4138111,18,5,Ambiguous/Mixed,ambiguous,0.9500989977790443,25,,,ambiguous
GSM4138112,18,1,Ambiguous/Mixed,ambiguous,0.89109398562983,354,,,ambiguous
GSM4138112,18,2,DC_pDC,specific,0.9194194522860224,40,0.9672228106134714,-0.047803358327448975,tie
GSM4138113,18,1,Ambiguous/Mixed,ambiguous,0.7256029791354099,134,,,ambiguous
GSM4138113,18,2,DC_pDC,specific,0.771320889552173,41,0.9211167331049517,-0.14979584355277864,less_pure
GSM4138114,18,1,Ambiguous/Mixed,ambiguous,0.8769103836005709,353,,,ambiguous
GSM4138114,18,2,DC_pDC,specific,0.956601547882616,24,,,no_baseline
GSM4138115,18,1,Ambiguous/Mixed,ambiguous,0.7843698957161316,138,,,ambiguous
GSM4138115,18,2,DC_pDC,specific,0.9248728480013204,28,0.9816087420119992,-0.0567358940106788,less_pure
GSM4138116,18,1,Ambiguous/Mixed,ambiguous,0.9217166910356253,703,,,ambiguous
GSM4138117,18,1,Ambiguous/Mixed,ambiguous,0.7263572516943982,308,,,ambiguous
GSM4138117,18,2,DC_pDC,specific,0.9606539377213017,22,,,no_baseline
GSM4138118,18,1,Ambiguous/Mixed,ambiguous,0.8770768667778066,292,,,ambiguous
GSM4138119,18,1,Ambiguous/Mixed,ambiguous,0.6408953280362815,108,,,ambiguous
GSM4138120,18,1,Ambiguous/Mixed,ambiguous,0.8473069186100034,608,,,ambiguous
GSM4138120,18,2,DC_pDC,specific,0.9655017564459338,18,,,no_baseline
GSM4138121,18,1,Ambiguous/Mixed,ambiguous,0.6237750364892436,179,,,ambiguous
GSM4138121,18,2,DC_pDC,specific,0.9242843669339657,17,,,no_baseline
GSM4138122,18,1,Ambiguous/Mixed,ambiguous,0.8814912149219919,545,,,ambiguous
GSM4138122,18,2,DC_pDC,specific,0.963756497523726,63,0.9782659584116306,-0.014509460887904502,tie
GSM4138123,18,1,Ambiguous/Mixed,ambiguous,0.6867069042805962,553,,,ambiguous
GSM4138123,18,2,DC_pDC,specific,0.9203798420642291,52,0.9383997749472549,-0.018019932883025835,tie
GSM4138123,18,6,Ambiguous/Mixed,ambiguous,0.8121717708877948,65,,,ambiguous
GSM4138124,18,1,Ambiguous/Mixed,ambiguous,0.9161194431127048,339,,,ambiguous
GSM4138124,18,2,DC_pDC,specific,0.9497804216418725,21,,,no_baseline
GSM4138125,18,1,Ambiguous/Mixed,ambiguous,0.7091667161421811,503,,,ambiguous
GSM4138125,18,2,DC_pDC,specific,0.9820070735647493,15,,,no_baseline
GSM4138126,18,1,Ambiguous/Mixed,ambiguous,0.9528515383553519,757,,,ambiguous
GSM4138126,18,2,DC_pDC,specific,0.9463547191239773,32,,,no_baseline
GSM4138127,18,1,Ambiguous/Mixed,ambiguous,0.7065548786572505,405,,,ambiguous
GSM4138127,18,2,DC_pDC,specific,0.8938275694345131,39,0.9441912994803779,-0.05036373004586481,less_pure
GSM4138127,18,5,Ambiguous/Mixed,ambiguous,0.9282152281570404,18,,,ambiguous
GSM4138127,18,6,Ambiguous/Mixed,ambiguous,0.9398184595585848,27,,,ambiguous
GSM4138128,18,1,Ambiguous/Mixed,ambiguous,0.8814912149219919,545,,,ambiguous
GSM4138128,18,2,DC_pDC,specific,0.963756497523726,63,0.9782659584116306,-0.014509460887904502,tie
GSM4138129,18,1,Ambiguous/Mixed,ambiguous,0.7205557707147716,235,,,ambiguous
GSM4138129,18,2,DC_pDC,specific,0.9681069727750594,27,0.9868286715955322,-0.01872169882047281,tie
GSM4138130,18,1,Ambiguous/Mixed,ambiguous,0.9192429154540388,583,,,ambiguous
GSM4138130,18,2,DC_pDC,specific,0.9512388957665705,46,0.9639490407838097,-0.012710145017239216,tie
GSM4138131,18,1,Ambiguous/Mixed,ambiguous,0.7054213307589521,604,,,ambiguous
GSM4138131,18,2,DC_pDC,specific,0.8391017186184827,90,0.9179857890881354,-0.07888407046965273,less_pure
GSM4138131,18,3,Mast,specific,0.9700972690342095,17,0.9764376533440459,-0.006340384309836411,tie
GSM4138131,18,5,Ambiguous/Mixed,ambiguous,0.9292807835606574,60,,,ambiguous
GSM4138131,18,6,Ambiguous/Mixed,ambiguous,0.9523649712998719,22,,,ambiguous
GSM4138132,18,1,Ambiguous/Mixed,ambiguous,0.933026659763963,643,,,ambiguous
GSM4138132,18,2,DC_pDC,specific,0.9765476345855187,35,,,no_baseline
GSM4138133,18,1,Ambiguous/Mixed,ambiguous,0.7362264966591631,284,,,ambiguous
GSM4138133,18,2,DC_pDC,specific,0.9086605959773646,36,0.9780104357713506,-0.06934983979398601,less_pure
GSM4138134,18,1,Ambiguous/Mixed,ambiguous,0.9561562126178971,1213,,,ambiguous
GSM4138134,18,2,DC_pDC,specific,0.9681304156337995,43,0.9856991785152992,-0.017568762881499667,tie
GSM4138135,18,1,Ambiguous/Mixed,ambiguous,0.6900227729188249,768,,,ambiguous
GSM4138135,18,3,Mast,specific,1.0,17,1.0,0.0,tie
GSM4138135,18,6,Ambiguous/Mixed,ambiguous,0.8114257505657796,63,,,ambiguous
GSM4138136,18,1,Ambiguous/Mixed,ambiguous,0.897545671138613,641,,,ambiguous
GSM4138136,18,2,DC_pDC,specific,0.95958144955275,28,,,no_baseline
GSM4138137,18,1,Ambiguous/Mixed,ambiguous,0.7504746179276696,642,,,ambiguous
GSM4138137,18,6,Ambiguous/Mixed,ambiguous,0.8157138680524626,70,,,ambiguous
GSM4138138,18,1,Ambiguous/Mixed,ambiguous,0.8860735004110856,575,,,ambiguous
GSM4138138,18,2,DC_pDC,specific,0.9565644039970395,31,,,no_baseline
GSM4138139,18,1,Ambiguous/Mixed,ambiguous,0.6469388978961789,548,,,ambiguous
GSM4138139,18,2,DC_pDC,specific,0.9570991185680193,38,0.9506174967437965,0.00648162182422285,tie
GSM4138139,18,3,Mast,specific,0.9747175185765989,45,0.9658315628046693,0.008885955771929632,tie
GSM4138139,18,4,Ambiguous/Mixed,ambiguous,0.9701803478052328,16,,,ambiguous
GSM4138139,18,6,Ambiguous/Mixed,ambiguous,0.9634450998329033,24,,,ambiguous
GSM4138140,18,1,Ambiguous/Mixed,ambiguous,0.9072145288378533,702,,,ambiguous
GSM4138140,18,2,DC_pDC,specific,0.9567434896552202,30,,,no_baseline
GSM4138141,18,1,Ambiguous/Mixed,ambiguous,0.7221325402501289,545,,,ambiguous
GSM4138141,18,2,DC_pDC,specific,0.8502444041064855,94,0.9165508686482305,-0.06630646454174505,less_pure
GSM4138141,18,5,Ambiguous/Mixed,ambiguous,0.9388171666424194,37,,,ambiguous
GSM4138142,18,1,Ambiguous/Mixed,ambiguous,0.9083915205313742,688,,,ambiguous
GSM4138142,18,2,DC_pDC,specific,0.9829414281544467,23,,,no_baseline
GSM4138143,18,1,Ambiguous/Mixed,ambiguous,0.7194352609133758,313,,,ambiguous
GSM4138143,18,2,DC_pDC,specific,0.8679033950086765,64,0.9295762244202338,-0.06167282941155727,less_pure
GSM4138143,18,3,Mast,specific,0.9704892203280648,24,0.9748135904112316,-0.004324370083166773,tie
GSM4138144,18,1,Ambiguous/Mixed,ambiguous,0.8498831569088204,298,,,ambiguous
GSM4138144,18,2,DC_pDC,specific,0.8841418257223724,30,,,no_baseline
GSM4138145,18,1,Ambiguous/Mixed,ambiguous,0.6873199595638353,481,,,ambiguous
GSM4138145,18,2,DC_pDC,specific,0.8905504215446196,81,0.9472622152517468,-0.0567117937071272,less_pure
GSM4138145,18,5,Ambiguous/Mixed,ambiguous,0.9727552158469047,15,,,ambiguous
GSM4138146,18,1,Ambiguous/Mixed,ambiguous,0.888289866285572,460,,,ambiguous
GSM4138146,18,2,DC_pDC,specific,0.9361594559056559,25,,,no_baseline
GSM4138147,18,1,Ambiguous/Mixed,ambiguous,0.7658591325311571,25,,,ambiguous
GSM4138147,18,2,DC_pDC,specific,0.9265442409387891,27,0.935324749011505,-0.008780508072715909,tie
GSM4138148,18,1,Ambiguous/Mixed,ambiguous,0.848786243228475,178,,,ambiguous
GSM4138148,18,2,DC_pDC,specific,1.0,18,,,no_baseline
GSM4138149,18,1,Ambiguous/Mixed,ambiguous,0.8837849547463279,25,,,ambiguous
GSM4138150,18,1,Ambiguous/Mixed,ambiguous,0.897909786957394,190,,,ambiguous
GSM4138150,18,2,DC_pDC,specific,0.9620499755352367,17,,,no_baseline
GSM4138151,18,1,Ambiguous/Mixed,ambiguous,0.9728685240660508,20,,,ambiguous
GSM4138152,18,1,Ambiguous/Mixed,ambiguous,0.8566104424917582,461,,,ambiguous
GSM4138152,18,2,DC_pDC,specific,0.9539304051088093,25,0.992154406195808,-0.03822400108699864,tie
GSM4138153,18,1,Ambiguous/Mixed,ambiguous,0.7439735809044379,55,,,ambiguous
GSM4138153,18,2,DC_pDC,specific,0.9734701892424036,16,,,no_baseline
GSM4138154,18,1,Ambiguous/Mixed,ambiguous,0.828703408821198,358,,,ambiguous
GSM4138154,18,2,DC_pDC,specific,0.9688994905010057,16,,,no_baseline
GSM4138155,18,1,Ambiguous/Mixed,ambiguous,0.597075260553833,608,,,ambiguous
GSM4138155,18,2,DC_pDC,specific,0.9141867627365453,47,0.9062361607604512,0.007950601976094096,tie
GSM4138155,18,3,Mast,specific,0.9689663485453668,15,0.9381206978557273,0.030845650689639514,tie
GSM4138155,18,5,Ambiguous/Mixed,ambiguous,0.9176377867761153,35,,,ambiguous
GSM4138155,18,6,Ambiguous/Mixed,ambiguous,0.9691232839613568,16,,,ambiguous
GSM4138156,18,1,Ambiguous/Mixed,ambiguous,0.8960803078668969,918,,,ambiguous
GSM4138156,18,2,DC_pDC,specific,0.9105367764493413,46,0.9539837451128743,-0.04344696866353304,tie
GSM4138157,18,1,Ambiguous/Mixed,ambiguous,0.7082298270390744,144,,,ambiguous
GSM4138157,18,2,DC_pDC,specific,0.9482101851445297,27,0.9771060119735836,-0.028895826829053894,tie
GSM4138158,18,1,Ambiguous/Mixed,ambiguous,0.8955717529007992,278,,,ambiguous
GSM4138158,18,2,DC_pDC,specific,0.9769826861852065,22,,,no_baseline
GSM4138159,18,1,Ambiguous/Mixed,ambiguous,0.7334508265611194,133,,,ambiguous
GSM4138160,18,1,Ambiguous/Mixed,ambiguous,0.8973504704889755,485,,,ambiguous
GSM4138160,18,2,DC_pDC,specific,0.9723799174587787,18,0.980833886723325,-0.008453969264546335,tie
GSM4138161,18,1,Ambiguous/Mixed,ambiguous,0.6655864389468813,314,,,ambiguous
GSM4138161,18,13,Ambiguous/Mixed,ambiguous,0.9581666489594972,19,,,ambiguous
GSM4138161,18,2,DC_pDC,specific,0.861233878578818,55,0.8488491714550629,0.012384707123755057,tie
GSM4138161,18,5,Ambiguous/Mixed,ambiguous,0.9030365730961428,69,,,ambiguous
GSM4138162,18,1,Ambiguous/Mixed,ambiguous,0.8911671709487927,485,,,ambiguous
GSM4138162,18,2,DC_pDC,specific,0.9525479344970806,32,0.9897606953288196,-0.03721276083173897,tie
GSM4138163,18,1,Ambiguous/Mixed,ambiguous,0.907456430436349,423,,,ambiguous
GSM4138163,18,2,DC_pDC,specific,0.989918031561106,25,0.9858316108356697,0.004086420725436302,tie
GSM4138164,18,1,Ambiguous/Mixed,ambiguous,0.8395625379771497,155,,,ambiguous
GSM4138165,18,1,Ambiguous/Mixed,ambiguous,0.8949850658164404,437,,,ambiguous
GSM4138165,18,2,DC_pDC,specific,0.9488232667917198,25,,,no_baseline
GSM4138166,18,1,Ambiguous/Mixed,ambiguous,0.8915677334373335,467,,,ambiguous
GSM4138166,18,2,DC_pDC,specific,0.9054180483381383,39,,,no_baseline
GSM4138167,18,1,Ambiguous/Mixed,ambiguous,0.8860657128214239,339,,,ambiguous
GSM4138167,18,2,DC_pDC,specific,1.0,22,,,no_baseline
GSM4138169,18,1,Ambiguous/Mixed,ambiguous,0.9803894539291542,17,,,ambiguous
GSM4138170,18,1,Ambiguous/Mixed,ambiguous,0.9554491799751693,22,,,ambiguous
GSM4138171,18,1,Ambiguous/Mixed,ambiguous,0.9760712496646808,25,,,ambiguous
GSM4138172,18,1,Ambiguous/Mixed,ambiguous,0.9120033482846142,31,,,ambiguous
GSM4138110,19,1,Mac_SPP1,specific,0.9156012636821876,348,,,no_baseline
GSM4138110,19,2,DC_pDC,specific,0.889388011670956,158,0.9555193703185515,-0.06613135864759545,less_pure
GSM4138110,19,3,Ambiguous/Mixed,ambiguous,0.9117380709388907,371,,,ambiguous
GSM4138110,19,4,Ambiguous/Mixed,ambiguous,0.9249202971707107,243,,,ambiguous
GSM4138110,19,5,DC_family,family,0.975684865358653,30,0.978529942536888,-0.0028450771782350115,tie
GSM4138111,19,1,Mac_SPP1,specific,0.762234174089314,89,,,no_baseline
GSM4138111,19,10,Mast,specific,0.876493661763317,29,0.9059125026497903,-0.029418840886473285,tie
GSM4138111,19,2,DC_pDC,specific,0.7873046660205483,163,0.8980982837036952,-0.11079361768314688,less_pure
GSM4138111,19,3,Ambiguous/Mixed,ambiguous,0.734485910368345,133,,,ambiguous
GSM4138111,19,4,Ambiguous/Mixed,ambiguous,0.73436199744326,108,,,ambiguous
GSM4138111,19,5,DC_family,family,0.7680813488591164,68,0.7139188135165719,0.05416253534254445,purer
GSM4138111,19,7,Ambiguous/Mixed,ambiguous,0.915394497972406,25,,,ambiguous
GSM4138112,19,1,Mac_SPP1,specific,0.8902417706457362,234,,,no_baseline
GSM4138112,19,2,DC_pDC,specific,0.8588443415158318,135,0.9672228106134714,-0.1083784690976396,less_pure
GSM4138112,19,3,Ambiguous/Mixed,ambiguous,0.8968849250254598,238,,,ambiguous
GSM4138112,19,4,Ambiguous/Mixed,ambiguous,0.9014639694557873,89,,,ambiguous
GSM4138112,19,5,DC_family,family,0.9654676711385748,21,0.9631782563261827,0.0022894148123920877,tie
GSM4138113,19,1,Mac_SPP1,specific,0.869636818454993,41,,,no_baseline
GSM4138113,19,2,DC_pDC,specific,0.7689712090879832,86,0.9211167331049517,-0.15214552401696846,less_pure
GSM4138113,19,3,Ambiguous/Mixed,ambiguous,0.846043160624633,59,,,ambiguous
GSM4138113,19,4,Ambiguous/Mixed,ambiguous,0.7913213776514496,60,,,ambiguous
GSM4138113,19,7,Ambiguous/Mixed,ambiguous,0.9710460919701139,32,,,ambiguous
GSM4138114,19,1,Mac_SPP1,specific,0.9078040773715755,225,,,no_baseline
GSM4138114,19,2,DC_pDC,specific,0.8675785374334761,134,,,no_baseline
GSM4138114,19,3,Ambiguous/Mixed,ambiguous,0.8994994450384273,253,,,ambiguous
GSM4138114,19,4,Ambiguous/Mixed,ambiguous,0.8827338523536431,74,,,ambiguous
GSM4138115,19,1,Mac_SPP1,specific,0.9781962201183052,21,,,no_baseline
GSM4138115,19,2,DC_pDC,specific,0.9161288142257167,48,0.9816087420119992,-0.06547992778628253,less_pure
GSM4138115,19,3,Ambiguous/Mixed,ambiguous,0.86502236176718,53,,,ambiguous
GSM4138115,19,4,Ambiguous/Mixed,ambiguous,0.8747483978758588,54,,,ambiguous
GSM4138115,19,5,DC_family,family,0.962921361161682,19,0.7727754744975728,0.19014588666410925,purer
GSM4138115,19,6,Ambiguous/Mixed,ambiguous,0.9832544107595297,16,,,ambiguous
GSM4138115,19,8,DC_family,family,0.9691866968316669,22,0.7727754744975728,0.19641122233409414,purer
GSM4138115,19,9,Ambiguous/Mixed,ambiguous,0.9104593218747529,28,,,ambiguous
GSM4138116,19,1,Mac_SPP1,specific,0.9496110355222054,446,,,no_baseline
GSM4138116,19,2,DC_pDC,specific,0.9262073467873521,100,,,no_baseline
GSM4138116,19,3,Ambiguous/Mixed,ambiguous,0.9352359259276413,281,,,ambiguous
GSM4138116,19,4,Ambiguous/Mixed,ambiguous,0.915298888765493,392,,,ambiguous
GSM4138116,19,6,Ambiguous/Mixed,ambiguous,0.9830443786044614,21,,,ambiguous
GSM4138116,19,7,Ambiguous/Mixed,ambiguous,0.9944677428590433,15,,,ambiguous
GSM4138117,19,1,Mac_SPP1,specific,0.8364114261361909,121,,,no_baseline
GSM4138117,19,11,Ambiguous/Mixed,ambiguous,0.9569842682490517,18,,,ambiguous
GSM4138117,19,2,DC_pDC,specific,0.9148641625928805,37,,,no_baseline
GSM4138117,19,3,Ambiguous/Mixed,ambiguous,0.7341106788419511,152,,,ambiguous
GSM4138117,19,4,Ambiguous/Mixed,ambiguous,0.7095164951650044,125,,,ambiguous
GSM4138117,19,6,Ambiguous/Mixed,ambiguous,0.8895565863685815,28,,,ambiguous
GSM4138117,19,7,Ambiguous/Mixed,ambiguous,0.9093555154786421,29,,,ambiguous
GSM4138118,19,1,Mac_SPP1,specific,0.9070590727073118,237,,,no_baseline
GSM4138118,19,2,DC_pDC,specific,0.8686925616924546,56,,,no_baseline
GSM4138118,19,3,Ambiguous/Mixed,ambiguous,0.9602614033711023,111,,,ambiguous
GSM4138118,19,4,Ambiguous/Mixed,ambiguous,0.8717829818203446,129,,,ambiguous
GSM4138118,19,7,Ambiguous/Mixed,ambiguous,1.0,17,,,ambiguous
GSM4138119,19,1,Mac_SPP1,specific,0.7626921053732744,65,0.8901661361622865,-0.1274740307890121,less_pure
GSM4138119,19,4,Ambiguous/Mixed,ambiguous,0.901457256081487,24,,,ambiguous
GSM4138119,19,7,Ambiguous/Mixed,ambiguous,0.8061204483800072,45,,,ambiguous
GSM4138120,19,1,Mac_SPP1,specific,0.8601774944110748,474,,,no_baseline
GSM4138120,19,2,DC_pDC,specific,0.8194253802338299,124,,,no_baseline
GSM4138120,19,3,Ambiguous/Mixed,ambiguous,0.8784371633263638,300,,,ambiguous
GSM4138120,19,4,Ambiguous/Mixed,ambiguous,0.8339345536575686,243,,,ambiguous
GSM4138120,19,6,Ambiguous/Mixed,ambiguous,0.9389597520804951,31,,,ambiguous
GSM4138121,19,1,Mac_SPP1,specific,1.0,15,,,no_baseline
GSM4138121,19,2,DC_pDC,specific,0.8907184503009984,25,,,no_baseline
GSM4138121,19,3,Ambiguous/Mixed,ambiguous,0.9213566195371402,20,,,ambiguous
GSM4138121,19,4,Ambiguous/Mixed,ambiguous,0.8677928311667074,41,,,ambiguous
GSM4138121,19,6,Ambiguous/Mixed,ambiguous,0.97605021924287,17,,,ambiguous
GSM4138121,19,7,Ambiguous/Mixed,ambiguous,0.7220895942585683,107,,,ambiguous
GSM4138121,19,9,Ambiguous/Mixed,ambiguous,0.915363144618974,21,,,ambiguous
GSM4138122,19,1,Mac_SPP1,specific,0.8875342079575976,426,,,no_baseline
GSM4138122,19,2,DC_pDC,specific,0.8818661943450794,247,0.9782659584116306,-0.09639976406655115,less_pure
GSM4138122,19,3,Ambiguous/Mixed,ambiguous,0.8876099525706315,329,,,ambiguous
GSM4138122,19,4,Ambiguous/Mixed,ambiguous,0.8995085011484036,129,,,ambiguous
GSM4138122,19,5,DC_family,family,0.976529836544875,48,0.9508492071935304,0.02568062935134463,tie
GSM4138123,19,1,Mac_SPP1,specific,0.9367571462316394,20,,,no_baseline
GSM4138123,19,2,DC_pDC,specific,0.790699049538409,69,0.9383997749472549,-0.14770072540884593,less_pure
GSM4138123,19,3,Ambiguous/Mixed,ambiguous,0.7042101335750002,178,,,ambiguous
GSM4138123,19,4,Ambiguous/Mixed,ambiguous,0.7512434427283614,374,,,ambiguous
GSM4138123,19,5,DC_family,family,0.908566095570304,31,0.7694321137860433,0.13913398178426073,purer
GSM4138123,19,7,Ambiguous/Mixed,ambiguous,0.8379962138815644,56,,,ambiguous
GSM4138123,19,8,DC_family,family,0.9670344221034226,15,0.7694321137860433,0.19760230831737935,purer
GSM4138124,19,1,Mac_SPP1,specific,0.933331303501405,231,,,no_baseline
GSM4138124,19,2,DC_pDC,specific,0.9073173981864577,94,,,no_baseline
GSM4138124,19,3,Ambiguous/Mixed,ambiguous,0.9431917515658497,163,,,ambiguous
GSM4138124,19,4,Ambiguous/Mixed,ambiguous,0.9029859466462787,139,,,ambiguous
GSM4138124,19,6,Ambiguous/Mixed,ambiguous,0.9685789941647981,27,,,ambiguous
GSM4138125,19,1,Mac_SPP1,specific,0.7178131168564679,451,0.7610993234066383,-0.04328620655017046,tie
GSM4138125,19,2,DC_pDC,specific,0.8718036702727909,38,,,no_baseline
GSM4138125,19,3,Ambiguous/Mixed,ambiguous,0.8561574744149197,58,,,ambiguous
GSM4138125,19,4,Ambiguous/Mixed,ambiguous,0.7711688680267831,104,,,ambiguous
GSM4138126,19,1,Mac_SPP1,specific,0.9579567066524155,472,,,no_baseline
GSM4138126,19,2,DC_pDC,specific,0.9408766820591858,223,,,no_baseline
GSM4138126,19,3,Ambiguous/Mixed,ambiguous,0.955465216176216,460,,,ambiguous
GSM4138126,19,4,Ambiguous/Mixed,ambiguous,0.9562381835211259,229,,,ambiguous
GSM4138126,19,5,DC_family,family,0.9769022751094999,27,0.9796119788439297,-0.0027097037344298025,tie
GSM4138127,19,1,Mac_SPP1,specific,0.8336729702843612,105,0.903668686975214,-0.0699957166908528,less_pure
GSM4138127,19,2,DC_pDC,specific,0.8437796636400143,85,0.9441912994803779,-0.10041163584036361,less_pure
GSM4138127,19,3,Ambiguous/Mixed,ambiguous,0.8087489183443667,108,,,ambiguous
GSM4138127,19,4,Ambiguous/Mixed,ambiguous,0.8521391149868872,53,,,ambiguous
GSM4138127,19,5,DC_family,family,0.9321564738756882,33,0.891335201708411,0.04082127216727727,tie
GSM4138127,19,6,Ambiguous/Mixed,ambiguous,0.8251038505363237,94,,,ambiguous
GSM4138127,19,7,Ambiguous/Mixed,ambiguous,0.8158247805349973,199,,,ambiguous
GSM4138128,19,1,Mac_SPP1,specific,0.8875342079575976,426,,,no_baseline
GSM4138128,19,2,DC_pDC,specific,0.8818661943450794,247,0.9782659584116306,-0.09639976406655115,less_pure
GSM4138128,19,3,Ambiguous/Mixed,ambiguous,0.8876099525706315,329,,,ambiguous
GSM4138128,19,4,Ambiguous/Mixed,ambiguous,0.8995085011484036,129,,,ambiguous
GSM4138128,19,5,DC_family,family,0.976529836544875,48,0.9508492071935304,0.02568062935134463,tie
GSM4138129,19,1,Mac_SPP1,specific,0.8403651438749509,101,0.9070359403725157,-0.0666707964975648,less_pure
GSM4138129,19,2,DC_pDC,specific,0.9148849828163501,43,0.9868286715955322,-0.07194368877918211,less_pure
GSM4138129,19,3,Ambiguous/Mixed,ambiguous,0.8574950442601923,51,,,ambiguous
GSM4138129,19,4,Ambiguous/Mixed,ambiguous,0.7927437024540602,85,,,ambiguous
GSM4138129,19,5,DC_family,family,0.9614839189689022,18,0.8738886990016175,0.0875952199672847,purer
GSM4138129,19,7,Ambiguous/Mixed,ambiguous,0.8358707540484638,84,,,ambiguous
GSM4138130,19,1,Mac_SPP1,specific,0.9200192490298952,291,,,no_baseline
GSM4138130,19,2,DC_pDC,specific,0.8796194196874806,200,0.9639490407838097,-0.08432962109632913,less_pure
GSM4138130,19,3,Ambiguous/Mixed,ambiguous,0.9252976114091029,401,,,ambiguous
GSM4138130,19,4,Ambiguous/Mixed,ambiguous,0.9321427728785836,136,,,ambiguous
GSM4138130,19,5,DC_family,family,0.9802563767243272,25,0.9723277323162005,0.007928644408126684,tie
GSM4138130,19,6,Ambiguous/Mixed,ambiguous,0.9716808712825682,85,,,ambiguous
GSM4138131,19,1,Mac_SPP1,specific,0.9320049815832456,37,,,no_baseline
GSM4138131,19,10,Mast,specific,0.9764376533440459,18,0.9764376533440459,0.0,tie
GSM4138131,19,2,DC_pDC,specific,0.8495314892297804,150,0.9179857890881354,-0.06845429985835505,less_pure
GSM4138131,19,3,Ambiguous/Mixed,ambiguous,0.7635715648191952,151,,,ambiguous
GSM4138131,19,4,Ambiguous/Mixed,ambiguous,0.8010865172481072,140,,,ambiguous
GSM4138131,19,5,DC_family,family,0.8243932597383443,70,0.7536865945444218,0.07070666519392255,purer
GSM4138131,19,6,Ambiguous/Mixed,ambiguous,0.7484550423852392,329,,,ambiguous
GSM4138131,19,7,Ambiguous/Mixed,ambiguous,0.7866271547903847,104,,,ambiguous
GSM4138131,19,8,DC_family,family,0.9203536228206574,37,0.7536865945444218,0.16666702827623558,purer
GSM4138131,19,9,Ambiguous/Mixed,ambiguous,1.0,20,,,ambiguous
GSM4138132,19,1,Mac_SPP1,specific,0.9398203167990831,319,,,no_baseline
GSM4138132,19,2,DC_pDC,specific,0.9253195052499545,156,,,no_baseline
GSM4138132,19,3,Ambiguous/Mixed,ambiguous,0.9326414188653038,378,,,ambiguous
GSM4138132,19,4,Ambiguous/Mixed,ambiguous,0.9465602913106446,222,,,ambiguous
GSM4138132,19,5,DC_family,family,0.9849215767907975,36,0.9677474499420015,0.017174126848796045,tie
GSM4138132,19,6,Ambiguous/Mixed,ambiguous,0.9808751812740151,67,,,ambiguous
GSM4138133,19,1,Mac_SPP1,specific,0.8792754957037612,60,,,no_baseline
GSM4138133,19,2,DC_pDC,specific,0.8815529946748749,59,0.9780104357713506,-0.0964574410964757,less_pure
GSM4138133,19,3,Ambiguous/Mixed,ambiguous,0.8096777540650992,103,,,ambiguous
GSM4138133,19,4,Ambiguous/Mixed,ambiguous,0.7858287916158497,151,,,ambiguous
GSM4138133,19,5,DC_family,family,0.855785922114328,45,0.7773132578349409,0.07847266427938715,purer
GSM4138133,19,6,Ambiguous/Mixed,ambiguous,0.9700733514722918,21,,,ambiguous
GSM4138133,19,8,DC_family,family,0.9765944697181483,19,0.7773132578349409,0.19928121188320747,purer
GSM4138134,19,1,Mac_SPP1,specific,0.9586728505413175,783,,,no_baseline
GSM4138134,19,2,DC_pDC,specific,0.9483394345803793,228,0.9856991785152992,-0.03735974393491992,tie
GSM4138134,19,3,Ambiguous/Mixed,ambiguous,0.9569127628676722,724,,,ambiguous
GSM4138134,19,4,Ambiguous/Mixed,ambiguous,0.9394603090078347,361,,,ambiguous
GSM4138134,19,5,DC_family,family,0.9672816280385405,61,,,no_baseline
GSM4138134,19,6,Ambiguous/Mixed,ambiguous,0.98203246896142,23,,,ambiguous
GSM4138134,19,8,DC_family,family,0.9877062948451873,16,,,no_baseline
GSM4138135,19,1,Mac_SPP1,specific,0.7906785305069701,95,,,no_baseline
GSM4138135,19,10,Mast,specific,1.0,20,1.0,0.0,tie
GSM4138135,19,2,DC_pDC,specific,0.9566022682407512,23,0.9787886250594097,-0.022186356818658437,tie
GSM4138135,19,3,Ambiguous/Mixed,ambiguous,0.7612375979750423,105,,,ambiguous
GSM4138135,19,4,Ambiguous/Mixed,ambiguous,0.7754154541360183,418,,,ambiguous
GSM4138135,19,5,DC_family,family,0.9214551764640688,19,0.841697457205539,0.07975771925852981,purer
GSM4138135,19,6,Ambiguous/Mixed,ambiguous,0.8731804990144862,37,,,ambiguous
GSM4138135,19,7,Ambiguous/Mixed,ambiguous,0.7695643613597694,294,,,ambiguous
GSM4138135,19,8,DC_family,family,0.9572940060007284,27,0.841697457205539,0.11559654879518944,purer
GSM4138135,19,9,Ambiguous/Mixed,ambiguous,0.9417726555410156,39,,,ambiguous
GSM4138136,19,1,Mac_SPP1,specific,0.9079835420232027,479,,,no_baseline
GSM4138136,19,2,DC_pDC,specific,0.863591841364508,152,,,no_baseline
GSM4138136,19,3,Ambiguous/Mixed,ambiguous,0.9033302139727598,352,,,ambiguous
GSM4138136,19,4,Ambiguous/Mixed,ambiguous,0.8955572524776663,213,,,ambiguous
GSM4138136,19,5,DC_family,family,0.982623496544507,38,0.9575949318499146,0.02502856469459236,tie
GSM4138137,19,1,Mac_SPP1,specific,0.7978321587473497,202,,,no_baseline
GSM4138137,19,11,Ambiguous/Mixed,ambiguous,0.9367466509053805,23,,,ambiguous
GSM4138137,19,2,DC_pDC,specific,0.8906367702237333,29,,,no_baseline
GSM4138137,19,3,Ambiguous/Mixed,ambiguous,0.8034136482895051,151,,,ambiguous
GSM4138137,19,4,Ambiguous/Mixed,ambiguous,0.8014749348468897,281,,,ambiguous
GSM4138137,19,5,DC_family,family,0.9631031686528793,20,0.839030314310623,0.12407285434225623,purer
GSM4138137,19,6,Ambiguous/Mixed,ambiguous,0.9230463968344109,35,,,ambiguous
GSM4138137,19,7,Ambiguous/Mixed,ambiguous,0.8099092662045202,197,,,ambiguous
GSM4138137,19,9,Ambiguous/Mixed,ambiguous,0.9026795216810303,75,,,ambiguous
GSM4138138,19,1,Mac_SPP1,specific,0.9172536732320588,419,,,no_baseline
GSM4138138,19,2,DC_pDC,specific,0.8795754150466489,116,,,no_baseline
GSM4138138,19,3,Ambiguous/Mixed,ambiguous,0.8954564751781663,332,,,ambiguous
GSM4138138,19,4,Ambiguous/Mixed,ambiguous,0.8896489492515632,175,,,ambiguous
GSM4138138,19,5,DC_family,family,0.9835253833209594,22,0.9835238826100917,1.5007108676856618e-06,tie
GSM4138139,19,1,Mac_SPP1,specific,0.7144878077752148,228,0.80611953468267,-0.09163172690745514,less_pure
GSM4138139,19,10,Mast,specific,0.9663182450165608,59,0.9658315628046693,0.0004866822118915204,tie
GSM4138139,19,2,DC_pDC,specific,0.8792135785706958,60,0.9506174967437965,-0.07140391817310066,less_pure
GSM4138139,19,3,Ambiguous/Mixed,ambiguous,0.7687727912350572,82,,,ambiguous
GSM4138139,19,4,Ambiguous/Mixed,ambiguous,0.7808275632696386,179,,,ambiguous
GSM4138139,19,5,DC_family,family,0.9337484730728105,32,0.8604547296733422,0.07329374339946826,purer
GSM4138139,19,6,Ambiguous/Mixed,ambiguous,0.864352027201656,78,,,ambiguous
GSM4138139,19,7,Ambiguous/Mixed,ambiguous,0.8118859524048561,188,,,ambiguous
GSM4138140,19,1,Mac_SPP1,specific,0.9164276221493973,459,,,no_baseline
GSM4138140,19,2,DC_pDC,specific,0.8970041126147125,185,,,no_baseline
GSM4138140,19,3,Ambiguous/Mixed,ambiguous,0.9098195164109446,349,,,ambiguous
GSM4138140,19,4,Ambiguous/Mixed,ambiguous,0.9173404547748858,272,,,ambiguous
GSM4138140,19,5,DC_family,family,0.9355175255972887,55,0.9577957427797844,-0.022278217182495674,tie
GSM4138141,19,1,Mac_SPP1,specific,0.8569734004750438,193,,,no_baseline
GSM4138141,19,2,DC_pDC,specific,0.791520700534863,204,0.9165508686482305,-0.12503016811336753,less_pure
GSM4138141,19,3,Ambiguous/Mixed,ambiguous,0.826443792435686,164,,,ambiguous
GSM4138141,19,4,Ambiguous/Mixed,ambiguous,0.7373188581250797,227,,,ambiguous
GSM4138141,19,5,DC_family,family,0.8548290612534085,65,0.7646439714392582,0.0901850898141503,purer
GSM4138141,19,6,Ambiguous/Mixed,ambiguous,0.8691625158152148,66,,,ambiguous
GSM4138141,19,7,Ambiguous/Mixed,ambiguous,0.9276408751072337,29,,,ambiguous
GSM4138141,19,8,DC_family,family,0.9198571183994859,41,0.7646439714392582,0.1552131469602277,purer
GSM4138142,19,1,Mac_SPP1,specific,0.9165532603457361,467,,,no_baseline
GSM4138142,19,2,DC_pDC,specific,0.8881992736251841,164,,,no_baseline
GSM4138142,19,3,Ambiguous/Mixed,ambiguous,0.9182465527006507,415,,,ambiguous
GSM4138142,19,4,Ambiguous/Mixed,ambiguous,0.9086548228615121,225,,,ambiguous
GSM4138142,19,5,DC_family,family,0.9717957692756145,36,0.9454906207626952,0.02630514851291932,tie
GSM4138142,19,6,Ambiguous/Mixed,ambiguous,0.9736203336633147,21,,,ambiguous
GSM4138143,19,1,Mac_SPP1,specific,0.7930604999118315,98,1.0,-0.20693950008816853,less_pure
GSM4138143,19,10,Mast,specific,0.9748174451155761,31,0.9748135904112316,3.854704344496973e-06,tie
GSM4138143,19,2,DC_pDC,specific,0.8034748951414323,138,0.9295762244202338,-0.12610132927880147,less_pure
GSM4138143,19,3,Ambiguous/Mixed,ambiguous,0.7690443478297898,121,,,ambiguous
GSM4138143,19,4,Ambiguous/Mixed,ambiguous,0.7444181568620098,120,,,ambiguous
GSM4138143,19,5,DC_family,family,0.9017685045147221,34,0.7974127699611427,0.10435573455357938,purer
GSM4138143,19,8,DC_family,family,0.8271946583321536,50,0.7974127699611427,0.029781888371010812,tie
GSM4138144,19,1,Mac_SPP1,specific,0.8746242722623192,252,,,no_baseline
GSM4138144,19,2,DC_pDC,specific,0.8544710971167148,80,,,no_baseline
GSM4138144,19,3,Ambiguous/Mixed,ambiguous,0.8559368349518749,152,,,ambiguous
GSM4138144,19,4,Ambiguous/Mixed,ambiguous,0.8732479736044394,88,,,ambiguous
GSM4138144,19,5,DC_family,family,0.944915162071789,26,0.8857225642654714,0.05919259780631769,purer
GSM4138145,19,1,Mac_SPP1,specific,0.7908784387985732,207,,,no_baseline
GSM4138145,19,2,DC_pDC,specific,0.7434295415899899,167,0.9472622152517468,-0.20383267366175695,less_pure
GSM4138145,19,3,Ambiguous/Mixed,ambiguous,0.7820650907925196,111,,,ambiguous
GSM4138145,19,4,Ambiguous/Mixed,ambiguous,0.7456353375986511,201,,,ambiguous
GSM4138145,19,5,DC_family,family,0.8640636698064927,76,0.7535493269325659,0.11051434287392681,purer
GSM4138145,19,6,Ambiguous/Mixed,ambiguous,0.9253022560319987,18,,,ambiguous
GSM4138145,19,7,Ambiguous/Mixed,ambiguous,0.7769066932908196,151,,,ambiguous
GSM4138145,19,8,DC_family,family,0.8810289944585131,49,0.7535493269325659,0.1274796675259472,purer
GSM4138146,19,1,Mac_SPP1,specific,0.9032215174535665,324,,,no_baseline
GSM4138146,19,2,DC_pDC,specific,0.8573795289877624,160,,,no_baseline
GSM4138146,19,3,Ambiguous/Mixed,ambiguous,0.8800700296158488,317,,,ambiguous
GSM4138146,19,4,Ambiguous/Mixed,ambiguous,0.9062895310034423,96,,,ambiguous
GSM4138146,19,5,DC_family,family,0.9700936328567312,22,0.9535751433901899,0.01651848946654133,tie
GSM4138146,19,6,Ambiguous/Mixed,ambiguous,0.9489240858366429,71,,,ambiguous
GSM4138147,19,2,DC_pDC,specific,0.8623174956853575,40,0.935324749011505,-0.07300725332614744,less_pure
GSM4138148,19,1,Mac_SPP1,specific,0.8712506351524754,117,,,no_baseline
GSM4138148,19,2,DC_pDC,specific,0.8492791044160365,76,,,no_baseline
GSM4138148,19,3,Ambiguous/Mixed,ambiguous,0.8808710351818888,87,,,ambiguous
GSM4138148,19,4,Ambiguous/Mixed,ambiguous,0.8610898786590864,72,,,ambiguous
GSM4138150,19,1,Mac_SPP1,specific,0.912155414028285,119,,,no_baseline
GSM4138150,19,2,DC_pDC,specific,0.9029524627276407,73,,,no_baseline
GSM4138150,19,3,Ambiguous/Mixed,ambiguous,0.9252206227994683,129,,,ambiguous
GSM4138150,19,4,Ambiguous/Mixed,ambiguous,0.9245042864768284,51,,,ambiguous
GSM4138150,19,5,DC_family,family,1.0,19,,,no_baseline
GSM4138151,19,2,DC_pDC,specific,0.9747591768848363,24,0.9806392337550041,-0.0058800568701677935,tie
GSM4138152,19,1,Mac_SPP1,specific,0.8961003812145392,309,,,no_baseline
GSM4138152,19,2,DC_pDC,specific,0.8367561633467705,168,0.992154406195808,-0.15539824284903747,less_pure
GSM4138152,19,3,Ambiguous/Mixed,ambiguous,0.9014777050785442,199,,,ambiguous
GSM4138152,19,4,Ambiguous/Mixed,ambiguous,0.8683161040845278,231,,,ambiguous
GSM4138152,19,5,DC_family,family,0.9633990274222577,42,0.9275689836639187,0.03583004375833898,tie
GSM4138152,19,6,Ambiguous/Mixed,ambiguous,0.9660615482099708,29,,,ambiguous
GSM4138153,19,2,DC_pDC,specific,0.8399742088534149,27,,,no_baseline
GSM4138153,19,3,Ambiguous/Mixed,ambiguous,0.8700118147899327,16,,,ambiguous
GSM4138153,19,4,Ambiguous/Mixed,ambiguous,0.8990232474702152,26,,,ambiguous
GSM4138154,19,1,Mac_SPP1,specific,0.864718181555638,313,,,no_baseline
GSM4138154,19,2,DC_pDC,specific,0.7895585562130688,65,,,no_baseline
GSM4138154,19,3,Ambiguous/Mixed,ambiguous,0.8535005465630316,179,,,ambiguous
GSM4138154,19,4,Ambiguous/Mixed,ambiguous,0.8154721254762842,108,,,ambiguous
GSM4138155,19,1,Mac_SPP1,specific,0.6453536937242933,279,0.8539118148935525,-0.2085581211692592,less_pure
GSM4138155,19,10,Mast,specific,0.9252378509283148,20,0.9381206978557273,-0.012882846927412483,tie
GSM4138155,19,2,DC_pDC,specific,0.7721948538283603,119,0.9062361607604512,-0.13404130693209093,less_pure
GSM4138155,19,3,Ambiguous/Mixed,ambiguous,0.6673487672878642,117,,,ambiguous
GSM4138155,19,4,Ambiguous/Mixed,ambiguous,0.6803667797401545,195,,,ambiguous
GSM4138155,19,5,DC_family,family,0.8343973096159656,49,0.7010983122032448,0.13329899741272078,purer
GSM4138155,19,6,Ambiguous/Mixed,ambiguous,0.8974599182581734,24,,,ambiguous
GSM4138155,19,7,Ambiguous/Mixed,ambiguous,0.6767741041215698,257,,,ambiguous
GSM4138155,19,8,DC_family,family,0.904503235268154,40,0.7010983122032448,0.2034049230649092,purer
GSM4138156,19,1,Mac_SPP1,specific,0.9159885953123112,579,,,no_baseline
GSM4138156,19,2,DC_pDC,specific,0.8738677288311633,272,0.9539837451128743,-0.08011601628171106,less_pure
GSM4138156,19,3,Ambiguous/Mixed,ambiguous,0.8847846090990632,583,,,ambiguous
GSM4138156,19,4,Ambiguous/Mixed,ambiguous,0.9062191534570977,274,,,ambiguous
GSM4138156,19,5,DC_family,family,0.9478705543516883,44,0.943543967188031,0.004326587163657303,tie
GSM4138156,19,6,Ambiguous/Mixed,ambiguous,0.9339077728557672,91,,,ambiguous
GSM4138157,19,1,Mac_SPP1,specific,0.9172091266359769,39,,,no_baseline
GSM4138157,19,2,DC_pDC,specific,0.8833830139515981,49,0.9771060119735836,-0.09372299802198547,less_pure
GSM4138157,19,3,Ambiguous/Mixed,ambiguous,0.8855568334655233,39,,,ambiguous
GSM4138157,19,4,Ambiguous/Mixed,ambiguous,0.8845608222774157,51,,,ambiguous
GSM4138157,19,5,DC_family,family,0.9632780177976664,16,0.8709308666726747,0.0923471511249917,purer
GSM4138157,19,6,Ambiguous/Mixed,ambiguous,0.9661047459680223,22,,,ambiguous
GSM4138157,19,7,Ambiguous/Mixed,ambiguous,0.9142834303362847,33,,,ambiguous
GSM4138158,19,1,Mac_SPP1,specific,0.9405304878282782,178,,,no_baseline
GSM4138158,19,2,DC_pDC,specific,0.8893054176923785,69,,,no_baseline
GSM4138158,19,3,Ambiguous/Mixed,ambiguous,0.8996700643259217,171,,,ambiguous
GSM4138158,19,4,Ambiguous/Mixed,ambiguous,0.9490272873315171,76,,,ambiguous
GSM4138158,19,5,DC_family,family,0.9559089930787277,19,0.9711664758645067,-0.015257482785778986,tie
GSM4138159,19,1,Mac_SPP1,specific,0.9552101800034339,28,,,no_baseline
GSM4138159,19,2,DC_pDC,specific,0.9051848724822374,32,,,no_baseline
GSM4138159,19,3,Ambiguous/Mixed,ambiguous,0.7784896266043849,49,,,ambiguous
GSM4138159,19,4,Ambiguous/Mixed,ambiguous,0.8437988274913377,44,,,ambiguous
GSM4138159,19,7,Ambiguous/Mixed,ambiguous,0.924115613494403,39,,,ambiguous
GSM4138160,19,1,Mac_SPP1,specific,0.8961552579249995,361,,,no_baseline
GSM4138160,19,2,DC_pDC,specific,0.8430551151295885,133,0.980833886723325,-0.13777877159373653,less_pure
GSM4138160,19,3,Ambiguous/Mixed,ambiguous,0.9156987330462185,282,,,ambiguous
GSM4138160,19,4,Ambiguous/Mixed,ambiguous,0.9091156574020426,163,,,ambiguous
GSM4138160,19,5,DC_family,family,0.9482890144908717,23,0.9683180186763501,-0.020029004185478483,tie
GSM4138161,19,1,Mac_SPP1,specific,0.7958486664277004,109,,,no_baseline
GSM4138161,19,2,DC_pDC,specific,0.775873825831993,178,0.8488491714550629,-0.07297534562306984,less_pure
GSM4138161,19,3,Ambiguous/Mixed,ambiguous,0.80066441136558,96,,,ambiguous
GSM4138161,19,4,Ambiguous/Mixed,ambiguous,0.7868540048931784,92,,,ambiguous
GSM4138161,19,5,DC_family,family,0.8202532272687351,39,0.6918033483531927,0.12844987891554238,purer
GSM4138161,19,6,Ambiguous/Mixed,ambiguous,0.8639425941073978,43,,,ambiguous
GSM4138161,19,7,Ambiguous/Mixed,ambiguous,0.7802575982478668,84,,,ambiguous
GSM4138161,19,8,DC_family,family,0.9349827671902493,26,0.6918033483531927,0.24317941883705663,purer
GSM4138162,19,1,Mac_SPP1,specific,0.900359492300613,291,,,no_baseline
GSM4138162,19,2,DC_pDC,specific,0.8506811324002734,196,0.9897606953288196,-0.13907956292854617,less_pure
GSM4138162,19,3,Ambiguous/Mixed,ambiguous,0.9112721840003194,257,,,ambiguous
GSM4138162,19,4,Ambiguous/Mixed,ambiguous,0.8817210969130183,204,,,ambiguous
GSM4138162,19,5,DC_family,family,0.9004444385764343,37,0.9565826886013326,-0.05613825002489825,less_pure
GSM4138163,19,1,Mac_SPP1,specific,0.912688965860587,276,,,no_baseline
GSM4138163,19,2,DC_pDC,specific,0.8832919477917194,148,0.9858316108356697,-0.10253966304395035,less_pure
GSM4138163,19,3,Ambiguous/Mixed,ambiguous,0.9133107897115396,216,,,ambiguous
GSM4138163,19,4,Ambiguous/Mixed,ambiguous,0.9060660079807552,185,,,ambiguous
GSM4138163,19,5,DC_family,family,0.9534631777032535,34,0.9662642696443162,-0.012801091941062714,tie
GSM4138164,19,1,Mac_SPP1,specific,0.8831094494078845,106,,,no_baseline
GSM4138164,19,2,DC_pDC,specific,0.8647641516990527,53,,,no_baseline
GSM4138164,19,3,Ambiguous/Mixed,ambiguous,0.8633321804720092,108,,,ambiguous
GSM4138164,19,4,Ambiguous/Mixed,ambiguous,0.8732602713492972,34,,,ambiguous
GSM4138165,19,1,Mac_SPP1,specific,0.920106562954959,242,,,no_baseline
GSM4138165,19,2,DC_pDC,specific,0.8694216211048714,131,,,no_baseline
GSM4138165,19,3,Ambiguous/Mixed,ambiguous,0.9003823341738959,309,,,ambiguous
GSM4138165,19,4,Ambiguous/Mixed,ambiguous,0.9123587104517403,106,,,ambiguous
GSM4138165,19,5,DC_family,family,0.9636747610437805,16,0.9656538084529618,-0.0019790474091813115,tie
GSM4138166,19,1,Mac_SPP1,specific,0.8949183486788695,338,,,no_baseline
GSM4138166,19,2,DC_pDC,specific,0.8674816440375683,187,,,no_baseline
GSM4138166,19,3,Ambiguous/Mixed,ambiguous,0.9098796581225355,268,,,ambiguous
GSM4138166,19,4,Ambiguous/Mixed,ambiguous,0.8790412504815104,134,,,ambiguous
GSM4138166,19,5,DC_family,family,0.9459997895512268,55,0.9432683195432393,0.0027314700079874576,tie
GSM4138167,19,1,Mac_SPP1,specific,0.904303255230947,195,,,no_baseline
GSM4138167,19,2,DC_pDC,specific,0.8587163556936848,130,,,no_baseline
GSM4138167,19,3,Ambiguous/Mixed,ambiguous,0.8997301660798549,239,,,ambiguous
GSM4138167,19,4,Ambiguous/Mixed,ambiguous,0.8914203489792902,79,,,ambiguous
GSM4138167,19,5,DC_family,family,1.0,16,0.9791664161417739,0.02083358385822609,tie
GSM4138168,19,2,DC_pDC,specific,0.9642777543753939,26,0.9457890908623999,0.01848866351299394,tie
GSM4138169,19,2,DC_pDC,specific,0.9660887335772236,18,,,no_baseline
GSM4138171,19,2,DC_pDC,specific,1.0,19,,,no_baseline
GSM4138172,19,2,DC_pDC,specific,1.0,16,,,no_baseline
GSM4138172,19,4,Ambiguous/Mixed,ambiguous,0.95829020874529,18,,,ambiguous
GSM4138110,20,1,Monocyte_family,family,0.9780960653720925,406,0.9347650824919556,0.043330982880136926,tie
GSM4138110,20,2,cDC2_CD33,specific,0.9108843283696673,288,0.9772050463188249,-0.06632071794915761,less_pure
GSM4138110,20,3,Mono_CD16,specific,0.96451877098631,133,0.97761328954427,-0.013094518557959955,tie
GSM4138110,20,8,Ambiguous/Mixed,ambiguous,0.9697106021963595,20,,,ambiguous
GSM4138111,20,1,Monocyte_family,family,0.8897463602924751,35,0.8259886433998749,0.06375771689260024,purer
GSM4138111,20,11,DC_family,family,0.7397487338030564,19,0.7139188135165719,0.025829920286484453,tie
GSM4138111,20,13,Mast,specific,0.8772200899755831,30,0.9059125026497903,-0.02869241267420719,tie
GSM4138111,20,2,cDC2_CD33,specific,0.7434688572784643,122,0.9445482499146199,-0.2010793926361556,less_pure
GSM4138111,20,3,Mono_CD16,specific,0.8570422381830001,40,0.891739170315181,-0.034696932132180947,tie
GSM4138111,20,4,Macrophage_family,family,0.8943320954551184,31,0.7348820353100064,0.15945006014511198,purer
GSM4138111,20,5,Ambiguous/Mixed,ambiguous,0.9710750311138019,17,,,ambiguous
GSM4138111,20,6,Ambiguous/Mixed,ambiguous,0.710363199859464,90,,,ambiguous
GSM4138111,20,7,DC_family,family,0.8736199527378145,35,0.7139188135165719,0.15970113922124252,purer
GSM4138111,20,8,Ambiguous/Mixed,ambiguous,0.936117535847892,63,,,ambiguous
GSM4138112,20,1,Monocyte_family,family,0.9863286576405776,178,0.9190793652117981,0.06724929242877953,purer
GSM4138112,20,2,cDC2_CD33,specific,0.881197127498696,112,0.9670038724911083,-0.08580674499241225,less_pure
GSM4138112,20,3,Mono_CD16,specific,0.9474639658579918,139,0.9618001923997429,-0.014336226541751151,tie
GSM4138112,20,8,Ambiguous/Mixed,ambiguous,0.965622133445495,24,,,ambiguous
GSM4138113,20,1,Monocyte_family,family,0.9666426436578357,43,0.8906473359246847,0.075995307733151,purer
GSM4138113,20,2,cDC2_CD33,specific,0.8243844277205807,69,,,no_baseline
GSM4138113,20,3,Mono_CD16,specific,0.915833642962438,22,,,no_baseline
GSM4138113,20,4,Macrophage_family,family,0.9106772565867765,18,0.9310730182321791,-0.020395761645402688,tie
GSM4138113,20,7,DC_family,family,0.8787675209218964,15,0.7632287255055046,0.11553879541639178,purer
GSM4138113,20,8,Ambiguous/Mixed,ambiguous,0.9515624001258797,35,,,ambiguous
GSM4138114,20,1,Monocyte_family,family,0.9799752807571686,197,0.936754189234116,0.043221091523052535,tie
GSM4138114,20,2,cDC2_CD33,specific,0.8785593113239605,157,0.9667106404153469,-0.08815132909138645,less_pure
GSM4138114,20,3,Mono_CD16,specific,0.9604305363977693,84,0.9638175783207804,-0.0033870419230110915,tie
GSM4138115,20,11,DC_family,family,0.9715037210937106,23,0.7727754744975728,0.19872824659613786,purer
GSM4138115,20,2,cDC2_CD33,specific,0.8513908880428587,84,0.9795744769176817,-0.12818358887482306,less_pure
GSM4138115,20,4,Macrophage_family,family,0.9636272788140098,23,0.9489538079417781,0.014673470872231698,tie
GSM4138115,20,7,DC_family,family,0.9023404805331093,36,0.7727754744975728,0.12956500603553656,purer
GSM4138115,20,8,Ambiguous/Mixed,ambiguous,0.96780551371186,20,,,ambiguous
GSM4138116,20,1,Monocyte_family,family,0.9483284320976427,682,0.9347870689288121,0.013541363168830589,tie
GSM4138116,20,3,Mono_CD16,specific,0.98452947272547,23,0.9836055443637416,0.0009239283617283878,tie
GSM4138117,20,1,Monocyte_family,family,0.8176354133810574,135,0.8607567303204385,-0.04312131693938115,tie
GSM4138117,20,13,Mast,specific,0.9848958966969695,15,0.9848958966969695,0.0,tie
GSM4138117,20,2,cDC2_CD33,specific,0.7817201627328623,105,0.9663640660735294,-0.18464390334066716,less_pure
GSM4138117,20,3,Mono_CD16,specific,0.9766285588428953,18,,,no_baseline
GSM4138117,20,4,Macrophage_family,family,0.8023107763892894,92,0.7420397036679759,0.06027107272131349,purer
GSM4138117,20,6,Ambiguous/Mixed,ambiguous,0.8293264005230573,44,,,ambiguous
GSM4138117,20,8,Ambiguous/Mixed,ambiguous,0.9528621852287787,15,,,ambiguous
GSM4138117,20,9,Macrophage_family,family,0.927513635649181,18,0.7420397036679759,0.1854739319812051,purer
GSM4138118,20,1,Monocyte_family,family,0.9648856476751906,142,0.9129088194689152,0.05197682820627536,purer
GSM4138118,20,2,cDC2_CD33,specific,0.8928618798778171,230,1.0,-0.10713812012218293,less_pure
GSM4138119,20,1,Monocyte_family,family,0.8521019737766808,35,0.9283766587096818,-0.07627468493300094,less_pure
GSM4138119,20,2,cDC2_CD33,specific,0.7841904884697539,53,,,no_baseline
GSM4138119,20,9,Macrophage_family,family,0.8455473241360386,34,0.7571052713504478,0.08844205278559081,purer
GSM4138120,20,1,Monocyte_family,family,0.944352630480145,288,0.8913061766587369,0.053046453821408046,purer
GSM4138120,20,2,cDC2_CD33,specific,0.8522069703563763,483,0.922151553350892,-0.06994458299451578,less_pure
GSM4138120,20,3,Mono_CD16,specific,0.9488146351123561,40,0.9596757142031672,-0.010861079090811132,tie
GSM4138121,20,1,Monocyte_family,family,0.9105205950061916,45,0.8716042571522686,0.03891633785392301,tie
GSM4138121,20,12,Ambiguous/Mixed,ambiguous,0.898366708251558,22,,,ambiguous
GSM4138121,20,2,cDC2_CD33,specific,0.961729490765617,25,,,no_baseline
GSM4138121,20,4,Macrophage_family,family,0.9099412949687631,21,0.7061923152542848,0.20374897971447825,purer
GSM4138121,20,5,Ambiguous/Mixed,ambiguous,0.7392244655841407,93,,,ambiguous
GSM4138121,20,8,Ambiguous/Mixed,ambiguous,0.969305375128963,16,,,ambiguous
GSM4138122,20,1,Monocyte_family,family,0.9944395998409751,152,0.9304728980531936,0.06396670178778152,purer
GSM4138122,20,2,cDC2_CD33,specific,0.8893810057307667,278,0.9458228944772827,-0.05644188874651601,less_pure
GSM4138122,20,3,Mono_CD16,specific,0.9757370628378995,224,0.9776116977859656,-0.0018746349480660562,tie
GSM4138122,20,8,Ambiguous/Mixed,ambiguous,0.9869208055190245,19,,,ambiguous
GSM4138123,20,1,Monocyte_family,family,0.9654931160802492,20,0.9278791004179824,0.03761401566226685,tie
GSM4138123,20,11,DC_family,family,0.9582884055568802,26,0.7694321137860433,0.18885629177083696,purer
GSM4138123,20,2,cDC2_CD33,specific,0.7890331942704795,73,,,no_baseline
GSM4138123,20,4,Macrophage_family,family,0.737900274024548,456,0.7056844211043604,0.03221585292018769,tie
GSM4138123,20,5,Ambiguous/Mixed,ambiguous,0.8778000151370688,46,,,ambiguous
GSM4138123,20,6,Ambiguous/Mixed,ambiguous,0.6495882497326302,101,,,ambiguous
GSM4138123,20,7,DC_family,family,0.9510931594448554,19,0.7694321137860433,0.18166104565881214,purer
GSM4138123,20,8,Ambiguous/Mixed,ambiguous,0.9393323689368633,50,,,ambiguous
GSM4138124,20,1,Monocyte_family,family,0.9819043817812211,229,0.9444246024199014,0.03747977936131963,tie
GSM4138124,20,2,cDC2_CD33,specific,0.9173657926820467,122,,,no_baseline
GSM4138124,20,3,Mono_CD16,specific,0.9494176131520332,103,0.969665210227224,-0.02024759707519075,tie
GSM4138125,20,1,Monocyte_family,family,0.9444308761462654,84,0.9443814511936789,4.942495258652979e-05,tie
GSM4138125,20,2,cDC2_CD33,specific,0.771473469574036,132,,,no_baseline
GSM4138125,20,3,Mono_CD16,specific,1.0,15,,,no_baseline
GSM4138125,20,4,Macrophage_family,family,0.8068726219193115,62,0.7439021951733407,0.06297042674597086,purer
GSM4138125,20,9,Macrophage_family,family,0.7578798135194169,337,0.7439021951733407,0.013977618346076248,tie
GSM4138126,20,1,Monocyte_family,family,0.9815970421713203,637,0.9663228947211787,0.01527414745014155,tie
GSM4138126,20,2,cDC2_CD33,specific,0.9421612263094377,248,0.9796119788439297,-0.03745075253449204,tie
GSM4138126,20,3,Mono_CD16,specific,0.9663814062952607,88,1.0,-0.0336185937047393,tie
GSM4138127,20,1,Monocyte_family,family,0.8948306401548424,143,0.839799905947372,0.0550307342074704,purer
GSM4138127,20,10,Ambiguous/Mixed,ambiguous,0.8862430438882494,52,,,ambiguous
GSM4138127,20,2,cDC2_CD33,specific,0.9010078985440174,55,,,no_baseline
GSM4138127,20,3,Mono_CD16,specific,0.9790217470527477,20,,,no_baseline
GSM4138127,20,4,Macrophage_family,family,0.9127188013104768,24,0.7778561108377001,0.13486269047277666,purer
GSM4138127,20,5,Ambiguous/Mixed,ambiguous,0.8432653703820261,113,,,ambiguous
GSM4138127,20,6,Ambiguous/Mixed,ambiguous,0.7568753183816905,112,,,ambiguous
GSM4138127,20,8,Ambiguous/Mixed,ambiguous,0.937053692402959,31,,,ambiguous
GSM4138127,20,9,Macrophage_family,family,0.9452352979825986,18,0.7778561108377001,0.16737918714489852,purer
GSM4138128,20,1,Monocyte_family,family,0.9944395998409751,152,0.9304728980531936,0.06396670178778152,purer
GSM4138128,20,2,cDC2_CD33,specific,0.8893810057307667,278,0.9458228944772827,-0.05644188874651601,less_pure
GSM4138128,20,3,Mono_CD16,specific,0.9757370628378995,224,0.9776116977859656,-0.0018746349480660562,tie
GSM4138128,20,8,Ambiguous/Mixed,ambiguous,0.9869208055190245,19,,,ambiguous
GSM4138129,20,1,Monocyte_family,family,0.959440112983915,61,0.9392410883358336,0.02019902464808132,tie
GSM4138129,20,2,cDC2_CD33,specific,0.815574540078475,102,,,no_baseline
GSM4138129,20,4,Macrophage_family,family,0.8774414007838585,46,0.7576685488530968,0.1197728519307617,purer
GSM4138129,20,5,Ambiguous/Mixed,ambiguous,0.8542177378219381,46,,,ambiguous
GSM4138129,20,8,Ambiguous/Mixed,ambiguous,0.987825411270763,19,,,ambiguous
GSM4138129,20,9,Macrophage_family,family,0.8725387935408285,40,0.7576685488530968,0.11487024468773177,purer
GSM4138130,20,1,Monocyte_family,family,0.9829159096235174,262,0.9271215447766311,0.05579436484688627,purer
GSM4138130,20,2,cDC2_CD33,specific,0.9419219892828232,235,0.9689703249118781,-0.027048335629054843,tie
GSM4138130,20,3,Mono_CD16,specific,0.9678989760017641,265,0.9812775037239836,-0.01337852772221948,tie
GSM4138130,20,8,Ambiguous/Mixed,ambiguous,0.9639490407838097,19,,,ambiguous
GSM4138131,20,1,Monocyte_family,family,0.9012430344215108,64,0.7864517889481842,0.11479124547332653,purer
GSM4138131,20,10,Ambiguous/Mixed,ambiguous,0.7664741214188505,231,,,ambiguous
GSM4138131,20,11,DC_family,family,0.8342742873240676,74,0.7536865945444218,0.08058769277964584,purer
GSM4138131,20,12,Ambiguous/Mixed,ambiguous,1.0,19,,,ambiguous
GSM4138131,20,13,Mast,specific,0.9764376533440459,18,0.9764376533440459,0.0,tie
GSM4138131,20,2,cDC2_CD33,specific,0.8908364575230194,112,,,no_baseline
GSM4138131,20,3,Mono_CD16,specific,0.9206569626984374,48,,,no_baseline
GSM4138131,20,4,Macrophage_family,family,0.8073288268738386,147,0.7412359185254018,0.06609290834843673,purer
GSM4138131,20,5,Ambiguous/Mixed,ambiguous,0.8272640145069456,83,,,ambiguous
GSM4138131,20,6,Ambiguous/Mixed,ambiguous,0.6981031372372855,74,,,ambiguous
GSM4138131,20,7,DC_family,family,0.8980745333248202,33,0.7536865945444218,0.14438793878039846,purer
GSM4138131,20,8,Ambiguous/Mixed,ambiguous,0.90379675850196,110,,,ambiguous
GSM4138132,20,1,Monocyte_family,family,0.9903073499425279,314,0.9463038082948044,0.044003541647723465,tie
GSM4138132,20,2,cDC2_CD33,specific,0.928968973458838,373,0.9677474499420015,-0.03877847648316346,tie
GSM4138132,20,3,Mono_CD16,specific,0.9712954288031349,153,0.9814133723188372,-0.010117943515702277,tie
GSM4138133,20,1,Monocyte_family,family,0.969489430125945,24,0.9757353034710631,-0.006245873345118058,tie
GSM4138133,20,11,DC_family,family,0.8774418609299347,27,0.7773132578349409,0.10012860309499383,purer
GSM4138133,20,2,cDC2_CD33,specific,0.8756265602326304,111,,,no_baseline
GSM4138133,20,4,Macrophage_family,family,0.8112017044500089,101,0.7734595161579602,0.037742188292048784,tie
GSM4138133,20,6,Ambiguous/Mixed,ambiguous,0.7776620138290955,70,,,ambiguous
GSM4138133,20,7,DC_family,family,0.9304660062480764,38,0.7773132578349409,0.15315274841313553,purer
GSM4138133,20,8,Ambiguous/Mixed,ambiguous,0.9840886463775538,22,,,ambiguous
GSM4138133,20,9,Macrophage_family,family,0.9422859937891191,21,0.7734595161579602,0.168826477631159,purer
GSM4138134,20,1,Monocyte_family,family,0.9867189494755663,737,0.9607718200587291,0.02594712941683719,tie
GSM4138134,20,2,cDC2_CD33,specific,0.9474599450041409,533,,,no_baseline
GSM4138134,20,3,Mono_CD16,specific,0.9620473185195026,346,0.9695591587489021,-0.007511840229399436,tie
GSM4138135,20,1,Monocyte_family,family,0.9100035575432712,105,0.8944589205248566,0.015544637018414575,tie
GSM4138135,20,10,Ambiguous/Mixed,ambiguous,0.9077036992767432,19,,,ambiguous
GSM4138135,20,11,DC_family,family,0.936566739407056,32,0.841697457205539,0.09486928220151702,purer
GSM4138135,20,12,Ambiguous/Mixed,ambiguous,0.9348235601187947,45,,,ambiguous
GSM4138135,20,13,Mast,specific,1.0,21,1.0,0.0,tie
GSM4138135,20,2,cDC2_CD33,specific,0.7961223618339457,159,,,no_baseline
GSM4138135,20,3,Mono_CD16,specific,0.9701196637298025,28,,,no_baseline
GSM4138135,20,4,Macrophage_family,family,0.7773609726718562,370,0.6821237468466982,0.09523722582515803,purer
GSM4138135,20,5,Ambiguous/Mixed,ambiguous,0.7682539936562265,256,,,ambiguous
GSM4138135,20,6,Ambiguous/Mixed,ambiguous,0.8730946362462457,35,,,ambiguous
GSM4138135,20,8,Ambiguous/Mixed,ambiguous,0.9592348250153161,19,,,ambiguous
GSM4138135,20,9,Macrophage_family,family,0.8642349518841299,44,0.6821237468466982,0.18211120503743172,purer
GSM4138136,20,1,Monocyte_family,family,0.9806697250149663,343,0.944450659488512,0.036219065526454264,tie
GSM4138136,20,2,cDC2_CD33,specific,0.8878092291078068,249,0.9575949318499146,-0.06978570274210782,less_pure
GSM4138136,20,3,Mono_CD16,specific,0.9535814796446249,217,0.978914746972955,-0.025333267328330078,tie
GSM4138137,20,1,Monocyte_family,family,0.8968631433275105,127,0.9224120085919152,-0.025548865264404697,tie
GSM4138137,20,10,Ambiguous/Mixed,ambiguous,0.9347154985952523,17,,,ambiguous
GSM4138137,20,11,DC_family,family,0.952252074348237,18,0.839030314310623,0.11322176003761397,purer
GSM4138137,20,12,Ambiguous/Mixed,ambiguous,0.8712142515563435,97,,,ambiguous
GSM4138137,20,2,cDC2_CD33,specific,0.8757554908868029,92,,,no_baseline
GSM4138137,20,3,Mono_CD16,specific,0.9916202443857763,24,,,no_baseline
GSM4138137,20,4,Macrophage_family,family,0.8013999451921187,309,0.747893468389154,0.05350647680296461,purer
GSM4138137,20,5,Ambiguous/Mixed,ambiguous,0.8141255481458385,162,,,ambiguous
GSM4138137,20,6,Ambiguous/Mixed,ambiguous,0.8312173416350535,51,,,ambiguous
GSM4138137,20,9,Macrophage_family,family,0.830743203550244,96,0.747893468389154,0.08284973516108995,purer
GSM4138138,20,1,Monocyte_family,family,0.9844555556238297,337,0.9141982586487056,0.07025729697512406,purer
GSM4138138,20,2,cDC2_CD33,specific,0.9087202425123831,193,0.985426890190095,-0.07670664767771185,less_pure
GSM4138138,20,3,Mono_CD16,specific,0.9618562105092091,179,0.9668810029523296,-0.005024792443120485,tie
GSM4138139,20,1,Monocyte_family,family,0.8807029587954951,111,0.8510495085223697,0.02965345027312538,tie
GSM4138139,20,10,Ambiguous/Mixed,ambiguous,0.9138961368889772,44,,,ambiguous
GSM4138139,20,11,DC_family,family,0.9439413382638153,24,0.8604547296733422,0.08348660859047308,purer
GSM4138139,20,13,Mast,specific,0.9658315628046693,60,0.9658315628046693,0.0,tie
GSM4138139,20,2,cDC2_CD33,specific,0.7685845990557565,143,,,no_baseline
GSM4138139,20,3,Mono_CD16,specific,0.9909044240648491,23,,,no_baseline
GSM4138139,20,4,Macrophage_family,family,0.783632092032591,128,0.6611390100606357,0.1224930819719553,purer
GSM4138139,20,5,Ambiguous/Mixed,ambiguous,0.8236163527493379,154,,,ambiguous
GSM4138139,20,6,Ambiguous/Mixed,ambiguous,0.8375067544494001,44,,,ambiguous
GSM4138139,20,7,DC_family,family,0.9648548303894651,34,0.8604547296733422,0.10440010071612282,purer
GSM4138139,20,8,Ambiguous/Mixed,ambiguous,0.9574357738842894,21,,,ambiguous
GSM4138139,20,9,Macrophage_family,family,0.7796913080492722,102,0.6611390100606357,0.11855229798863653,purer
GSM4138140,20,1,Monocyte_family,family,0.985168789547982,353,0.9378362608794556,0.04733252866852644,tie
GSM4138140,20,2,cDC2_CD33,specific,0.9022201972753815,405,0.9755490876823467,-0.07332889040696522,less_pure
GSM4138140,20,3,Mono_CD16,specific,0.9550849557370477,152,0.9699730019986887,-0.014888046261641086,tie
GSM4138141,20,1,Monocyte_family,family,0.946222417320094,152,0.8153267211987012,0.13089569612139285,purer
GSM4138141,20,10,Ambiguous/Mixed,ambiguous,0.9142715222258588,45,,,ambiguous
GSM4138141,20,11,DC_family,family,0.8837686806440516,57,0.7646439714392582,0.11912470920479334,purer
GSM4138141,20,2,cDC2_CD33,specific,0.7931698715377138,226,0.9545746132723032,-0.1614047417345894,less_pure
GSM4138141,20,3,Mono_CD16,specific,0.9799071423167897,51,0.9724074031211091,0.007499739195680588,tie
GSM4138141,20,4,Macrophage_family,family,0.8670651698588527,76,0.8124580686420484,0.054607101216804343,purer
GSM4138141,20,5,Ambiguous/Mixed,ambiguous,0.964234827930242,15,,,ambiguous
GSM4138141,20,6,Ambiguous/Mixed,ambiguous,0.8172495459465798,37,,,ambiguous
GSM4138141,20,7,DC_family,family,0.8594740090255166,54,0.7646439714392582,0.09483003758625841,purer
GSM4138141,20,8,Ambiguous/Mixed,ambiguous,0.9089717740563913,77,,,ambiguous
GSM4138142,20,1,Monocyte_family,family,0.9739855694591197,408,0.920204129281547,0.05378144017757269,purer
GSM4138142,20,2,cDC2_CD33,specific,0.9075141812508879,293,0.9473976527957454,-0.039883471544857496,tie
GSM4138142,20,3,Mono_CD16,specific,0.9566807389063805,152,0.9665257719433304,-0.009845033036949946,tie
GSM4138143,20,1,Monocyte_family,family,0.9009991370317321,61,0.886201598540746,0.014797538490986084,tie
GSM4138143,20,11,DC_family,family,0.8275961851764744,48,0.7974127699611427,0.030183415215331633,tie
GSM4138143,20,13,Mast,specific,0.9748135904112316,31,0.9748135904112316,0.0,tie
GSM4138143,20,2,cDC2_CD33,specific,0.7344026534263537,174,0.951511954161871,-0.21710930073551726,less_pure
GSM4138143,20,3,Mono_CD16,specific,1.0,26,,,no_baseline
GSM4138143,20,4,Macrophage_family,family,0.8208998374989821,39,0.7385317125013253,0.08236812499765678,purer
GSM4138143,20,6,Ambiguous/Mixed,ambiguous,0.9631567388390919,17,,,ambiguous
GSM4138143,20,7,DC_family,family,0.8704116780439973,46,0.7974127699611427,0.07299890808285459,purer
GSM4138143,20,8,Ambiguous/Mixed,ambiguous,0.929050686178856,47,,,ambiguous
GSM4138143,20,9,Macrophage_family,family,0.9358131995656211,15,0.7385317125013253,0.19728148706429582,purer
GSM4138144,20,1,Monocyte_family,family,0.9729163778049383,126,0.9366753735624749,0.03624100424246346,tie
GSM4138144,20,2,cDC2_CD33,specific,0.8368466161393879,157,0.8857225642654714,-0.048875948126083424,tie
GSM4138144,20,3,Mono_CD16,specific,0.9610100664880594,89,0.9749122264211482,-0.013902159933088742,tie
GSM4138145,20,1,Monocyte_family,family,0.8439872114744364,165,0.8845972805340161,-0.040610069059579645,tie
GSM4138145,20,11,DC_family,family,0.8858482789502696,28,0.7535493269325659,0.1322989520177037,purer
GSM4138145,20,2,cDC2_CD33,specific,0.7912528845245863,199,0.8826813409519234,-0.0914284564273371,less_pure
GSM4138145,20,3,Mono_CD16,specific,0.9713441223994438,37,,,no_baseline
GSM4138145,20,4,Macrophage_family,family,0.935976222002613,29,0.8162928621790009,0.11968335982361211,purer
GSM4138145,20,5,Ambiguous/Mixed,ambiguous,0.8951319022650329,53,,,ambiguous
GSM4138145,20,6,Ambiguous/Mixed,ambiguous,0.9352610062606938,15,,,ambiguous
GSM4138145,20,7,DC_family,family,0.7873962921621209,110,0.7535493269325659,0.03384696522955499,tie
GSM4138145,20,8,Ambiguous/Mixed,ambiguous,0.9264005627904092,48,,,ambiguous
GSM4138146,20,1,Monocyte_family,family,0.9704955758080591,152,0.9146938667766903,0.05580170903136883,purer
GSM4138146,20,2,cDC2_CD33,specific,0.8828867559887432,106,0.9535751433901899,-0.07068838740144667,less_pure
GSM4138146,20,3,Mono_CD16,specific,0.9492426774671053,269,0.9622686828921565,-0.013026005425051168,tie
GSM4138147,20,8,Ambiguous/Mixed,ambiguous,0.925292417692126,32,,,ambiguous
GSM4138148,20,1,Monocyte_family,family,0.9824685648930324,92,0.935303562563987,0.04716500232904541,tie
GSM4138148,20,2,cDC2_CD33,specific,0.8535137207224747,85,0.9694416070410731,-0.1159278863185984,less_pure
GSM4138148,20,3,Mono_CD16,specific,0.9561833684965972,43,0.9692635348384981,-0.0130801663419009,tie
GSM4138150,20,1,Monocyte_family,family,0.9758099961126379,92,0.946407681415232,0.02940231469740584,tie
GSM4138150,20,2,cDC2_CD33,specific,0.9129669479719615,106,,,no_baseline
GSM4138150,20,3,Mono_CD16,specific,0.9675340031663556,48,0.9785444665693842,-0.01101046340302858,tie
GSM4138151,20,2,cDC2_CD33,specific,0.9824141155797756,15,,,no_baseline
GSM4138151,20,8,Ambiguous/Mixed,ambiguous,0.9806392337550041,15,,,ambiguous
GSM4138152,20,1,Monocyte_family,family,0.9628649045722812,195,0.9123151404438743,0.05054976412840695,purer
GSM4138152,20,2,cDC2_CD33,specific,0.8641619760617677,285,0.9422903143010685,-0.07812833823930077,less_pure
GSM4138152,20,3,Mono_CD16,specific,0.9384091292062081,118,0.9413199538988823,-0.00291082469267423,tie
GSM4138153,20,2,cDC2_CD33,specific,0.8576569158876062,35,,,no_baseline
GSM4138154,20,1,Monocyte_family,family,0.9598038716316507,222,0.9120842471097981,0.04771962452185263,tie
GSM4138154,20,2,cDC2_CD33,specific,0.8530140144614107,168,0.9300654096595982,-0.07705139519818749,less_pure
GSM4138154,20,3,Mono_CD16,specific,0.9410212512083078,42,0.951042806610867,-0.010021555402559224,tie
GSM4138155,20,1,Monocyte_family,family,0.8137431796687992,155,0.8176768242132156,-0.00393364454441647,tie
GSM4138155,20,11,DC_family,family,0.8240158834405801,50,0.7010983122032448,0.12291757123733527,purer
GSM4138155,20,13,Mast,specific,0.9252378509283148,20,0.9381206978557273,-0.012882846927412483,tie
GSM4138155,20,2,cDC2_CD33,specific,0.7136373378754255,191,0.9317478162107261,-0.21811047833530062,less_pure
GSM4138155,20,3,Mono_CD16,specific,0.9649447565616239,20,,,no_baseline
GSM4138155,20,4,Macrophage_family,family,0.7504856513428025,89,0.6299154299118346,0.12057022143096796,purer
GSM4138155,20,5,Ambiguous/Mixed,ambiguous,0.7006733253665943,185,,,ambiguous
GSM4138155,20,6,Ambiguous/Mixed,ambiguous,0.8898759245430835,33,,,ambiguous
GSM4138155,20,7,DC_family,family,0.7893813646174963,78,0.7010983122032448,0.0882830524142515,purer
GSM4138155,20,8,Ambiguous/Mixed,ambiguous,0.8985604474228448,53,,,ambiguous
GSM4138155,20,9,Macrophage_family,family,0.7425985827749364,101,0.6299154299118346,0.11268315286310182,purer
GSM4138156,20,1,Monocyte_family,family,0.962047792705029,642,0.9272161110073198,0.03483168169770923,tie
GSM4138156,20,2,cDC2_CD33,specific,0.9018566139442075,121,0.9624123895856713,-0.06055577564146386,less_pure
GSM4138156,20,3,Mono_CD16,specific,0.9447987511537503,245,0.9674540600296433,-0.022655308875892954,tie
GSM4138157,20,1,Monocyte_family,family,0.942177547708166,28,0.9673513117174695,-0.02517376400930349,tie
GSM4138157,20,2,cDC2_CD33,specific,0.8397449344736836,69,,,no_baseline
GSM4138157,20,3,Mono_CD16,specific,0.9728971318339431,16,,,no_baseline
GSM4138157,20,4,Macrophage_family,family,0.9385194712114111,24,0.8168706613307802,0.12164880988063087,purer
GSM4138157,20,5,Ambiguous/Mixed,ambiguous,0.9237653442058473,20,,,ambiguous
GSM4138157,20,7,DC_family,family,1.0,15,0.8709308666726747,0.12906913332732528,purer
GSM4138157,20,8,Ambiguous/Mixed,ambiguous,0.9383674454034722,16,,,ambiguous
GSM4138158,20,1,Monocyte_family,family,0.9804722341503678,192,0.9577852629673983,0.022686971182969473,tie
GSM4138158,20,2,cDC2_CD33,specific,0.9142123611073949,116,0.9728171800182522,-0.05860481891085734,less_pure
GSM4138158,20,3,Mono_CD16,specific,0.9812799881440535,32,0.9852479955603701,-0.0039680074163166434,tie
GSM4138159,20,1,Monocyte_family,family,0.9519119042186295,39,0.9468764067983803,0.005035497420249224,tie
GSM4138159,20,2,cDC2_CD33,specific,0.867334852091821,40,,,no_baseline
GSM4138159,20,3,Mono_CD16,specific,0.9761390919059914,18,,,no_baseline
GSM4138159,20,4,Macrophage_family,family,0.951929251169888,29,0.8696457764255141,0.08228347474437392,purer
GSM4138159,20,5,Ambiguous/Mixed,ambiguous,1.0,20,,,ambiguous
GSM4138159,20,7,DC_family,family,0.8027881853562615,31,0.774082064685566,0.028706120670695556,tie
GSM4138160,20,1,Monocyte_family,family,0.9617051253919785,393,0.9408522767361661,0.020852848655812384,tie
GSM4138160,20,2,cDC2_CD33,specific,0.9022285607461313,148,0.9625059869198346,-0.06027742617370324,less_pure
GSM4138160,20,3,Mono_CD16,specific,0.9642592122987278,66,0.9900033659049698,-0.02574415360624205,tie
GSM4138160,20,8,Ambiguous/Mixed,ambiguous,0.980833886723325,23,,,ambiguous
GSM4138161,20,1,Monocyte_family,family,0.9002111033131954,88,0.8112926743286786,0.08891842898451685,purer
GSM4138161,20,10,Ambiguous/Mixed,ambiguous,1.0,22,,,ambiguous
GSM4138161,20,11,DC_family,family,0.8893360024091076,19,0.6918033483531927,0.1975326540559149,purer
GSM4138161,20,12,Ambiguous/Mixed,ambiguous,0.962620949279728,16,,,ambiguous
GSM4138161,20,2,cDC2_CD33,specific,0.7675220301206702,130,0.9504514438950702,-0.18292941377439997,less_pure
GSM4138161,20,4,Macrophage_family,family,0.9502483687426185,16,0.7827305071018592,0.16751786164075932,purer
GSM4138161,20,5,Ambiguous/Mixed,ambiguous,0.8335906240157951,63,,,ambiguous
GSM4138161,20,6,Ambiguous/Mixed,ambiguous,0.7990234952486092,34,,,ambiguous
GSM4138161,20,7,DC_family,family,0.9048595133255012,34,0.6918033483531927,0.2130561649723085,purer
GSM4138161,20,8,Ambiguous/Mixed,ambiguous,0.8695437753965769,113,,,ambiguous
GSM4138162,20,1,Monocyte_family,family,0.9779645633924804,231,0.9451087043263531,0.03285585906612731,tie
GSM4138162,20,2,cDC2_CD33,specific,0.888306750799299,285,0.9565826886013326,-0.06827593780203356,less_pure
GSM4138162,20,3,Mono_CD16,specific,0.9561728042753481,101,0.9689990847188696,-0.01282628044352152,tie
GSM4138162,20,8,Ambiguous/Mixed,ambiguous,0.9892661764432229,15,,,ambiguous
GSM4138163,20,1,Monocyte_family,family,0.972260593211215,249,0.9488582621664332,0.023402331044781843,tie
GSM4138163,20,2,cDC2_CD33,specific,0.8970770133882319,273,0.9662642696443162,-0.06918725625608435,less_pure
GSM4138163,20,3,Mono_CD16,specific,0.9773895401787973,41,0.9838436758508947,-0.006454135672097405,tie
GSM4138163,20,8,Ambiguous/Mixed,ambiguous,0.9941087355013785,16,,,ambiguous
GSM4138164,20,1,Monocyte_family,family,0.9816308158596049,83,0.9167656535447561,0.06486516231484873,purer
GSM4138164,20,2,cDC2_CD33,specific,0.8650107874910425,59,0.9689070127254621,-0.10389622523441955,less_pure
GSM4138164,20,3,Mono_CD16,specific,0.9582334807566119,37,0.9829393430119403,-0.024705862255328448,tie
GSM4138165,20,1,Monocyte_family,family,0.9780201635612543,259,0.9330548693882358,0.04496529417301853,tie
GSM4138165,20,2,cDC2_CD33,specific,0.8779425102924407,124,0.9656538084529618,-0.08771129816052103,less_pure
GSM4138165,20,3,Mono_CD16,specific,0.9294932693737137,153,0.9446544771791544,-0.015161207805440724,tie
GSM4138166,20,1,Monocyte_family,family,0.9816348582991609,206,0.934676558303836,0.04695829999532486,tie
GSM4138166,20,2,cDC2_CD33,specific,0.8705079395046518,209,0.9526519052078193,-0.08214396570316751,less_pure
GSM4138166,20,3,Mono_CD16,specific,0.9542487771054975,154,0.9621941145544404,-0.00794533744894288,tie
GSM4138167,20,1,Monocyte_family,family,0.9882980299129862,157,0.945732763205749,0.04256526670723726,tie
GSM4138167,20,2,cDC2_CD33,specific,0.8811381758161423,218,0.9791664161417739,-0.09802824032563162,less_pure
GSM4138167,20,3,Mono_CD16,specific,0.9680143881888805,79,0.9625303423920475,0.005484045796833037,tie
GSM4138168,20,8,Ambiguous/Mixed,ambiguous,0.9572137196041713,18,,,ambiguous
GSM4138172,20,2,cDC2_CD33,specific,0.9574876938943142,16,,,no_baseline
GSM4138110,21,1,cDC2_CD33,specific,0.9108877083900129,401,0.9772050463188249,-0.066317337928812,less_pure
GSM4138110,21,2,Monocyte_family,family,0.9780809208595855,400,0.9347650824919556,0.04331583836762998,tie
GSM4138110,21,5,DC_pDC,specific,0.9697106021963595,20,0.9555193703185515,0.01419123187780802,tie
GSM4138111,21,1,cDC2_CD33,specific,0.7977303593058633,147,0.9445482499146199,-0.1468178906087566,less_pure
GSM4138111,21,10,DC_family,family,0.9766287025940531,21,0.7139188135165719,0.26270988907748116,purer
GSM4138111,21,12,Ambiguous/Mixed,ambiguous,0.899262964107506,20,,,ambiguous
GSM4138111,21,13,DC_family,family,0.951095297448468,15,0.7139188135165719,0.23717648393189605,purer
GSM4138111,21,16,Mast,specific,0.876493661763317,29,0.9059125026497903,-0.029418840886473285,tie
GSM4138111,21,2,Monocyte_family,family,0.8920411516226546,37,0.8259886433998749,0.06605250822277975,purer
GSM4138111,21,3,Macrophage_family,family,0.880475792270145,25,0.7348820353100064,0.14559375696013865,purer
GSM4138111,21,4,Ambiguous/Mixed,ambiguous,0.948191929318935,35,,,ambiguous
GSM4138111,21,5,DC_pDC,specific,0.9379035647628986,68,0.8980982837036952,0.039805281059203446,tie
GSM4138111,21,7,Ambiguous/Mixed,ambiguous,0.7247913009788389,79,,,ambiguous
GSM4138111,21,9,Ambiguous/Mixed,ambiguous,0.9715980469813716,16,,,ambiguous
GSM4138112,21,1,cDC2_CD33,specific,0.8755951190646821,237,0.9670038724911083,-0.09140875342642618,less_pure
GSM4138112,21,2,Monocyte_family,family,0.9736050541007689,185,0.9190793652117981,0.0545256888889708,purer
GSM4138112,21,5,DC_pDC,specific,0.9670409840078681,25,0.9672228106134714,-0.00018182660560328578,tie
GSM4138113,21,1,cDC2_CD33,specific,0.8221766218748874,72,,,no_baseline
GSM4138113,21,2,Monocyte_family,family,0.9654997162046114,37,0.8906473359246847,0.07485238027992669,purer
GSM4138113,21,3,Macrophage_family,family,0.9753202242165435,16,0.9310730182321791,0.04424720598436438,tie
GSM4138113,21,4,Ambiguous/Mixed,ambiguous,0.9516812408386195,32,,,ambiguous
GSM4138113,21,5,DC_pDC,specific,0.9515624001258797,35,0.9211167331049517,0.03044566702092799,tie
GSM4138114,21,1,cDC2_CD33,specific,0.8669977485560783,239,0.9667106404153469,-0.09971289185926868,less_pure
GSM4138114,21,2,Monocyte_family,family,0.9817180413828571,192,0.936754189234116,0.0449638521487411,tie
GSM4138115,21,1,cDC2_CD33,specific,0.8825592584706303,78,0.9795744769176817,-0.09701521844705141,less_pure
GSM4138115,21,10,DC_family,family,0.9727089567307853,18,0.7727754744975728,0.1999334822332125,purer
GSM4138115,21,12,Ambiguous/Mixed,ambiguous,0.9786820684445209,28,,,ambiguous
GSM4138115,21,13,DC_family,family,0.9715914688500271,22,0.7727754744975728,0.19881599435245434,purer
GSM4138115,21,3,Macrophage_family,family,0.971152789651237,18,0.9489538079417781,0.022198981709458887,tie
GSM4138115,21,5,DC_pDC,specific,0.96780551371186,20,0.9816087420119992,-0.013803228300139248,tie
GSM4138116,21,1,cDC2_CD33,specific,0.9299758000206936,29,,,no_baseline
GSM4138116,21,2,Monocyte_family,family,0.9332486863497712,695,0.9347870689288121,-0.0015383825790409311,tie
GSM4138117,21,1,cDC2_CD33,specific,0.8103256165247547,86,0.9663640660735294,-0.15603844954877477,less_pure
GSM4138117,21,16,Mast,specific,0.9848958966969695,15,0.9848958966969695,0.0,tie
GSM4138117,21,2,Monocyte_family,family,0.8163480894544197,132,0.8607567303204385,-0.04440864086601881,tie
GSM4138117,21,3,Macrophage_family,family,0.822046116847027,77,0.7420397036679759,0.0800064131790511,purer
GSM4138117,21,5,DC_pDC,specific,0.9528621852287787,15,,,no_baseline
GSM4138117,21,8,Macrophage_family,family,0.9466934999822223,16,0.7420397036679759,0.2046537963142464,purer
GSM4138117,21,9,Ambiguous/Mixed,ambiguous,0.7545112715567347,67,,,ambiguous
GSM4138118,21,1,cDC2_CD33,specific,0.8910249938507977,234,1.0,-0.1089750061492023,less_pure
GSM4138118,21,2,Monocyte_family,family,0.965310650730823,140,0.9129088194689152,0.05240183126190778,purer
GSM4138119,21,1,cDC2_CD33,specific,0.9384821325501329,23,,,no_baseline
GSM4138119,21,12,Ambiguous/Mixed,ambiguous,0.9423499072185553,16,,,ambiguous
GSM4138119,21,2,Monocyte_family,family,0.9561685441530254,20,0.9283766587096818,0.027791885443343656,tie
GSM4138119,21,4,Ambiguous/Mixed,ambiguous,0.7248712673231799,66,,,ambiguous
GSM4138119,21,8,Macrophage_family,family,0.9069625102824321,23,0.7571052713504478,0.14985723893198433,purer
GSM4138120,21,1,cDC2_CD33,specific,0.850653544958945,506,0.922151553350892,-0.07149800839194709,less_pure
GSM4138120,21,2,Monocyte_family,family,0.9455394026239434,284,0.8913061766587369,0.05423322596520652,purer
GSM4138121,21,1,cDC2_CD33,specific,1.0,24,,,no_baseline
GSM4138121,21,15,Ambiguous/Mixed,ambiguous,0.9305430448171134,24,,,ambiguous
GSM4138121,21,2,Monocyte_family,family,0.8965087479570316,45,0.8716042571522686,0.02490449080476298,tie
GSM4138121,21,3,Macrophage_family,family,0.9099412949687631,21,0.7061923152542848,0.20374897971447825,purer
GSM4138121,21,5,DC_pDC,specific,0.9702172982970751,15,,,no_baseline
GSM4138121,21,6,Ambiguous/Mixed,ambiguous,0.7502753254130695,91,,,ambiguous
GSM4138122,21,1,cDC2_CD33,specific,0.8884733096646102,473,0.9458228944772827,-0.057349584812672494,less_pure
GSM4138122,21,2,Monocyte_family,family,0.9925443006535177,150,0.9304728980531936,0.06207140260032418,purer
GSM4138122,21,5,DC_pDC,specific,0.9782659584116306,20,0.9782659584116306,0.0,tie
GSM4138123,21,1,cDC2_CD33,specific,0.8284055468253049,55,,,no_baseline
GSM4138123,21,12,Ambiguous/Mixed,ambiguous,0.8514387518178229,27,,,ambiguous
GSM4138123,21,13,DC_family,family,0.9594328907026213,27,0.7694321137860433,0.19000077691657802,purer
GSM4138123,21,2,Monocyte_family,family,0.9637288149165377,19,0.9278791004179824,0.03584971449855534,tie
GSM4138123,21,3,Macrophage_family,family,0.7312067858248799,452,0.7056844211043604,0.025522364720519497,tie
GSM4138123,21,5,DC_pDC,specific,0.9223107797302584,50,0.9383997749472549,-0.01608899521699647,tie
GSM4138123,21,6,Ambiguous/Mixed,ambiguous,0.8621165163478776,42,,,ambiguous
GSM4138123,21,7,Ambiguous/Mixed,ambiguous,0.6586580071105101,79,,,ambiguous
GSM4138123,21,9,Ambiguous/Mixed,ambiguous,0.9057077833848319,19,,,ambiguous
GSM4138124,21,1,cDC2_CD33,specific,0.9173958637165268,197,,,no_baseline
GSM4138124,21,2,Monocyte_family,family,0.9787172696029882,234,0.9444246024199014,0.03429266718308677,tie
GSM4138125,21,1,cDC2_CD33,specific,0.7971828806531912,123,,,no_baseline
GSM4138125,21,14,Ambiguous/Mixed,ambiguous,0.8082574791587471,71,,,ambiguous
GSM4138125,21,2,Monocyte_family,family,0.9415587438272247,84,0.9443814511936789,-0.00282270736645418,tie
GSM4138125,21,3,Macrophage_family,family,0.846728849517494,58,0.7439021951733407,0.10282665434415339,purer
GSM4138125,21,8,Macrophage_family,family,0.7772386190926539,312,0.7439021951733407,0.03333642391931324,tie
GSM4138126,21,1,cDC2_CD33,specific,0.945541992096302,329,0.9796119788439297,-0.034069986747627734,tie
GSM4138126,21,2,Monocyte_family,family,0.9815770418334017,627,0.9663228947211787,0.015254147112222949,tie
GSM4138127,21,1,cDC2_CD33,specific,0.9525530602641189,43,,,no_baseline
GSM4138127,21,11,Ambiguous/Mixed,ambiguous,0.8851488886354602,51,,,ambiguous
GSM4138127,21,18,Ambiguous/Mixed,ambiguous,0.9763715905426346,24,,,ambiguous
GSM4138127,21,2,Monocyte_family,family,0.8927320840073928,142,0.839799905947372,0.05293217806002082,purer
GSM4138127,21,3,Macrophage_family,family,0.9515958397699219,17,0.7778561108377001,0.17373972893222178,purer
GSM4138127,21,4,Ambiguous/Mixed,ambiguous,0.9799579759565108,17,,,ambiguous
GSM4138127,21,5,DC_pDC,specific,0.9214506120950497,32,0.9441912994803779,-0.022740687385328195,tie
GSM4138127,21,6,Ambiguous/Mixed,ambiguous,0.8525461903224685,100,,,ambiguous
GSM4138127,21,7,Ambiguous/Mixed,ambiguous,0.7754398146431232,69,,,ambiguous
GSM4138127,21,9,Ambiguous/Mixed,ambiguous,0.8895543960563452,60,,,ambiguous
GSM4138128,21,1,cDC2_CD33,specific,0.8884733096646102,473,0.9458228944772827,-0.057349584812672494,less_pure
GSM4138128,21,2,Monocyte_family,family,0.9925443006535177,150,0.9304728980531936,0.06207140260032418,purer
GSM4138128,21,5,DC_pDC,specific,0.9782659584116306,20,0.9782659584116306,0.0,tie
GSM4138129,21,1,cDC2_CD33,specific,0.8357278106010901,101,,,no_baseline
GSM4138129,21,14,Ambiguous/Mixed,ambiguous,0.9813630692207869,15,,,ambiguous
GSM4138129,21,2,Monocyte_family,family,0.9198490581722711,61,0.9392410883358336,-0.0193920301635625,tie
GSM4138129,21,3,Macrophage_family,family,0.8776685555114004,45,0.7576685488530968,0.12000000665830368,purer
GSM4138129,21,5,DC_pDC,specific,0.9868286715955322,25,0.9868286715955322,0.0,tie
GSM4138129,21,6,Ambiguous/Mixed,ambiguous,0.8554383333436959,48,,,ambiguous
GSM4138129,21,8,Macrophage_family,family,0.877972080174973,38,0.7576685488530968,0.12030353132187621,purer
GSM4138130,21,1,cDC2_CD33,specific,0.9311210334143859,432,0.9689703249118781,-0.037849291497492166,tie
GSM4138130,21,2,Monocyte_family,family,0.9767014179113014,267,0.9271215447766311,0.04957987313467027,tie
GSM4138130,21,5,DC_pDC,specific,0.9639490407838097,19,0.9639490407838097,0.0,tie
GSM4138131,21,1,cDC2_CD33,specific,0.8956322098621632,121,,,no_baseline
GSM4138131,21,10,DC_family,family,0.94515282663131,18,0.7536865945444218,0.19146623208688818,purer
GSM4138131,21,11,Ambiguous/Mixed,ambiguous,0.7661215763820528,233,,,ambiguous
GSM4138131,21,12,Ambiguous/Mixed,ambiguous,0.8924512605720744,29,,,ambiguous
GSM4138131,21,13,DC_family,family,0.8174738248202695,71,0.7536865945444218,0.06378723027584776,purer
GSM4138131,21,15,Ambiguous/Mixed,ambiguous,1.0,19,,,ambiguous
GSM4138131,21,16,Mast,specific,0.9764376533440459,18,0.9764376533440459,0.0,tie
GSM4138131,21,2,Monocyte_family,family,0.9256265945323067,65,0.7864517889481842,0.13917480558412243,purer
GSM4138131,21,3,Macrophage_family,family,0.8130799819003749,137,0.7412359185254018,0.07184406337497307,purer
GSM4138131,21,4,Ambiguous/Mixed,ambiguous,0.8949863692210289,53,,,ambiguous
GSM4138131,21,5,DC_pDC,specific,0.9046789059634622,112,0.9179857890881354,-0.013306883124673208,tie
GSM4138131,21,6,Ambiguous/Mixed,ambiguous,0.8611335251650694,73,,,ambiguous
GSM4138131,21,7,Ambiguous/Mixed,ambiguous,0.7314214633058864,53,,,ambiguous
GSM4138131,21,9,Ambiguous/Mixed,ambiguous,0.8187451878150278,34,,,ambiguous
GSM4138132,21,1,cDC2_CD33,specific,0.9319314438179677,486,0.9677474499420015,-0.035816006124033795,tie
GSM4138132,21,2,Monocyte_family,family,0.9926672727558742,309,0.9463038082948044,0.04636346446106976,tie
GSM4138133,21,1,cDC2_CD33,specific,0.8818676444521482,105,,,no_baseline
GSM4138133,21,10,DC_family,family,0.9728774158951424,22,0.7773132578349409,0.19556415806020155,purer
GSM4138133,21,12,Ambiguous/Mixed,ambiguous,0.889879927319537,26,,,ambiguous
GSM4138133,21,13,DC_family,family,0.8745826663309834,25,0.7773132578349409,0.09726940849604249,purer
GSM4138133,21,2,Monocyte_family,family,0.957783071562458,26,0.9757353034710631,-0.017952231908605065,tie
GSM4138133,21,3,Macrophage_family,family,0.80394714947887,95,0.7734595161579602,0.030487633320909868,tie
GSM4138133,21,4,Ambiguous/Mixed,ambiguous,0.9363967500927175,21,,,ambiguous
GSM4138133,21,5,DC_pDC,specific,0.9840886463775538,22,0.9780104357713506,0.0060782106062031716,tie
GSM4138133,21,7,Ambiguous/Mixed,ambiguous,0.8143856686276425,59,,,ambiguous
GSM4138133,21,8,Macrophage_family,family,0.9484941887975544,20,0.7734595161579602,0.17503467263959427,purer
GSM4138134,21,1,cDC2_CD33,specific,0.9406742752803463,776,,,no_baseline
GSM4138134,21,2,Monocyte_family,family,0.9841741699279465,751,0.9607718200587291,0.02340234986921741,tie
GSM4138134,21,5,DC_pDC,specific,0.9856991785152992,15,0.9856991785152992,0.0,tie
GSM4138135,21,1,cDC2_CD33,specific,0.8228854613042418,168,,,no_baseline
GSM4138135,21,11,Ambiguous/Mixed,ambiguous,0.9084719903158823,20,,,ambiguous
GSM4138135,21,12,Ambiguous/Mixed,ambiguous,0.8745060347689972,23,,,ambiguous
GSM4138135,21,13,DC_family,family,0.940655802958229,31,0.841697457205539,0.09895834575269002,purer
GSM4138135,21,14,Ambiguous/Mixed,ambiguous,0.932986619336424,25,,,ambiguous
GSM4138135,21,15,Ambiguous/Mixed,ambiguous,0.9341247503767811,45,,,ambiguous
GSM4138135,21,16,Mast,specific,1.0,21,1.0,0.0,tie
GSM4138135,21,2,Monocyte_family,family,0.9125114803357864,111,0.8944589205248566,0.01805255981092979,tie
GSM4138135,21,3,Macrophage_family,family,0.7870611163559207,353,0.6821237468466982,0.1049373695092225,purer
GSM4138135,21,4,Ambiguous/Mixed,ambiguous,0.9858810453018254,27,,,ambiguous
GSM4138135,21,5,DC_pDC,specific,0.9592348250153161,19,0.9787886250594097,-0.019553800044093572,tie
GSM4138135,21,6,Ambiguous/Mixed,ambiguous,0.7666761229489618,253,,,ambiguous
GSM4138135,21,7,Ambiguous/Mixed,ambiguous,0.9174969792949639,31,,,ambiguous
GSM4138135,21,8,Macrophage_family,family,0.8563196511029036,42,0.6821237468466982,0.17419590425620546,purer
GSM4138136,21,1,cDC2_CD33,specific,0.9053437621902565,412,0.9575949318499146,-0.05225116965965815,less_pure
GSM4138136,21,2,Monocyte_family,family,0.9806775406676755,355,0.944450659488512,0.036226881179163506,tie
GSM4138137,21,1,cDC2_CD33,specific,0.911089946274141,79,,,no_baseline
GSM4138137,21,11,Ambiguous/Mixed,ambiguous,0.9548718554157973,16,,,ambiguous
GSM4138137,21,12,Ambiguous/Mixed,ambiguous,0.9173045314222278,25,,,ambiguous
GSM4138137,21,13,DC_family,family,0.952252074348237,18,0.839030314310623,0.11322176003761397,purer
GSM4138137,21,14,Ambiguous/Mixed,ambiguous,0.9695061676601281,21,,,ambiguous
GSM4138137,21,15,Ambiguous/Mixed,ambiguous,0.8764939430432318,94,,,ambiguous
GSM4138137,21,2,Monocyte_family,family,0.8882995914265533,127,0.9224120085919152,-0.03411241716536184,tie
GSM4138137,21,3,Macrophage_family,family,0.8082958314305356,286,0.747893468389154,0.06040236304138158,purer
GSM4138137,21,4,Ambiguous/Mixed,ambiguous,0.8702683809058498,49,,,ambiguous
GSM4138137,21,6,Ambiguous/Mixed,ambiguous,0.787860686663839,155,,,ambiguous
GSM4138137,21,7,Ambiguous/Mixed,ambiguous,0.9178538478248086,27,,,ambiguous
GSM4138137,21,8,Macrophage_family,family,0.874969963818967,89,0.747893468389154,0.12707649542981292,purer
GSM4138137,21,9,Ambiguous/Mixed,ambiguous,0.885798287682458,40,,,ambiguous
GSM4138138,21,1,cDC2_CD33,specific,0.9040244726987465,344,0.985426890190095,-0.08140241749134847,less_pure
GSM4138138,21,2,Monocyte_family,family,0.9642953037873622,349,0.9141982586487056,0.05009704513865654,purer
GSM4138139,21,1,cDC2_CD33,specific,0.7930362364662805,143,,,no_baseline
GSM4138139,21,10,DC_family,family,0.954042143517002,25,0.8604547296733422,0.09358741384365976,purer
GSM4138139,21,11,Ambiguous/Mixed,ambiguous,0.9097228550266873,45,,,ambiguous
GSM4138139,21,12,Ambiguous/Mixed,ambiguous,0.9328151851453218,21,,,ambiguous
GSM4138139,21,13,DC_family,family,0.9439413382638153,24,0.8604547296733422,0.08348660859047308,purer
GSM4138139,21,14,Ambiguous/Mixed,ambiguous,0.8599349192628596,22,,,ambiguous
GSM4138139,21,16,Mast,specific,0.9658315628046693,60,0.9658315628046693,0.0,tie
GSM4138139,21,2,Monocyte_family,family,0.8895549464825222,110,0.8510495085223697,0.03850543796015249,tie
GSM4138139,21,3,Macrophage_family,family,0.8056918537987778,124,0.6611390100606357,0.14455284373814214,purer
GSM4138139,21,4,Ambiguous/Mixed,ambiguous,0.9191402763669271,34,,,ambiguous
GSM4138139,21,5,DC_pDC,specific,0.9506174967437965,22,0.9506174967437965,0.0,tie
GSM4138139,21,6,Ambiguous/Mixed,ambiguous,0.8247516160794287,146,,,ambiguous
GSM4138139,21,7,Ambiguous/Mixed,ambiguous,0.8273828206100784,38,,,ambiguous
GSM4138139,21,8,Macrophage_family,family,0.8095490100295366,92,0.6611390100606357,0.14840999996890092,purer
GSM4138140,21,1,cDC2_CD33,specific,0.9018730323585747,525,0.9755490876823467,-0.07367605532377197,less_pure
GSM4138140,21,2,Monocyte_family,family,0.9868037875526472,340,0.9378362608794556,0.0489675266731916,tie
GSM4138141,21,1,cDC2_CD33,specific,0.8087068246725125,253,0.9545746132723032,-0.14586778859979066,less_pure
GSM4138141,21,10,DC_family,family,0.8929688204059003,32,0.7646439714392582,0.1283248489666421,purer
GSM4138141,21,11,Ambiguous/Mixed,ambiguous,0.9132723822428617,44,,,ambiguous
GSM4138141,21,12,Ambiguous/Mixed,ambiguous,0.8898234834021523,38,,,ambiguous
GSM4138141,21,13,DC_family,family,0.8767400460493109,58,0.7646439714392582,0.11209607461005267,purer
GSM4138141,21,2,Monocyte_family,family,0.9591285461888961,151,0.8153267211987012,0.1438018249901949,purer
GSM4138141,21,3,Macrophage_family,family,0.8601680435055569,68,0.8124580686420484,0.047709974863508475,tie
GSM4138141,21,4,Ambiguous/Mixed,ambiguous,0.8647241416226816,50,,,ambiguous
GSM4138141,21,5,DC_pDC,specific,0.9154151334010964,75,0.9165508686482305,-0.001135735247134173,tie
GSM4138141,21,7,Ambiguous/Mixed,ambiguous,0.8101237126043193,34,,,ambiguous
GSM4138142,21,1,cDC2_CD33,specific,0.9056066908549715,436,0.9473976527957454,-0.04179096194077392,tie
GSM4138142,21,2,Monocyte_family,family,0.9720897502652325,401,0.920204129281547,0.05188562098368543,purer
GSM4138143,21,1,cDC2_CD33,specific,0.7895493036016791,165,0.951511954161871,-0.16196265056019188,less_pure
GSM4138143,21,10,DC_family,family,0.957734080310738,25,0.7974127699611427,0.1603213103495953,purer
GSM4138143,21,12,Ambiguous/Mixed,ambiguous,0.8705211554238914,34,,,ambiguous
GSM4138143,21,13,DC_family,family,0.8606367091665914,46,0.7974127699611427,0.06322393920544866,purer
GSM4138143,21,16,Mast,specific,0.9748135904112316,31,0.9748135904112316,0.0,tie
GSM4138143,21,2,Monocyte_family,family,0.899927966621095,62,0.886201598540746,0.013726368080348994,tie
GSM4138143,21,3,Macrophage_family,family,0.9193919928073851,27,0.7385317125013253,0.18086028030605983,purer
GSM4138143,21,4,Ambiguous/Mixed,ambiguous,0.8824210565153301,30,,,ambiguous
GSM4138143,21,5,DC_pDC,specific,0.9208449012477619,48,0.9295762244202338,-0.008731323172471939,tie
GSM4138144,21,1,cDC2_CD33,specific,0.8489001124433893,229,0.8857225642654714,-0.0368224518220821,tie
GSM4138144,21,2,Monocyte_family,family,0.973049515516524,124,0.9366753735624749,0.03637414195404909,tie
GSM4138145,21,1,cDC2_CD33,specific,0.8086284767220431,191,0.8826813409519234,-0.07405286422988033,less_pure
GSM4138145,21,10,DC_family,family,0.8647364794304533,81,0.7535493269325659,0.11118715249788735,purer
GSM4138145,21,12,Ambiguous/Mixed,ambiguous,0.807821623723792,61,,,ambiguous
GSM4138145,21,13,DC_family,family,0.894943894669749,24,0.7535493269325659,0.14139456773718306,purer
GSM4138145,21,2,Monocyte_family,family,0.8436491727319054,162,0.8845972805340161,-0.04094810780211067,tie
GSM4138145,21,3,Macrophage_family,family,0.9615056704040645,23,0.8162928621790009,0.14521280822506366,purer
GSM4138145,21,4,Ambiguous/Mixed,ambiguous,0.7852473063999016,106,,,ambiguous
GSM4138145,21,5,DC_pDC,specific,0.957709996143703,47,0.9472622152517468,0.010447780891956193,tie
GSM4138145,21,6,Ambiguous/Mixed,ambiguous,0.907235548717866,42,,,ambiguous
GSM4138146,21,1,cDC2_CD33,specific,0.8865239753676648,352,0.9535751433901899,-0.06705116802252509,less_pure
GSM4138146,21,2,Monocyte_family,family,0.9567884241974175,157,0.9146938667766903,0.04209455742072721,tie
GSM4138147,21,5,DC_pDC,specific,0.925292417692126,32,0.935324749011505,-0.010032331319378973,tie
GSM4138148,21,1,cDC2_CD33,specific,0.8546261095851245,125,0.9694416070410731,-0.11481549745594855,less_pure
GSM4138148,21,2,Monocyte_family,family,0.982127987225786,87,0.935303562563987,0.046824424661799036,tie
GSM4138150,21,1,cDC2_CD33,specific,0.8973233761706895,146,,,no_baseline
GSM4138150,21,2,Monocyte_family,family,0.9733488538783697,86,0.946407681415232,0.026941172463137653,tie
GSM4138151,21,1,cDC2_CD33,specific,0.9860307077619429,18,,,no_baseline
GSM4138151,21,5,DC_pDC,specific,0.9806392337550041,15,0.9806392337550041,0.0,tie
GSM4138152,21,1,cDC2_CD33,specific,0.8683440133159095,379,0.9422903143010685,-0.07394630098515897,less_pure
GSM4138152,21,2,Monocyte_family,family,0.9643237235091724,191,0.9123151404438743,0.0520085830652981,purer
GSM4138153,21,1,cDC2_CD33,specific,0.9243106784862206,24,,,no_baseline
GSM4138153,21,4,Ambiguous/Mixed,ambiguous,0.9445451144207139,21,,,ambiguous
GSM4138154,21,1,cDC2_CD33,specific,0.8554286458122995,199,0.9300654096595982,-0.07463676384729867,less_pure
GSM4138154,21,2,Monocyte_family,family,0.9594144606005682,218,0.9120842471097981,0.04733021349077016,tie
GSM4138155,21,1,cDC2_CD33,specific,0.8038895351557546,121,0.9317478162107261,-0.12785828105497155,less_pure
GSM4138155,21,12,Ambiguous/Mixed,ambiguous,0.7046558869856283,151,,,ambiguous
GSM4138155,21,13,DC_family,family,0.8775198621343853,29,0.7010983122032448,0.17642154993114045,purer
GSM4138155,21,14,Ambiguous/Mixed,ambiguous,0.8697510370342115,18,,,ambiguous
GSM4138155,21,16,Mast,specific,0.9252378509283148,20,0.9381206978557273,-0.012882846927412483,tie
GSM4138155,21,2,Monocyte_family,family,0.8259311914236812,152,0.8176768242132156,0.008254367210465574,tie
GSM4138155,21,3,Macrophage_family,family,0.8610225428821526,55,0.6299154299118346,0.23110711297031805,purer
GSM4138155,21,4,Ambiguous/Mixed,ambiguous,0.8669218570312306,51,,,ambiguous
GSM4138155,21,5,DC_pDC,specific,0.8979761845396674,53,0.9062361607604512,-0.008259976220783782,tie
GSM4138155,21,6,Ambiguous/Mixed,ambiguous,0.728964872099603,165,,,ambiguous
GSM4138155,21,8,Macrophage_family,family,0.7770878971795433,78,0.6299154299118346,0.14717246726770872,purer
GSM4138155,21,9,Ambiguous/Mixed,ambiguous,0.9489260871478851,16,,,ambiguous
GSM4138156,21,1,cDC2_CD33,specific,0.9072394994588724,330,0.9624123895856713,-0.055172890126798935,less_pure
GSM4138156,21,2,Monocyte_family,family,0.9558514956426584,677,0.9272161110073198,0.028635384635338546,tie
GSM4138156,21,5,DC_pDC,specific,0.9539837451128743,15,0.9539837451128743,0.0,tie
GSM4138157,21,1,cDC2_CD33,specific,0.8832704344621597,68,,,no_baseline
GSM4138157,21,12,Ambiguous/Mixed,ambiguous,0.8312418718670905,29,,,ambiguous
GSM4138157,21,2,Monocyte_family,family,0.9643525584210653,29,0.9673513117174695,-0.0029987532964041996,tie
GSM4138157,21,3,Macrophage_family,family,0.9705480815873476,18,0.8168706613307802,0.1536774202565674,purer
GSM4138157,21,4,Ambiguous/Mixed,ambiguous,0.9828690114978688,19,,,ambiguous
GSM4138157,21,5,DC_pDC,specific,0.9480389776479722,17,0.9771060119735836,-0.02906703432561142,tie
GSM4138157,21,6,Ambiguous/Mixed,ambiguous,0.9379232142894005,16,,,ambiguous
GSM4138158,21,1,cDC2_CD33,specific,0.8952432974634434,141,0.9728171800182522,-0.07757388255480879,less_pure
GSM4138158,21,2,Monocyte_family,family,0.9767027849644822,192,0.9577852629673983,0.018917521997083853,tie
GSM4138159,21,1,cDC2_CD33,specific,0.8899808770294388,43,,,no_baseline
GSM4138159,21,10,DC_family,family,0.9655068520757327,15,0.774082064685566,0.19142478739016677,purer
GSM4138159,21,12,Ambiguous/Mixed,ambiguous,0.8984151578067088,26,,,ambiguous
GSM4138159,21,2,Monocyte_family,family,0.9523516682813014,39,0.9468764067983803,0.005475261482921101,tie
GSM4138159,21,3,Macrophage_family,family,0.9518001481682965,27,0.8696457764255141,0.0821543717427824,purer
GSM4138159,21,4,Ambiguous/Mixed,ambiguous,0.9786069320835822,18,,,ambiguous
GSM4138159,21,6,Ambiguous/Mixed,ambiguous,0.9596265767911749,15,,,ambiguous
GSM4138160,21,1,cDC2_CD33,specific,0.8828871823946542,204,0.9625059869198346,-0.07961880452518033,less_pure
GSM4138160,21,2,Monocyte_family,family,0.9550144818024304,396,0.9408522767361661,0.01416220506626431,tie
GSM4138160,21,5,DC_pDC,specific,0.980833886723325,23,0.980833886723325,0.0,tie
GSM4138161,21,1,cDC2_CD33,specific,0.7841612445884576,123,0.9504514438950702,-0.1662901993066126,less_pure
GSM4138161,21,11,Ambiguous/Mixed,ambiguous,0.9772759231340435,23,,,ambiguous
GSM4138161,21,12,Ambiguous/Mixed,ambiguous,0.7744641199298506,58,,,ambiguous
GSM4138161,21,2,Monocyte_family,family,0.9290765274859943,84,0.8112926743286786,0.11778385315731577,purer
GSM4138161,21,4,Ambiguous/Mixed,ambiguous,0.9100412739403434,36,,,ambiguous
GSM4138161,21,5,DC_pDC,specific,0.8635289127307408,113,0.8488491714550629,0.014679741275677949,tie
GSM4138161,21,6,Ambiguous/Mixed,ambiguous,0.8530467559661685,49,,,ambiguous
GSM4138161,21,7,Ambiguous/Mixed,ambiguous,0.836196715770048,26,,,ambiguous
GSM4138161,21,9,Ambiguous/Mixed,ambiguous,0.9218320734497314,28,,,ambiguous
GSM4138162,21,1,cDC2_CD33,specific,0.8839160617907604,371,0.9565826886013326,-0.07266662681057212,less_pure
GSM4138162,21,2,Monocyte_family,family,0.9764061600645341,226,0.9451087043263531,0.03129745573818099,tie
GSM4138162,21,5,DC_pDC,specific,0.9897606953288196,17,0.9897606953288196,0.0,tie
GSM4138163,21,1,cDC2_CD33,specific,0.8938202631484922,305,0.9662642696443162,-0.07244400649582405,less_pure
GSM4138163,21,2,Monocyte_family,family,0.9818205760238701,243,0.9488582621664332,0.032962313857436865,tie
GSM4138163,21,5,DC_pDC,specific,0.9941087355013785,16,0.9858316108356697,0.008277124665708735,tie
GSM4138164,21,1,cDC2_CD33,specific,0.864311199813895,91,0.9689070127254621,-0.10459581291156705,less_pure
GSM4138164,21,2,Monocyte_family,family,0.9742903988787613,83,0.9167656535447561,0.0575247453340052,purer
GSM4138165,21,1,cDC2_CD33,specific,0.8676980452290393,251,0.9656538084529618,-0.09795576322392252,less_pure
GSM4138165,21,2,Monocyte_family,family,0.9758720282955473,261,0.9330548693882358,0.042817158907311526,tie
GSM4138166,21,1,cDC2_CD33,specific,0.8926793163795297,348,0.9526519052078193,-0.0599725888282896,less_pure
GSM4138166,21,2,Monocyte_family,family,0.9839199499613653,203,0.934676558303836,0.049243391657529334,tie
GSM4138167,21,1,cDC2_CD33,specific,0.8841796920728229,277,0.9791664161417739,-0.09498672406895103,less_pure
GSM4138167,21,2,Monocyte_family,family,0.9886107798364638,153,0.945732763205749,0.04287801663071489,tie
GSM4138167,21,9,Ambiguous/Mixed,ambiguous,0.9671879882432337,21,,,ambiguous
GSM4138168,21,5,DC_pDC,specific,0.9457890908623999,20,0.9457890908623999,0.0,tie
GSM4138110,22,1,Monocyte_family,family,0.9763974828695718,408,0.9347650824919556,0.041632400377616285,tie
GSM4138110,22,2,cDC2_CD33,specific,0.9088770738935599,274,0.9772050463188249,-0.068327972425265,less_pure
GSM4138110,22,3,Mono_CD16,specific,0.9731326953344075,130,0.97761328954427,-0.004480594209862465,tie
GSM4138110,22,6,DC_pDC,specific,0.9697106021963595,20,0.9555193703185515,0.01419123187780802,tie
GSM4138111,22,1,Monocyte_family,family,0.892451634193166,37,0.8259886433998749,0.0664629907932911,purer
GSM4138111,22,10,DC_family,family,0.9766287025940531,21,0.7139188135165719,0.26270988907748116,purer
GSM4138111,22,11,Ambiguous/Mixed,ambiguous,0.9329197599104585,17,,,ambiguous
GSM4138111,22,14,Ambiguous/Mixed,ambiguous,0.8986789700908338,21,,,ambiguous
GSM4138111,22,15,DC_family,family,0.951095297448468,15,0.7139188135165719,0.23717648393189605,purer
GSM4138111,22,16,Mast,specific,0.876493661763317,29,0.9059125026497903,-0.029418840886473285,tie
GSM4138111,22,2,cDC2_CD33,specific,0.8107934137799956,100,0.9445482499146199,-0.13375483613462436,less_pure
GSM4138111,22,3,Mono_CD16,specific,0.8885866333733339,39,0.891739170315181,-0.0031525369418471394,tie
GSM4138111,22,4,Macrophage_family,family,0.8792435367510999,26,0.7348820353100064,0.1443615014410935,purer
GSM4138111,22,5,Ambiguous/Mixed,ambiguous,0.9273682071776475,38,,,ambiguous
GSM4138111,22,6,DC_pDC,specific,0.9379035647628986,68,0.8980982837036952,0.039805281059203446,tie
GSM4138111,22,9,Ambiguous/Mixed,ambiguous,0.7291246013797301,83,,,ambiguous
GSM4138112,22,1,Monocyte_family,family,0.9861985702420116,177,0.9190793652117981,0.06711920503021351,purer
GSM4138112,22,2,cDC2_CD33,specific,0.8814344028153696,109,0.9670038724911083,-0.08556946967573875,less_pure
GSM4138112,22,3,Mono_CD16,specific,0.9474339568167893,138,0.9618001923997429,-0.01436623558295358,tie
GSM4138112,22,6,DC_pDC,specific,0.9670409840078681,25,0.9672228106134714,-0.00018182660560328578,tie
GSM4138113,22,1,Monocyte_family,family,0.9654997162046114,37,0.8906473359246847,0.07485238027992669,purer
GSM4138113,22,2,cDC2_CD33,specific,0.858864869981895,51,,,no_baseline
GSM4138113,22,3,Mono_CD16,specific,0.9167032913674197,23,,,no_baseline
GSM4138113,22,4,Macrophage_family,family,0.9753202242165435,16,0.9310730182321791,0.04424720598436438,tie
GSM4138113,22,5,Ambiguous/Mixed,ambiguous,0.9395062281567809,33,,,ambiguous
GSM4138113,22,6,DC_pDC,specific,0.9515624001258797,35,0.9211167331049517,0.03044566702092799,tie
GSM4138114,22,1,Monocyte_family,family,0.979597225403059,195,0.936754189234116,0.04284303616894303,tie
GSM4138114,22,2,cDC2_CD33,specific,0.8725953783304021,151,0.9667106404153469,-0.0941152620849448,less_pure
GSM4138114,22,3,Mono_CD16,specific,0.9607435105168223,84,0.9638175783207804,-0.003074067803958136,tie
GSM4138115,22,10,DC_family,family,0.9727089567307853,18,0.7727754744975728,0.1999334822332125,purer
GSM4138115,22,14,Ambiguous/Mixed,ambiguous,0.9773834185755628,29,,,ambiguous
GSM4138115,22,15,DC_family,family,0.9715914688500271,22,0.7727754744975728,0.19881599435245434,purer
GSM4138115,22,2,cDC2_CD33,specific,0.8857545436601119,71,0.9795744769176817,-0.09381993325756988,less_pure
GSM4138115,22,4,Macrophage_family,family,0.971152789651237,18,0.9489538079417781,0.022198981709458887,tie
GSM4138115,22,6,DC_pDC,specific,0.96780551371186,20,0.9816087420119992,-0.013803228300139248,tie
GSM4138116,22,1,Monocyte_family,family,0.9490972465135221,682,0.9347870689288121,0.014310177584709982,tie
GSM4138116,22,3,Mono_CD16,specific,0.98452947272547,23,0.9836055443637416,0.0009239283617283878,tie
GSM4138117,22,1,Monocyte_family,family,0.8271757547903476,128,0.8607567303204385,-0.033580975530090984,tie
GSM4138117,22,11,Ambiguous/Mixed,ambiguous,0.7525123427214107,68,,,ambiguous
GSM4138117,22,16,Mast,specific,0.9848958966969695,15,0.9848958966969695,0.0,tie
GSM4138117,22,2,cDC2_CD33,specific,0.834573045216841,65,0.9663640660735294,-0.13179102085668848,less_pure
GSM4138117,22,4,Macrophage_family,family,0.8222691583838297,76,0.7420397036679759,0.08022945471585385,purer
GSM4138117,22,6,DC_pDC,specific,0.9528621852287787,15,,,no_baseline
GSM4138117,22,8,Macrophage_family,family,0.9466934999822223,16,0.7420397036679759,0.2046537963142464,purer
GSM4138118,22,1,Monocyte_family,family,0.9657043072775559,143,0.9129088194689152,0.05279548780864063,purer
GSM4138118,22,2,cDC2_CD33,specific,0.8955946810317531,222,1.0,-0.1044053189682469,less_pure
GSM4138119,22,1,Monocyte_family,family,0.9561685441530254,20,0.9283766587096818,0.027791885443343656,tie
GSM4138119,22,14,Ambiguous/Mixed,ambiguous,0.9423499072185553,16,,,ambiguous
GSM4138119,22,2,cDC2_CD33,specific,0.9351219881293589,21,,,no_baseline
GSM4138119,22,5,Ambiguous/Mixed,ambiguous,0.7032011654815082,65,,,ambiguous
GSM4138119,22,8,Macrophage_family,family,0.8775038515054845,24,0.7571052713504478,0.12039858015503668,purer
GSM4138120,22,1,Monocyte_family,family,0.944352630480145,288,0.8913061766587369,0.053046453821408046,purer
GSM4138120,22,2,cDC2_CD33,specific,0.8543823796268601,479,0.922151553350892,-0.0677691737240319,less_pure
GSM4138120,22,3,Mono_CD16,specific,0.9294675663438754,42,0.9596757142031672,-0.030208147859291823,tie
GSM4138121,22,1,Monocyte_family,family,0.8965087479570316,45,0.8716042571522686,0.02490449080476298,tie
GSM4138121,22,17,Ambiguous/Mixed,ambiguous,0.9305430448171134,24,,,ambiguous
GSM4138121,22,2,cDC2_CD33,specific,0.987072595650257,17,,,no_baseline
GSM4138121,22,4,Macrophage_family,family,0.9099412949687631,21,0.7061923152542848,0.20374897971447825,purer
GSM4138121,22,6,DC_pDC,specific,0.9563212481891016,16,,,no_baseline
GSM4138121,22,7,Ambiguous/Mixed,ambiguous,0.7502753254130695,91,,,ambiguous
GSM4138122,22,1,Monocyte_family,family,0.9953750184156761,155,0.9304728980531936,0.06490212036248255,purer
GSM4138122,22,2,cDC2_CD33,specific,0.8902864359414805,272,0.9458228944772827,-0.05553645853580225,less_pure
GSM4138122,22,3,Mono_CD16,specific,0.9647425551882811,226,0.9776116977859656,-0.012869142597684458,tie
GSM4138122,22,6,DC_pDC,specific,0.9782659584116306,20,0.9782659584116306,0.0,tie
GSM4138123,22,1,Monocyte_family,family,0.9637288149165377,19,0.9278791004179824,0.03584971449855534,tie
GSM4138123,22,11,Ambiguous/Mixed,ambiguous,0.9057077833848319,19,,,ambiguous
GSM4138123,22,14,Ambiguous/Mixed,ambiguous,0.8241697728380105,28,,,ambiguous
GSM4138123,22,15,DC_family,family,0.9594328907026213,27,0.7694321137860433,0.19000077691657802,purer
GSM4138123,22,2,cDC2_CD33,specific,0.8654515395628561,45,,,no_baseline
GSM4138123,22,4,Macrophage_family,family,0.7327250145673538,449,0.7056844211043604,0.02704059346299348,tie
GSM4138123,22,6,DC_pDC,specific,0.9223107797302584,50,0.9383997749472549,-0.01608899521699647,tie
GSM4138123,22,7,Ambiguous/Mixed,ambiguous,0.8626188358192828,43,,,ambiguous
GSM4138123,22,9,Ambiguous/Mixed,ambiguous,0.6618713149494455,76,,,ambiguous
GSM4138124,22,1,Monocyte_family,family,0.9813836487281196,232,0.9444246024199014,0.03695904630821811,tie
GSM4138124,22,2,cDC2_CD33,specific,0.9202171007247264,112,,,no_baseline
GSM4138124,22,3,Mono_CD16,specific,0.9486863036620123,98,0.969665210227224,-0.02097890656521162,tie
GSM4138125,22,1,Monocyte_family,family,0.9365929819884736,82,0.9443814511936789,-0.007788469205205262,tie
GSM4138125,22,13,Ambiguous/Mixed,ambiguous,0.7936008535064494,69,,,ambiguous
GSM4138125,22,2,cDC2_CD33,specific,0.8072624559400682,93,,,no_baseline
GSM4138125,22,4,Macrophage_family,family,0.8513034336216547,57,0.7439021951733407,0.10740123844831406,purer
GSM4138125,22,8,Macrophage_family,family,0.7748646646331528,320,0.7439021951733407,0.03096246945981218,tie
GSM4138126,22,1,Monocyte_family,family,0.9812371995261565,636,0.9663228947211787,0.014914304804977796,tie
GSM4138126,22,2,cDC2_CD33,specific,0.9376568840953472,235,0.9796119788439297,-0.0419550947485825,tie
GSM4138126,22,3,Mono_CD16,specific,0.9641385071486877,89,1.0,-0.03586149285131235,tie
GSM4138127,22,1,Monocyte_family,family,0.8990144585216473,136,0.839799905947372,0.059214552574275325,purer
GSM4138127,22,11,Ambiguous/Mixed,ambiguous,0.8895543960563452,60,,,ambiguous
GSM4138127,22,12,Ambiguous/Mixed,ambiguous,0.8851488886354602,51,,,ambiguous
GSM4138127,22,19,Ambiguous/Mixed,ambiguous,0.9763715905426346,24,,,ambiguous
GSM4138127,22,2,cDC2_CD33,specific,0.9517479949865022,34,,,no_baseline
GSM4138127,22,4,Macrophage_family,family,0.9515958397699219,17,0.7778561108377001,0.17373972893222178,purer
GSM4138127,22,5,Ambiguous/Mixed,ambiguous,0.950820250449291,18,,,ambiguous
GSM4138127,22,6,DC_pDC,specific,0.9214506120950497,32,0.9441912994803779,-0.022740687385328195,tie
GSM4138127,22,7,Ambiguous/Mixed,ambiguous,0.8438389257978673,101,,,ambiguous
GSM4138127,22,9,Ambiguous/Mixed,ambiguous,0.7624465242462174,69,,,ambiguous
GSM4138128,22,1,Monocyte_family,family,0.9953750184156761,155,0.9304728980531936,0.06490212036248255,purer
GSM4138128,22,2,cDC2_CD33,specific,0.8902864359414805,272,0.9458228944772827,-0.05553645853580225,less_pure
GSM4138128,22,3,Mono_CD16,specific,0.9647425551882811,226,0.9776116977859656,-0.012869142597684458,tie
GSM4138128,22,6,DC_pDC,specific,0.9782659584116306,20,0.9782659584116306,0.0,tie
GSM4138129,22,1,Monocyte_family,family,0.959440112983915,61,0.9392410883358336,0.02019902464808132,tie
GSM4138129,22,2,cDC2_CD33,specific,0.8335124619969159,87,,,no_baseline
GSM4138129,22,4,Macrophage_family,family,0.8776685555114004,45,0.7576685488530968,0.12000000665830368,purer
GSM4138129,22,6,DC_pDC,specific,0.9868286715955322,25,0.9868286715955322,0.0,tie
GSM4138129,22,7,Ambiguous/Mixed,ambiguous,0.855468921890897,49,,,ambiguous
GSM4138129,22,8,Macrophage_family,family,0.8673083738109,39,0.7576685488530968,0.10963982495780322,purer
GSM4138130,22,1,Monocyte_family,family,0.9794273397505783,262,0.9271215447766311,0.05230579497394716,purer
GSM4138130,22,2,cDC2_CD33,specific,0.934901234518007,224,0.9689703249118781,-0.03406909039387107,tie
GSM4138130,22,3,Mono_CD16,specific,0.9714585514835028,266,0.9812775037239836,-0.009818952240480794,tie
GSM4138130,22,6,DC_pDC,specific,0.9639490407838097,19,0.9639490407838097,0.0,tie
GSM4138131,22,1,Monocyte_family,family,0.9212777698505384,58,0.7864517889481842,0.1348259809023542,purer
GSM4138131,22,10,DC_family,family,0.94515282663131,18,0.7536865945444218,0.19146623208688818,purer
GSM4138131,22,11,Ambiguous/Mixed,ambiguous,0.7983382121027207,36,,,ambiguous
GSM4138131,22,12,Ambiguous/Mixed,ambiguous,0.7655432244564384,236,,,ambiguous
GSM4138131,22,14,Ambiguous/Mixed,ambiguous,0.9044593273502324,32,,,ambiguous
GSM4138131,22,15,DC_family,family,0.8174738248202695,71,0.7536865945444218,0.06378723027584776,purer
GSM4138131,22,16,Mast,specific,0.9764376533440459,18,0.9764376533440459,0.0,tie
GSM4138131,22,17,Ambiguous/Mixed,ambiguous,1.0,19,,,ambiguous
GSM4138131,22,2,cDC2_CD33,specific,0.900559159788676,87,,,no_baseline
GSM4138131,22,3,Mono_CD16,specific,0.9135847148531174,44,,,no_baseline
GSM4138131,22,4,Macrophage_family,family,0.8146189820703166,134,0.7412359185254018,0.07338306354491475,purer
GSM4138131,22,5,Ambiguous/Mixed,ambiguous,0.8597355233290358,57,,,ambiguous
GSM4138131,22,6,DC_pDC,specific,0.9046789059634622,112,0.9179857890881354,-0.013306883124673208,tie
GSM4138131,22,7,Ambiguous/Mixed,ambiguous,0.8619293299730766,74,,,ambiguous
GSM4138131,22,9,Ambiguous/Mixed,ambiguous,0.7277398114456113,56,,,ambiguous
GSM4138132,22,1,Monocyte_family,family,0.9922121107599794,321,0.9463038082948044,0.045908302465174966,tie
GSM4138132,22,2,cDC2_CD33,specific,0.9327763534924359,360,0.9677474499420015,-0.03497109644956553,tie
GSM4138132,22,3,Mono_CD16,specific,0.9700714604624749,154,0.9814133723188372,-0.011341911856362241,tie
GSM4138133,22,1,Monocyte_family,family,0.969489430125945,24,0.9757353034710631,-0.006245873345118058,tie
GSM4138133,22,10,DC_family,family,0.9531686941267189,21,0.7773132578349409,0.17585543629177802,purer
GSM4138133,22,14,Ambiguous/Mixed,ambiguous,0.8922409516784091,28,,,ambiguous
GSM4138133,22,15,DC_family,family,0.8754742261603823,26,0.7773132578349409,0.09816096832544141,purer
GSM4138133,22,2,cDC2_CD33,specific,0.886917233126647,92,,,no_baseline
GSM4138133,22,4,Macrophage_family,family,0.7994379718346447,97,0.7734595161579602,0.025978455676684553,tie
GSM4138133,22,5,Ambiguous/Mixed,ambiguous,0.9636229908737484,21,,,ambiguous
GSM4138133,22,6,DC_pDC,specific,0.9840886463775538,22,0.9780104357713506,0.0060782106062031716,tie
GSM4138133,22,8,Macrophage_family,family,0.9484941887975544,20,0.7734595161579602,0.17503467263959427,purer
GSM4138133,22,9,Ambiguous/Mixed,ambiguous,0.8232158711731429,60,,,ambiguous
GSM4138134,22,1,Monocyte_family,family,0.9872844570865963,741,0.9607718200587291,0.026512637027867214,tie
GSM4138134,22,2,cDC2_CD33,specific,0.9469297291554846,511,,,no_baseline
GSM4138134,22,3,Mono_CD16,specific,0.9621656599937608,354,0.9695591587489021,-0.007393498755141281,tie
GSM4138134,22,6,DC_pDC,specific,0.9856991785152992,15,0.9856991785152992,0.0,tie
GSM4138135,22,1,Monocyte_family,family,0.9179588928279663,108,0.8944589205248566,0.02349997230310963,tie
GSM4138135,22,12,Ambiguous/Mixed,ambiguous,0.9084719903158823,20,,,ambiguous
GSM4138135,22,13,Ambiguous/Mixed,ambiguous,0.953773536357412,23,,,ambiguous
GSM4138135,22,14,Ambiguous/Mixed,ambiguous,0.857771447842792,23,,,ambiguous
GSM4138135,22,15,DC_family,family,0.940655802958229,31,0.841697457205539,0.09895834575269002,purer
GSM4138135,22,16,Mast,specific,1.0,21,1.0,0.0,tie
GSM4138135,22,17,Ambiguous/Mixed,ambiguous,0.9343279074243511,44,,,ambiguous
GSM4138135,22,2,cDC2_CD33,specific,0.8465538643959045,132,,,no_baseline
GSM4138135,22,3,Mono_CD16,specific,0.9642369276118379,31,,,no_baseline
GSM4138135,22,4,Macrophage_family,family,0.7912331199386252,355,0.6821237468466982,0.10910937309192703,purer
GSM4138135,22,5,Ambiguous/Mixed,ambiguous,0.9857612421399188,29,,,ambiguous
GSM4138135,22,6,DC_pDC,specific,0.9592348250153161,19,0.9787886250594097,-0.019553800044093572,tie
GSM4138135,22,7,Ambiguous/Mixed,ambiguous,0.7675200151788762,253,,,ambiguous
GSM4138135,22,8,Macrophage_family,family,0.8563196511029036,42,0.6821237468466982,0.17419590425620546,purer
GSM4138135,22,9,Ambiguous/Mixed,ambiguous,0.9174969792949639,31,,,ambiguous
GSM4138136,22,1,Monocyte_family,family,0.978651336849768,348,0.944450659488512,0.03420067736125598,tie
GSM4138136,22,2,cDC2_CD33,specific,0.899645053152692,240,0.9575949318499146,-0.05794987869722257,less_pure
GSM4138136,22,3,Mono_CD16,specific,0.9535814796446249,217,0.978914746972955,-0.025333267328330078,tie
GSM4138137,22,1,Monocyte_family,family,0.8897344823283116,120,0.9224120085919152,-0.03267752626360354,tie
GSM4138137,22,11,Ambiguous/Mixed,ambiguous,0.885798287682458,40,,,ambiguous
GSM4138137,22,12,Ambiguous/Mixed,ambiguous,0.9538794422025414,16,,,ambiguous
GSM4138137,22,13,Ambiguous/Mixed,ambiguous,0.9411937681427534,24,,,ambiguous
GSM4138137,22,14,Ambiguous/Mixed,ambiguous,0.917488056375582,24,,,ambiguous
GSM4138137,22,15,DC_family,family,0.952252074348237,18,0.839030314310623,0.11322176003761397,purer
GSM4138137,22,17,Ambiguous/Mixed,ambiguous,0.8764939430432318,94,,,ambiguous
GSM4138137,22,2,cDC2_CD33,specific,0.9436261125501252,60,,,no_baseline
GSM4138137,22,3,Mono_CD16,specific,0.9916202443857763,24,,,no_baseline
GSM4138137,22,4,Macrophage_family,family,0.8089858421494146,283,0.747893468389154,0.061092373760260554,purer
GSM4138137,22,5,Ambiguous/Mixed,ambiguous,0.8870286184976033,45,,,ambiguous
GSM4138137,22,7,Ambiguous/Mixed,ambiguous,0.7935217836422599,156,,,ambiguous
GSM4138137,22,8,Macrophage_family,family,0.8431509821181065,95,0.747893468389154,0.09525751372895241,purer
GSM4138137,22,9,Ambiguous/Mixed,ambiguous,0.916370500605238,27,,,ambiguous
GSM4138138,22,1,Monocyte_family,family,0.9840682186060477,338,0.9141982586487056,0.06986995995734202,purer
GSM4138138,22,2,cDC2_CD33,specific,0.905874063961128,186,0.985426890190095,-0.07955282622896698,less_pure
GSM4138138,22,3,Mono_CD16,specific,0.9623254796588037,180,0.9668810029523296,-0.0045555232935259315,tie
GSM4138139,22,1,Monocyte_family,family,0.8952545049460217,106,0.8510495085223697,0.04420499642365194,tie
GSM4138139,22,10,DC_family,family,0.954042143517002,25,0.8604547296733422,0.09358741384365976,purer
GSM4138139,22,12,Ambiguous/Mixed,ambiguous,0.9201312155194149,46,,,ambiguous
GSM4138139,22,13,Ambiguous/Mixed,ambiguous,0.8707526419858079,20,,,ambiguous
GSM4138139,22,14,Ambiguous/Mixed,ambiguous,0.9191412560712039,22,,,ambiguous
GSM4138139,22,15,DC_family,family,0.9439413382638153,24,0.8604547296733422,0.08348660859047308,purer
GSM4138139,22,16,Mast,specific,0.9658315628046693,60,0.9658315628046693,0.0,tie
GSM4138139,22,2,cDC2_CD33,specific,0.8180394779511582,119,,,no_baseline
GSM4138139,22,3,Mono_CD16,specific,0.9769828253790106,25,,,no_baseline
GSM4138139,22,4,Macrophage_family,family,0.8043465184074583,124,0.6611390100606357,0.1432075083468226,purer
GSM4138139,22,5,Ambiguous/Mixed,ambiguous,0.9227590192407624,34,,,ambiguous
GSM4138139,22,6,DC_pDC,specific,0.9810740223900477,24,0.9506174967437965,0.03045652564625123,tie
GSM4138139,22,7,Ambiguous/Mixed,ambiguous,0.823166632626097,148,,,ambiguous
GSM4138139,22,8,Macrophage_family,family,0.8112575962038888,94,0.6611390100606357,0.15011858614325313,purer
GSM4138139,22,9,Ambiguous/Mixed,ambiguous,0.8327513562551909,40,,,ambiguous
GSM4138140,22,1,Monocyte_family,family,0.9853258063492859,353,0.9378362608794556,0.04748954546983031,tie
GSM4138140,22,2,cDC2_CD33,specific,0.8990706812433066,397,0.9755490876823467,-0.07647840643904014,less_pure
GSM4138140,22,3,Mono_CD16,specific,0.9571082285942927,150,0.9699730019986887,-0.012864773404396068,tie
GSM4138141,22,1,Monocyte_family,family,0.9596463892287399,152,0.8153267211987012,0.1443196680300387,purer
GSM4138141,22,10,DC_family,family,0.9153859644333171,31,0.7646439714392582,0.15074199299405888,purer
GSM4138141,22,12,Ambiguous/Mixed,ambiguous,0.9156967785949586,48,,,ambiguous
GSM4138141,22,14,Ambiguous/Mixed,ambiguous,0.8915550932557637,41,,,ambiguous
GSM4138141,22,15,DC_family,family,0.8767400460493109,58,0.7646439714392582,0.11209607461005267,purer
GSM4138141,22,2,cDC2_CD33,specific,0.8176524280816979,193,0.9545746132723032,-0.13692218519060528,less_pure
GSM4138141,22,3,Mono_CD16,specific,0.9501038690936938,53,0.9724074031211091,-0.02230353402741525,tie
GSM4138141,22,4,Macrophage_family,family,0.8681278043960273,69,0.8124580686420484,0.05566973575397893,purer
GSM4138141,22,5,Ambiguous/Mixed,ambiguous,0.8565361610187562,53,,,ambiguous
GSM4138141,22,6,DC_pDC,specific,0.9060166482044781,77,0.9165508686482305,-0.010534220443752407,tie
GSM4138141,22,9,Ambiguous/Mixed,ambiguous,0.8101237126043193,34,,,ambiguous
GSM4138142,22,1,Monocyte_family,family,0.9728400476919165,410,0.920204129281547,0.05263591841036941,purer
GSM4138142,22,2,cDC2_CD33,specific,0.9093267009098093,281,0.9473976527957454,-0.03807095188593612,tie
GSM4138142,22,3,Mono_CD16,specific,0.9567910411827214,153,0.9665257719433304,-0.009734730760609045,tie
GSM4138143,22,1,Monocyte_family,family,0.9058598634006161,59,0.886201598540746,0.0196582648598701,tie
GSM4138143,22,10,DC_family,family,0.957734080310738,25,0.7974127699611427,0.1603213103495953,purer
GSM4138143,22,14,Ambiguous/Mixed,ambiguous,0.8649461065110465,37,,,ambiguous
GSM4138143,22,15,DC_family,family,0.8606367091665914,46,0.7974127699611427,0.06322393920544866,purer
GSM4138143,22,16,Mast,specific,0.9748135904112316,31,0.9748135904112316,0.0,tie
GSM4138143,22,2,cDC2_CD33,specific,0.762711924357501,133,0.951511954161871,-0.18880002980436994,less_pure
GSM4138143,22,3,Mono_CD16,specific,1.0,22,,,no_baseline
GSM4138143,22,4,Macrophage_family,family,0.9193849422073633,31,0.7385317125013253,0.180853229706038,purer
GSM4138143,22,5,Ambiguous/Mixed,ambiguous,0.8585271736054731,32,,,ambiguous
GSM4138143,22,6,DC_pDC,specific,0.9210099960453577,49,0.9295762244202338,-0.008566228374876084,tie
GSM4138143,22,9,Ambiguous/Mixed,ambiguous,0.955714269087481,15,,,ambiguous
GSM4138144,22,1,Monocyte_family,family,0.9694050156301905,129,0.9366753735624749,0.03272964206771567,tie
GSM4138144,22,2,cDC2_CD33,specific,0.8383343570422911,151,0.8857225642654714,-0.04738820722318027,tie
GSM4138144,22,3,Mono_CD16,specific,0.9718053318769447,89,0.9749122264211482,-0.0031068945442034313,tie
GSM4138145,22,1,Monocyte_family,family,0.8579028603978113,153,0.8845972805340161,-0.02669442013620482,tie
GSM4138145,22,10,DC_family,family,0.8743171540222618,78,0.7535493269325659,0.12076782708969591,purer
GSM4138145,22,14,Ambiguous/Mixed,ambiguous,0.805560231534351,65,,,ambiguous
GSM4138145,22,15,DC_family,family,0.894943894669749,24,0.7535493269325659,0.14139456773718306,purer
GSM4138145,22,2,cDC2_CD33,specific,0.8303084023349481,155,0.8826813409519234,-0.05237293861697534,less_pure
GSM4138145,22,3,Mono_CD16,specific,0.9718186202327592,38,,,no_baseline
GSM4138145,22,4,Macrophage_family,family,0.961495144963144,23,0.8162928621790009,0.14520228278414316,purer
GSM4138145,22,5,Ambiguous/Mixed,ambiguous,0.7846925243010385,108,,,ambiguous
GSM4138145,22,6,DC_pDC,specific,0.957709996143703,47,0.9472622152517468,0.010447780891956193,tie
GSM4138145,22,7,Ambiguous/Mixed,ambiguous,0.9152448473115248,41,,,ambiguous
GSM4138146,22,1,Monocyte_family,family,0.9704955758080591,152,0.9146938667766903,0.05580170903136883,purer
GSM4138146,22,2,cDC2_CD33,specific,0.8768291850826017,103,0.9535751433901899,-0.07674595830758824,less_pure
GSM4138146,22,3,Mono_CD16,specific,0.9492426774671053,269,0.9622686828921565,-0.013026005425051168,tie
GSM4138147,22,6,DC_pDC,specific,0.925292417692126,32,0.935324749011505,-0.010032331319378973,tie
GSM4138148,22,1,Monocyte_family,family,0.9819489427690179,93,0.935303562563987,0.04664538020503095,tie
GSM4138148,22,2,cDC2_CD33,specific,0.8576231096075307,80,0.9694416070410731,-0.11181849743354233,less_pure
GSM4138148,22,3,Mono_CD16,specific,0.9564436063819731,43,0.9692635348384981,-0.01281992845652502,tie
GSM4138150,22,1,Monocyte_family,family,0.9760684034000428,91,0.946407681415232,0.029660721984810734,tie
GSM4138150,22,2,cDC2_CD33,specific,0.9141194661724527,101,,,no_baseline
GSM4138150,22,3,Mono_CD16,specific,0.9718601087156616,49,0.9785444665693842,-0.006684357853722567,tie
GSM4138151,22,6,DC_pDC,specific,0.9806392337550041,15,0.9806392337550041,0.0,tie
GSM4138152,22,1,Monocyte_family,family,0.9628649045722812,195,0.9123151404438743,0.05054976412840695,purer
GSM4138152,22,2,cDC2_CD33,specific,0.8639193909752895,279,0.9422903143010685,-0.078370923325779,less_pure
GSM4138152,22,3,Mono_CD16,specific,0.9371256723630621,119,0.9413199538988823,-0.0041942815358202434,tie
GSM4138153,22,2,cDC2_CD33,specific,0.9572187314567729,20,,,no_baseline
GSM4138153,22,5,Ambiguous/Mixed,ambiguous,0.9279226954039119,22,,,ambiguous
GSM4138154,22,1,Monocyte_family,family,0.9539756653334293,223,0.9120842471097981,0.04189141822363118,tie
GSM4138154,22,2,cDC2_CD33,specific,0.845090785150868,166,0.9300654096595982,-0.08497462450873017,less_pure
GSM4138154,22,3,Mono_CD16,specific,0.9410212512083078,42,0.951042806610867,-0.010021555402559224,tie
GSM4138155,22,1,Monocyte_family,family,0.8287349718969055,148,0.8176768242132156,0.011058147683689845,tie
GSM4138155,22,11,Ambiguous/Mixed,ambiguous,0.971498808308704,16,,,ambiguous
GSM4138155,22,13,Ambiguous/Mixed,ambiguous,0.8357528555070531,22,,,ambiguous
GSM4138155,22,14,Ambiguous/Mixed,ambiguous,0.6962721118378651,151,,,ambiguous
GSM4138155,22,15,DC_family,family,0.8777958385584954,30,0.7010983122032448,0.1766975263552506,purer
GSM4138155,22,16,Mast,specific,0.9252378509283148,20,0.9381206978557273,-0.012882846927412483,tie
GSM4138155,22,2,cDC2_CD33,specific,0.8123869863370078,90,0.9317478162107261,-0.11936082987371832,less_pure
GSM4138155,22,4,Macrophage_family,family,0.8602733662149447,54,0.6299154299118346,0.23035793630311008,purer
GSM4138155,22,5,Ambiguous/Mixed,ambiguous,0.8579999371570747,56,,,ambiguous
GSM4138155,22,6,DC_pDC,specific,0.8979761845396674,53,0.9062361607604512,-0.008259976220783782,tie
GSM4138155,22,7,Ambiguous/Mixed,ambiguous,0.729339000444259,164,,,ambiguous
GSM4138155,22,8,Macrophage_family,family,0.7778204151466145,80,0.6299154299118346,0.1479049852347799,purer
GSM4138156,22,1,Monocyte_family,family,0.9602067494817963,641,0.9272161110073198,0.032990638474476475,tie
GSM4138156,22,2,cDC2_CD33,specific,0.9027177969653115,115,0.9624123895856713,-0.05969459262035981,less_pure
GSM4138156,22,3,Mono_CD16,specific,0.9470803224746402,244,0.9674540600296433,-0.020373737555003046,tie
GSM4138156,22,6,DC_pDC,specific,0.9539837451128743,15,0.9539837451128743,0.0,tie
GSM4138157,22,1,Monocyte_family,family,0.9761145268633765,25,0.9673513117174695,0.008763215145907055,tie
GSM4138157,22,14,Ambiguous/Mixed,ambiguous,0.8169318422208223,29,,,ambiguous
GSM4138157,22,2,cDC2_CD33,specific,0.8788855688387147,47,,,no_baseline
GSM4138157,22,3,Mono_CD16,specific,0.9767218201578413,16,,,no_baseline
GSM4138157,22,4,Macrophage_family,family,0.9701349026621015,18,0.8168706613307802,0.15326424133132122,purer
GSM4138157,22,5,Ambiguous/Mixed,ambiguous,0.9828690114978688,19,,,ambiguous
GSM4138157,22,6,DC_pDC,specific,0.9480389776479722,17,0.9771060119735836,-0.02906703432561142,tie
GSM4138157,22,7,Ambiguous/Mixed,ambiguous,0.9379232142894005,16,,,ambiguous
GSM4138158,22,1,Monocyte_family,family,0.979819684647001,193,0.9577852629673983,0.022034421679602678,tie
GSM4138158,22,2,cDC2_CD33,specific,0.9168693880246546,109,0.9728171800182522,-0.05594779199359767,less_pure
GSM4138158,22,3,Mono_CD16,specific,0.9812799881440535,32,0.9852479955603701,-0.0039680074163166434,tie
GSM4138159,22,1,Monocyte_family,family,0.94087878454965,33,0.9468764067983803,-0.005997622248730239,tie
GSM4138159,22,10,DC_family,family,0.9655068520757327,15,0.774082064685566,0.19142478739016677,purer
GSM4138159,22,14,Ambiguous/Mixed,ambiguous,0.8997688589412067,27,,,ambiguous
GSM4138159,22,2,cDC2_CD33,specific,0.9215725087454022,29,,,no_baseline
GSM4138159,22,3,Mono_CD16,specific,0.986800890816294,17,,,no_baseline
GSM4138159,22,4,Macrophage_family,family,0.9515039854636607,25,0.8696457764255141,0.08185820903814656,purer
GSM4138159,22,5,Ambiguous/Mixed,ambiguous,0.979304574097429,19,,,ambiguous
GSM4138159,22,7,Ambiguous/Mixed,ambiguous,0.9596265767911749,15,,,ambiguous
GSM4138160,22,1,Monocyte_family,family,0.9592488699474822,389,0.9408522767361661,0.018396593211316037,tie
GSM4138160,22,2,cDC2_CD33,specific,0.8983912667445355,137,0.9625059869198346,-0.06411472017529907,less_pure
GSM4138160,22,3,Mono_CD16,specific,0.9645356308130693,65,0.9900033659049698,-0.02546773509190059,tie
GSM4138160,22,6,DC_pDC,specific,0.980833886723325,23,0.980833886723325,0.0,tie
GSM4138161,22,1,Monocyte_family,family,0.9425897135689268,80,0.8112926743286786,0.13129703924024827,purer
GSM4138161,22,11,Ambiguous/Mixed,ambiguous,0.9238609429851015,30,,,ambiguous
GSM4138161,22,12,Ambiguous/Mixed,ambiguous,0.9772759231340435,23,,,ambiguous
GSM4138161,22,14,Ambiguous/Mixed,ambiguous,0.7726737582000991,57,,,ambiguous
GSM4138161,22,2,cDC2_CD33,specific,0.786671189253324,100,0.9504514438950702,-0.16378025464174617,less_pure
GSM4138161,22,3,Mono_CD16,specific,0.9886847520899732,18,,,no_baseline
GSM4138161,22,5,Ambiguous/Mixed,ambiguous,0.8729598700647296,39,,,ambiguous
GSM4138161,22,6,DC_pDC,specific,0.8635289127307408,113,0.8488491714550629,0.014679741275677949,tie
GSM4138161,22,7,Ambiguous/Mixed,ambiguous,0.8541989158077465,50,,,ambiguous
GSM4138161,22,9,Ambiguous/Mixed,ambiguous,0.836196715770048,26,,,ambiguous
GSM4138162,22,1,Monocyte_family,family,0.9784386439829986,232,0.9451087043263531,0.033329939656645546,tie
GSM4138162,22,2,cDC2_CD33,specific,0.8872892992013802,277,0.9565826886013326,-0.06929338939995233,less_pure
GSM4138162,22,3,Mono_CD16,specific,0.9306412060485294,111,0.9689990847188696,-0.03835787867034024,tie
GSM4138162,22,6,DC_pDC,specific,0.9897606953288196,17,0.9897606953288196,0.0,tie
GSM4138163,22,1,Monocyte_family,family,0.9739473602342263,244,0.9488582621664332,0.025089098067793136,tie
GSM4138163,22,2,cDC2_CD33,specific,0.8966389752985103,257,0.9662642696443162,-0.06962529434580589,less_pure
GSM4138163,22,3,Mono_CD16,specific,0.9797051913415996,45,0.9838436758508947,-0.004138484509295104,tie
GSM4138163,22,5,Ambiguous/Mixed,ambiguous,0.9894150616418902,15,,,ambiguous
GSM4138163,22,6,DC_pDC,specific,0.9941087355013785,16,0.9858316108356697,0.008277124665708735,tie
GSM4138164,22,1,Monocyte_family,family,0.9743344306844509,84,0.9167656535447561,0.05756877713969477,purer
GSM4138164,22,2,cDC2_CD33,specific,0.8659935566801344,58,0.9689070127254621,-0.10291345604532764,less_pure
GSM4138164,22,3,Mono_CD16,specific,0.9582334807566119,37,0.9829393430119403,-0.024705862255328448,tie
GSM4138165,22,1,Monocyte_family,family,0.9769035566318648,260,0.9330548693882358,0.043848687243629,tie
GSM4138165,22,2,cDC2_CD33,specific,0.8751363491616962,119,0.9656538084529618,-0.09051745929126553,less_pure
GSM4138165,22,3,Mono_CD16,specific,0.9252495956810298,154,0.9446544771791544,-0.019404881498124582,tie
GSM4138166,22,1,Monocyte_family,family,0.9846068914322351,205,0.934676558303836,0.04993033312839912,tie
GSM4138166,22,2,cDC2_CD33,specific,0.8804295023010821,204,0.9526519052078193,-0.0722224029067372,less_pure
GSM4138166,22,3,Mono_CD16,specific,0.9546378927049542,153,0.9621941145544404,-0.007556221849486122,tie
GSM4138167,22,1,Monocyte_family,family,0.9882729941492904,158,0.945732763205749,0.042540230943541424,tie
GSM4138167,22,11,Ambiguous/Mixed,ambiguous,0.9829391378179302,21,,,ambiguous
GSM4138167,22,2,cDC2_CD33,specific,0.8788935393265418,206,0.9791664161417739,-0.10027287681523211,less_pure
GSM4138167,22,3,Mono_CD16,specific,0.9683324845720925,80,0.9625303423920475,0.0058021421800450446,tie
GSM4138168,22,6,DC_pDC,specific,0.9457890908623999,20,0.9457890908623999,0.0,tie
GSM4138110,23,1,Monocyte_family,family,0.9765470778056083,408,0.9347650824919556,0.04178199531365279,tie
GSM4138110,23,2,cDC2_CD33,specific,0.9079185412581681,272,0.9772050463188249,-0.06928650506065681,less_pure
GSM4138110,23,3,Mono_CD16,specific,0.9560461549575099,131,0.97761328954427,-0.021567134586760073,tie
GSM4138110,23,6,DC_pDC,specific,0.9697106021963595,20,0.9555193703185515,0.01419123187780802,tie
GSM4138111,23,1,Monocyte_family,family,0.889368591177173,35,0.8259886433998749,0.06337994777729816,purer
GSM4138111,23,10,DC_family,family,0.9766287025940531,21,0.7139188135165719,0.26270988907748116,purer
GSM4138111,23,12,Ambiguous/Mixed,ambiguous,0.9539689951120981,15,,,ambiguous
GSM4138111,23,13,Ambiguous/Mixed,ambiguous,0.890482922076036,21,,,ambiguous
GSM4138111,23,15,DC_family,family,0.951095297448468,15,0.7139188135165719,0.23717648393189605,purer
GSM4138111,23,17,Mast,specific,0.876493661763317,29,0.9059125026497903,-0.029418840886473285,tie
GSM4138111,23,2,cDC2_CD33,specific,0.8298192597220369,104,0.9445482499146199,-0.11472899019258309,less_pure
GSM4138111,23,3,Mono_CD16,specific,0.8996939293108359,38,0.891739170315181,0.007954758995654898,tie
GSM4138111,23,4,Macrophage_family,family,0.8930190440032405,26,0.7348820353100064,0.1581370086932341,purer
GSM4138111,23,5,Ambiguous/Mixed,ambiguous,0.9136982727838289,33,,,ambiguous
GSM4138111,23,6,DC_pDC,specific,0.9379035647628986,68,0.8980982837036952,0.039805281059203446,tie
GSM4138111,23,8,Ambiguous/Mixed,ambiguous,0.7291246013797301,83,,,ambiguous
GSM4138112,23,1,Monocyte_family,family,0.9862101281807911,178,0.9190793652117981,0.06713076296899301,purer
GSM4138112,23,2,cDC2_CD33,specific,0.8812738175071528,108,0.9670038724911083,-0.08573005498395547,less_pure
GSM4138112,23,3,Mono_CD16,specific,0.9474339568167893,138,0.9618001923997429,-0.01436623558295358,tie
GSM4138112,23,6,DC_pDC,specific,0.9670409840078681,25,0.9672228106134714,-0.00018182660560328578,tie
GSM4138113,23,1,Monocyte_family,family,0.9651504881371246,35,0.8906473359246847,0.07450315221243986,purer
GSM4138113,23,2,cDC2_CD33,specific,0.8815477410148063,54,,,no_baseline
GSM4138113,23,3,Mono_CD16,specific,0.9167032913674197,23,,,no_baseline
GSM4138113,23,4,Macrophage_family,family,0.9753202242165435,16,0.9310730182321791,0.04424720598436438,tie
GSM4138113,23,5,Ambiguous/Mixed,ambiguous,0.9512537777736685,31,,,ambiguous
GSM4138113,23,6,DC_pDC,specific,0.9515624001258797,35,0.9211167331049517,0.03044566702092799,tie
GSM4138114,23,1,Monocyte_family,family,0.9798469942273205,197,0.936754189234116,0.04309280499320445,tie
GSM4138114,23,2,cDC2_CD33,specific,0.8729482575647707,152,0.9667106404153469,-0.09376238285057625,less_pure
GSM4138114,23,3,Mono_CD16,specific,0.9607435105168223,84,0.9638175783207804,-0.003074067803958136,tie
GSM4138115,23,10,DC_family,family,0.982915445159658,17,0.7727754744975728,0.21013997066208523,purer
GSM4138115,23,13,Ambiguous/Mixed,ambiguous,0.9773834185755628,29,,,ambiguous
GSM4138115,23,15,DC_family,family,0.9715914688500271,22,0.7727754744975728,0.19881599435245434,purer
GSM4138115,23,2,cDC2_CD33,specific,0.8839718899384736,71,0.9795744769176817,-0.09560258697920809,less_pure
GSM4138115,23,4,Macrophage_family,family,0.9705110080090872,17,0.9489538079417781,0.0215572000673091,tie
GSM4138115,23,6,DC_pDC,specific,0.96780551371186,20,0.9816087420119992,-0.013803228300139248,tie
GSM4138116,23,1,Monocyte_family,family,0.9483284320976427,682,0.9347870689288121,0.013541363168830589,tie
GSM4138116,23,3,Mono_CD16,specific,0.98452947272547,23,0.9836055443637416,0.0009239283617283878,tie
GSM4138117,23,1,Monocyte_family,family,0.817342664211758,126,0.8607567303204385,-0.04341406610868048,tie
GSM4138117,23,12,Ambiguous/Mixed,ambiguous,0.748736812537586,68,,,ambiguous
GSM4138117,23,17,Mast,specific,0.9848958966969695,15,0.9848958966969695,0.0,tie
GSM4138117,23,2,cDC2_CD33,specific,0.8344292428259962,66,0.9663640660735294,-0.13193482324753325,less_pure
GSM4138117,23,3,Mono_CD16,specific,1.0,16,,,no_baseline
GSM4138117,23,4,Macrophage_family,family,0.8180598888388473,77,0.7420397036679759,0.07602018517087139,purer
GSM4138117,23,6,DC_pDC,specific,0.9528621852287787,15,,,no_baseline
GSM4138118,23,1,Monocyte_family,family,0.9680043178613562,142,0.9129088194689152,0.05509549839244099,purer
GSM4138118,23,2,cDC2_CD33,specific,0.8938900373887809,224,1.0,-0.10610996261121908,less_pure
GSM4138119,23,1,Monocyte_family,family,0.9561685441530254,20,0.9283766587096818,0.027791885443343656,tie
GSM4138119,23,11,Macrophage_family,family,0.8692286910321275,23,0.7571052713504478,0.11212341968167971,purer
GSM4138119,23,13,Ambiguous/Mixed,ambiguous,0.9185616935710411,18,,,ambiguous
GSM4138119,23,2,cDC2_CD33,specific,0.9111963027753575,22,,,no_baseline
GSM4138119,23,5,Ambiguous/Mixed,ambiguous,0.7294879528234206,56,,,ambiguous
GSM4138120,23,1,Monocyte_family,family,0.9446457964829765,280,0.8913061766587369,0.053339619824239626,purer
GSM4138120,23,2,cDC2_CD33,specific,0.8539603757687197,476,0.922151553350892,-0.0681911775821723,less_pure
GSM4138120,23,3,Mono_CD16,specific,0.9367150707572373,45,0.9596757142031672,-0.022960643445929962,tie
GSM4138121,23,1,Monocyte_family,family,0.9460688018592853,34,0.8716042571522686,0.07446454470701669,purer
GSM4138121,23,16,Macrophage_family,family,0.8539860101190889,35,0.7061923152542848,0.1477936948648041,purer
GSM4138121,23,18,Ambiguous/Mixed,ambiguous,0.9133587439185148,23,,,ambiguous
GSM4138121,23,2,cDC2_CD33,specific,0.9848314780854704,16,,,no_baseline
GSM4138121,23,4,Macrophage_family,family,0.9095393778239007,20,0.7061923152542848,0.20334706256961588,purer
GSM4138121,23,6,DC_pDC,specific,0.9563212481891016,16,,,no_baseline
GSM4138121,23,7,Ambiguous/Mixed,ambiguous,0.7660884309150404,75,,,ambiguous
GSM4138122,23,1,Monocyte_family,family,0.9906234399141954,159,0.9304728980531936,0.06015054186100188,purer
GSM4138122,23,2,cDC2_CD33,specific,0.890707454252755,269,0.9458228944772827,-0.055115440224527745,less_pure
GSM4138122,23,3,Mono_CD16,specific,0.9740789776168535,224,0.9776116977859656,-0.0035327201691121024,tie
GSM4138122,23,6,DC_pDC,specific,0.9782659584116306,20,0.9782659584116306,0.0,tie
GSM4138123,23,12,Ambiguous/Mixed,ambiguous,0.9057077833848319,19,,,ambiguous
GSM4138123,23,13,Ambiguous/Mixed,ambiguous,0.8528255235324393,27,,,ambiguous
GSM4138123,23,15,DC_family,family,0.9594328907026213,27,0.7694321137860433,0.19000077691657802,purer
GSM4138123,23,16,Macrophage_family,family,0.9328985739017068,16,0.7056844211043604,0.22721415279734647,purer
GSM4138123,23,2,cDC2_CD33,specific,0.885466538797107,40,,,no_baseline
GSM4138123,23,4,Macrophage_family,family,0.7384509600931322,448,0.7056844211043604,0.0327665389887718,tie
GSM4138123,23,6,DC_pDC,specific,0.9223107797302584,50,0.9383997749472549,-0.01608899521699647,tie
GSM4138123,23,7,Ambiguous/Mixed,ambiguous,0.907046474489422,47,,,ambiguous
GSM4138123,23,8,Ambiguous/Mixed,ambiguous,0.6717562714529397,76,,,ambiguous
GSM4138124,23,1,Monocyte_family,family,0.9813601978427102,233,0.9444246024199014,0.036935595422808776,tie
GSM4138124,23,2,cDC2_CD33,specific,0.9207379725980782,111,,,no_baseline
GSM4138124,23,3,Mono_CD16,specific,0.9476251025296409,96,0.969665210227224,-0.022040107697583022,tie
GSM4138125,23,1,Monocyte_family,family,0.9736145858836046,76,0.9443814511936789,0.02923313468992572,tie
GSM4138125,23,11,Macrophage_family,family,0.7686991170587116,310,0.7439021951733407,0.02479692188537097,tie
GSM4138125,23,2,cDC2_CD33,specific,0.8033883802152466,95,,,no_baseline
GSM4138125,23,4,Macrophage_family,family,0.8572600599966198,58,0.7439021951733407,0.11335786482327914,purer
GSM4138125,23,7,Ambiguous/Mixed,ambiguous,0.9674762644308881,18,,,ambiguous
GSM4138125,23,9,Ambiguous/Mixed,ambiguous,0.7853875139430571,73,,,ambiguous
GSM4138126,23,1,Monocyte_family,family,0.9810533461630278,638,0.9663228947211787,0.014730451441849035,tie
GSM4138126,23,2,cDC2_CD33,specific,0.9398038916090015,230,0.9796119788439297,-0.039808087234928236,tie
GSM4138126,23,3,Mono_CD16,specific,0.9636848594677732,82,1.0,-0.03631514053222684,tie
GSM4138127,23,1,Monocyte_family,family,0.8940918528410948,111,0.839799905947372,0.05429194689372285,purer
GSM4138127,23,12,Ambiguous/Mixed,ambiguous,0.8898283445487963,59,,,ambiguous
GSM4138127,23,14,Ambiguous/Mixed,ambiguous,0.8823946901938559,41,,,ambiguous
GSM4138127,23,16,Macrophage_family,family,0.9334470116568021,34,0.7778561108377001,0.15559090081910198,purer
GSM4138127,23,19,Ambiguous/Mixed,ambiguous,0.9763715905426346,24,,,ambiguous
GSM4138127,23,2,cDC2_CD33,specific,0.9583468804610522,29,,,no_baseline
GSM4138127,23,3,Mono_CD16,specific,1.0,15,,,no_baseline
GSM4138127,23,4,Macrophage_family,family,0.9524602643351533,18,0.7778561108377001,0.17460415349745317,purer
GSM4138127,23,5,Ambiguous/Mixed,ambiguous,1.0,15,,,ambiguous
GSM4138127,23,6,DC_pDC,specific,0.9214506120950497,32,0.9441912994803779,-0.022740687385328195,tie
GSM4138127,23,7,Ambiguous/Mixed,ambiguous,0.8440040089592058,132,,,ambiguous
GSM4138127,23,8,Ambiguous/Mixed,ambiguous,0.7624465242462174,69,,,ambiguous
GSM4138128,23,1,Monocyte_family,family,0.9906234399141954,159,0.9304728980531936,0.06015054186100188,purer
GSM4138128,23,2,cDC2_CD33,specific,0.890707454252755,269,0.9458228944772827,-0.055115440224527745,less_pure
GSM4138128,23,3,Mono_CD16,specific,0.9740789776168535,224,0.9776116977859656,-0.0035327201691121024,tie
GSM4138128,23,6,DC_pDC,specific,0.9782659584116306,20,0.9782659584116306,0.0,tie
GSM4138129,23,1,Monocyte_family,family,0.9385777118985204,48,0.9392410883358336,-0.00066337643731329,tie
GSM4138129,23,11,Macrophage_family,family,0.8719469019062986,37,0.7576685488530968,0.11427835305320189,purer
GSM4138129,23,2,cDC2_CD33,specific,0.8358339102777452,77,,,no_baseline
GSM4138129,23,4,Macrophage_family,family,0.8800255981514928,44,0.7576685488530968,0.12235704929839608,purer
GSM4138129,23,6,DC_pDC,specific,0.9868286715955322,25,0.9868286715955322,0.0,tie
GSM4138129,23,7,Ambiguous/Mixed,ambiguous,0.882099993663726,56,,,ambiguous
GSM4138130,23,1,Monocyte_family,family,0.9782380985741489,266,0.9271215447766311,0.05111655379751778,purer
GSM4138130,23,2,cDC2_CD33,specific,0.934901234518007,224,0.9689703249118781,-0.03406909039387107,tie
GSM4138130,23,3,Mono_CD16,specific,0.9473768053541365,258,0.9812775037239836,-0.033900698369847104,tie
GSM4138130,23,6,DC_pDC,specific,0.9639490407838097,19,0.9639490407838097,0.0,tie
GSM4138131,23,1,Monocyte_family,family,0.9331497721042696,49,0.7864517889481842,0.1466979831560854,purer
GSM4138131,23,10,DC_family,family,0.94515282663131,18,0.7536865945444218,0.19146623208688818,purer
GSM4138131,23,12,Ambiguous/Mixed,ambiguous,0.799725513108292,36,,,ambiguous
GSM4138131,23,13,Ambiguous/Mixed,ambiguous,0.8998648442496344,28,,,ambiguous
GSM4138131,23,14,Ambiguous/Mixed,ambiguous,0.7586495086589533,226,,,ambiguous
GSM4138131,23,15,DC_family,family,0.8157545841814113,72,0.7536865945444218,0.06206798963698956,purer
GSM4138131,23,16,Macrophage_family,family,0.9042616865801174,29,0.7412359185254018,0.16302576805471558,purer
GSM4138131,23,17,Mast,specific,0.9764376533440459,18,0.9764376533440459,0.0,tie
GSM4138131,23,18,Ambiguous/Mixed,ambiguous,1.0,19,,,ambiguous
GSM4138131,23,2,cDC2_CD33,specific,0.8952591304562524,89,,,no_baseline
GSM4138131,23,3,Mono_CD16,specific,0.9182609360065442,42,,,no_baseline
GSM4138131,23,4,Macrophage_family,family,0.8074742624606023,137,0.7412359185254018,0.06623834393520045,purer
GSM4138131,23,5,Ambiguous/Mixed,ambiguous,0.9297122813175469,41,,,ambiguous
GSM4138131,23,6,DC_pDC,specific,0.9046789059634622,112,0.9179857890881354,-0.013306883124673208,tie
GSM4138131,23,7,Ambiguous/Mixed,ambiguous,0.8453892437111017,74,,,ambiguous
GSM4138131,23,8,Ambiguous/Mixed,ambiguous,0.7262307157335646,58,,,ambiguous
GSM4138132,23,1,Monocyte_family,family,0.9922180657127679,323,0.9463038082948044,0.04591425741796351,tie
GSM4138132,23,2,cDC2_CD33,specific,0.9331846016967152,360,0.9677474499420015,-0.034562848245286215,tie
GSM4138132,23,3,Mono_CD16,specific,0.9688481585671896,144,0.9814133723188372,-0.012565213751647542,tie
GSM4138133,23,1,Monocyte_family,family,0.9679350444558215,22,0.9757353034710631,-0.007800259015241617,tie
GSM4138133,23,10,DC_family,family,0.9531686941267189,21,0.7773132578349409,0.17585543629177802,purer
GSM4138133,23,11,Macrophage_family,family,0.9506664936975905,19,0.7734595161579602,0.17720697753963033,purer
GSM4138133,23,13,Ambiguous/Mixed,ambiguous,0.8904241792668711,27,,,ambiguous
GSM4138133,23,15,DC_family,family,0.8754742261603823,26,0.7773132578349409,0.09816096832544141,purer
GSM4138133,23,2,cDC2_CD33,specific,0.8808614325955515,95,,,no_baseline
GSM4138133,23,4,Macrophage_family,family,0.8002196790503107,98,0.7734595161579602,0.026760162892350503,tie
GSM4138133,23,5,Ambiguous/Mixed,ambiguous,1.0,15,,,ambiguous
GSM4138133,23,6,DC_pDC,specific,0.9840886463775538,22,0.9780104357713506,0.0060782106062031716,tie
GSM4138133,23,8,Ambiguous/Mixed,ambiguous,0.8232158711731429,60,,,ambiguous
GSM4138134,23,1,Monocyte_family,family,0.9867951795168779,746,0.9607718200587291,0.02602335945814882,tie
GSM4138134,23,2,cDC2_CD33,specific,0.9460576799813052,512,,,no_baseline
GSM4138134,23,3,Mono_CD16,specific,0.9641555994688236,338,0.9695591587489021,-0.005403559280078518,tie
GSM4138134,23,6,DC_pDC,specific,0.9856991785152992,15,0.9856991785152992,0.0,tie
GSM4138135,23,1,Monocyte_family,family,0.9274548276266135,71,0.8944589205248566,0.032995907101756816,tie
GSM4138135,23,11,Macrophage_family,family,0.8460962019772378,44,0.6821237468466982,0.1639724551305396,purer
GSM4138135,23,13,Ambiguous/Mixed,ambiguous,0.8723068408208136,22,,,ambiguous
GSM4138135,23,14,Ambiguous/Mixed,ambiguous,0.9019390803731555,20,,,ambiguous
GSM4138135,23,15,DC_family,family,0.940655802958229,31,0.841697457205539,0.09895834575269002,purer
GSM4138135,23,16,Macrophage_family,family,0.7924039181263862,124,0.6821237468466982,0.11028017127968803,purer
GSM4138135,23,17,Mast,specific,1.0,21,1.0,0.0,tie
GSM4138135,23,18,Ambiguous/Mixed,ambiguous,0.9292804210034754,44,,,ambiguous
GSM4138135,23,2,cDC2_CD33,specific,0.8611088403261413,119,,,no_baseline
GSM4138135,23,3,Mono_CD16,specific,0.962834925666235,29,,,no_baseline
GSM4138135,23,4,Macrophage_family,family,0.781545067327,363,0.6821237468466982,0.09942132048030183,purer
GSM4138135,23,5,Ambiguous/Mixed,ambiguous,0.946017511485268,23,,,ambiguous
GSM4138135,23,6,DC_pDC,specific,0.9592348250153161,19,0.9787886250594097,-0.019553800044093572,tie
GSM4138135,23,7,Ambiguous/Mixed,ambiguous,0.8623577185855074,190,,,ambiguous
GSM4138135,23,8,Ambiguous/Mixed,ambiguous,0.9185987476803171,33,,,ambiguous
GSM4138135,23,9,Ambiguous/Mixed,ambiguous,0.9349283831166717,27,,,ambiguous
GSM4138136,23,1,Monocyte_family,family,0.9791093018264506,350,0.944450659488512,0.03465864233793858,tie
GSM4138136,23,2,cDC2_CD33,specific,0.9003019289044754,238,0.9575949318499146,-0.057293002945439264,less_pure
GSM4138136,23,3,Mono_CD16,specific,0.9535814796446249,217,0.978914746972955,-0.025333267328330078,tie
GSM4138137,23,1,Monocyte_family,family,0.9096064559217807,94,0.9224120085919152,-0.012805552670134501,tie
GSM4138137,23,11,Macrophage_family,family,0.8937268579092716,68,0.747893468389154,0.1458333895201176,purer
GSM4138137,23,12,Ambiguous/Mixed,ambiguous,0.893132029400088,38,,,ambiguous
GSM4138137,23,13,Ambiguous/Mixed,ambiguous,0.9080538991984373,25,,,ambiguous
GSM4138137,23,15,DC_family,family,0.952252074348237,18,0.839030314310623,0.11322176003761397,purer
GSM4138137,23,16,Macrophage_family,family,0.928207127573353,20,0.747893468389154,0.18031365918419895,purer
GSM4138137,23,18,Ambiguous/Mixed,ambiguous,0.8803458445926987,85,,,ambiguous
GSM4138137,23,2,cDC2_CD33,specific,0.9462462005696418,54,,,no_baseline
GSM4138137,23,3,Mono_CD16,specific,0.9817217106469575,25,,,no_baseline
GSM4138137,23,4,Macrophage_family,family,0.8029335582585898,281,0.747893468389154,0.05504008986943576,purer
GSM4138137,23,5,Ambiguous/Mixed,ambiguous,0.9065933451002537,27,,,ambiguous
GSM4138137,23,7,Ambiguous/Mixed,ambiguous,0.8012062195622969,190,,,ambiguous
GSM4138137,23,8,Ambiguous/Mixed,ambiguous,0.9037026341400844,27,,,ambiguous
GSM4138137,23,9,Ambiguous/Mixed,ambiguous,0.9464170420276059,26,,,ambiguous
GSM4138138,23,1,Monocyte_family,family,0.9840682186060477,338,0.9141982586487056,0.06986995995734202,purer
GSM4138138,23,2,cDC2_CD33,specific,0.9066072657346645,185,0.985426890190095,-0.07881962445543045,less_pure
GSM4138138,23,3,Mono_CD16,specific,0.9608262961989531,176,0.9668810029523296,-0.006054706753376493,tie
GSM4138139,23,1,Monocyte_family,family,0.8699355658306884,74,0.8510495085223697,0.018886057308318716,tie
GSM4138139,23,10,DC_family,family,0.954042143517002,25,0.8604547296733422,0.09358741384365976,purer
GSM4138139,23,11,Macrophage_family,family,0.8223233302678338,82,0.6611390100606357,0.16118432020719808,purer
GSM4138139,23,13,Ambiguous/Mixed,ambiguous,0.9191412560712039,22,,,ambiguous
GSM4138139,23,14,Ambiguous/Mixed,ambiguous,0.9466170458212505,28,,,ambiguous
GSM4138139,23,15,DC_family,family,0.9439413382638153,24,0.8604547296733422,0.08348660859047308,purer
GSM4138139,23,16,Macrophage_family,family,0.9027513867646444,70,0.6611390100606357,0.2416123767040087,purer
GSM4138139,23,17,Mast,specific,0.9658315628046693,60,0.9658315628046693,0.0,tie
GSM4138139,23,2,cDC2_CD33,specific,0.801490079366439,109,,,no_baseline
GSM4138139,23,3,Mono_CD16,specific,0.9689740670565485,26,,,no_baseline
GSM4138139,23,4,Macrophage_family,family,0.7899795896745085,123,0.6611390100606357,0.12884057961387285,purer
GSM4138139,23,5,Ambiguous/Mixed,ambiguous,0.9785018249280392,24,,,ambiguous
GSM4138139,23,6,DC_pDC,specific,0.9810740223900477,24,0.9506174967437965,0.03045652564625123,tie
GSM4138139,23,7,Ambiguous/Mixed,ambiguous,0.8473242054464125,165,,,ambiguous
GSM4138139,23,8,Ambiguous/Mixed,ambiguous,0.8330962790919676,40,,,ambiguous
GSM4138139,23,9,Ambiguous/Mixed,ambiguous,0.8721444659815568,21,,,ambiguous
GSM4138140,23,1,Monocyte_family,family,0.9852285885567063,355,0.9378362608794556,0.047392327677250656,tie
GSM4138140,23,2,cDC2_CD33,specific,0.9008294478715793,392,0.9755490876823467,-0.07471963981076746,less_pure
GSM4138140,23,3,Mono_CD16,specific,0.9570773109601871,148,0.9699730019986887,-0.012895691038501633,tie
GSM4138141,23,1,Monocyte_family,family,0.9712200959236647,148,0.8153267211987012,0.15589337472496345,purer
GSM4138141,23,10,DC_family,family,0.9153859644333171,31,0.7646439714392582,0.15074199299405888,purer
GSM4138141,23,13,Ambiguous/Mixed,ambiguous,0.9006975598722171,39,,,ambiguous
GSM4138141,23,14,Ambiguous/Mixed,ambiguous,0.9147121210908985,46,,,ambiguous
GSM4138141,23,15,DC_family,family,0.8767400460493109,58,0.7646439714392582,0.11209607461005267,purer
GSM4138141,23,2,cDC2_CD33,specific,0.8165277237040627,197,0.9545746132723032,-0.13804688956824052,less_pure
GSM4138141,23,3,Mono_CD16,specific,0.9727211681947272,51,0.9724074031211091,0.000313765073618133,tie
GSM4138141,23,4,Macrophage_family,family,0.8609478869914453,69,0.8124580686420484,0.04848981834939692,tie
GSM4138141,23,5,Ambiguous/Mixed,ambiguous,0.8403607624296057,50,,,ambiguous
GSM4138141,23,6,DC_pDC,specific,0.9045655934932223,76,0.9165508686482305,-0.011985275155008246,tie
GSM4138141,23,8,Ambiguous/Mixed,ambiguous,0.7675376617787204,35,,,ambiguous
GSM4138142,23,1,Monocyte_family,family,0.970950645085596,412,0.920204129281547,0.050746515804048986,purer
GSM4138142,23,2,cDC2_CD33,specific,0.9093695828258601,276,0.9473976527957454,-0.03802806996988528,tie
GSM4138142,23,3,Mono_CD16,specific,0.9567653474724475,152,0.9665257719433304,-0.009760424470882989,tie
GSM4138143,23,1,Monocyte_family,family,0.9140725544733787,57,0.886201598540746,0.02787095593263267,tie
GSM4138143,23,10,DC_family,family,0.957456380021505,24,0.7974127699611427,0.16004361006036227,purer
GSM4138143,23,13,Ambiguous/Mixed,ambiguous,0.8720866155723208,35,,,ambiguous
GSM4138143,23,15,DC_family,family,0.8606367091665914,46,0.7974127699611427,0.06322393920544866,purer
GSM4138143,23,17,Mast,specific,0.9748135904112316,31,0.9748135904112316,0.0,tie
GSM4138143,23,2,cDC2_CD33,specific,0.7616027686095176,136,0.951511954161871,-0.18990918555235337,less_pure
GSM4138143,23,3,Mono_CD16,specific,1.0,21,,,no_baseline
GSM4138143,23,4,Macrophage_family,family,0.9040742119971444,31,0.7385317125013253,0.16554249949581912,purer
GSM4138143,23,5,Ambiguous/Mixed,ambiguous,0.8827238657674928,31,,,ambiguous
GSM4138143,23,6,DC_pDC,specific,0.9208449012477619,48,0.9295762244202338,-0.008731323172471939,tie
GSM4138143,23,8,Ambiguous/Mixed,ambiguous,0.955714269087481,15,,,ambiguous
GSM4138144,23,1,Monocyte_family,family,0.9673274193487837,126,0.9366753735624749,0.030652045786308868,tie
GSM4138144,23,2,cDC2_CD33,specific,0.8383343570422911,151,0.8857225642654714,-0.04738820722318027,tie
GSM4138144,23,3,Mono_CD16,specific,0.9718053318769447,89,0.9749122264211482,-0.0031068945442034313,tie
GSM4138145,23,1,Monocyte_family,family,0.8590854636032837,144,0.8845972805340161,-0.025511816930732345,tie
GSM4138145,23,10,DC_family,family,0.8743171540222618,78,0.7535493269325659,0.12076782708969591,purer
GSM4138145,23,13,Ambiguous/Mixed,ambiguous,0.805560231534351,65,,,ambiguous
GSM4138145,23,15,DC_family,family,0.886267098860127,25,0.7535493269325659,0.13271777192756107,purer
GSM4138145,23,16,Macrophage_family,family,0.9657001006497695,16,0.8162928621790009,0.14940723847076864,purer
GSM4138145,23,2,cDC2_CD33,specific,0.8378436245168418,157,0.8826813409519234,-0.04483771643508161,tie
GSM4138145,23,3,Mono_CD16,specific,0.9722772853050057,41,,,no_baseline
GSM4138145,23,4,Macrophage_family,family,0.961495144963144,23,0.8162928621790009,0.14520228278414316,purer
GSM4138145,23,5,Ambiguous/Mixed,ambiguous,0.8221969352194656,84,,,ambiguous
GSM4138145,23,6,DC_pDC,specific,0.957709996143703,47,0.9472622152517468,0.010447780891956193,tie
GSM4138145,23,7,Ambiguous/Mixed,ambiguous,0.8829976182425624,49,,,ambiguous
GSM4138146,23,1,Monocyte_family,family,0.9679663369438753,152,0.9146938667766903,0.05327247016718506,purer
GSM4138146,23,2,cDC2_CD33,specific,0.8802026613495311,104,0.9535751433901899,-0.07337248204065883,less_pure
GSM4138146,23,3,Mono_CD16,specific,0.949283389391905,269,0.9622686828921565,-0.01298529350025146,tie
GSM4138147,23,6,DC_pDC,specific,0.925292417692126,32,0.935324749011505,-0.010032331319378973,tie
GSM4138148,23,1,Monocyte_family,family,0.9824685648930324,92,0.935303562563987,0.04716500232904541,tie
GSM4138148,23,2,cDC2_CD33,specific,0.8549154390386335,81,0.9694416070410731,-0.11452616800243953,less_pure
GSM4138148,23,3,Mono_CD16,specific,0.9683296849104478,41,0.9692635348384981,-0.0009338499280503454,tie
GSM4138150,23,1,Monocyte_family,family,0.9758891412077277,92,0.946407681415232,0.029481459792495723,tie
GSM4138150,23,2,cDC2_CD33,specific,0.9138847656051129,98,,,no_baseline
GSM4138150,23,3,Mono_CD16,specific,0.9675340031663556,48,0.9785444665693842,-0.01101046340302858,tie
GSM4138151,23,2,cDC2_CD33,specific,0.9824141155797756,15,,,no_baseline
GSM4138151,23,6,DC_pDC,specific,0.9806392337550041,15,0.9806392337550041,0.0,tie
GSM4138152,23,1,Monocyte_family,family,0.9627683729356203,191,0.9123151404438743,0.05045323249174605,purer
GSM4138152,23,2,cDC2_CD33,specific,0.8639358717074755,277,0.9422903143010685,-0.07835444259359292,less_pure
GSM4138152,23,3,Mono_CD16,specific,0.9438140398878013,118,0.9413199538988823,0.0024940859889189815,tie
GSM4138153,23,2,cDC2_CD33,specific,0.9145132745396667,23,,,no_baseline
GSM4138153,23,5,Ambiguous/Mixed,ambiguous,0.9784647540783672,21,,,ambiguous
GSM4138154,23,1,Monocyte_family,family,0.9579455896773648,220,0.9120842471097981,0.04586134256756669,tie
GSM4138154,23,2,cDC2_CD33,specific,0.8520439843307794,163,0.9300654096595982,-0.07802142532881873,less_pure
GSM4138154,23,3,Mono_CD16,specific,0.9410212512083078,42,0.951042806610867,-0.010021555402559224,tie
GSM4138155,23,1,Monocyte_family,family,0.8884562312079226,119,0.8176768242132156,0.07077940699470697,purer
GSM4138155,23,11,Macrophage_family,family,0.7712696697432391,70,0.6299154299118346,0.1413542398314045,purer
GSM4138155,23,12,Ambiguous/Mixed,ambiguous,0.9698226614712793,15,,,ambiguous
GSM4138155,23,13,Ambiguous/Mixed,ambiguous,0.6998994273505594,149,,,ambiguous
GSM4138155,23,15,DC_family,family,0.8797621083573528,30,0.7010983122032448,0.178663796154108,purer
GSM4138155,23,16,Macrophage_family,family,0.8198184672138386,63,0.6299154299118346,0.18990303730200397,purer
GSM4138155,23,17,Mast,specific,0.9252378509283148,20,0.9381206978557273,-0.012882846927412483,tie
GSM4138155,23,2,cDC2_CD33,specific,0.8108404378694746,82,0.9317478162107261,-0.12090737834125154,less_pure
GSM4138155,23,3,Mono_CD16,specific,0.9843755457858799,15,,,no_baseline
GSM4138155,23,4,Macrophage_family,family,0.8471238500609768,59,0.6299154299118346,0.2172084201491422,purer
GSM4138155,23,5,Ambiguous/Mixed,ambiguous,0.9029525257703748,36,,,ambiguous
GSM4138155,23,6,DC_pDC,specific,0.8979761845396674,53,0.9062361607604512,-0.008259976220783782,tie
GSM4138155,23,7,Ambiguous/Mixed,ambiguous,0.7231449960356438,172,,,ambiguous
GSM4138155,23,9,Ambiguous/Mixed,ambiguous,0.8301240744392517,24,,,ambiguous
GSM4138156,23,1,Monocyte_family,family,0.9625632658319234,641,0.9272161110073198,0.0353471548246036,tie
GSM4138156,23,2,cDC2_CD33,specific,0.9029639016237574,115,0.9624123895856713,-0.05944848796191393,less_pure
GSM4138156,23,3,Mono_CD16,specific,0.9480449151030351,243,0.9674540600296433,-0.01940914492660817,tie
GSM4138156,23,6,DC_pDC,specific,0.9539837451128743,15,0.9539837451128743,0.0,tie
GSM4138157,23,1,Monocyte_family,family,0.9753436845105863,21,0.9673513117174695,0.00799237279311682,tie
GSM4138157,23,13,Ambiguous/Mixed,ambiguous,0.8411430941900195,27,,,ambiguous
GSM4138157,23,2,cDC2_CD33,specific,0.8818817671068924,47,,,no_baseline
GSM4138157,23,3,Mono_CD16,specific,0.9760627719612862,18,,,no_baseline
GSM4138157,23,4,Macrophage_family,family,0.9716224910552409,19,0.8168706613307802,0.15475182972446067,purer
GSM4138157,23,6,DC_pDC,specific,0.9480389776479722,17,0.9771060119735836,-0.02906703432561142,tie
GSM4138157,23,7,Ambiguous/Mixed,ambiguous,0.9382846419670341,27,,,ambiguous
GSM4138158,23,1,Monocyte_family,family,0.9819270161703979,193,0.9577852629673983,0.024141753202999605,tie
GSM4138158,23,2,cDC2_CD33,specific,0.9168693880246546,109,0.9728171800182522,-0.05594779199359767,less_pure
GSM4138158,23,3,Mono_CD16,specific,0.9812799881440535,32,0.9852479955603701,-0.0039680074163166434,tie
GSM4138159,23,1,Monocyte_family,family,0.9677046399818123,23,0.9468764067983803,0.020828233183432077,tie
GSM4138159,23,10,DC_family,family,0.9655068520757327,15,0.774082064685566,0.19142478739016677,purer
GSM4138159,23,13,Ambiguous/Mixed,ambiguous,0.902563136813691,26,,,ambiguous
GSM4138159,23,2,cDC2_CD33,specific,0.9366061174494407,27,,,no_baseline
GSM4138159,23,3,Mono_CD16,specific,0.9871860494303,16,,,no_baseline
GSM4138159,23,4,Macrophage_family,family,0.9515039854636607,25,0.8696457764255141,0.08185820903814656,purer
GSM4138159,23,7,Ambiguous/Mixed,ambiguous,0.929177381977063,30,,,ambiguous
GSM4138160,23,1,Monocyte_family,family,0.9592488699474822,389,0.9408522767361661,0.018396593211316037,tie
GSM4138160,23,2,cDC2_CD33,specific,0.8983912667445355,137,0.9625059869198346,-0.06411472017529907,less_pure
GSM4138160,23,3,Mono_CD16,specific,0.9638061025077418,63,0.9900033659049698,-0.026197263397228054,tie
GSM4138160,23,6,DC_pDC,specific,0.980833886723325,23,0.980833886723325,0.0,tie
GSM4138161,23,1,Monocyte_family,family,0.9420710400871564,70,0.8112926743286786,0.1307783657584778,purer
GSM4138161,23,12,Ambiguous/Mixed,ambiguous,0.9235168632863047,31,,,ambiguous
GSM4138161,23,13,Ambiguous/Mixed,ambiguous,0.7684145369465153,57,,,ambiguous
GSM4138161,23,14,Ambiguous/Mixed,ambiguous,1.0,23,,,ambiguous
GSM4138161,23,16,Macrophage_family,family,0.9219348110052906,21,0.7827305071018592,0.13920430390343141,purer
GSM4138161,23,2,cDC2_CD33,specific,0.7970112147352733,96,0.9504514438950702,-0.15344022915979694,less_pure
GSM4138161,23,3,Mono_CD16,specific,1.0,17,,,no_baseline
GSM4138161,23,5,Ambiguous/Mixed,ambiguous,0.900824441805229,25,,,ambiguous
GSM4138161,23,6,DC_pDC,specific,0.8635289127307408,113,0.8488491714550629,0.014679741275677949,tie
GSM4138161,23,7,Ambiguous/Mixed,ambiguous,0.8545989240476117,55,,,ambiguous
GSM4138161,23,8,Ambiguous/Mixed,ambiguous,0.7821011516769805,28,,,ambiguous
GSM4138162,23,1,Monocyte_family,family,0.978479425897573,234,0.9451087043263531,0.0333707215712199,tie
GSM4138162,23,2,cDC2_CD33,specific,0.8871491467910185,280,0.9565826886013326,-0.06943354181031403,less_pure
GSM4138162,23,3,Mono_CD16,specific,0.9491243383056595,102,0.9689990847188696,-0.019874746413210187,tie
GSM4138162,23,6,DC_pDC,specific,0.9897606953288196,17,0.9897606953288196,0.0,tie
GSM4138163,23,1,Monocyte_family,family,0.9752659413265645,245,0.9488582621664332,0.026407679160131314,tie
GSM4138163,23,2,cDC2_CD33,specific,0.8965684615933596,256,0.9662642696443162,-0.06969580805095665,less_pure
GSM4138163,23,3,Mono_CD16,specific,0.981109065510054,41,0.9838436758508947,-0.0027346103408407707,tie
GSM4138163,23,5,Ambiguous/Mixed,ambiguous,0.9884034071567411,15,,,ambiguous
GSM4138163,23,6,DC_pDC,specific,0.9941087355013785,16,0.9858316108356697,0.008277124665708735,tie
GSM4138164,23,1,Monocyte_family,family,0.9743344306844509,84,0.9167656535447561,0.05756877713969477,purer
GSM4138164,23,2,cDC2_CD33,specific,0.8659935566801344,58,0.9689070127254621,-0.10291345604532764,less_pure
GSM4138164,23,3,Mono_CD16,specific,0.9582334807566119,37,0.9829393430119403,-0.024705862255328448,tie
GSM4138165,23,1,Monocyte_family,family,0.9769035566318648,260,0.9330548693882358,0.043848687243629,tie
GSM4138165,23,2,cDC2_CD33,specific,0.8761394808771673,118,0.9656538084529618,-0.08951432757579447,less_pure
GSM4138165,23,3,Mono_CD16,specific,0.9312484024943126,147,0.9446544771791544,-0.013406074684841784,tie
GSM4138166,23,1,Monocyte_family,family,0.9816994728768309,206,0.934676558303836,0.0470229145729949,tie
GSM4138166,23,2,cDC2_CD33,specific,0.8812012698998917,202,0.9526519052078193,-0.07145063530792761,less_pure
GSM4138166,23,3,Mono_CD16,specific,0.9543287087731223,152,0.9621941145544404,-0.007865405781318113,tie
GSM4138167,23,1,Monocyte_family,family,0.9882903900680826,163,0.945732763205749,0.042557626862333664,tie
GSM4138167,23,12,Ambiguous/Mixed,ambiguous,0.9812225892075747,19,,,ambiguous
GSM4138167,23,2,cDC2_CD33,specific,0.8772038548846299,213,0.9791664161417739,-0.10196256125714398,less_pure
GSM4138167,23,3,Mono_CD16,specific,0.964772617482797,77,0.9625303423920475,0.0022422750907494793,tie
GSM4138168,23,6,DC_pDC,specific,0.9457890908623999,20,0.9457890908623999,0.0,tie
GSM4138110,24,1,Mono_CD16,specific,0.9100856564927842,624,0.97761328954427,-0.06752763305148579,less_pure
GSM4138110,24,4,DC_pDC,specific,0.9697106021963595,20,0.9555193703185515,0.01419123187780802,tie
GSM4138111,24,1,Mono_CD16,specific,0.7533745206558117,228,0.891739170315181,-0.13836464965936934,less_pure
GSM4138111,24,10,Ambiguous/Mixed,ambiguous,0.876493661763317,29,,,ambiguous
GSM4138111,24,2,Ambiguous/Mixed,ambiguous,0.7449398999065779,70,,,ambiguous
GSM4138111,24,3,Ambiguous/Mixed,ambiguous,0.7919138962218616,42,,,ambiguous
GSM4138111,24,4,DC_pDC,specific,0.9229912886156358,66,0.8980982837036952,0.024893004911940686,tie
GSM4138111,24,8,DC_family,family,0.9828161585973858,16,0.7139188135165719,0.26889734508081387,purer
GSM4138112,24,1,Mono_CD16,specific,0.891575734297846,356,0.9618001923997429,-0.07022445810189692,less_pure
GSM4138112,24,4,DC_pDC,specific,0.9667725941103172,24,0.9672228106134714,-0.00045021650315413275,tie
GSM4138113,24,1,Mono_CD16,specific,0.7728031424946878,115,,,no_baseline
GSM4138113,24,2,Ambiguous/Mixed,ambiguous,0.8620794708752846,27,,,ambiguous
GSM4138113,24,4,DC_pDC,specific,0.9465068627521626,33,0.9211167331049517,0.02539012964721088,tie
GSM4138114,24,1,Mono_CD16,specific,0.8759992642350304,350,0.9638175783207804,-0.08781831408575003,less_pure
GSM4138115,24,1,Mono_CD16,specific,0.8290061530287998,99,,,no_baseline
GSM4138115,24,2,Ambiguous/Mixed,ambiguous,0.8954803891732935,50,,,ambiguous
GSM4138115,24,4,DC_pDC,specific,0.9811781413927627,17,0.9816087420119992,-0.0004306006192364986,tie
GSM4138115,24,7,DC_family,family,0.9522553190739903,21,0.7727754744975728,0.17947984457641752,purer
GSM4138116,24,1,Mono_CD16,specific,0.924055954856394,702,0.9836055443637416,-0.05954958950734757,less_pure
GSM4138117,24,1,Mono_CD16,specific,0.7758105319212911,187,,,no_baseline
GSM4138117,24,10,Ambiguous/Mixed,ambiguous,0.9848958966969695,15,,,ambiguous
GSM4138117,24,2,Ambiguous/Mixed,ambiguous,0.7644888716566883,124,,,ambiguous
GSM4138117,24,3,Ambiguous/Mixed,ambiguous,0.750055911267554,77,,,ambiguous
GSM4138118,24,1,Mono_CD16,specific,0.8768403025725471,290,,,no_baseline
GSM4138119,24,1,Mono_CD16,specific,0.6949499683406332,78,,,no_baseline
GSM4138119,24,2,Ambiguous/Mixed,ambiguous,0.7053348147664171,48,,,ambiguous
GSM4138120,24,1,Mono_CD16,specific,0.8473820463215724,609,0.9596757142031672,-0.11229366788159478,less_pure
GSM4138121,24,1,Mono_CD16,specific,0.6944410730726724,115,,,no_baseline
GSM4138121,24,2,Ambiguous/Mixed,ambiguous,0.6831817167597187,96,,,ambiguous
GSM4138121,24,5,Ambiguous/Mixed,ambiguous,0.9758084107374398,15,,,ambiguous
GSM4138121,24,6,Ambiguous/Mixed,ambiguous,0.8152481754952206,33,,,ambiguous
GSM4138122,24,1,Mono_CD16,specific,0.88176761480127,545,0.9776116977859656,-0.0958440829846956,less_pure
GSM4138122,24,4,DC_pDC,specific,0.9782659584116306,20,0.9782659584116306,0.0,tie
GSM4138123,24,1,Mono_CD16,specific,0.7403145952812129,87,,,no_baseline
GSM4138123,24,2,Ambiguous/Mixed,ambiguous,0.7145894772914816,526,,,ambiguous
GSM4138123,24,3,Ambiguous/Mixed,ambiguous,0.8260224086480648,30,,,ambiguous
GSM4138123,24,4,DC_pDC,specific,0.9508575041839805,48,0.9383997749472549,0.012457729236725612,tie
GSM4138123,24,5,Ambiguous/Mixed,ambiguous,0.9712035330296843,16,,,ambiguous
GSM4138123,24,7,DC_family,family,0.9688438319173417,21,0.7694321137860433,0.19941171813129843,purer
GSM4138124,24,1,Mono_CD16,specific,0.9156908552946471,340,0.969665210227224,-0.05397435493257685,less_pure
GSM4138125,24,1,Mono_CD16,specific,0.7208488054725468,382,,,no_baseline
GSM4138125,24,2,Ambiguous/Mixed,ambiguous,0.7384348363395827,313,,,ambiguous
GSM4138126,24,1,Mono_CD16,specific,0.9529039457285877,758,1.0,-0.04709605427141228,tie
GSM4138127,24,1,Mono_CD16,specific,0.7683219455775725,246,,,no_baseline
GSM4138127,24,16,Ambiguous/Mixed,ambiguous,0.9863072526212807,22,,,ambiguous
GSM4138127,24,2,Ambiguous/Mixed,ambiguous,0.843273784922729,81,,,ambiguous
GSM4138127,24,3,Ambiguous/Mixed,ambiguous,0.7494609595133623,111,,,ambiguous
GSM4138127,24,4,DC_pDC,specific,0.9463005809032675,28,0.9441912994803779,0.002109281422889575,tie
GSM4138127,24,5,Ambiguous/Mixed,ambiguous,0.8461166731003864,70,,,ambiguous
GSM4138127,24,6,Ambiguous/Mixed,ambiguous,0.9247067009932882,43,,,ambiguous
GSM4138128,24,1,Mono_CD16,specific,0.88176761480127,545,0.9776116977859656,-0.0958440829846956,less_pure
GSM4138128,24,4,DC_pDC,specific,0.9782659584116306,20,0.9782659584116306,0.0,tie
GSM4138129,24,1,Mono_CD16,specific,0.744486994306687,166,,,no_baseline
GSM4138129,24,2,Ambiguous/Mixed,ambiguous,0.7484154674358041,114,,,ambiguous
GSM4138129,24,4,DC_pDC,specific,0.9821933620190335,24,0.9868286715955322,-0.004635309576498714,tie
GSM4138130,24,1,Mono_CD16,specific,0.9156188827213053,587,0.9812775037239836,-0.06565862100267827,less_pure
GSM4138130,24,4,DC_pDC,specific,0.9639490407838097,19,0.9639490407838097,0.0,tie
GSM4138131,24,1,Mono_CD16,specific,0.7460978181941786,235,,,no_baseline
GSM4138131,24,10,Ambiguous/Mixed,ambiguous,0.9764376533440459,18,,,ambiguous
GSM4138131,24,2,Ambiguous/Mixed,ambiguous,0.7540769888082244,219,,,ambiguous
GSM4138131,24,3,Ambiguous/Mixed,ambiguous,0.7315952444563946,67,,,ambiguous
GSM4138131,24,4,DC_pDC,specific,0.906954756417147,110,0.9179857890881354,-0.011031032670988483,tie
GSM4138131,24,5,Ambiguous/Mixed,ambiguous,0.7307554230193314,254,,,ambiguous
GSM4138131,24,6,Ambiguous/Mixed,ambiguous,0.9603125940779305,26,,,ambiguous
GSM4138131,24,7,DC_family,family,0.9096175866684704,53,0.7536865945444218,0.1559309921240486,purer
GSM4138131,24,8,DC_family,family,0.8351506558227596,34,0.7536865945444218,0.08146406127833783,purer
GSM4138132,24,1,Mono_CD16,specific,0.9314836713014649,642,0.9814133723188372,-0.04992970101737226,tie
GSM4138133,24,1,Mono_CD16,specific,0.8097286000543511,163,,,no_baseline
GSM4138133,24,2,Ambiguous/Mixed,ambiguous,0.7609649384255133,173,,,ambiguous
GSM4138133,24,3,Ambiguous/Mixed,ambiguous,0.8351872216961019,34,,,ambiguous
GSM4138133,24,4,DC_pDC,specific,0.9780104357713506,21,0.9780104357713506,0.0,tie
GSM4138133,24,7,DC_family,family,0.8766445152724772,16,0.7773132578349409,0.09933125743753635,purer
GSM4138133,24,8,DC_family,family,0.9684312831288996,18,0.7773132578349409,0.19111802529395872,purer
GSM4138134,24,1,Mono_CD16,specific,0.9559789264910936,1212,0.9695591587489021,-0.013580232257808467,tie
GSM4138134,24,4,DC_pDC,specific,0.9856991785152992,15,0.9856991785152992,0.0,tie
GSM4138135,24,1,Mono_CD16,specific,0.7460152277503133,326,,,no_baseline
GSM4138135,24,10,Ambiguous/Mixed,ambiguous,1.0,21,,,ambiguous
GSM4138135,24,2,Ambiguous/Mixed,ambiguous,0.6821966817315965,595,,,ambiguous
GSM4138135,24,4,DC_pDC,specific,0.9714275620812333,18,0.9787886250594097,-0.0073610629781764025,tie
GSM4138135,24,5,Ambiguous/Mixed,ambiguous,0.8676344268799758,38,,,ambiguous
GSM4138135,24,6,Ambiguous/Mixed,ambiguous,0.8612356667219851,67,,,ambiguous
GSM4138135,24,7,DC_family,family,0.8199344528375154,27,0.841697457205539,-0.021763004368023586,tie
GSM4138135,24,8,DC_family,family,0.9700693052339514,15,0.841697457205539,0.1283718480284124,purer
GSM4138136,24,1,Mono_CD16,specific,0.897545671138613,641,0.978914746972955,-0.08136907583434194,less_pure
GSM4138137,24,1,Mono_CD16,specific,0.7793846687326241,245,,,no_baseline
GSM4138137,24,2,Ambiguous/Mixed,ambiguous,0.769001263077056,433,,,ambiguous
GSM4138137,24,3,Ambiguous/Mixed,ambiguous,0.8596974643140084,53,,,ambiguous
GSM4138137,24,5,Ambiguous/Mixed,ambiguous,0.898921110417668,25,,,ambiguous
GSM4138137,24,6,Ambiguous/Mixed,ambiguous,0.8484346639620697,114,,,ambiguous
GSM4138137,24,7,DC_family,family,0.9521718756827698,16,0.839030314310623,0.11314156137214681,purer
GSM4138138,24,1,Mono_CD16,specific,0.8849403803495279,575,0.9668810029523296,-0.08194062260280166,less_pure
GSM4138139,24,1,Mono_CD16,specific,0.6725817521548991,352,,,no_baseline
GSM4138139,24,10,Ambiguous/Mixed,ambiguous,0.9658315628046693,60,,,ambiguous
GSM4138139,24,2,Ambiguous/Mixed,ambiguous,0.6715033777321169,296,,,ambiguous
GSM4138139,24,3,Ambiguous/Mixed,ambiguous,0.9247623719731862,20,,,ambiguous
GSM4138139,24,4,DC_pDC,specific,0.968251105479663,20,0.9506174967437965,0.0176336087358665,tie
GSM4138139,24,5,Ambiguous/Mixed,ambiguous,0.8370492244630345,100,,,ambiguous
GSM4138139,24,7,DC_family,family,0.9530890125913944,16,0.8604547296733422,0.0926342829180522,purer
GSM4138139,24,8,DC_family,family,0.9244487880669114,17,0.8604547296733422,0.0639940583935692,purer
GSM4138140,24,1,Mono_CD16,specific,0.907097896578541,700,0.9699730019986887,-0.06287510542014774,less_pure
GSM4138141,24,1,Mono_CD16,specific,0.7561171627639389,388,0.9724074031211091,-0.21629024035717015,less_pure
GSM4138141,24,2,Ambiguous/Mixed,ambiguous,0.7813909000348443,127,,,ambiguous
GSM4138141,24,3,Ambiguous/Mixed,ambiguous,0.9128802751863784,21,,,ambiguous
GSM4138141,24,4,DC_pDC,specific,0.921628957275999,70,0.9165508686482305,0.0050780886277684845,tie
GSM4138141,24,5,Ambiguous/Mixed,ambiguous,0.8658443816317171,57,,,ambiguous
GSM4138141,24,7,DC_family,family,0.8678705568162228,37,0.7646439714392582,0.10322658537696461,purer
GSM4138141,24,8,DC_family,family,0.8830034744816175,34,0.7646439714392582,0.11835950304235932,purer
GSM4138142,24,1,Mono_CD16,specific,0.909983469471532,686,0.9665257719433304,-0.05654230247179848,less_pure
GSM4138143,24,1,Mono_CD16,specific,0.7206411579858607,236,,,no_baseline
GSM4138143,24,10,Ambiguous/Mixed,ambiguous,0.9748135904112316,31,,,ambiguous
GSM4138143,24,2,Ambiguous/Mixed,ambiguous,0.7462274258537669,93,,,ambiguous
GSM4138143,24,3,Ambiguous/Mixed,ambiguous,0.883665989138317,20,,,ambiguous
GSM4138143,24,4,DC_pDC,specific,0.9295762244202338,46,0.9295762244202338,0.0,tie
GSM4138143,24,7,DC_family,family,0.8397345831382712,38,0.7974127699611427,0.042321813177128464,tie
GSM4138144,24,1,Mono_CD16,specific,0.8455049299862669,295,0.9749122264211482,-0.12940729643488125,less_pure
GSM4138145,24,1,Mono_CD16,specific,0.7302051494930839,411,,,no_baseline
GSM4138145,24,2,Ambiguous/Mixed,ambiguous,0.7913995824419301,105,,,ambiguous
GSM4138145,24,3,Ambiguous/Mixed,ambiguous,0.9052856167722738,21,,,ambiguous
GSM4138145,24,4,DC_pDC,specific,0.9442288794945704,42,0.9472622152517468,-0.0030333357571764585,tie
GSM4138145,24,7,DC_family,family,0.9855746406760973,16,0.7535493269325659,0.23202531374353141,purer
GSM4138145,24,8,DC_family,family,0.7820830511449666,51,0.7535493269325659,0.028533724212400635,tie
GSM4138146,24,1,Mono_CD16,specific,0.8890286325827184,461,0.9622686828921565,-0.07324005030943814,less_pure
GSM4138147,24,1,Mono_CD16,specific,0.9581274084583246,18,,,no_baseline
GSM4138147,24,4,DC_pDC,specific,0.9551302400191756,29,0.935324749011505,0.019805491007670595,tie
GSM4138148,24,1,Mono_CD16,specific,0.8487694660039073,177,0.9692635348384981,-0.1204940688345908,less_pure
GSM4138149,24,2,Ambiguous/Mixed,ambiguous,0.9671464517293428,17,,,ambiguous
GSM4138150,24,1,Mono_CD16,specific,0.898024798914653,189,0.9785444665693842,-0.08051966765473118,less_pure
GSM4138151,24,1,Mono_CD16,specific,0.9732530846343233,20,,,no_baseline
GSM4138151,24,4,DC_pDC,specific,0.9806392337550041,15,0.9806392337550041,0.0,tie
GSM4138152,24,1,Mono_CD16,specific,0.8568259520075167,462,0.9413199538988823,-0.08449400189136569,less_pure
GSM4138152,24,4,DC_pDC,specific,0.9775928259929391,15,0.992154406195808,-0.014561580202868907,tie
GSM4138153,24,1,Mono_CD16,specific,0.8869547881941624,37,,,no_baseline
GSM4138153,24,2,Ambiguous/Mixed,ambiguous,0.9274496636361839,21,,,ambiguous
GSM4138154,24,1,Mono_CD16,specific,0.828703408821198,358,0.951042806610867,-0.12233939778966907,less_pure
GSM4138155,24,1,Mono_CD16,specific,0.6091440588801872,442,,,no_baseline
GSM4138155,24,10,Ambiguous/Mixed,ambiguous,0.9189277696922747,21,,,ambiguous
GSM4138155,24,2,Ambiguous/Mixed,ambiguous,0.6033537971626189,313,,,ambiguous
GSM4138155,24,3,Ambiguous/Mixed,ambiguous,0.9334811475759943,27,,,ambiguous
GSM4138155,24,4,DC_pDC,specific,0.9073759210517618,45,0.9062361607604512,0.0011397602913105764,tie
GSM4138155,24,8,DC_family,family,0.732680029589951,65,0.7010983122032448,0.03158171738670623,tie
GSM4138156,24,1,Mono_CD16,specific,0.8959901183533219,918,0.9674540600296433,-0.07146394167632142,less_pure
GSM4138156,24,4,DC_pDC,specific,0.9580308234589141,16,0.9539837451128743,0.00404707834603979,tie
GSM4138157,24,1,Mono_CD16,specific,0.735548470553274,112,,,no_baseline
GSM4138157,24,2,Ambiguous/Mixed,ambiguous,0.8117413253836958,58,,,ambiguous
GSM4138157,24,4,DC_pDC,specific,0.9775028854566601,15,0.9771060119735836,0.0003968734830764875,tie
GSM4138158,24,1,Mono_CD16,specific,0.894812964041232,275,0.9852479955603701,-0.09043503151913812,less_pure
GSM4138159,24,1,Mono_CD16,specific,0.7525203362789844,97,,,no_baseline
GSM4138159,24,2,Ambiguous/Mixed,ambiguous,0.8251223090701926,49,,,ambiguous
GSM4138160,24,1,Mono_CD16,specific,0.8959725888490746,483,0.9900033659049698,-0.09403077705589524,less_pure
GSM4138160,24,4,DC_pDC,specific,0.980833886723325,23,0.980833886723325,0.0,tie
GSM4138161,24,1,Mono_CD16,specific,0.6985648212777175,227,,,no_baseline
GSM4138161,24,2,Ambiguous/Mixed,ambiguous,0.7404157164347253,87,,,ambiguous
GSM4138161,24,3,Ambiguous/Mixed,ambiguous,0.7424160115926659,46,,,ambiguous
GSM4138161,24,4,DC_pDC,specific,0.860987372919607,107,0.8488491714550629,0.01213820146454414,tie
GSM4138161,24,5,Ambiguous/Mixed,ambiguous,0.8575986986112023,34,,,ambiguous
GSM4138161,24,6,Ambiguous/Mixed,ambiguous,0.9781398146462417,19,,,ambiguous
GSM4138161,24,8,DC_family,family,0.8618460602530921,31,0.6918033483531927,0.1700427118998994,purer
GSM4138162,24,1,Mono_CD16,specific,0.8911671709487927,485,0.9689990847188696,-0.07783191377007692,less_pure
GSM4138162,24,4,DC_pDC,specific,0.9897606953288196,17,0.9897606953288196,0.0,tie
GSM4138163,24,1,Mono_CD16,specific,0.9068843248799564,421,0.9838436758508947,-0.07695935097093831,less_pure
GSM4138163,24,4,DC_pDC,specific,0.9941087355013785,16,0.9858316108356697,0.008277124665708735,tie
GSM4138164,24,1,Mono_CD16,specific,0.8359159780743531,156,0.9829393430119403,-0.14702336493758716,less_pure
GSM4138165,24,1,Mono_CD16,specific,0.8950278170839294,436,0.9446544771791544,-0.049626660095224984,tie
GSM4138166,24,1,Mono_CD16,specific,0.8863711479392558,464,0.9621941145544404,-0.07582296661518462,less_pure
GSM4138167,24,1,Mono_CD16,specific,0.8835093241984291,339,0.9625303423920475,-0.0790210181936184,less_pure
GSM4138167,24,3,Ambiguous/Mixed,ambiguous,0.9797608008864908,17,,,ambiguous
GSM4138168,24,4,DC_pDC,specific,0.9457890908623999,20,0.9457890908623999,0.0,tie
GSM4138171,24,1,Mono_CD16,specific,0.9868309544909396,20,,,no_baseline
GSM4138172,24,1,Mono_CD16,specific,0.9294041706670209,24,,,no_baseline
GSM4138110,25,1,Ambiguous/Mixed,ambiguous,0.967806817985561,85,,,ambiguous
GSM4138110,25,2,DC_family,family,0.9089583075996279,363,0.978529942536888,-0.06957163493726004,less_pure
GSM4138110,25,3,Ambiguous/Mixed,ambiguous,0.890565033526877,272,,,ambiguous
GSM4138110,25,4,DC_pDC,specific,0.9385975545300778,310,0.9555193703185515,-0.016921815788473737,tie
GSM4138110,25,6,Ambiguous/Mixed,ambiguous,0.9623237412053934,96,,,ambiguous
GSM4138111,25,1,Ambiguous/Mixed,ambiguous,0.8731240136578198,32,,,ambiguous
GSM4138111,25,14,Ambiguous/Mixed,ambiguous,0.9635600331770258,24,,,ambiguous
GSM4138111,25,2,DC_family,family,0.7302402640948276,203,0.7139188135165719,0.016321450578255625,tie
GSM4138111,25,3,Ambiguous/Mixed,ambiguous,0.7228828323870493,154,,,ambiguous
GSM4138111,25,4,DC_pDC,specific,0.7933889861894653,112,0.8980982837036952,-0.10470929751422986,less_pure
GSM4138111,25,5,Mac_IL1B,specific,0.9071337930853518,30,,,no_baseline
GSM4138111,25,6,Ambiguous/Mixed,ambiguous,0.8819295663264484,38,,,ambiguous
GSM4138111,25,7,Mast,specific,0.8912897669047957,33,0.9059125026497903,-0.01462273574499462,tie
GSM4138112,25,1,Ambiguous/Mixed,ambiguous,0.9579302574065574,83,,,ambiguous
GSM4138112,25,2,DC_family,family,0.8678363815076855,112,0.9631782563261827,-0.09534187481849721,less_pure
GSM4138112,25,3,Ambiguous/Mixed,ambiguous,0.8787655593059551,234,,,ambiguous
GSM4138112,25,4,DC_pDC,specific,0.8787451118753115,123,0.9672228106134714,-0.08847769873815992,less_pure
GSM4138112,25,6,Ambiguous/Mixed,ambiguous,0.9361370940995556,123,,,ambiguous
GSM4138113,25,1,Ambiguous/Mixed,ambiguous,0.8662943636674233,40,,,ambiguous
GSM4138113,25,2,DC_family,family,0.7659972322329549,72,0.7632287255055046,0.002768506727450326,tie
GSM4138113,25,3,Ambiguous/Mixed,ambiguous,0.8410779667414143,60,,,ambiguous
GSM4138113,25,4,DC_pDC,specific,0.8737473584583347,87,0.9211167331049517,-0.047369374646616946,tie
GSM4138113,25,5,Mac_IL1B,specific,0.9822341535354359,24,,,no_baseline
GSM4138113,25,6,Ambiguous/Mixed,ambiguous,0.9534237731562668,22,,,ambiguous
GSM4138114,25,1,Ambiguous/Mixed,ambiguous,0.9682043563878722,40,,,ambiguous
GSM4138114,25,2,DC_family,family,0.8906048829450022,153,0.9550220117526695,-0.06441712880766737,less_pure
GSM4138114,25,3,Ambiguous/Mixed,ambiguous,0.8695839437471435,174,,,ambiguous
GSM4138114,25,4,DC_pDC,specific,0.9458483341027301,174,,,no_baseline
GSM4138114,25,6,Ambiguous/Mixed,ambiguous,0.9543709398444906,78,,,ambiguous
GSM4138115,25,1,Ambiguous/Mixed,ambiguous,0.8324073787795111,54,,,ambiguous
GSM4138115,25,10,Ambiguous/Mixed,ambiguous,0.971658421114312,19,,,ambiguous
GSM4138115,25,2,DC_family,family,0.8132249426334298,88,0.7727754744975728,0.040449468135857036,tie
GSM4138115,25,3,Ambiguous/Mixed,ambiguous,0.8366744772938873,74,,,ambiguous
GSM4138115,25,4,DC_pDC,specific,0.9579830165463646,17,0.9816087420119992,-0.023625725465634573,tie
GSM4138115,25,6,Ambiguous/Mixed,ambiguous,0.9618602366852607,16,,,ambiguous
GSM4138115,25,8,Ambiguous/Mixed,ambiguous,0.9466827815045814,30,,,ambiguous
GSM4138116,25,1,Ambiguous/Mixed,ambiguous,0.9407938394518828,244,,,ambiguous
GSM4138116,25,2,DC_family,family,0.9194024026406034,563,,,no_baseline
GSM4138116,25,3,Ambiguous/Mixed,ambiguous,0.9111257001705966,454,,,ambiguous
GSM4138116,25,4,DC_pDC,specific,0.9565850945595771,172,,,no_baseline
GSM4138117,25,1,Ambiguous/Mixed,ambiguous,0.7737007865197824,154,,,ambiguous
GSM4138117,25,10,Ambiguous/Mixed,ambiguous,0.7871576412165797,67,,,ambiguous
GSM4138117,25,2,DC_family,family,0.7272373333562179,192,0.8983178908723612,-0.17108055751614337,less_pure
GSM4138117,25,3,Ambiguous/Mixed,ambiguous,0.7110079684722518,187,,,ambiguous
GSM4138117,25,4,DC_pDC,specific,0.9419912644365198,31,,,no_baseline
GSM4138117,25,5,Mac_IL1B,specific,0.9278899735877029,19,,,no_baseline
GSM4138117,25,7,Mast,specific,0.9848958966969695,15,0.9848958966969695,0.0,tie
GSM4138118,25,1,Ambiguous/Mixed,ambiguous,0.9830986186692732,29,,,ambiguous
GSM4138118,25,2,DC_family,family,0.9139197986327738,47,1.0,-0.08608020136722616,less_pure
GSM4138118,25,3,Ambiguous/Mixed,ambiguous,0.9484762631556538,20,,,ambiguous
GSM4138118,25,4,DC_pDC,specific,0.9089947190179852,262,,,no_baseline
GSM4138118,25,6,Ambiguous/Mixed,ambiguous,0.9273133290430278,160,,,ambiguous
GSM4138119,25,10,Ambiguous/Mixed,ambiguous,0.9278116842634143,15,,,ambiguous
GSM4138119,25,2,DC_family,family,0.7387797792429205,53,0.903900009773125,-0.16512023053020453,less_pure
GSM4138119,25,3,Ambiguous/Mixed,ambiguous,0.937839404103991,16,,,ambiguous
GSM4138119,25,4,DC_pDC,specific,0.8806213423150511,37,,,no_baseline
GSM4138119,25,5,Mac_IL1B,specific,0.7371056169981363,52,,,no_baseline
GSM4138120,25,1,Ambiguous/Mixed,ambiguous,0.8884558441570353,238,,,ambiguous
GSM4138120,25,2,DC_family,family,0.8389702736286563,59,0.9218733376798663,-0.08290306405121006,less_pure
GSM4138120,25,3,Ambiguous/Mixed,ambiguous,0.8380759878742133,70,,,ambiguous
GSM4138120,25,4,DC_pDC,specific,0.8842067540828543,523,,,no_baseline
GSM4138120,25,6,Ambiguous/Mixed,ambiguous,0.8954558802758155,337,,,ambiguous
GSM4138121,25,1,Ambiguous/Mixed,ambiguous,0.8633362499140329,50,,,ambiguous
GSM4138121,25,10,Ambiguous/Mixed,ambiguous,0.9541366296298076,24,,,ambiguous
GSM4138121,25,2,DC_family,family,0.8489962379505003,43,0.85151969778944,-0.0025234598389397567,tie
GSM4138121,25,3,Ambiguous/Mixed,ambiguous,0.9444025040899043,31,,,ambiguous
GSM4138121,25,4,DC_pDC,specific,0.9504052330312343,20,,,no_baseline
GSM4138121,25,5,Mac_IL1B,specific,0.7354267286981051,97,0.7786556058359714,-0.04322887713786627,tie
GSM4138121,25,8,Ambiguous/Mixed,ambiguous,0.9804343587891472,15,,,ambiguous
GSM4138122,25,1,Ambiguous/Mixed,ambiguous,0.9816901657932567,36,,,ambiguous
GSM4138122,25,2,DC_family,family,0.8724032679353471,150,0.9508492071935304,-0.07844593925818333,less_pure
GSM4138122,25,3,Ambiguous/Mixed,ambiguous,0.8793534067019102,282,,,ambiguous
GSM4138122,25,4,DC_pDC,specific,0.9255677326315371,255,0.9782659584116306,-0.05269822578009342,less_pure
GSM4138122,25,6,Ambiguous/Mixed,ambiguous,0.9249288910140604,217,,,ambiguous
GSM4138123,25,1,Ambiguous/Mixed,ambiguous,0.7316156048705171,298,,,ambiguous
GSM4138123,25,10,Ambiguous/Mixed,ambiguous,0.8921294648637913,25,,,ambiguous
GSM4138123,25,14,Ambiguous/Mixed,ambiguous,0.9628657009387505,21,,,ambiguous
GSM4138123,25,2,DC_family,family,0.7257999025886006,438,0.7694321137860433,-0.04363221119744265,tie
GSM4138123,25,3,Ambiguous/Mixed,ambiguous,0.7092858267352347,312,,,ambiguous
GSM4138123,25,4,DC_pDC,specific,0.7932225353982695,52,0.9383997749472549,-0.14517723954898543,less_pure
GSM4138123,25,5,Mac_IL1B,specific,0.7307244497189239,111,0.8800216475828482,-0.14929719786392426,less_pure
GSM4138123,25,6,Ambiguous/Mixed,ambiguous,0.8527535476439082,38,,,ambiguous
GSM4138124,25,1,Ambiguous/Mixed,ambiguous,0.9441359513080596,125,,,ambiguous
GSM4138124,25,2,DC_family,family,0.9201730851557072,197,,,no_baseline
GSM4138124,25,3,Ambiguous/Mixed,ambiguous,0.9010645812392277,210,,,ambiguous
GSM4138124,25,4,DC_pDC,specific,0.9761655867979852,102,,,no_baseline
GSM4138125,25,1,Ambiguous/Mixed,ambiguous,0.7464334480052065,150,,,ambiguous
GSM4138125,25,10,Ambiguous/Mixed,ambiguous,0.8056162528461228,74,,,ambiguous
GSM4138125,25,2,DC_family,family,0.7286669120455287,328,0.95113418699402,-0.22246727494849128,less_pure
GSM4138125,25,3,Ambiguous/Mixed,ambiguous,0.7359397032793149,309,,,ambiguous
GSM4138125,25,4,DC_pDC,specific,0.8199511603251654,97,,,no_baseline
GSM4138125,25,5,Mac_IL1B,specific,0.8427119607318699,52,,,no_baseline
GSM4138125,25,6,Ambiguous/Mixed,ambiguous,0.8675487679707908,47,,,ambiguous
GSM4138125,25,8,Ambiguous/Mixed,ambiguous,0.8216952678215456,43,,,ambiguous
GSM4138125,25,9,Ambiguous/Mixed,ambiguous,0.8453204470893447,65,,,ambiguous
GSM4138126,25,1,Ambiguous/Mixed,ambiguous,0.9712268955832882,65,,,ambiguous
GSM4138126,25,2,DC_family,family,0.9545761188634708,217,0.9796119788439297,-0.025035859980458874,tie
GSM4138126,25,3,Ambiguous/Mixed,ambiguous,0.933737321537137,197,,,ambiguous
GSM4138126,25,4,DC_pDC,specific,0.9715362874632174,525,,,no_baseline
GSM4138126,25,6,Ambiguous/Mixed,ambiguous,0.9682812259346057,207,,,ambiguous
GSM4138127,25,1,Ambiguous/Mixed,ambiguous,0.7923729374956445,191,,,ambiguous
GSM4138127,25,10,Ambiguous/Mixed,ambiguous,1.0,20,,,ambiguous
GSM4138127,25,13,Ambiguous/Mixed,ambiguous,0.9857514054157335,25,,,ambiguous
GSM4138127,25,14,Ambiguous/Mixed,ambiguous,0.9548691385046368,17,,,ambiguous
GSM4138127,25,2,DC_family,family,0.8411287839026487,85,0.891335201708411,-0.05020641780576229,less_pure
GSM4138127,25,3,Ambiguous/Mixed,ambiguous,0.7812213972093501,143,,,ambiguous
GSM4138127,25,4,DC_pDC,specific,0.9284789183099952,25,0.9441912994803779,-0.01571238117038276,tie
GSM4138127,25,5,Mac_IL1B,specific,0.8352262827106397,147,0.8434018282825052,-0.008175545571865506,tie
GSM4138127,25,6,Ambiguous/Mixed,ambiguous,0.8821754984582519,45,,,ambiguous
GSM4138127,25,8,Ambiguous/Mixed,ambiguous,0.9637487704869508,26,,,ambiguous
GSM4138128,25,1,Ambiguous/Mixed,ambiguous,0.9816901657932567,36,,,ambiguous
GSM4138128,25,2,DC_family,family,0.8724032679353471,150,0.9508492071935304,-0.07844593925818333,less_pure
GSM4138128,25,3,Ambiguous/Mixed,ambiguous,0.8793534067019102,282,,,ambiguous
GSM4138128,25,4,DC_pDC,specific,0.9255677326315371,255,0.9782659584116306,-0.05269822578009342,less_pure
GSM4138128,25,6,Ambiguous/Mixed,ambiguous,0.9249288910140604,217,,,ambiguous
GSM4138129,25,1,Ambiguous/Mixed,ambiguous,0.8662636705643004,40,,,ambiguous
GSM4138129,25,2,DC_family,family,0.7737585896705615,142,0.8738886990016175,-0.10013010933105593,less_pure
GSM4138129,25,3,Ambiguous/Mixed,ambiguous,0.7953629859308906,112,,,ambiguous
GSM4138129,25,4,DC_pDC,specific,0.9348287459036694,43,0.9868286715955322,-0.05199992569186285,less_pure
GSM4138129,25,5,Mac_IL1B,specific,0.8152107052981404,75,,,no_baseline
GSM4138129,25,6,Ambiguous/Mixed,ambiguous,0.9753253004120824,20,,,ambiguous
GSM4138129,25,9,Ambiguous/Mixed,ambiguous,0.927997579972208,28,,,ambiguous
GSM4138130,25,1,Ambiguous/Mixed,ambiguous,0.9323291283126368,302,,,ambiguous
GSM4138130,25,2,DC_family,family,0.9257646468078996,184,0.9723277323162005,-0.046563085508300905,tie
GSM4138130,25,3,Ambiguous/Mixed,ambiguous,0.9130149155037167,268,,,ambiguous
GSM4138130,25,4,DC_pDC,specific,0.9201607017637248,272,0.9639490407838097,-0.04378833902008494,tie
GSM4138130,25,6,Ambiguous/Mixed,ambiguous,0.9556102719853965,114,,,ambiguous
GSM4138131,25,1,Ambiguous/Mixed,ambiguous,0.7394878472290543,471,,,ambiguous
GSM4138131,25,10,Ambiguous/Mixed,ambiguous,0.9803528428010013,21,,,ambiguous
GSM4138131,25,14,Ambiguous/Mixed,ambiguous,0.931724068955909,43,,,ambiguous
GSM4138131,25,2,DC_family,family,0.7894355407802124,126,0.7536865945444218,0.03574894623579061,tie
GSM4138131,25,3,Ambiguous/Mixed,ambiguous,0.8167010689934603,111,,,ambiguous
GSM4138131,25,4,DC_pDC,specific,0.8965071054808711,87,0.9179857890881354,-0.02147868360726435,tie
GSM4138131,25,5,Mac_IL1B,specific,0.8517209071365325,78,0.9427030776987229,-0.09098217056219038,less_pure
GSM4138131,25,6,Ambiguous/Mixed,ambiguous,0.8447267568803396,65,,,ambiguous
GSM4138131,25,7,Mast,specific,0.9764376533440459,18,0.9764376533440459,0.0,tie
GSM4138131,25,8,Ambiguous/Mixed,ambiguous,0.9806383895681209,21,,,ambiguous
GSM4138132,25,1,Ambiguous/Mixed,ambiguous,0.9392707449336524,299,,,ambiguous
GSM4138132,25,2,DC_family,family,0.9276626001670214,189,0.9677474499420015,-0.04008484977498006,tie
GSM4138132,25,3,Ambiguous/Mixed,ambiguous,0.9123764328723963,237,,,ambiguous
GSM4138132,25,4,DC_pDC,specific,0.9645365182013379,314,,,no_baseline
GSM4138132,25,6,Ambiguous/Mixed,ambiguous,0.9554869134310104,211,,,ambiguous
GSM4138133,25,1,Ambiguous/Mixed,ambiguous,0.7860764076287325,134,,,ambiguous
GSM4138133,25,2,DC_family,family,0.7278316783408426,211,0.7773132578349409,-0.04948157949409826,tie
GSM4138133,25,3,Ambiguous/Mixed,ambiguous,0.7486778357359003,170,,,ambiguous
GSM4138133,25,4,DC_pDC,specific,0.8820274305201967,39,0.9780104357713506,-0.09598300525115389,less_pure
GSM4138133,25,5,Mac_IL1B,specific,0.9767547773048618,15,,,no_baseline
GSM4138133,25,6,Ambiguous/Mixed,ambiguous,0.9646804106176943,19,,,ambiguous
GSM4138134,25,1,Ambiguous/Mixed,ambiguous,0.9409212738832868,256,,,ambiguous
GSM4138134,25,11,Ambiguous/Mixed,ambiguous,0.994698996100856,20,,,ambiguous
GSM4138134,25,2,DC_family,family,0.9369198295826874,453,,,no_baseline
GSM4138134,25,3,Ambiguous/Mixed,ambiguous,0.9326737911111532,520,,,ambiguous
GSM4138134,25,4,DC_pDC,specific,0.9651710481005304,570,0.9856991785152992,-0.020528130414768753,tie
GSM4138134,25,6,Ambiguous/Mixed,ambiguous,0.9511419471869212,378,,,ambiguous
GSM4138134,25,7,Mast,specific,1.0,15,,,no_baseline
GSM4138135,25,1,Ambiguous/Mixed,ambiguous,0.7664648370175473,280,,,ambiguous
GSM4138135,25,10,Ambiguous/Mixed,ambiguous,0.865213601474665,86,,,ambiguous
GSM4138135,25,2,DC_family,family,0.7860101646931453,359,0.841697457205539,-0.05568729251239368,less_pure
GSM4138135,25,3,Ambiguous/Mixed,ambiguous,0.810267662551819,238,,,ambiguous
GSM4138135,25,4,DC_pDC,specific,0.8504630446459268,68,0.9787886250594097,-0.12832558041348285,less_pure
GSM4138135,25,5,Mac_IL1B,specific,0.7318160017043955,353,0.7699114615871874,-0.03809545988279184,tie
GSM4138135,25,6,Ambiguous/Mixed,ambiguous,0.8563542184207772,57,,,ambiguous
GSM4138135,25,7,Mast,specific,0.9788038112231259,23,1.0,-0.021196188776874125,tie
GSM4138135,25,8,Ambiguous/Mixed,ambiguous,0.9056241432227694,47,,,ambiguous
GSM4138135,25,9,Ambiguous/Mixed,ambiguous,0.9782985597549456,16,,,ambiguous
GSM4138136,25,1,Ambiguous/Mixed,ambiguous,0.9515784918643428,142,,,ambiguous
GSM4138136,25,2,DC_family,family,0.9038033393864505,334,0.9575949318499146,-0.0537915924634641,less_pure
GSM4138136,25,3,Ambiguous/Mixed,ambiguous,0.8782771144133282,271,,,ambiguous
GSM4138136,25,4,DC_pDC,specific,0.9412538714093769,283,,,no_baseline
GSM4138136,25,6,Ambiguous/Mixed,ambiguous,0.9655909199368998,127,,,ambiguous
GSM4138137,25,1,Ambiguous/Mixed,ambiguous,0.7716322998436749,309,,,ambiguous
GSM4138137,25,10,Ambiguous/Mixed,ambiguous,0.8693346361540222,118,,,ambiguous
GSM4138137,25,2,DC_family,family,0.7977419122836622,267,0.839030314310623,-0.041288402026960824,tie
GSM4138137,25,3,Ambiguous/Mixed,ambiguous,0.8012691500384757,196,,,ambiguous
GSM4138137,25,4,DC_pDC,specific,0.9194655422097114,44,,,no_baseline
GSM4138137,25,5,Mac_IL1B,specific,0.7640161004322816,252,0.9166652474001934,-0.15264914696791176,less_pure
GSM4138137,25,6,Ambiguous/Mixed,ambiguous,0.932319615457582,43,,,ambiguous
GSM4138137,25,8,Ambiguous/Mixed,ambiguous,0.8615616077782657,90,,,ambiguous
GSM4138138,25,1,Ambiguous/Mixed,ambiguous,0.9298131669676144,89,,,ambiguous
GSM4138138,25,2,DC_family,family,0.8822497631550248,272,0.9835238826100917,-0.10127411945506692,less_pure
GSM4138138,25,3,Ambiguous/Mixed,ambiguous,0.8740883292287285,258,,,ambiguous
GSM4138138,25,4,DC_pDC,specific,0.9468251776753596,271,,,no_baseline
GSM4138138,25,6,Ambiguous/Mixed,ambiguous,0.9401739136133143,122,,,ambiguous
GSM4138139,25,1,Ambiguous/Mixed,ambiguous,0.7116456980208985,247,,,ambiguous
GSM4138139,25,2,DC_family,family,0.7442677117091665,251,0.8604547296733422,-0.11618701796417574,less_pure
GSM4138139,25,3,Ambiguous/Mixed,ambiguous,0.741392086334427,221,,,ambiguous
GSM4138139,25,4,DC_pDC,specific,0.8928910608722991,46,0.9506174967437965,-0.057726435871497395,less_pure
GSM4138139,25,5,Mac_IL1B,specific,0.7561234275717417,168,0.855205732409343,-0.09908230483760128,less_pure
GSM4138139,25,6,Ambiguous/Mixed,ambiguous,0.9207905648908354,40,,,ambiguous
GSM4138139,25,7,Mast,specific,0.8883910491740585,69,0.9658315628046693,-0.07744051363061077,less_pure
GSM4138139,25,9,Ambiguous/Mixed,ambiguous,0.8658252156683304,29,,,ambiguous
GSM4138140,25,1,Ambiguous/Mixed,ambiguous,0.9540443702404445,81,,,ambiguous
GSM4138140,25,2,DC_family,family,0.896260879241953,247,0.9577957427797844,-0.06153486353783144,less_pure
GSM4138140,25,3,Ambiguous/Mixed,ambiguous,0.8835984178561699,230,,,ambiguous
GSM4138140,25,4,DC_pDC,specific,0.9545883800389923,408,,,no_baseline
GSM4138140,25,6,Ambiguous/Mixed,ambiguous,0.947541450731781,262,,,ambiguous
GSM4138141,25,1,Ambiguous/Mixed,ambiguous,0.7565219550595939,191,,,ambiguous
GSM4138141,25,14,Ambiguous/Mixed,ambiguous,0.973462663057414,21,,,ambiguous
GSM4138141,25,2,DC_family,family,0.7814387417163007,229,0.7646439714392582,0.01679477027704246,tie
GSM4138141,25,3,Ambiguous/Mixed,ambiguous,0.7994448213069918,125,,,ambiguous
GSM4138141,25,4,DC_pDC,specific,0.8440808931446031,252,0.9165508686482305,-0.07246997550362744,less_pure
GSM4138141,25,5,Mac_IL1B,specific,0.9416455135365851,30,,,no_baseline
GSM4138141,25,6,Ambiguous/Mixed,ambiguous,0.8404967231321786,128,,,ambiguous
GSM4138142,25,1,Ambiguous/Mixed,ambiguous,0.9240403402872126,149,,,ambiguous
GSM4138142,25,2,DC_family,family,0.9031914958197966,241,0.9454906207626952,-0.04229912494289856,tie
GSM4138142,25,3,Ambiguous/Mixed,ambiguous,0.8961515597704397,249,,,ambiguous
GSM4138142,25,4,DC_pDC,specific,0.9472625451238091,388,,,no_baseline
GSM4138142,25,6,Ambiguous/Mixed,ambiguous,0.9203741073353607,233,,,ambiguous
GSM4138143,25,1,Ambiguous/Mixed,ambiguous,0.85148583214932,56,,,ambiguous
GSM4138143,25,14,Ambiguous/Mixed,ambiguous,0.9471938171297647,19,,,ambiguous
GSM4138143,25,2,DC_family,family,0.7126689170198914,198,0.7974127699611427,-0.08474385294125131,less_pure
GSM4138143,25,3,Ambiguous/Mixed,ambiguous,0.7324603401280531,171,,,ambiguous
GSM4138143,25,4,DC_pDC,specific,0.8769813538690105,81,0.9295762244202338,-0.05259487055122325,less_pure
GSM4138143,25,6,Ambiguous/Mixed,ambiguous,0.8961870262673277,43,,,ambiguous
GSM4138143,25,7,Mast,specific,0.9729090944742861,33,0.9748135904112316,-0.0019044959369455272,tie
GSM4138144,25,1,Ambiguous/Mixed,ambiguous,0.977730570095802,26,,,ambiguous
GSM4138144,25,2,DC_family,family,0.8432143016055746,192,0.8857225642654714,-0.04250826265989671,tie
GSM4138144,25,3,Ambiguous/Mixed,ambiguous,0.8357788655298939,134,,,ambiguous
GSM4138144,25,4,DC_pDC,specific,0.9272756804917576,137,,,no_baseline
GSM4138144,25,6,Ambiguous/Mixed,ambiguous,0.9743231106934747,53,,,ambiguous
GSM4138145,25,1,Ambiguous/Mixed,ambiguous,0.7916213457966826,93,,,ambiguous
GSM4138145,25,14,Ambiguous/Mixed,ambiguous,0.9564617553414889,30,,,ambiguous
GSM4138145,25,19,Ambiguous/Mixed,ambiguous,0.9229935426311353,33,,,ambiguous
GSM4138145,25,2,DC_family,family,0.7146121728120038,376,0.7535493269325659,-0.03893715412056209,tie
GSM4138145,25,3,Ambiguous/Mixed,ambiguous,0.775027659131238,173,,,ambiguous
GSM4138145,25,4,DC_pDC,specific,0.9170919062892975,105,0.9472622152517468,-0.03017030896244932,tie
GSM4138145,25,5,Mac_IL1B,specific,0.837360275726846,122,0.9472795976060506,-0.10991932187920461,less_pure
GSM4138145,25,6,Ambiguous/Mixed,ambiguous,0.9776998357739779,19,,,ambiguous
GSM4138146,25,1,Ambiguous/Mixed,ambiguous,0.9116921514435158,250,,,ambiguous
GSM4138146,25,2,DC_family,family,0.8919918205095974,192,0.9535751433901899,-0.06158332288059254,less_pure
GSM4138146,25,3,Ambiguous/Mixed,ambiguous,0.8748447248292996,284,,,ambiguous
GSM4138146,25,4,DC_pDC,specific,0.9607035075575046,134,,,no_baseline
GSM4138146,25,6,Ambiguous/Mixed,ambiguous,0.933150739618234,95,,,ambiguous
GSM4138147,25,1,Ambiguous/Mixed,ambiguous,0.9797513229665575,15,,,ambiguous
GSM4138147,25,3,Ambiguous/Mixed,ambiguous,0.9217044965727061,29,,,ambiguous
GSM4138147,25,4,DC_pDC,specific,0.9584142450968292,21,0.935324749011505,0.02308949608532418,tie
GSM4138148,25,1,Ambiguous/Mixed,ambiguous,0.9542211795075755,21,,,ambiguous
GSM4138148,25,2,DC_family,family,0.8431907381359343,77,0.9695044981476699,-0.12631376001173567,less_pure
GSM4138148,25,3,Ambiguous/Mixed,ambiguous,0.8269014824220646,95,,,ambiguous
GSM4138148,25,4,DC_pDC,specific,0.9553824274967783,89,,,no_baseline
GSM4138148,25,6,Ambiguous/Mixed,ambiguous,0.9629211833691047,35,,,ambiguous
GSM4138150,25,1,Ambiguous/Mixed,ambiguous,1.0,15,,,ambiguous
GSM4138150,25,2,DC_family,family,0.9391114155294767,42,,,no_baseline
GSM4138150,25,3,Ambiguous/Mixed,ambiguous,0.9224538965836283,57,,,ambiguous
GSM4138150,25,4,DC_pDC,specific,0.9503397224783507,132,,,no_baseline
GSM4138150,25,6,Ambiguous/Mixed,ambiguous,0.9486667585998282,97,,,ambiguous
GSM4138151,25,2,DC_family,family,1.0,15,,,no_baseline
GSM4138151,25,3,Ambiguous/Mixed,ambiguous,1.0,22,,,ambiguous
GSM4138152,25,1,Ambiguous/Mixed,ambiguous,0.9116432793503416,137,,,ambiguous
GSM4138152,25,2,DC_family,family,0.8541618703906818,145,0.9275689836639187,-0.0734071132732369,less_pure
GSM4138152,25,3,Ambiguous/Mixed,ambiguous,0.8264276450838546,89,,,ambiguous
GSM4138152,25,4,DC_pDC,specific,0.8904114418525567,351,0.992154406195808,-0.10174296434325125,less_pure
GSM4138152,25,6,Ambiguous/Mixed,ambiguous,0.928167398208835,172,,,ambiguous
GSM4138153,25,2,DC_family,family,0.8385959085699053,36,0.9378503541294222,-0.0992544455595169,less_pure
GSM4138153,25,3,Ambiguous/Mixed,ambiguous,0.9030184729697002,21,,,ambiguous
GSM4138153,25,4,DC_pDC,specific,0.9493889948669963,20,,,no_baseline
GSM4138154,25,1,Ambiguous/Mixed,ambiguous,0.9139418375117927,47,,,ambiguous
GSM4138154,25,2,DC_family,family,0.8028114409050089,80,0.8775236679295477,-0.07471222702453884,less_pure
GSM4138154,25,3,Ambiguous/Mixed,ambiguous,0.7999019599760779,83,,,ambiguous
GSM4138154,25,4,DC_pDC,specific,0.9017933063683545,272,,,no_baseline
GSM4138154,25,6,Ambiguous/Mixed,ambiguous,0.9087241752191149,194,,,ambiguous
GSM4138155,25,1,Ambiguous/Mixed,ambiguous,0.7355047208867338,133,,,ambiguous
GSM4138155,25,10,Ambiguous/Mixed,ambiguous,0.9421878917542458,16,,,ambiguous
GSM4138155,25,14,Ambiguous/Mixed,ambiguous,0.9072953778051089,35,,,ambiguous
GSM4138155,25,2,DC_family,family,0.6879823293594715,358,0.7010983122032448,-0.013115982843773355,tie
GSM4138155,25,3,Ambiguous/Mixed,ambiguous,0.6694135268181329,264,,,ambiguous
GSM4138155,25,4,DC_pDC,specific,0.864275898258577,61,0.9062361607604512,-0.041960262501874235,tie
GSM4138155,25,5,Mac_IL1B,specific,0.6513114651148191,267,0.7946287795248808,-0.14331731441006168,less_pure
GSM4138155,25,6,Ambiguous/Mixed,ambiguous,0.9224461253873685,24,,,ambiguous
GSM4138155,25,7,Mast,specific,0.9276458513283667,21,0.9381206978557273,-0.010474846527360526,tie
GSM4138156,25,1,Ambiguous/Mixed,ambiguous,0.9063238576447146,446,,,ambiguous
GSM4138156,25,2,DC_family,family,0.8894491175222792,474,0.943543967188031,-0.05409484966575184,less_pure
GSM4138156,25,3,Ambiguous/Mixed,ambiguous,0.8768691464054594,580,,,ambiguous
GSM4138156,25,4,DC_pDC,specific,0.9454258824247638,288,0.9539837451128743,-0.00855786268811054,tie
GSM4138156,25,6,Ambiguous/Mixed,ambiguous,0.9459497938711015,64,,,ambiguous
GSM4138157,25,1,Ambiguous/Mixed,ambiguous,0.8861824143903765,51,,,ambiguous
GSM4138157,25,2,DC_family,family,0.8598844654360256,60,0.8709308666726747,-0.011046401236649128,tie
GSM4138157,25,3,Ambiguous/Mixed,ambiguous,0.8263097595260577,70,,,ambiguous
GSM4138157,25,4,DC_pDC,specific,0.9504802928060426,20,0.9771060119735836,-0.026625719167540973,tie
GSM4138157,25,5,Mac_IL1B,specific,0.9210824734241385,27,,,no_baseline
GSM4138158,25,1,Ambiguous/Mixed,ambiguous,0.9851076128244669,43,,,ambiguous
GSM4138158,25,2,DC_family,family,0.9141249757916806,125,0.9711664758645067,-0.057041500072826046,less_pure
GSM4138158,25,3,Ambiguous/Mixed,ambiguous,0.9005155858367534,103,,,ambiguous
GSM4138158,25,4,DC_pDC,specific,0.9593656947007313,144,,,no_baseline
GSM4138158,25,6,Ambiguous/Mixed,ambiguous,0.9717418618212789,78,,,ambiguous
GSM4138159,25,1,Ambiguous/Mixed,ambiguous,0.8711152164195981,39,,,ambiguous
GSM4138159,25,2,DC_family,family,0.7590043912867319,82,0.774082064685566,-0.015077673398834035,tie
GSM4138159,25,3,Ambiguous/Mixed,ambiguous,0.7492039818848266,74,,,ambiguous
GSM4138159,25,5,Mac_IL1B,specific,0.9261640948837142,33,,,no_baseline
GSM4138160,25,1,Ambiguous/Mixed,ambiguous,0.9423061687781017,66,,,ambiguous
GSM4138160,25,14,Ambiguous/Mixed,ambiguous,0.9913424292639071,15,,,ambiguous
GSM4138160,25,2,DC_family,family,0.895099747992707,335,0.9683180186763501,-0.07321827068364317,less_pure
GSM4138160,25,3,Ambiguous/Mixed,ambiguous,0.8880106637375397,282,,,ambiguous
GSM4138160,25,4,DC_pDC,specific,0.9115546716030745,178,0.980833886723325,-0.06927921512025059,less_pure
GSM4138161,25,1,Ambiguous/Mixed,ambiguous,0.748190888388786,108,,,ambiguous
GSM4138161,25,14,Ambiguous/Mixed,ambiguous,0.8902109798736558,82,,,ambiguous
GSM4138161,25,2,DC_family,family,0.7290372592134097,182,0.6918033483531927,0.03723391086021699,tie
GSM4138161,25,3,Ambiguous/Mixed,ambiguous,0.7551167301109051,121,,,ambiguous
GSM4138161,25,4,DC_pDC,specific,0.8903569379804452,81,0.8488491714550629,0.04150776652538235,tie
GSM4138161,25,5,Mac_IL1B,specific,0.8319370835480995,65,0.9143416827923283,-0.08240459924422883,less_pure
GSM4138161,25,6,Ambiguous/Mixed,ambiguous,0.9745749490135244,17,,,ambiguous
GSM4138161,25,8,Ambiguous/Mixed,ambiguous,0.9641280603764919,18,,,ambiguous
GSM4138162,25,1,Ambiguous/Mixed,ambiguous,0.9564322096238674,79,,,ambiguous
GSM4138162,25,2,DC_family,family,0.8707270086929605,217,0.9565826886013326,-0.08585567990837206,less_pure
GSM4138162,25,3,Ambiguous/Mixed,ambiguous,0.8610268936779364,137,,,ambiguous
GSM4138162,25,4,DC_pDC,specific,0.9306182954505413,342,0.9897606953288196,-0.059142399878278296,less_pure
GSM4138162,25,6,Ambiguous/Mixed,ambiguous,0.9494870910370358,119,,,ambiguous
GSM4138163,25,1,Ambiguous/Mixed,ambiguous,0.9731389131324337,24,,,ambiguous
GSM4138163,25,2,DC_family,family,0.8894174221387178,158,0.9662642696443162,-0.07684684750559845,less_pure
GSM4138163,25,3,Ambiguous/Mixed,ambiguous,0.8917132349450366,82,,,ambiguous
GSM4138163,25,4,DC_pDC,specific,0.9308588823510171,337,0.9858316108356697,-0.05497272848465262,less_pure
GSM4138163,25,6,Ambiguous/Mixed,ambiguous,0.9717261917041708,132,,,ambiguous
GSM4138164,25,1,Ambiguous/Mixed,ambiguous,0.9204167394676831,40,,,ambiguous
GSM4138164,25,2,DC_family,family,0.8709473185944419,66,0.9668452013182968,-0.09589788272385491,less_pure
GSM4138164,25,3,Ambiguous/Mixed,ambiguous,0.8212300196955266,105,,,ambiguous
GSM4138164,25,4,DC_pDC,specific,0.9692990310118582,48,,,no_baseline
GSM4138164,25,6,Ambiguous/Mixed,ambiguous,0.974060854644905,25,,,ambiguous
GSM4138165,25,1,Ambiguous/Mixed,ambiguous,0.9445980362809072,81,,,ambiguous
GSM4138165,25,2,DC_family,family,0.9175998889100045,160,0.9656538084529618,-0.048053919542957235,tie
GSM4138165,25,3,Ambiguous/Mixed,ambiguous,0.8737559087748268,281,,,ambiguous
GSM4138165,25,4,DC_pDC,specific,0.9551470142935194,136,,,no_baseline
GSM4138165,25,6,Ambiguous/Mixed,ambiguous,0.9458294025267012,84,,,ambiguous
GSM4138166,25,1,Ambiguous/Mixed,ambiguous,0.967744507161154,38,,,ambiguous
GSM4138166,25,2,DC_family,family,0.8578533942792905,128,0.9432683195432393,-0.08541492526394878,less_pure
GSM4138166,25,3,Ambiguous/Mixed,ambiguous,0.8498170087811401,200,,,ambiguous
GSM4138166,25,4,DC_pDC,specific,0.9523948560609605,228,,,no_baseline
GSM4138166,25,6,Ambiguous/Mixed,ambiguous,0.9316397225184913,198,,,ambiguous
GSM4138167,25,1,Ambiguous/Mixed,ambiguous,0.9928618833049504,41,,,ambiguous
GSM4138167,25,2,DC_family,family,0.9009356402064663,130,0.9791664161417739,-0.07823077593530758,less_pure
GSM4138167,25,3,Ambiguous/Mixed,ambiguous,0.8758942393388609,200,,,ambiguous
GSM4138167,25,4,DC_pDC,specific,0.9619348747721058,131,,,no_baseline
GSM4138167,25,6,Ambiguous/Mixed,ambiguous,0.9807940176348962,76,,,ambiguous
GSM4138171,25,2,DC_family,family,1.0,16,0.985688027513448,0.014311972486552027,tie
GSM4138171,25,3,Ambiguous/Mixed,ambiguous,1.0,17,,,ambiguous
GSM4138172,25,2,DC_family,family,0.9277907024239263,24,0.9751510210975685,-0.04736031867364221,tie
GSM4138172,25,3,Ambiguous/Mixed,ambiguous,0.9730866373144357,21,,,ambiguous
GSM4138110,26,1,Ambiguous/Mixed,ambiguous,0.8901146719124906,283,,,ambiguous
GSM4138110,26,14,Ambiguous/Mixed,ambiguous,0.9757268424016454,15,,,ambiguous
GSM4138110,26,2,Ambiguous/Mixed,ambiguous,0.9461950463145692,260,,,ambiguous
GSM4138110,26,3,Ambiguous/Mixed,ambiguous,0.9869971534155892,21,,,ambiguous
GSM4138110,26,4,Ambiguous/Mixed,ambiguous,0.9624758803703571,111,,,ambiguous
GSM4138111,26,1,Ambiguous/Mixed,ambiguous,0.7210043570536251,181,,,ambiguous
GSM4138111,26,2,Ambiguous/Mixed,ambiguous,0.8596978638353905,60,,,ambiguous
GSM4138111,26,3,Ambiguous/Mixed,ambiguous,0.8641575684030683,22,,,ambiguous
GSM4138111,26,4,Ambiguous/Mixed,ambiguous,0.7443034394624282,110,,,ambiguous
GSM4138111,26,5,Mast,specific,0.8821324152056755,31,0.9059125026497903,-0.02378008744411475,tie
GSM4138112,26,1,Ambiguous/Mixed,ambiguous,0.8690077843889136,131,,,ambiguous
GSM4138112,26,2,Ambiguous/Mixed,ambiguous,0.9262141324228728,174,,,ambiguous
GSM4138112,26,4,Ambiguous/Mixed,ambiguous,0.932547996048946,79,,,ambiguous
GSM4138113,26,1,Ambiguous/Mixed,ambiguous,0.843928821024575,51,,,ambiguous
GSM4138113,26,2,Ambiguous/Mixed,ambiguous,0.8669713410143667,50,,,ambiguous
GSM4138113,26,4,Ambiguous/Mixed,ambiguous,0.8240366395184558,66,,,ambiguous
GSM4138114,26,1,Ambiguous/Mixed,ambiguous,0.855934288844464,105,,,ambiguous
GSM4138114,26,2,Ambiguous/Mixed,ambiguous,0.9389695047780311,200,,,ambiguous
GSM4138114,26,4,Ambiguous/Mixed,ambiguous,0.935710527540609,61,,,ambiguous
GSM4138115,26,1,Ambiguous/Mixed,ambiguous,0.7927886384674923,96,,,ambiguous
GSM4138115,26,2,Ambiguous/Mixed,ambiguous,0.9544646818209064,23,,,ambiguous
GSM4138115,26,4,Ambiguous/Mixed,ambiguous,0.9366635656584265,31,,,ambiguous
GSM4138116,26,1,Ambiguous/Mixed,ambiguous,0.9152571460366801,532,,,ambiguous
GSM4138116,26,14,Ambiguous/Mixed,ambiguous,0.9862877909573545,19,,,ambiguous
GSM4138116,26,2,Ambiguous/Mixed,ambiguous,0.9691511581584376,163,,,ambiguous
GSM4138116,26,3,Ambiguous/Mixed,ambiguous,0.9826859575326631,15,,,ambiguous
GSM4138117,26,1,Ambiguous/Mixed,ambiguous,0.7138969587726507,254,,,ambiguous
GSM4138117,26,2,Ambiguous/Mixed,ambiguous,0.9069462974236852,33,,,ambiguous
GSM4138117,26,4,Ambiguous/Mixed,ambiguous,0.8837824808319543,30,,,ambiguous
GSM4138117,26,5,Mast,specific,0.9794135107125147,16,0.9848958966969695,-0.0054823859844548295,tie
GSM4138118,26,1,Ambiguous/Mixed,ambiguous,0.8866977136976139,38,,,ambiguous
GSM4138118,26,2,Ambiguous/Mixed,ambiguous,0.9517746564224578,79,,,ambiguous
GSM4138118,26,4,Ambiguous/Mixed,ambiguous,0.9203145468690127,189,,,ambiguous
GSM4138119,26,1,Ambiguous/Mixed,ambiguous,0.8155429868147719,24,,,ambiguous
GSM4138119,26,2,Ambiguous/Mixed,ambiguous,0.9664643841794396,18,,,ambiguous
GSM4138119,26,4,Ambiguous/Mixed,ambiguous,0.7620524970730749,66,,,ambiguous
GSM4138120,26,1,Ambiguous/Mixed,ambiguous,0.8205868362513142,155,,,ambiguous
GSM4138120,26,2,Ambiguous/Mixed,ambiguous,0.9246195288800113,127,,,ambiguous
GSM4138120,26,4,Ambiguous/Mixed,ambiguous,0.8880495386206871,364,,,ambiguous
GSM4138121,26,1,Ambiguous/Mixed,ambiguous,0.6621486700092452,141,,,ambiguous
GSM4138121,26,4,Ambiguous/Mixed,ambiguous,0.8034430114846176,32,,,ambiguous
GSM4138122,26,1,Ambiguous/Mixed,ambiguous,0.8771083125037099,200,,,ambiguous
GSM4138122,26,2,Ambiguous/Mixed,ambiguous,0.9246368207530462,255,,,ambiguous
GSM4138122,26,3,Ambiguous/Mixed,ambiguous,1.0,26,,,ambiguous
GSM4138122,26,4,Ambiguous/Mixed,ambiguous,0.9142679652316456,127,,,ambiguous
GSM4138123,26,1,Ambiguous/Mixed,ambiguous,0.6845920577959441,535,,,ambiguous
GSM4138123,26,16,Ambiguous/Mixed,ambiguous,0.9309158912304476,15,,,ambiguous
GSM4138123,26,18,Ambiguous/Mixed,ambiguous,0.9273269600186164,20,,,ambiguous
GSM4138123,26,4,Ambiguous/Mixed,ambiguous,0.7839599524313072,89,,,ambiguous
GSM4138123,26,5,Mast,specific,0.9525732258038361,19,,,no_baseline
GSM4138124,26,1,Ambiguous/Mixed,ambiguous,0.8932052365787084,165,,,ambiguous
GSM4138124,26,2,Ambiguous/Mixed,ambiguous,0.9618339670071723,150,,,ambiguous
GSM4138124,26,4,Ambiguous/Mixed,ambiguous,1.0,22,,,ambiguous
GSM4138125,26,1,Ambiguous/Mixed,ambiguous,0.7364016111776347,344,,,ambiguous
GSM4138125,26,2,Ambiguous/Mixed,ambiguous,0.9830242367842565,45,,,ambiguous
GSM4138125,26,4,Ambiguous/Mixed,ambiguous,0.7463739795204687,122,,,ambiguous
GSM4138125,26,6,Ambiguous/Mixed,ambiguous,0.8410300590760692,30,,,ambiguous
GSM4138125,26,7,Ambiguous/Mixed,ambiguous,0.8431420573726727,60,,,ambiguous
GSM4138126,26,1,Ambiguous/Mixed,ambiguous,0.9559060057643369,55,,,ambiguous
GSM4138126,26,2,Ambiguous/Mixed,ambiguous,0.9738442809069294,541,,,ambiguous
GSM4138126,26,4,Ambiguous/Mixed,ambiguous,0.9377820030741252,174,,,ambiguous
GSM4138127,26,1,Ambiguous/Mixed,ambiguous,0.7447933659457021,284,,,ambiguous
GSM4138127,26,16,Ambiguous/Mixed,ambiguous,1.0,17,,,ambiguous
GSM4138127,26,18,Ambiguous/Mixed,ambiguous,0.9333237490251102,33,,,ambiguous
GSM4138127,26,2,Ambiguous/Mixed,ambiguous,0.8930139638882078,52,,,ambiguous
GSM4138127,26,4,Ambiguous/Mixed,ambiguous,0.8502913490378528,46,,,ambiguous
GSM4138127,26,6,Ambiguous/Mixed,ambiguous,0.9507400797569111,21,,,ambiguous
GSM4138128,26,1,Ambiguous/Mixed,ambiguous,0.8771083125037099,200,,,ambiguous
GSM4138128,26,2,Ambiguous/Mixed,ambiguous,0.9246368207530462,255,,,ambiguous
GSM4138128,26,3,Ambiguous/Mixed,ambiguous,1.0,26,,,ambiguous
GSM4138128,26,4,Ambiguous/Mixed,ambiguous,0.9142679652316456,127,,,ambiguous
GSM4138129,26,1,Ambiguous/Mixed,ambiguous,0.7230751304002715,184,,,ambiguous
GSM4138129,26,2,Ambiguous/Mixed,ambiguous,0.9228599026697253,28,,,ambiguous
GSM4138129,26,3,Ambiguous/Mixed,ambiguous,0.9671421304954817,18,,,ambiguous
GSM4138129,26,4,Ambiguous/Mixed,ambiguous,0.9154282928676036,32,,,ambiguous
GSM4138130,26,1,Ambiguous/Mixed,ambiguous,0.9340502454198892,120,,,ambiguous
GSM4138130,26,2,Ambiguous/Mixed,ambiguous,0.9057529342334905,342,,,ambiguous
GSM4138130,26,4,Ambiguous/Mixed,ambiguous,0.9292900547882592,150,,,ambiguous
GSM4138131,26,1,Ambiguous/Mixed,ambiguous,0.7094885898571764,363,,,ambiguous
GSM4138131,26,18,Ambiguous/Mixed,ambiguous,0.9463874573358377,24,,,ambiguous
GSM4138131,26,2,Ambiguous/Mixed,ambiguous,0.8756776547694002,94,,,ambiguous
GSM4138131,26,20,Ambiguous/Mixed,ambiguous,0.9198349830621343,27,,,ambiguous
GSM4138131,26,4,Ambiguous/Mixed,ambiguous,0.7644375567865089,247,,,ambiguous
GSM4138131,26,5,Mast,specific,0.9015331798472666,24,0.9764376533440459,-0.07490447349677931,less_pure
GSM4138132,26,1,Ambiguous/Mixed,ambiguous,0.9163223293547837,137,,,ambiguous
GSM4138132,26,2,Ambiguous/Mixed,ambiguous,0.9595578903458297,320,,,ambiguous
GSM4138132,26,3,Ambiguous/Mixed,ambiguous,1.0,20,,,ambiguous
GSM4138132,26,4,Ambiguous/Mixed,ambiguous,0.9482067471762115,200,,,ambiguous
GSM4138133,26,1,Ambiguous/Mixed,ambiguous,0.7407547859065342,191,,,ambiguous
GSM4138133,26,16,Ambiguous/Mixed,ambiguous,0.9729872917590605,15,,,ambiguous
GSM4138133,26,2,Ambiguous/Mixed,ambiguous,0.9779734125008439,24,,,ambiguous
GSM4138133,26,4,Ambiguous/Mixed,ambiguous,0.8250995150762301,90,,,ambiguous
GSM4138134,26,1,Ambiguous/Mixed,ambiguous,0.9200201912547948,337,,,ambiguous
GSM4138134,26,2,Ambiguous/Mixed,ambiguous,0.9667479389188538,551,,,ambiguous
GSM4138134,26,3,Ambiguous/Mixed,ambiguous,0.9817731091068927,49,,,ambiguous
GSM4138134,26,4,Ambiguous/Mixed,ambiguous,0.9605823079785087,364,,,ambiguous
GSM4138135,26,1,Ambiguous/Mixed,ambiguous,0.6770828379823577,542,,,ambiguous
GSM4138135,26,16,Ambiguous/Mixed,ambiguous,0.7715211070512724,67,,,ambiguous
GSM4138135,26,2,Ambiguous/Mixed,ambiguous,0.9263539351510571,31,,,ambiguous
GSM4138135,26,4,Ambiguous/Mixed,ambiguous,0.7213541169481543,182,,,ambiguous
GSM4138135,26,5,Mast,specific,0.8038115890432367,40,1.0,-0.19618841095676331,less_pure
GSM4138135,26,6,Ambiguous/Mixed,ambiguous,1.0,16,,,ambiguous
GSM4138135,26,7,Ambiguous/Mixed,ambiguous,0.8017545956586293,55,,,ambiguous
GSM4138136,26,1,Ambiguous/Mixed,ambiguous,0.8859828907408522,306,,,ambiguous
GSM4138136,26,2,Ambiguous/Mixed,ambiguous,0.9614129875933696,187,,,ambiguous
GSM4138136,26,4,Ambiguous/Mixed,ambiguous,0.9335357146003522,151,,,ambiguous
GSM4138137,26,1,Ambiguous/Mixed,ambiguous,0.7693952110867184,473,,,ambiguous
GSM4138137,26,16,Ambiguous/Mixed,ambiguous,0.847851381110575,67,,,ambiguous
GSM4138137,26,18,Ambiguous/Mixed,ambiguous,0.9248355342646539,32,,,ambiguous
GSM4138137,26,2,Ambiguous/Mixed,ambiguous,0.9509889479384602,28,,,ambiguous
GSM4138137,26,3,Ambiguous/Mixed,ambiguous,1.0,19,,,ambiguous
GSM4138137,26,4,Ambiguous/Mixed,ambiguous,0.784637258777307,120,,,ambiguous
GSM4138137,26,5,Mast,specific,0.9638813783107745,15,,,no_baseline
GSM4138137,26,6,Ambiguous/Mixed,ambiguous,0.9187939762231696,17,,,ambiguous
GSM4138138,26,1,Ambiguous/Mixed,ambiguous,0.8881706986251792,237,,,ambiguous
GSM4138138,26,2,Ambiguous/Mixed,ambiguous,0.939458905062044,223,,,ambiguous
GSM4138138,26,4,Ambiguous/Mixed,ambiguous,0.9356050330202268,129,,,ambiguous
GSM4138139,26,1,Ambiguous/Mixed,ambiguous,0.6760020222733667,398,,,ambiguous
GSM4138139,26,16,Ambiguous/Mixed,ambiguous,0.8302489825193449,38,,,ambiguous
GSM4138139,26,2,Ambiguous/Mixed,ambiguous,0.9454666866103925,32,,,ambiguous
GSM4138139,26,3,Ambiguous/Mixed,ambiguous,0.9651834308966518,19,,,ambiguous
GSM4138139,26,4,Ambiguous/Mixed,ambiguous,0.7528934888280079,114,,,ambiguous
GSM4138139,26,5,Mast,specific,0.7683014573968083,95,0.9658315628046693,-0.19753010540786098,less_pure
GSM4138139,26,6,Ambiguous/Mixed,ambiguous,0.9829216342056228,17,,,ambiguous
GSM4138139,26,7,Ambiguous/Mixed,ambiguous,0.9294992058689696,35,,,ambiguous
GSM4138140,26,1,Ambiguous/Mixed,ambiguous,0.902499895148844,167,,,ambiguous
GSM4138140,26,2,Ambiguous/Mixed,ambiguous,0.9536245002445805,328,,,ambiguous
GSM4138140,26,4,Ambiguous/Mixed,ambiguous,0.9387350041210669,228,,,ambiguous
GSM4138141,26,1,Ambiguous/Mixed,ambiguous,0.7148987558184134,223,,,ambiguous
GSM4138141,26,18,Ambiguous/Mixed,ambiguous,0.9762101505723669,17,,,ambiguous
GSM4138141,26,2,Ambiguous/Mixed,ambiguous,0.8767872075750025,158,,,ambiguous
GSM4138141,26,20,Ambiguous/Mixed,ambiguous,0.9748557935917238,19,,,ambiguous
GSM4138141,26,4,Ambiguous/Mixed,ambiguous,0.7669602549451507,231,,,ambiguous
GSM4138141,26,5,Mast,specific,0.9358388265879254,16,,,no_baseline
GSM4138142,26,1,Ambiguous/Mixed,ambiguous,0.8868099786290615,181,,,ambiguous
GSM4138142,26,2,Ambiguous/Mixed,ambiguous,0.9527183824242074,298,,,ambiguous
GSM4138142,26,4,Ambiguous/Mixed,ambiguous,0.9278410486230898,220,,,ambiguous
GSM4138143,26,1,Ambiguous/Mixed,ambiguous,0.7132772600875713,190,,,ambiguous
GSM4138143,26,2,Ambiguous/Mixed,ambiguous,0.8928069922966705,88,,,ambiguous
GSM4138143,26,4,Ambiguous/Mixed,ambiguous,0.796114037865898,84,,,ambiguous
GSM4138143,26,5,Mast,specific,0.9729090944742861,33,0.9748135904112316,-0.0019044959369455272,tie
GSM4138144,26,1,Ambiguous/Mixed,ambiguous,0.8192158215393426,137,,,ambiguous
GSM4138144,26,2,Ambiguous/Mixed,ambiguous,0.9590346297973754,73,,,ambiguous
GSM4138144,26,4,Ambiguous/Mixed,ambiguous,0.8930854521813212,97,,,ambiguous
GSM4138145,26,1,Ambiguous/Mixed,ambiguous,0.7238595111016083,328,,,ambiguous
GSM4138145,26,18,Ambiguous/Mixed,ambiguous,0.953183856735666,22,,,ambiguous
GSM4138145,26,2,Ambiguous/Mixed,ambiguous,0.9409067520431017,46,,,ambiguous
GSM4138145,26,20,Ambiguous/Mixed,ambiguous,0.9455385018721268,19,,,ambiguous
GSM4138145,26,4,Ambiguous/Mixed,ambiguous,0.8242241467869955,120,,,ambiguous
GSM4138146,26,1,Ambiguous/Mixed,ambiguous,0.8904246886519626,255,,,ambiguous
GSM4138146,26,2,Ambiguous/Mixed,ambiguous,0.9426327591039374,124,,,ambiguous
GSM4138146,26,4,Ambiguous/Mixed,ambiguous,0.9185266054787092,107,,,ambiguous
GSM4138147,26,1,Ambiguous/Mixed,ambiguous,0.8903576712026053,34,,,ambiguous
GSM4138147,26,2,Ambiguous/Mixed,ambiguous,0.9673104958342549,20,,,ambiguous
GSM4138148,26,1,Ambiguous/Mixed,ambiguous,0.8520186090724876,72,,,ambiguous
GSM4138148,26,2,Ambiguous/Mixed,ambiguous,0.9556202364952003,77,,,ambiguous
GSM4138148,26,4,Ambiguous/Mixed,ambiguous,0.9663700216923147,37,,,ambiguous
GSM4138149,26,1,Ambiguous/Mixed,ambiguous,0.9466180779302319,19,,,ambiguous
GSM4138150,26,1,Ambiguous/Mixed,ambiguous,0.9118303175735896,38,,,ambiguous
GSM4138150,26,2,Ambiguous/Mixed,ambiguous,0.9446555287505063,98,,,ambiguous
GSM4138150,26,4,Ambiguous/Mixed,ambiguous,0.9555932280888567,63,,,ambiguous
GSM4138151,26,1,Ambiguous/Mixed,ambiguous,0.9875879130965439,17,,,ambiguous
GSM4138152,26,1,Ambiguous/Mixed,ambiguous,0.8224180205203155,123,,,ambiguous
GSM4138152,26,2,Ambiguous/Mixed,ambiguous,0.9387431539300747,132,,,ambiguous
GSM4138152,26,4,Ambiguous/Mixed,ambiguous,0.9102928793652869,239,,,ambiguous
GSM4138153,26,1,Ambiguous/Mixed,ambiguous,0.8638582512456638,31,,,ambiguous
GSM4138153,26,4,Ambiguous/Mixed,ambiguous,1.0,19,,,ambiguous
GSM4138154,26,1,Ambiguous/Mixed,ambiguous,0.8026424035887542,139,,,ambiguous
GSM4138154,26,2,Ambiguous/Mixed,ambiguous,0.899128776892177,95,,,ambiguous
GSM4138154,26,4,Ambiguous/Mixed,ambiguous,0.920487472094727,164,,,ambiguous
GSM4138155,26,1,Ambiguous/Mixed,ambiguous,0.6120280200798214,460,,,ambiguous
GSM4138155,26,16,Ambiguous/Mixed,ambiguous,0.7921197383590336,54,,,ambiguous
GSM4138155,26,18,Ambiguous/Mixed,ambiguous,0.8695966049363155,43,,,ambiguous
GSM4138155,26,2,Ambiguous/Mixed,ambiguous,0.9176289890587543,28,,,ambiguous
GSM4138155,26,20,Ambiguous/Mixed,ambiguous,0.9267888724970104,17,,,ambiguous
GSM4138155,26,4,Ambiguous/Mixed,ambiguous,0.7598681803196591,90,,,ambiguous
GSM4138155,26,5,Mast,specific,0.8569735702202878,32,0.9381206978557273,-0.08114712763543952,less_pure
GSM4138155,26,6,Ambiguous/Mixed,ambiguous,0.9150982939783538,18,,,ambiguous
GSM4138156,26,1,Ambiguous/Mixed,ambiguous,0.8726023226492665,459,,,ambiguous
GSM4138156,26,14,Ambiguous/Mixed,ambiguous,0.9757101986105896,15,,,ambiguous
GSM4138156,26,2,Ambiguous/Mixed,ambiguous,0.9362742695362815,351,,,ambiguous
GSM4138156,26,3,Ambiguous/Mixed,ambiguous,1.0,16,,,ambiguous
GSM4138156,26,4,Ambiguous/Mixed,ambiguous,0.9269956715935643,156,,,ambiguous
GSM4138157,26,1,Ambiguous/Mixed,ambiguous,0.7209310688158758,100,,,ambiguous
GSM4138157,26,4,Ambiguous/Mixed,ambiguous,0.8744033891659557,46,,,ambiguous
GSM4138158,26,1,Ambiguous/Mixed,ambiguous,0.8971429967217697,97,,,ambiguous
GSM4138158,26,2,Ambiguous/Mixed,ambiguous,0.9698986611700018,88,,,ambiguous
GSM4138158,26,4,Ambiguous/Mixed,ambiguous,0.9612245529995599,105,,,ambiguous
GSM4138159,26,1,Ambiguous/Mixed,ambiguous,0.7252280808279745,104,,,ambiguous
GSM4138159,26,4,Ambiguous/Mixed,ambiguous,0.9531041399667333,21,,,ambiguous
GSM4138160,26,1,Ambiguous/Mixed,ambiguous,0.8813577262626768,302,,,ambiguous
GSM4138160,26,14,Ambiguous/Mixed,ambiguous,0.9484436514465854,27,,,ambiguous
GSM4138160,26,2,Ambiguous/Mixed,ambiguous,0.9029091568728405,158,,,ambiguous
GSM4138160,26,4,Ambiguous/Mixed,ambiguous,0.9917489361490868,37,,,ambiguous
GSM4138161,26,1,Ambiguous/Mixed,ambiguous,0.6940617481227234,267,,,ambiguous
GSM4138161,26,14,Ambiguous/Mixed,ambiguous,0.9724213756749568,15,,,ambiguous
GSM4138161,26,18,Ambiguous/Mixed,ambiguous,0.9426619298589248,20,,,ambiguous
GSM4138161,26,2,Ambiguous/Mixed,ambiguous,0.8866558135608509,53,,,ambiguous
GSM4138161,26,20,Ambiguous/Mixed,ambiguous,0.8963142461958862,24,,,ambiguous
GSM4138161,26,4,Ambiguous/Mixed,ambiguous,0.8167487107000135,74,,,ambiguous
GSM4138162,26,1,Ambiguous/Mixed,ambiguous,0.8808986907727149,92,,,ambiguous
GSM4138162,26,2,Ambiguous/Mixed,ambiguous,0.9341906255711041,263,,,ambiguous
GSM4138162,26,4,Ambiguous/Mixed,ambiguous,0.9474769361847353,154,,,ambiguous
GSM4138163,26,1,Ambiguous/Mixed,ambiguous,0.909587138979248,61,,,ambiguous
GSM4138163,26,2,Ambiguous/Mixed,ambiguous,0.9250034563251192,258,,,ambiguous
GSM4138163,26,4,Ambiguous/Mixed,ambiguous,0.9599076131816477,129,,,ambiguous
GSM4138164,26,1,Ambiguous/Mixed,ambiguous,0.8902168124463525,54,,,ambiguous
GSM4138164,26,2,Ambiguous/Mixed,ambiguous,0.9445416880000194,92,,,ambiguous
GSM4138164,26,4,Ambiguous/Mixed,ambiguous,0.942343418740778,19,,,ambiguous
GSM4138165,26,1,Ambiguous/Mixed,ambiguous,0.8772933199609397,140,,,ambiguous
GSM4138165,26,2,Ambiguous/Mixed,ambiguous,0.9433697098381428,247,,,ambiguous
GSM4138165,26,4,Ambiguous/Mixed,ambiguous,0.9321517629613337,68,,,ambiguous
GSM4138166,26,1,Ambiguous/Mixed,ambiguous,0.8397028641111217,135,,,ambiguous
GSM4138166,26,2,Ambiguous/Mixed,ambiguous,0.9408167806880543,206,,,ambiguous
GSM4138166,26,4,Ambiguous/Mixed,ambiguous,0.9167860801014527,147,,,ambiguous
GSM4138167,26,1,Ambiguous/Mixed,ambiguous,0.88742350704957,112,,,ambiguous
GSM4138167,26,2,Ambiguous/Mixed,ambiguous,0.9572753410060812,183,,,ambiguous
GSM4138167,26,4,Ambiguous/Mixed,ambiguous,0.9782549888630288,57,,,ambiguous
GSM4138168,26,2,Ambiguous/Mixed,ambiguous,0.9582617746124151,18,,,ambiguous
GSM4138170,26,1,Ambiguous/Mixed,ambiguous,0.9627631950560761,16,,,ambiguous
GSM4138171,26,1,Ambiguous/Mixed,ambiguous,1.0,17,,,ambiguous
GSM4138172,26,1,Ambiguous/Mixed,ambiguous,0.9659891498075722,19,,,ambiguous
GSM4138110,27,1,Ambiguous/Mixed,ambiguous,0.8987847355213627,409,,,ambiguous
GSM4138110,27,11,Ambiguous/Mixed,ambiguous,0.9358658921897944,40,,,ambiguous
GSM4138110,27,2,Ambiguous/Mixed,ambiguous,0.9939470067072572,23,,,ambiguous
GSM4138110,27,3,Ambiguous/Mixed,ambiguous,0.9607763740350856,195,,,ambiguous
GSM4138111,27,1,Ambiguous/Mixed,ambiguous,0.7238054585579531,244,,,ambiguous
GSM4138111,27,3,Ambiguous/Mixed,ambiguous,0.9075221611301962,46,,,ambiguous
GSM4138111,27,4,Mast,specific,0.8772200899755831,30,0.9059125026497903,-0.02869241267420719,tie
GSM4138111,27,8,Ambiguous/Mixed,ambiguous,0.88961152093033,35,,,ambiguous
GSM4138112,27,1,Ambiguous/Mixed,ambiguous,0.8832230903572588,219,,,ambiguous
GSM4138112,27,11,Ambiguous/Mixed,ambiguous,0.9358369053204914,26,,,ambiguous
GSM4138112,27,3,Ambiguous/Mixed,ambiguous,0.9448429108446872,137,,,ambiguous
GSM4138113,27,1,Ambiguous/Mixed,ambiguous,0.7826177255484422,102,,,ambiguous
GSM4138113,27,11,Ambiguous/Mixed,ambiguous,0.9695246489935319,16,,,ambiguous
GSM4138113,27,3,Ambiguous/Mixed,ambiguous,0.9135235914092452,33,,,ambiguous
GSM4138114,27,1,Ambiguous/Mixed,ambiguous,0.8647765960739212,181,,,ambiguous
GSM4138114,27,11,Ambiguous/Mixed,ambiguous,0.957011365098574,15,,,ambiguous
GSM4138114,27,3,Ambiguous/Mixed,ambiguous,0.957320002349548,170,,,ambiguous
GSM4138115,27,1,Ambiguous/Mixed,ambiguous,0.7818063084510961,104,,,ambiguous
GSM4138115,27,13,Ambiguous/Mixed,ambiguous,0.9745721615190763,17,,,ambiguous
GSM4138115,27,3,Ambiguous/Mixed,ambiguous,0.9506180527221719,19,,,ambiguous
GSM4138115,27,8,Ambiguous/Mixed,ambiguous,0.9599280327450654,16,,,ambiguous
GSM4138116,27,1,Ambiguous/Mixed,ambiguous,0.9161534198230243,483,,,ambiguous
GSM4138116,27,11,Ambiguous/Mixed,ambiguous,0.9665311620300205,135,,,ambiguous
GSM4138116,27,3,Ambiguous/Mixed,ambiguous,0.9766993919215573,95,,,ambiguous
GSM4138117,27,1,Ambiguous/Mixed,ambiguous,0.7254270051105638,246,,,ambiguous
GSM4138117,27,11,Ambiguous/Mixed,ambiguous,0.9366176440132271,21,,,ambiguous
GSM4138117,27,13,Ambiguous/Mixed,ambiguous,0.9773660436166212,17,,,ambiguous
GSM4138117,27,3,Ambiguous/Mixed,ambiguous,0.9231252606018151,20,,,ambiguous
GSM4138117,27,4,Mast,specific,0.9794135107125147,16,0.9848958966969695,-0.0054823859844548295,tie
GSM4138117,27,8,Ambiguous/Mixed,ambiguous,0.9069925537674595,24,,,ambiguous
GSM4138118,27,1,Ambiguous/Mixed,ambiguous,0.8667179452752609,245,,,ambiguous
GSM4138118,27,3,Ambiguous/Mixed,ambiguous,0.9571317915307311,48,,,ambiguous
GSM4138119,27,1,Ambiguous/Mixed,ambiguous,0.6713066593480669,89,,,ambiguous
GSM4138119,27,3,Ambiguous/Mixed,ambiguous,0.9647208173525188,15,,,ambiguous
GSM4138120,27,1,Ambiguous/Mixed,ambiguous,0.8548228205295336,551,,,ambiguous
GSM4138120,27,3,Ambiguous/Mixed,ambiguous,0.9398830472796282,62,,,ambiguous
GSM4138121,27,1,Ambiguous/Mixed,ambiguous,0.6842029417225329,96,,,ambiguous
GSM4138121,27,13,Ambiguous/Mixed,ambiguous,0.8405143675797639,30,,,ambiguous
GSM4138121,27,16,Ambiguous/Mixed,ambiguous,0.7975821797721488,47,,,ambiguous
GSM4138121,27,8,Ambiguous/Mixed,ambiguous,0.8677313821137351,21,,,ambiguous
GSM4138122,27,1,Ambiguous/Mixed,ambiguous,0.8794312647698629,315,,,ambiguous
GSM4138122,27,11,Ambiguous/Mixed,ambiguous,0.9734543108091357,26,,,ambiguous
GSM4138122,27,2,Ambiguous/Mixed,ambiguous,1.0,20,,,ambiguous
GSM4138122,27,3,Ambiguous/Mixed,ambiguous,0.9310205662943583,233,,,ambiguous
GSM4138123,27,1,Ambiguous/Mixed,ambiguous,0.6918897488645328,504,,,ambiguous
GSM4138123,27,13,Ambiguous/Mixed,ambiguous,0.8409910656665054,39,,,ambiguous
GSM4138123,27,16,Ambiguous/Mixed,ambiguous,0.9438094700619181,24,,,ambiguous
GSM4138123,27,4,Mast,specific,1.0,18,,,no_baseline
GSM4138123,27,7,Ambiguous/Mixed,ambiguous,0.9523525334816586,16,,,ambiguous
GSM4138123,27,8,Ambiguous/Mixed,ambiguous,0.7180035352720198,109,,,ambiguous
GSM4138124,27,1,Ambiguous/Mixed,ambiguous,0.9135611214716164,173,,,ambiguous
GSM4138124,27,11,Ambiguous/Mixed,ambiguous,0.9582662960769408,44,,,ambiguous
GSM4138124,27,3,Ambiguous/Mixed,ambiguous,0.9661283867803493,120,,,ambiguous
GSM4138125,27,1,Ambiguous/Mixed,ambiguous,0.7248392269548728,441,,,ambiguous
GSM4138125,27,3,Ambiguous/Mixed,ambiguous,0.9937730437208498,31,,,ambiguous
GSM4138125,27,6,Ambiguous/Mixed,ambiguous,0.9636612611987376,18,,,ambiguous
GSM4138125,27,7,Ambiguous/Mixed,ambiguous,0.847855505112387,44,,,ambiguous
GSM4138125,27,8,Ambiguous/Mixed,ambiguous,0.8480545817071508,32,,,ambiguous
GSM4138126,27,1,Ambiguous/Mixed,ambiguous,0.9347324263889586,295,,,ambiguous
GSM4138126,27,3,Ambiguous/Mixed,ambiguous,0.9733159036875129,463,,,ambiguous
GSM4138127,27,1,Ambiguous/Mixed,ambiguous,0.7891123112939249,203,,,ambiguous
GSM4138127,27,13,Ambiguous/Mixed,ambiguous,1.0,45,,,ambiguous
GSM4138127,27,16,Ambiguous/Mixed,ambiguous,0.8620789392560959,64,,,ambiguous
GSM4138127,27,3,Ambiguous/Mixed,ambiguous,0.8885859402511159,44,,,ambiguous
GSM4138127,27,8,Ambiguous/Mixed,ambiguous,0.8314885338256317,78,,,ambiguous
GSM4138128,27,1,Ambiguous/Mixed,ambiguous,0.8794312647698629,315,,,ambiguous
GSM4138128,27,11,Ambiguous/Mixed,ambiguous,0.9734543108091357,26,,,ambiguous
GSM4138128,27,2,Ambiguous/Mixed,ambiguous,1.0,20,,,ambiguous
GSM4138128,27,3,Ambiguous/Mixed,ambiguous,0.9310205662943583,233,,,ambiguous
GSM4138129,27,1,Ambiguous/Mixed,ambiguous,0.7808711889279043,144,,,ambiguous
GSM4138129,27,13,Ambiguous/Mixed,ambiguous,0.9069808845653075,29,,,ambiguous
GSM4138129,27,2,Ambiguous/Mixed,ambiguous,0.9772082582644983,16,,,ambiguous
GSM4138129,27,3,Ambiguous/Mixed,ambiguous,0.9603364615975782,25,,,ambiguous
GSM4138129,27,7,Ambiguous/Mixed,ambiguous,0.945282008783791,19,,,ambiguous
GSM4138129,27,8,Ambiguous/Mixed,ambiguous,0.8484212976461822,51,,,ambiguous
GSM4138130,27,1,Ambiguous/Mixed,ambiguous,0.9257359842475738,291,,,ambiguous
GSM4138130,27,11,Ambiguous/Mixed,ambiguous,0.9541221065060188,25,,,ambiguous
GSM4138130,27,3,Ambiguous/Mixed,ambiguous,0.9403997101545523,291,,,ambiguous
GSM4138131,27,1,Ambiguous/Mixed,ambiguous,0.696156288448295,514,,,ambiguous
GSM4138131,27,11,Ambiguous/Mixed,ambiguous,0.9530423888519235,20,,,ambiguous
GSM4138131,27,13,Ambiguous/Mixed,ambiguous,0.9154032943922222,26,,,ambiguous
GSM4138131,27,16,Ambiguous/Mixed,ambiguous,0.8359754585623462,45,,,ambiguous
GSM4138131,27,18,Ambiguous/Mixed,ambiguous,0.9265090473983195,37,,,ambiguous
GSM4138131,27,3,Ambiguous/Mixed,ambiguous,0.8939454849228963,53,,,ambiguous
GSM4138131,27,4,Mast,specific,0.9694234254549938,22,0.9764376533440459,-0.007014227889052038,tie
GSM4138131,27,8,Ambiguous/Mixed,ambiguous,0.841910592977669,61,,,ambiguous
GSM4138132,27,1,Ambiguous/Mixed,ambiguous,0.9312337218103268,348,,,ambiguous
GSM4138132,27,2,Ambiguous/Mixed,ambiguous,1.0,19,,,ambiguous
GSM4138132,27,3,Ambiguous/Mixed,ambiguous,0.9609101518180605,283,,,ambiguous
GSM4138133,27,1,Ambiguous/Mixed,ambiguous,0.7445906263974025,234,,,ambiguous
GSM4138133,27,13,Ambiguous/Mixed,ambiguous,0.9628419180524561,20,,,ambiguous
GSM4138133,27,3,Ambiguous/Mixed,ambiguous,0.9836557095866149,17,,,ambiguous
GSM4138133,27,8,Ambiguous/Mixed,ambiguous,0.88295309107903,30,,,ambiguous
GSM4138134,27,1,Ambiguous/Mixed,ambiguous,0.9380647490365213,746,,,ambiguous
GSM4138134,27,11,Ambiguous/Mixed,ambiguous,0.9778808258909986,38,,,ambiguous
GSM4138134,27,19,Ambiguous/Mixed,ambiguous,0.9854884100599435,26,,,ambiguous
GSM4138134,27,2,Ambiguous/Mixed,ambiguous,0.9862695378341547,22,,,ambiguous
GSM4138134,27,3,Ambiguous/Mixed,ambiguous,0.9720928686972806,427,,,ambiguous
GSM4138135,27,1,Ambiguous/Mixed,ambiguous,0.7022940323721857,570,,,ambiguous
GSM4138135,27,13,Ambiguous/Mixed,ambiguous,0.8167342020996212,44,,,ambiguous
GSM4138135,27,16,Ambiguous/Mixed,ambiguous,0.9321868062729225,32,,,ambiguous
GSM4138135,27,3,Ambiguous/Mixed,ambiguous,0.9410228033259468,23,,,ambiguous
GSM4138135,27,4,Mast,specific,0.8476800905623043,42,1.0,-0.1523199094376957,less_pure
GSM4138135,27,6,Ambiguous/Mixed,ambiguous,0.9328441653601715,16,,,ambiguous
GSM4138135,27,7,Ambiguous/Mixed,ambiguous,0.8199209042550085,46,,,ambiguous
GSM4138135,27,8,Ambiguous/Mixed,ambiguous,0.6972641036838358,156,,,ambiguous
GSM4138136,27,1,Ambiguous/Mixed,ambiguous,0.8932817529794148,448,,,ambiguous
GSM4138136,27,11,Ambiguous/Mixed,ambiguous,0.9761769281805283,29,,,ambiguous
GSM4138136,27,3,Ambiguous/Mixed,ambiguous,0.955375978451041,158,,,ambiguous
GSM4138137,27,1,Ambiguous/Mixed,ambiguous,0.7738054243754744,436,,,ambiguous
GSM4138137,27,13,Ambiguous/Mixed,ambiguous,0.8997501939206977,29,,,ambiguous
GSM4138137,27,16,Ambiguous/Mixed,ambiguous,0.8808685149949165,45,,,ambiguous
GSM4138137,27,2,Ambiguous/Mixed,ambiguous,0.9630754026685178,16,,,ambiguous
GSM4138137,27,3,Ambiguous/Mixed,ambiguous,0.9467888271196904,24,,,ambiguous
GSM4138137,27,4,Mast,specific,0.956659778048153,18,,,no_baseline
GSM4138137,27,7,Ambiguous/Mixed,ambiguous,0.9274684526242152,17,,,ambiguous
GSM4138137,27,8,Ambiguous/Mixed,ambiguous,0.7796028106657754,181,,,ambiguous
GSM4138138,27,1,Ambiguous/Mixed,ambiguous,0.8795971058306983,375,,,ambiguous
GSM4138138,27,11,Ambiguous/Mixed,ambiguous,1.0,16,,,ambiguous
GSM4138138,27,19,Ambiguous/Mixed,ambiguous,0.981981475900865,17,,,ambiguous
GSM4138138,27,3,Ambiguous/Mixed,ambiguous,0.9493011877077681,166,,,ambiguous
GSM4138139,27,1,Ambiguous/Mixed,ambiguous,0.6980660047669516,369,,,ambiguous
GSM4138139,27,13,Ambiguous/Mixed,ambiguous,0.8242566649111757,46,,,ambiguous
GSM4138139,27,16,Ambiguous/Mixed,ambiguous,0.8676759346208947,51,,,ambiguous
GSM4138139,27,3,Ambiguous/Mixed,ambiguous,0.9583508372994652,19,,,ambiguous
GSM4138139,27,4,Mast,specific,0.84819046588794,78,0.9658315628046693,-0.1176410969167293,less_pure
GSM4138139,27,7,Ambiguous/Mixed,ambiguous,0.8915991308980569,26,,,ambiguous
GSM4138139,27,8,Ambiguous/Mixed,ambiguous,0.7353962599923259,96,,,ambiguous
GSM4138140,27,1,Ambiguous/Mixed,ambiguous,0.9015129956527109,433,,,ambiguous
GSM4138140,27,3,Ambiguous/Mixed,ambiguous,0.9580354982278788,275,,,ambiguous
GSM4138141,27,1,Ambiguous/Mixed,ambiguous,0.7171058177557463,427,,,ambiguous
GSM4138141,27,13,Ambiguous/Mixed,ambiguous,0.9796583912462373,20,,,ambiguous
GSM4138141,27,16,Ambiguous/Mixed,ambiguous,0.9644131274330533,19,,,ambiguous
GSM4138141,27,3,Ambiguous/Mixed,ambiguous,0.8920627371956681,122,,,ambiguous
GSM4138141,27,8,Ambiguous/Mixed,ambiguous,0.8419039515072329,39,,,ambiguous
GSM4138142,27,1,Ambiguous/Mixed,ambiguous,0.8970331538501817,449,,,ambiguous
GSM4138142,27,11,Ambiguous/Mixed,ambiguous,1.0,17,,,ambiguous
GSM4138142,27,3,Ambiguous/Mixed,ambiguous,0.9520077606917392,226,,,ambiguous
GSM4138143,27,1,Ambiguous/Mixed,ambiguous,0.703160453325224,233,,,ambiguous
GSM4138143,27,11,Ambiguous/Mixed,ambiguous,0.9901615603129025,16,,,ambiguous
GSM4138143,27,13,Ambiguous/Mixed,ambiguous,0.974504759450847,21,,,ambiguous
GSM4138143,27,3,Ambiguous/Mixed,ambiguous,0.9194739138915325,69,,,ambiguous
GSM4138143,27,4,Mast,specific,0.9615409723823874,32,0.9748135904112316,-0.013272618028844163,tie
GSM4138143,27,8,Ambiguous/Mixed,ambiguous,0.9840149131064417,17,,,ambiguous
GSM4138144,27,1,Ambiguous/Mixed,ambiguous,0.8495741969282871,241,,,ambiguous
GSM4138144,27,3,Ambiguous/Mixed,ambiguous,0.9718614455364787,52,,,ambiguous
GSM4138145,27,1,Ambiguous/Mixed,ambiguous,0.7531541069179399,337,,,ambiguous
GSM4138145,27,13,Ambiguous/Mixed,ambiguous,0.8325376421777084,54,,,ambiguous
GSM4138145,27,16,Ambiguous/Mixed,ambiguous,0.8799822963426773,44,,,ambiguous
GSM4138145,27,3,Ambiguous/Mixed,ambiguous,0.9744586953953295,34,,,ambiguous
GSM4138145,27,8,Ambiguous/Mixed,ambiguous,0.7693814040186923,82,,,ambiguous
GSM4138146,27,1,Ambiguous/Mixed,ambiguous,0.8865891674337996,356,,,ambiguous
GSM4138146,27,3,Ambiguous/Mixed,ambiguous,0.9531460330869274,103,,,ambiguous
GSM4138147,27,1,Ambiguous/Mixed,ambiguous,0.8394432708405473,25,,,ambiguous
GSM4138148,27,1,Ambiguous/Mixed,ambiguous,0.8426688990105407,115,,,ambiguous
GSM4138148,27,3,Ambiguous/Mixed,ambiguous,0.9582906128136661,64,,,ambiguous
GSM4138150,27,1,Ambiguous/Mixed,ambiguous,0.8993840426314846,114,,,ambiguous
GSM4138150,27,3,Ambiguous/Mixed,ambiguous,0.9630419488912769,78,,,ambiguous
GSM4138152,27,1,Ambiguous/Mixed,ambiguous,0.8500642516382733,378,,,ambiguous
GSM4138152,27,3,Ambiguous/Mixed,ambiguous,0.9566664139201793,91,,,ambiguous
GSM4138153,27,1,Ambiguous/Mixed,ambiguous,0.8727573049138702,35,,,ambiguous
GSM4138154,27,1,Ambiguous/Mixed,ambiguous,0.8351255923255474,315,,,ambiguous
GSM4138154,27,3,Ambiguous/Mixed,ambiguous,0.9728114867743183,46,,,ambiguous
GSM4138155,27,1,Ambiguous/Mixed,ambiguous,0.6383752961382374,335,,,ambiguous
GSM4138155,27,13,Ambiguous/Mixed,ambiguous,0.720838207582915,65,,,ambiguous
GSM4138155,27,16,Ambiguous/Mixed,ambiguous,0.7713765374902357,49,,,ambiguous
GSM4138155,27,4,Mast,specific,0.8427786354796625,31,0.9381206978557273,-0.0953420623760648,less_pure
GSM4138155,27,8,Ambiguous/Mixed,ambiguous,0.6396671341969364,222,,,ambiguous
GSM4138156,27,1,Ambiguous/Mixed,ambiguous,0.8815852551535651,601,,,ambiguous
GSM4138156,27,11,Ambiguous/Mixed,ambiguous,0.9591497237166451,38,,,ambiguous
GSM4138156,27,19,Ambiguous/Mixed,ambiguous,0.9795069593882835,20,,,ambiguous
GSM4138156,27,2,Ambiguous/Mixed,ambiguous,1.0,18,,,ambiguous
GSM4138156,27,3,Ambiguous/Mixed,ambiguous,0.947689993691015,288,,,ambiguous
GSM4138157,27,1,Ambiguous/Mixed,ambiguous,0.8251422514499995,105,,,ambiguous
GSM4138157,27,13,Ambiguous/Mixed,ambiguous,0.9559137312010023,22,,,ambiguous
GSM4138157,27,8,Ambiguous/Mixed,ambiguous,0.8912087571754197,26,,,ambiguous
GSM4138158,27,1,Ambiguous/Mixed,ambiguous,0.8947678478100155,199,,,ambiguous
GSM4138158,27,3,Ambiguous/Mixed,ambiguous,0.9799713397603862,64,,,ambiguous
GSM4138159,27,1,Ambiguous/Mixed,ambiguous,0.7744304171025354,88,,,ambiguous
GSM4138159,27,13,Ambiguous/Mixed,ambiguous,0.935848430701358,21,,,ambiguous
GSM4138159,27,8,Ambiguous/Mixed,ambiguous,0.942481639891779,22,,,ambiguous
GSM4138160,27,1,Ambiguous/Mixed,ambiguous,0.8951818368485046,339,,,ambiguous
GSM4138160,27,11,Ambiguous/Mixed,ambiguous,0.9178117221759509,49,,,ambiguous
GSM4138160,27,3,Ambiguous/Mixed,ambiguous,0.962143441793022,118,,,ambiguous
GSM4138161,27,1,Ambiguous/Mixed,ambiguous,0.6892789757391842,215,,,ambiguous
GSM4138161,27,13,Ambiguous/Mixed,ambiguous,0.8513380672459566,46,,,ambiguous
GSM4138161,27,16,Ambiguous/Mixed,ambiguous,0.8163053724542872,39,,,ambiguous
GSM4138161,27,18,Ambiguous/Mixed,ambiguous,0.9794530059258082,20,,,ambiguous
GSM4138161,27,3,Ambiguous/Mixed,ambiguous,0.9596045517754093,31,,,ambiguous
GSM4138161,27,8,Ambiguous/Mixed,ambiguous,0.7376690960627554,99,,,ambiguous
GSM4138162,27,1,Ambiguous/Mixed,ambiguous,0.8771129449330161,283,,,ambiguous
GSM4138162,27,3,Ambiguous/Mixed,ambiguous,0.9721723329006158,214,,,ambiguous
GSM4138163,27,1,Ambiguous/Mixed,ambiguous,0.8872551770616846,227,,,ambiguous
GSM4138163,27,3,Ambiguous/Mixed,ambiguous,0.9601127321443834,202,,,ambiguous
GSM4138164,27,1,Ambiguous/Mixed,ambiguous,0.8688181711245413,67,,,ambiguous
GSM4138164,27,3,Ambiguous/Mixed,ambiguous,0.9399516586282163,86,,,ambiguous
GSM4138165,27,1,Ambiguous/Mixed,ambiguous,0.8814899268805704,217,,,ambiguous
GSM4138165,27,11,Ambiguous/Mixed,ambiguous,0.9737787056536753,15,,,ambiguous
GSM4138165,27,3,Ambiguous/Mixed,ambiguous,0.94906382657901,215,,,ambiguous
GSM4138166,27,1,Ambiguous/Mixed,ambiguous,0.8722828487859593,290,,,ambiguous
GSM4138166,27,11,Ambiguous/Mixed,ambiguous,0.9633557069701064,15,,,ambiguous
GSM4138166,27,3,Ambiguous/Mixed,ambiguous,0.9405739251397193,174,,,ambiguous
GSM4138167,27,1,Ambiguous/Mixed,ambiguous,0.8733528389476763,157,,,ambiguous
GSM4138167,27,3,Ambiguous/Mixed,ambiguous,0.9615664757544443,179,,,ambiguous
GSM4138171,27,1,Ambiguous/Mixed,ambiguous,1.0,16,,,ambiguous
GSM4138172,27,1,Ambiguous/Mixed,ambiguous,0.9415470672245998,20,,,ambiguous
GSM4138110,28,1,Ambiguous/Mixed,ambiguous,0.9120829193102582,630,,,ambiguous
GSM4138110,28,9,Ambiguous/Mixed,ambiguous,0.9957349352664563,15,,,ambiguous
GSM4138111,28,1,Ambiguous/Mixed,ambiguous,0.7023097402391068,271,,,ambiguous
GSM4138111,28,10,Ambiguous/Mixed,ambiguous,0.876493661763317,29,,,ambiguous
GSM4138111,28,2,DC_family,family,0.8332398632166129,21,0.7139188135165719,0.11932104970004098,purer
GSM4138111,28,4,Ambiguous/Mixed,ambiguous,0.9387699520378927,40,,,ambiguous
GSM4138111,28,9,Ambiguous/Mixed,ambiguous,0.9537928737594468,27,,,ambiguous
GSM4138112,28,1,Ambiguous/Mixed,ambiguous,0.8896784074273689,358,,,ambiguous
GSM4138112,28,9,Ambiguous/Mixed,ambiguous,0.9860997528564133,22,,,ambiguous
GSM4138113,28,1,Ambiguous/Mixed,ambiguous,0.7539533319137134,132,,,ambiguous
GSM4138113,28,9,Ambiguous/Mixed,ambiguous,0.9513967621188705,24,,,ambiguous
GSM4138114,28,1,Ambiguous/Mixed,ambiguous,0.8775578987920644,354,,,ambiguous
GSM4138115,28,1,Ambiguous/Mixed,ambiguous,0.8165035837971686,121,,,ambiguous
GSM4138115,28,2,DC_family,family,0.9530437502624415,24,0.7727754744975728,0.1802682757648687,purer
GSM4138116,28,1,Ambiguous/Mixed,ambiguous,0.9242507542572167,703,,,ambiguous
GSM4138117,28,1,Ambiguous/Mixed,ambiguous,0.7228400533365572,312,,,ambiguous
GSM4138118,28,1,Ambiguous/Mixed,ambiguous,0.8770768667778066,292,,,ambiguous
GSM4138119,28,1,Ambiguous/Mixed,ambiguous,0.636692160065195,105,,,ambiguous
GSM4138120,28,1,Ambiguous/Mixed,ambiguous,0.8473820463215724,609,,,ambiguous
GSM4138121,28,1,Ambiguous/Mixed,ambiguous,0.6247775768431744,172,,,ambiguous
GSM4138122,28,1,Ambiguous/Mixed,ambiguous,0.8826379718477315,550,,,ambiguous
GSM4138123,28,1,Ambiguous/Mixed,ambiguous,0.6973233544565913,585,,,ambiguous
GSM4138123,28,2,DC_family,family,0.8203274178766444,33,0.7694321137860433,0.05089530409060117,purer
GSM4138123,28,4,Ambiguous/Mixed,ambiguous,0.9243092852236993,42,,,ambiguous
GSM4138124,28,1,Ambiguous/Mixed,ambiguous,0.9156908552946471,340,,,ambiguous
GSM4138125,28,1,Ambiguous/Mixed,ambiguous,0.7109798181236058,508,,,ambiguous
GSM4138126,28,1,Ambiguous/Mixed,ambiguous,0.9529039457285877,758,,,ambiguous
GSM4138127,28,1,Ambiguous/Mixed,ambiguous,0.7284396369059114,401,,,ambiguous
GSM4138127,28,16,Ambiguous/Mixed,ambiguous,0.9878099870404122,17,,,ambiguous
GSM4138127,28,2,DC_family,family,0.9584103065280769,19,0.891335201708411,0.06707510481966594,purer
GSM4138127,28,4,Ambiguous/Mixed,ambiguous,0.9180422058398527,23,,,ambiguous
GSM4138128,28,1,Ambiguous/Mixed,ambiguous,0.8826379718477315,550,,,ambiguous
GSM4138129,28,1,Ambiguous/Mixed,ambiguous,0.720606924166551,227,,,ambiguous
GSM4138129,28,4,Ambiguous/Mixed,ambiguous,0.9731154436371144,19,,,ambiguous
GSM4138130,28,1,Ambiguous/Mixed,ambiguous,0.9156188827213053,587,,,ambiguous
GSM4138130,28,9,Ambiguous/Mixed,ambiguous,0.9948247809286048,16,,,ambiguous
GSM4138131,28,1,Ambiguous/Mixed,ambiguous,0.7218702420954191,570,,,ambiguous
GSM4138131,28,10,Ambiguous/Mixed,ambiguous,0.9842133187902365,15,,,ambiguous
GSM4138131,28,2,DC_family,family,0.7723207552607372,83,0.7536865945444218,0.018634160716315407,tie
GSM4138131,28,3,Ambiguous/Mixed,ambiguous,0.9578272832135087,25,,,ambiguous
GSM4138131,28,4,Ambiguous/Mixed,ambiguous,0.9307837575192398,42,,,ambiguous
GSM4138131,28,9,Ambiguous/Mixed,ambiguous,0.9328908107125607,56,,,ambiguous
GSM4138132,28,1,Ambiguous/Mixed,ambiguous,0.9352618174268633,646,,,ambiguous
GSM4138133,28,1,Ambiguous/Mixed,ambiguous,0.752904644119256,271,,,ambiguous
GSM4138133,28,2,DC_family,family,0.8794577840043529,29,0.7773132578349409,0.10214452616941205,purer
GSM4138134,28,1,Ambiguous/Mixed,ambiguous,0.9551895690151568,1215,,,ambiguous
GSM4138135,28,1,Ambiguous/Mixed,ambiguous,0.6765804359067171,785,,,ambiguous
GSM4138135,28,10,Ambiguous/Mixed,ambiguous,1.0,19,,,ambiguous
GSM4138135,28,2,DC_family,family,0.811571834572713,41,0.841697457205539,-0.030125622632826032,tie
GSM4138136,28,1,Ambiguous/Mixed,ambiguous,0.897545671138613,641,,,ambiguous
GSM4138137,28,1,Ambiguous/Mixed,ambiguous,0.7413023911963244,688,,,ambiguous
GSM4138137,28,2,DC_family,family,0.854452335354697,23,0.839030314310623,0.015422021044073975,tie
GSM4138138,28,1,Ambiguous/Mixed,ambiguous,0.8861204739979011,577,,,ambiguous
GSM4138139,28,1,Ambiguous/Mixed,ambiguous,0.6379203726238558,553,,,ambiguous
GSM4138139,28,10,Ambiguous/Mixed,ambiguous,0.9663080251076631,55,,,ambiguous
GSM4138139,28,2,DC_family,family,0.9335447883645476,27,0.8604547296733422,0.07309005869120533,purer
GSM4138140,28,1,Ambiguous/Mixed,ambiguous,0.9072690990059876,701,,,ambiguous
GSM4138141,28,1,Ambiguous/Mixed,ambiguous,0.7251296494069628,495,,,ambiguous
GSM4138141,28,2,DC_family,family,0.8783506186538675,65,0.7646439714392582,0.11370664721460932,purer
GSM4138141,28,3,Ambiguous/Mixed,ambiguous,0.9762038632702601,25,,,ambiguous
GSM4138141,28,4,Ambiguous/Mixed,ambiguous,0.9332630844978358,43,,,ambiguous
GSM4138141,28,9,Ambiguous/Mixed,ambiguous,0.953586464147758,26,,,ambiguous
GSM4138142,28,1,Ambiguous/Mixed,ambiguous,0.9089961060473281,689,,,ambiguous
GSM4138143,28,1,Ambiguous/Mixed,ambiguous,0.6848673848122594,275,,,ambiguous
GSM4138143,28,10,Ambiguous/Mixed,ambiguous,0.9737154237070115,30,,,ambiguous
GSM4138143,28,2,DC_family,family,0.8208046282538631,48,0.7974127699611427,0.02339185829272039,tie
GSM4138143,28,4,Ambiguous/Mixed,ambiguous,0.9596157273512419,18,,,ambiguous
GSM4138143,28,9,Ambiguous/Mixed,ambiguous,0.9399495382680654,26,,,ambiguous
GSM4138144,28,1,Ambiguous/Mixed,ambiguous,0.8498831569088204,298,,,ambiguous
GSM4138145,28,1,Ambiguous/Mixed,ambiguous,0.6960174689502616,465,,,ambiguous
GSM4138145,28,2,DC_family,family,0.8424717018573793,46,0.7535493269325659,0.08892237492481336,purer
GSM4138145,28,4,Ambiguous/Mixed,ambiguous,0.9536991152953004,37,,,ambiguous
GSM4138146,28,1,Ambiguous/Mixed,ambiguous,0.8890286325827184,461,,,ambiguous
GSM4138147,28,1,Ambiguous/Mixed,ambiguous,0.8420602606256501,26,,,ambiguous
GSM4138147,28,9,Ambiguous/Mixed,ambiguous,0.9718480529406021,21,,,ambiguous
GSM4138148,28,1,Ambiguous/Mixed,ambiguous,0.8491981528274695,179,,,ambiguous
GSM4138149,28,1,Ambiguous/Mixed,ambiguous,0.9080311860750583,23,,,ambiguous
GSM4138150,28,1,Ambiguous/Mixed,ambiguous,0.8990949918599648,191,,,ambiguous
GSM4138151,28,1,Ambiguous/Mixed,ambiguous,0.9732530846343233,20,,,ambiguous
GSM4138151,28,9,Ambiguous/Mixed,ambiguous,0.9806392337550041,15,,,ambiguous
GSM4138152,28,1,Ambiguous/Mixed,ambiguous,0.8568259520075167,462,,,ambiguous
GSM4138153,28,1,Ambiguous/Mixed,ambiguous,0.8186656431070771,50,,,ambiguous
GSM4138154,28,1,Ambiguous/Mixed,ambiguous,0.8294144993481852,359,,,ambiguous
GSM4138155,28,1,Ambiguous/Mixed,ambiguous,0.5976085292041406,600,,,ambiguous
GSM4138155,28,10,Ambiguous/Mixed,ambiguous,0.9245706374614554,19,,,ambiguous
GSM4138155,28,2,DC_family,family,0.7972693887495862,55,0.7010983122032448,0.09617107654634138,purer
GSM4138155,28,4,Ambiguous/Mixed,ambiguous,0.8962853709969183,48,,,ambiguous
GSM4138156,28,1,Ambiguous/Mixed,ambiguous,0.896215523438854,921,,,ambiguous
GSM4138157,28,1,Ambiguous/Mixed,ambiguous,0.6969855142169059,144,,,ambiguous
GSM4138158,28,1,Ambiguous/Mixed,ambiguous,0.8955717529007992,278,,,ambiguous
GSM4138159,28,1,Ambiguous/Mixed,ambiguous,0.7016065712083426,127,,,ambiguous
GSM4138160,28,1,Ambiguous/Mixed,ambiguous,0.8973504704889755,485,,,ambiguous
GSM4138160,28,9,Ambiguous/Mixed,ambiguous,0.9826077730887751,22,,,ambiguous
GSM4138161,28,1,Ambiguous/Mixed,ambiguous,0.6726645808896896,314,,,ambiguous
GSM4138161,28,2,DC_family,family,0.8737690136585982,24,0.6918033483531927,0.18196566530540548,purer
GSM4138161,28,4,Ambiguous/Mixed,ambiguous,0.8396598861619152,80,,,ambiguous
GSM4138161,28,9,Ambiguous/Mixed,ambiguous,0.9572246396430993,42,,,ambiguous
GSM4138162,28,1,Ambiguous/Mixed,ambiguous,0.8932261726908315,486,,,ambiguous
GSM4138163,28,1,Ambiguous/Mixed,ambiguous,0.9072704819130132,424,,,ambiguous
GSM4138164,28,1,Ambiguous/Mixed,ambiguous,0.8359159780743531,156,,,ambiguous
GSM4138165,28,1,Ambiguous/Mixed,ambiguous,0.8949850658164404,437,,,ambiguous
GSM4138166,28,1,Ambiguous/Mixed,ambiguous,0.8867922994795233,468,,,ambiguous
GSM4138167,28,1,Ambiguous/Mixed,ambiguous,0.8808930053659563,340,,,ambiguous
GSM4138168,28,9,Ambiguous/Mixed,ambiguous,0.9457890908623999,20,,,ambiguous
GSM4138169,28,1,Ambiguous/Mixed,ambiguous,0.9803894539291542,17,,,ambiguous
GSM4138170,28,1,Ambiguous/Mixed,ambiguous,0.9493078668614181,16,,,ambiguous
GSM4138171,28,1,Ambiguous/Mixed,ambiguous,0.987163830122953,21,,,ambiguous
GSM4138172,28,1,Ambiguous/Mixed,ambiguous,0.9294873274117093,29,,,ambiguous
GSM4138110,29,1,Ambiguous/Mixed,ambiguous,0.9112849133242127,565,,,ambiguous
GSM4138110,29,10,Ambiguous/Mixed,ambiguous,0.9696296130351975,16,,,ambiguous
GSM4138110,29,11,Ambiguous/Mixed,ambiguous,0.995970606716672,16,,,ambiguous
GSM4138110,29,2,Ambiguous/Mixed,ambiguous,0.9140180521041529,283,,,ambiguous
GSM4138110,29,3,DC_family,family,0.948933205949651,144,0.978529942536888,-0.029596736587236938,tie
GSM4138110,29,4,Ambiguous/Mixed,ambiguous,0.991907504585402,15,,,ambiguous
GSM4138111,29,1,Ambiguous/Mixed,ambiguous,0.7519844827247315,230,,,ambiguous
GSM4138111,29,12,Ambiguous/Mixed,ambiguous,0.943964045632428,40,,,ambiguous
GSM4138111,29,13,Ambiguous/Mixed,ambiguous,0.9760222308993504,16,,,ambiguous
GSM4138111,29,2,Ambiguous/Mixed,ambiguous,0.7190758042647456,120,,,ambiguous
GSM4138111,29,3,DC_family,family,0.7346739725363716,122,0.7139188135165719,0.02075515901979963,tie
GSM4138111,29,4,Ambiguous/Mixed,ambiguous,0.8646804938293823,17,,,ambiguous
GSM4138111,29,8,Ambiguous/Mixed,ambiguous,0.921510704571942,19,,,ambiguous
GSM4138111,29,9,Ambiguous/Mixed,ambiguous,0.8772200899755831,30,,,ambiguous
GSM4138112,29,1,Ambiguous/Mixed,ambiguous,0.889208720422622,312,,,ambiguous
GSM4138112,29,10,Ambiguous/Mixed,ambiguous,0.9254012882944382,29,,,ambiguous
GSM4138112,29,2,Ambiguous/Mixed,ambiguous,0.9021467979115098,166,,,ambiguous
GSM4138112,29,3,DC_family,family,0.9146131911535993,78,0.9631782563261827,-0.04856506517258341,tie
GSM4138113,29,1,Ambiguous/Mixed,ambiguous,0.7653232887361092,104,,,ambiguous
GSM4138113,29,10,Ambiguous/Mixed,ambiguous,1.0,16,,,ambiguous
GSM4138113,29,12,Ambiguous/Mixed,ambiguous,0.9610621514088102,20,,,ambiguous
GSM4138113,29,2,Ambiguous/Mixed,ambiguous,0.8003028598651496,71,,,ambiguous
GSM4138113,29,3,DC_family,family,0.8933662047735401,34,0.7632287255055046,0.13013747926803554,purer
GSM4138114,29,1,Ambiguous/Mixed,ambiguous,0.8715379898733596,317,,,ambiguous
GSM4138114,29,10,Ambiguous/Mixed,ambiguous,0.9691710789113073,16,,,ambiguous
GSM4138114,29,2,Ambiguous/Mixed,ambiguous,0.8968887368007491,177,,,ambiguous
GSM4138114,29,3,DC_family,family,0.9428442803772846,53,0.9550220117526695,-0.012177731375384915,tie
GSM4138115,29,1,Ambiguous/Mixed,ambiguous,0.8418830807713578,82,,,ambiguous
GSM4138115,29,11,Ambiguous/Mixed,ambiguous,0.9595740400655468,17,,,ambiguous
GSM4138115,29,2,Ambiguous/Mixed,ambiguous,0.8555701444875528,70,,,ambiguous
GSM4138115,29,3,DC_family,family,0.8701813621423955,47,0.7727754744975728,0.09740588764482272,purer
GSM4138116,29,1,Ambiguous/Mixed,ambiguous,0.9206858183324271,664,,,ambiguous
GSM4138116,29,2,Ambiguous/Mixed,ambiguous,0.9113005453121774,488,,,ambiguous
GSM4138116,29,3,DC_family,family,0.966181068999819,58,,,no_baseline
GSM4138117,29,1,Ambiguous/Mixed,ambiguous,0.7149075390913396,270,,,ambiguous
GSM4138117,29,2,Ambiguous/Mixed,ambiguous,0.7243355760511425,223,,,ambiguous
GSM4138117,29,3,DC_family,family,0.8812482604714538,32,0.8983178908723612,-0.017069630400907476,tie
GSM4138117,29,9,Ambiguous/Mixed,ambiguous,0.9794135107125147,16,,,ambiguous
GSM4138118,29,1,Ambiguous/Mixed,ambiguous,0.8637806178699214,237,,,ambiguous
GSM4138118,29,2,Ambiguous/Mixed,ambiguous,0.9154966423109233,103,,,ambiguous
GSM4138118,29,3,DC_family,family,0.9023160543462078,89,1.0,-0.09768394565379224,less_pure
GSM4138118,29,8,Ambiguous/Mixed,ambiguous,0.9853655671790003,49,,,ambiguous
GSM4138119,29,1,Ambiguous/Mixed,ambiguous,0.6790751751789198,79,,,ambiguous
GSM4138119,29,2,Ambiguous/Mixed,ambiguous,0.8409672773319452,33,,,ambiguous
GSM4138119,29,3,DC_family,family,0.8027166798093532,57,0.903900009773125,-0.10118332996377177,less_pure
GSM4138120,29,1,Ambiguous/Mixed,ambiguous,0.8367252856439369,435,,,ambiguous
GSM4138120,29,2,Ambiguous/Mixed,ambiguous,0.8732965808495692,235,,,ambiguous
GSM4138120,29,3,DC_family,family,0.8569345122463792,144,0.9218733376798663,-0.06493882543348717,less_pure
GSM4138120,29,8,Ambiguous/Mixed,ambiguous,0.9130191186958805,159,,,ambiguous
GSM4138121,29,1,Ambiguous/Mixed,ambiguous,0.7138894218554406,81,,,ambiguous
GSM4138121,29,2,Ambiguous/Mixed,ambiguous,0.6383805072205471,144,,,ambiguous
GSM4138121,29,3,DC_family,family,0.8703855557954167,28,0.85151969778944,0.01886585800597662,tie
GSM4138121,29,8,Ambiguous/Mixed,ambiguous,0.8034831579306718,29,,,ambiguous
GSM4138122,29,1,Ambiguous/Mixed,ambiguous,0.8796816583110287,496,,,ambiguous
GSM4138122,29,10,Ambiguous/Mixed,ambiguous,0.9834413887019127,19,,,ambiguous
GSM4138122,29,13,Ambiguous/Mixed,ambiguous,0.9874361249888594,20,,,ambiguous
GSM4138122,29,2,Ambiguous/Mixed,ambiguous,0.8963124601514288,229,,,ambiguous
GSM4138122,29,3,DC_family,family,0.9108402677558012,125,0.9508492071935304,-0.04000893943772921,tie
GSM4138123,29,1,Ambiguous/Mixed,ambiguous,0.7000695376161626,430,,,ambiguous
GSM4138123,29,11,Ambiguous/Mixed,ambiguous,0.7998336643638146,41,,,ambiguous
GSM4138123,29,12,Ambiguous/Mixed,ambiguous,0.9888085687903816,20,,,ambiguous
GSM4138123,29,13,Ambiguous/Mixed,ambiguous,0.9572065352891902,20,,,ambiguous
GSM4138123,29,2,Ambiguous/Mixed,ambiguous,0.6920104516229496,253,,,ambiguous
GSM4138123,29,3,DC_family,family,0.6975786304042959,265,0.7694321137860433,-0.07185348338174735,less_pure
GSM4138123,29,8,Ambiguous/Mixed,ambiguous,0.8294696661337834,43,,,ambiguous
GSM4138124,29,1,Ambiguous/Mixed,ambiguous,0.9130235506582631,312,,,ambiguous
GSM4138124,29,2,Ambiguous/Mixed,ambiguous,0.9059440322473155,181,,,ambiguous
GSM4138124,29,3,DC_family,family,0.9801414715572805,31,,,no_baseline
GSM4138125,29,1,Ambiguous/Mixed,ambiguous,0.7176858844260207,423,,,ambiguous
GSM4138125,29,11,Ambiguous/Mixed,ambiguous,0.9208877979622403,19,,,ambiguous
GSM4138125,29,2,Ambiguous/Mixed,ambiguous,0.7407880815274462,128,,,ambiguous
GSM4138125,29,3,DC_family,family,0.7516823487530818,285,0.95113418699402,-0.19945183824093815,less_pure
GSM4138125,29,6,Ambiguous/Mixed,ambiguous,0.8236237238508886,75,,,ambiguous
GSM4138126,29,1,Ambiguous/Mixed,ambiguous,0.9528762415069149,650,,,ambiguous
GSM4138126,29,10,Ambiguous/Mixed,ambiguous,0.993171801627845,40,,,ambiguous
GSM4138126,29,11,Ambiguous/Mixed,ambiguous,1.0,19,,,ambiguous
GSM4138126,29,2,Ambiguous/Mixed,ambiguous,0.9617382738948251,346,,,ambiguous
GSM4138126,29,3,DC_family,family,0.9704791157578277,115,0.9796119788439297,-0.00913286308610195,tie
GSM4138126,29,8,Ambiguous/Mixed,ambiguous,0.9928546327244714,22,,,ambiguous
GSM4138127,29,1,Ambiguous/Mixed,ambiguous,0.770418402645422,164,,,ambiguous
GSM4138127,29,10,Ambiguous/Mixed,ambiguous,0.9082117466025118,39,,,ambiguous
GSM4138127,29,11,Ambiguous/Mixed,ambiguous,0.9624265090865192,32,,,ambiguous
GSM4138127,29,12,Ambiguous/Mixed,ambiguous,0.9694613335299276,15,,,ambiguous
GSM4138127,29,13,Ambiguous/Mixed,ambiguous,0.9779707480214793,18,,,ambiguous
GSM4138127,29,2,Ambiguous/Mixed,ambiguous,0.7589308482036237,219,,,ambiguous
GSM4138127,29,3,DC_family,family,0.8025068826021203,121,0.891335201708411,-0.08882831910629063,less_pure
GSM4138127,29,6,Ambiguous/Mixed,ambiguous,0.9612734956002713,15,,,ambiguous
GSM4138127,29,8,Ambiguous/Mixed,ambiguous,0.8049319487032118,76,,,ambiguous
GSM4138128,29,1,Ambiguous/Mixed,ambiguous,0.8796816583110287,496,,,ambiguous
GSM4138128,29,10,Ambiguous/Mixed,ambiguous,0.9834413887019127,19,,,ambiguous
GSM4138128,29,13,Ambiguous/Mixed,ambiguous,0.9874361249888594,20,,,ambiguous
GSM4138128,29,2,Ambiguous/Mixed,ambiguous,0.8963124601514288,229,,,ambiguous
GSM4138128,29,3,DC_family,family,0.9108402677558012,125,0.9508492071935304,-0.04000893943772921,tie
GSM4138129,29,1,Ambiguous/Mixed,ambiguous,0.776377070170855,150,,,ambiguous
GSM4138129,29,2,Ambiguous/Mixed,ambiguous,0.7966422491883232,105,,,ambiguous
GSM4138129,29,3,DC_family,family,0.8245175492585124,89,0.8738886990016175,-0.04937114974310508,tie
GSM4138129,29,6,Ambiguous/Mixed,ambiguous,0.9080445464469442,27,,,ambiguous
GSM4138130,29,1,Ambiguous/Mixed,ambiguous,0.9179489468418945,509,,,ambiguous
GSM4138130,29,10,Ambiguous/Mixed,ambiguous,0.924167445102212,48,,,ambiguous
GSM4138130,29,11,Ambiguous/Mixed,ambiguous,1.0,18,,,ambiguous
GSM4138130,29,2,Ambiguous/Mixed,ambiguous,0.9267580296704855,260,,,ambiguous
GSM4138130,29,3,DC_family,family,0.9402787857185313,101,0.9723277323162005,-0.032048946597669214,tie
GSM4138131,29,1,Ambiguous/Mixed,ambiguous,0.757824725345756,280,,,ambiguous
GSM4138131,29,10,Ambiguous/Mixed,ambiguous,0.8603809192781482,63,,,ambiguous
GSM4138131,29,11,Ambiguous/Mixed,ambiguous,0.842218623493866,50,,,ambiguous
GSM4138131,29,12,Ambiguous/Mixed,ambiguous,0.9085441245124217,49,,,ambiguous
GSM4138131,29,13,Ambiguous/Mixed,ambiguous,0.88644158211645,33,,,ambiguous
GSM4138131,29,2,Ambiguous/Mixed,ambiguous,0.728936753918533,315,,,ambiguous
GSM4138131,29,3,DC_family,family,0.706860246378413,232,0.7536865945444218,-0.046826348166008724,tie
GSM4138131,29,8,Ambiguous/Mixed,ambiguous,0.7525652138750847,112,,,ambiguous
GSM4138131,29,9,Ambiguous/Mixed,ambiguous,0.9471428420070731,20,,,ambiguous
GSM4138132,29,1,Ambiguous/Mixed,ambiguous,0.9340784480838391,452,,,ambiguous
GSM4138132,29,10,Ambiguous/Mixed,ambiguous,0.9855653571378286,29,,,ambiguous
GSM4138132,29,11,Ambiguous/Mixed,ambiguous,0.9687474592934329,68,,,ambiguous
GSM4138132,29,2,Ambiguous/Mixed,ambiguous,0.9299790996002214,313,,,ambiguous
GSM4138132,29,3,DC_family,family,0.9623717144181116,145,0.9677474499420015,-0.005375735523889813,tie
GSM4138132,29,4,Ambiguous/Mixed,ambiguous,0.9913730595511554,15,,,ambiguous
GSM4138132,29,8,Ambiguous/Mixed,ambiguous,0.9832483593305764,37,,,ambiguous
GSM4138133,29,1,Ambiguous/Mixed,ambiguous,0.7959170504076477,143,,,ambiguous
GSM4138133,29,10,Ambiguous/Mixed,ambiguous,0.8900898038972511,26,,,ambiguous
GSM4138133,29,11,Ambiguous/Mixed,ambiguous,0.8239419846495696,56,,,ambiguous
GSM4138133,29,2,Ambiguous/Mixed,ambiguous,0.75911508899692,160,,,ambiguous
GSM4138133,29,3,DC_family,family,0.800348025366161,99,0.7773132578349409,0.023034767531220135,tie
GSM4138133,29,8,Ambiguous/Mixed,ambiguous,0.9570947041968494,17,,,ambiguous
GSM4138134,29,1,Ambiguous/Mixed,ambiguous,0.9410391180720146,905,,,ambiguous
GSM4138134,29,10,Ambiguous/Mixed,ambiguous,0.9339881690192506,52,,,ambiguous
GSM4138134,29,11,Ambiguous/Mixed,ambiguous,0.9694930889087091,89,,,ambiguous
GSM4138134,29,13,Ambiguous/Mixed,ambiguous,0.9687632283196272,18,,,ambiguous
GSM4138134,29,2,Ambiguous/Mixed,ambiguous,0.9456374715499257,503,,,ambiguous
GSM4138134,29,3,DC_family,family,0.9434007849950211,326,,,no_baseline
GSM4138134,29,4,Ambiguous/Mixed,ambiguous,1.0,17,,,ambiguous
GSM4138134,29,8,Ambiguous/Mixed,ambiguous,0.9831119935103637,76,,,ambiguous
GSM4138135,29,1,Ambiguous/Mixed,ambiguous,0.774440309072937,310,,,ambiguous
GSM4138135,29,10,Ambiguous/Mixed,ambiguous,0.8093018398301385,40,,,ambiguous
GSM4138135,29,11,Ambiguous/Mixed,ambiguous,0.8025476013006103,109,,,ambiguous
GSM4138135,29,2,Ambiguous/Mixed,ambiguous,0.6784182191086647,378,,,ambiguous
GSM4138135,29,3,DC_family,family,0.6872043801565586,364,0.841697457205539,-0.1544930770489804,less_pure
GSM4138135,29,6,Ambiguous/Mixed,ambiguous,0.8557613764219931,46,,,ambiguous
GSM4138135,29,8,Ambiguous/Mixed,ambiguous,0.8085164574879289,79,,,ambiguous
GSM4138135,29,9,Ambiguous/Mixed,ambiguous,1.0,21,,,ambiguous
GSM4138136,29,1,Ambiguous/Mixed,ambiguous,0.8898584389997476,502,,,ambiguous
GSM4138136,29,10,Ambiguous/Mixed,ambiguous,0.978263400908899,16,,,ambiguous
GSM4138136,29,11,Ambiguous/Mixed,ambiguous,0.979350140467602,37,,,ambiguous
GSM4138136,29,2,Ambiguous/Mixed,ambiguous,0.9123659664923927,243,,,ambiguous
GSM4138136,29,3,DC_family,family,0.9162251504221354,207,0.9575949318499146,-0.04136978142777925,tie
GSM4138136,29,8,Ambiguous/Mixed,ambiguous,0.9906519155168609,30,,,ambiguous
GSM4138137,29,1,Ambiguous/Mixed,ambiguous,0.7821836305573172,281,,,ambiguous
GSM4138137,29,10,Ambiguous/Mixed,ambiguous,0.8039771545032739,70,,,ambiguous
GSM4138137,29,11,Ambiguous/Mixed,ambiguous,0.7953772961630469,97,,,ambiguous
GSM4138137,29,2,Ambiguous/Mixed,ambiguous,0.7648038540262744,280,,,ambiguous
GSM4138137,29,3,DC_family,family,0.7659476174317021,334,0.839030314310623,-0.07308269687892088,less_pure
GSM4138137,29,8,Ambiguous/Mixed,ambiguous,0.8094489427146936,81,,,ambiguous
GSM4138138,29,1,Ambiguous/Mixed,ambiguous,0.8815743190196988,450,,,ambiguous
GSM4138138,29,11,Ambiguous/Mixed,ambiguous,0.9850964757379509,37,,,ambiguous
GSM4138138,29,13,Ambiguous/Mixed,ambiguous,0.9832192116694215,17,,,ambiguous
GSM4138138,29,2,Ambiguous/Mixed,ambiguous,0.9076320652443418,202,,,ambiguous
GSM4138138,29,3,DC_family,family,0.9082024586490022,191,0.9835238826100917,-0.07532142396108954,less_pure
GSM4138138,29,8,Ambiguous/Mixed,ambiguous,0.9869644932984574,38,,,ambiguous
GSM4138139,29,1,Ambiguous/Mixed,ambiguous,0.674610839976794,320,,,ambiguous
GSM4138139,29,10,Ambiguous/Mixed,ambiguous,0.9363559253768273,23,,,ambiguous
GSM4138139,29,11,Ambiguous/Mixed,ambiguous,0.9116210733043822,26,,,ambiguous
GSM4138139,29,13,Ambiguous/Mixed,ambiguous,0.9725690836102816,18,,,ambiguous
GSM4138139,29,2,Ambiguous/Mixed,ambiguous,0.6662373179956542,220,,,ambiguous
GSM4138139,29,3,DC_family,family,0.6491884197366106,270,0.8604547296733422,-0.21126630993673168,less_pure
GSM4138139,29,6,Ambiguous/Mixed,ambiguous,0.8541084783109902,42,,,ambiguous
GSM4138139,29,8,Ambiguous/Mixed,ambiguous,0.8212444975301767,52,,,ambiguous
GSM4138139,29,9,Ambiguous/Mixed,ambiguous,0.9573795010118611,62,,,ambiguous
GSM4138140,29,1,Ambiguous/Mixed,ambiguous,0.9028310770599421,585,,,ambiguous
GSM4138140,29,10,Ambiguous/Mixed,ambiguous,0.9820875618015221,18,,,ambiguous
GSM4138140,29,11,Ambiguous/Mixed,ambiguous,0.99103571720637,23,,,ambiguous
GSM4138140,29,2,Ambiguous/Mixed,ambiguous,0.9105418132175325,289,,,ambiguous
GSM4138140,29,3,DC_family,family,0.9358272722646839,201,0.9577957427797844,-0.021968470515100536,tie
GSM4138140,29,8,Ambiguous/Mixed,ambiguous,1.0,29,,,ambiguous
GSM4138141,29,1,Ambiguous/Mixed,ambiguous,0.7558934825409566,347,,,ambiguous
GSM4138141,29,10,Ambiguous/Mixed,ambiguous,0.9735542679358515,17,,,ambiguous
GSM4138141,29,11,Ambiguous/Mixed,ambiguous,0.8538283876421111,46,,,ambiguous
GSM4138141,29,12,Ambiguous/Mixed,ambiguous,0.9358161769543124,46,,,ambiguous
GSM4138141,29,2,Ambiguous/Mixed,ambiguous,0.7650690674722884,180,,,ambiguous
GSM4138141,29,3,DC_family,family,0.7231385378558713,261,0.7646439714392582,-0.041505433583386875,tie
GSM4138141,29,8,Ambiguous/Mixed,ambiguous,0.8548604579448194,44,,,ambiguous
GSM4138142,29,1,Ambiguous/Mixed,ambiguous,0.9084671307340405,577,,,ambiguous
GSM4138142,29,11,Ambiguous/Mixed,ambiguous,1.0,23,,,ambiguous
GSM4138142,29,2,Ambiguous/Mixed,ambiguous,0.9192797567229998,279,,,ambiguous
GSM4138142,29,3,DC_family,family,0.9220571945499453,190,0.9454906207626952,-0.023433426212749908,tie
GSM4138142,29,8,Ambiguous/Mixed,ambiguous,0.9896239861548297,38,,,ambiguous
GSM4138143,29,1,Ambiguous/Mixed,ambiguous,0.6977957493199782,209,,,ambiguous
GSM4138143,29,10,Ambiguous/Mixed,ambiguous,0.9358000711246545,23,,,ambiguous
GSM4138143,29,11,Ambiguous/Mixed,ambiguous,0.9319506539717828,24,,,ambiguous
GSM4138143,29,12,Ambiguous/Mixed,ambiguous,0.9430604849239013,28,,,ambiguous
GSM4138143,29,2,Ambiguous/Mixed,ambiguous,0.7384865488999612,130,,,ambiguous
GSM4138143,29,3,DC_family,family,0.7579856305418656,104,0.7974127699611427,-0.03942713941927711,tie
GSM4138143,29,9,Ambiguous/Mixed,ambiguous,0.9552002342336428,33,,,ambiguous
GSM4138144,29,1,Ambiguous/Mixed,ambiguous,0.8427215455220269,256,,,ambiguous
GSM4138144,29,2,Ambiguous/Mixed,ambiguous,0.8795010484596651,107,,,ambiguous
GSM4138144,29,3,DC_family,family,0.8624264703349162,117,0.8857225642654714,-0.023296093930555206,tie
GSM4138145,29,1,Ambiguous/Mixed,ambiguous,0.7616723531139135,327,,,ambiguous
GSM4138145,29,12,Ambiguous/Mixed,ambiguous,0.9693183698960648,39,,,ambiguous
GSM4138145,29,2,Ambiguous/Mixed,ambiguous,0.7711407484323034,139,,,ambiguous
GSM4138145,29,3,DC_family,family,0.7139246621459743,287,0.7535493269325659,-0.03962466478659166,tie
GSM4138146,29,1,Ambiguous/Mixed,ambiguous,0.882681898987544,402,,,ambiguous
GSM4138146,29,10,Ambiguous/Mixed,ambiguous,0.9598174777786874,20,,,ambiguous
GSM4138146,29,2,Ambiguous/Mixed,ambiguous,0.9239471357380914,232,,,ambiguous
GSM4138146,29,3,DC_family,family,0.9060547304483787,86,0.9535751433901899,-0.047520412941811196,tie
GSM4138147,29,1,Ambiguous/Mixed,ambiguous,0.8909829353556143,21,,,ambiguous
GSM4138147,29,12,Ambiguous/Mixed,ambiguous,0.9385485155878566,22,,,ambiguous
GSM4138148,29,1,Ambiguous/Mixed,ambiguous,0.8482566881964039,161,,,ambiguous
GSM4138148,29,2,Ambiguous/Mixed,ambiguous,0.8765664236054332,76,,,ambiguous
GSM4138148,29,3,DC_family,family,0.9412799489171417,22,0.9695044981476699,-0.028224549230528195,tie
GSM4138149,29,1,Ambiguous/Mixed,ambiguous,0.8897498034140185,19,,,ambiguous
GSM4138150,29,1,Ambiguous/Mixed,ambiguous,0.8909631717689698,160,,,ambiguous
GSM4138150,29,2,Ambiguous/Mixed,ambiguous,0.9410329794974059,94,,,ambiguous
GSM4138150,29,3,DC_family,family,0.9678495117217223,45,,,no_baseline
GSM4138151,29,1,Ambiguous/Mixed,ambiguous,0.9827919016977005,16,,,ambiguous
GSM4138152,29,1,Ambiguous/Mixed,ambiguous,0.856749449438384,427,,,ambiguous
GSM4138152,29,2,Ambiguous/Mixed,ambiguous,0.8980366742666591,219,,,ambiguous
GSM4138152,29,3,DC_family,family,0.9051279945367863,91,0.9275689836639187,-0.022440989127132438,tie
GSM4138152,29,8,Ambiguous/Mixed,ambiguous,1.0,28,,,ambiguous
GSM4138153,29,1,Ambiguous/Mixed,ambiguous,0.8038178859273712,46,,,ambiguous
GSM4138153,29,2,Ambiguous/Mixed,ambiguous,0.8431795548704965,25,,,ambiguous
GSM4138153,29,3,DC_family,family,0.9788844719282667,18,0.9378503541294222,0.04103411779884447,tie
GSM4138154,29,1,Ambiguous/Mixed,ambiguous,0.8140696421296197,296,,,ambiguous
GSM4138154,29,2,Ambiguous/Mixed,ambiguous,0.850816009224677,138,,,ambiguous
GSM4138154,29,3,DC_family,family,0.8725080251276394,105,0.8775236679295477,-0.00501564280190836,tie
GSM4138154,29,8,Ambiguous/Mixed,ambiguous,0.9597016436282899,48,,,ambiguous
GSM4138155,29,1,Ambiguous/Mixed,ambiguous,0.6299501190074,339,,,ambiguous
GSM4138155,29,10,Ambiguous/Mixed,ambiguous,0.746290726738694,61,,,ambiguous
GSM4138155,29,11,Ambiguous/Mixed,ambiguous,0.9562437541765286,19,,,ambiguous
GSM4138155,29,12,Ambiguous/Mixed,ambiguous,0.9776239818297976,24,,,ambiguous
GSM4138155,29,2,Ambiguous/Mixed,ambiguous,0.602436745836504,348,,,ambiguous
GSM4138155,29,3,DC_family,family,0.6589675977433922,163,0.7010983122032448,-0.042130714459852614,tie
GSM4138155,29,6,Ambiguous/Mixed,ambiguous,0.9515405679400476,15,,,ambiguous
GSM4138155,29,8,Ambiguous/Mixed,ambiguous,0.7095048317864616,75,,,ambiguous
GSM4138155,29,9,Ambiguous/Mixed,ambiguous,0.9189277696922747,21,,,ambiguous
GSM4138156,29,1,Ambiguous/Mixed,ambiguous,0.8909980469021836,776,,,ambiguous
GSM4138156,29,10,Ambiguous/Mixed,ambiguous,0.9391178886973076,37,,,ambiguous
GSM4138156,29,11,Ambiguous/Mixed,ambiguous,0.9252483530195015,71,,,ambiguous
GSM4138156,29,13,Ambiguous/Mixed,ambiguous,0.9523086319758546,17,,,ambiguous
GSM4138156,29,2,Ambiguous/Mixed,ambiguous,0.9016010379794158,404,,,ambiguous
GSM4138156,29,3,DC_family,family,0.8998202151827591,144,0.943543967188031,-0.0437237520052719,tie
GSM4138157,29,1,Ambiguous/Mixed,ambiguous,0.8099349164628851,78,,,ambiguous
GSM4138157,29,11,Ambiguous/Mixed,ambiguous,0.9450582338544604,20,,,ambiguous
GSM4138157,29,2,Ambiguous/Mixed,ambiguous,0.8025891382680761,68,,,ambiguous
GSM4138157,29,3,DC_family,family,0.8996447414045377,50,0.8709308666726747,0.02871387473186293,tie
GSM4138157,29,8,Ambiguous/Mixed,ambiguous,1.0,18,,,ambiguous
GSM4138158,29,1,Ambiguous/Mixed,ambiguous,0.8948497130616808,214,,,ambiguous
GSM4138158,29,2,Ambiguous/Mixed,ambiguous,0.9395048342709417,124,,,ambiguous
GSM4138158,29,3,DC_family,family,0.9218597965656655,77,0.9711664758645067,-0.04930667929884114,tie
GSM4138158,29,8,Ambiguous/Mixed,ambiguous,1.0,23,,,ambiguous
GSM4138159,29,1,Ambiguous/Mixed,ambiguous,0.7778604209087964,77,,,ambiguous
GSM4138159,29,11,Ambiguous/Mixed,ambiguous,0.9183869053889394,22,,,ambiguous
GSM4138159,29,2,Ambiguous/Mixed,ambiguous,0.8603885387620587,49,,,ambiguous
GSM4138159,29,3,DC_family,family,0.8431941040904263,64,0.774082064685566,0.06911203940486033,purer
GSM4138160,29,1,Ambiguous/Mixed,ambiguous,0.8960319218855088,443,,,ambiguous
GSM4138160,29,10,Ambiguous/Mixed,ambiguous,0.9566417323218107,19,,,ambiguous
GSM4138160,29,2,Ambiguous/Mixed,ambiguous,0.9254257242965687,192,,,ambiguous
GSM4138160,29,3,DC_family,family,0.9081853632101995,110,0.9683180186763501,-0.06013265546615065,less_pure
GSM4138161,29,1,Ambiguous/Mixed,ambiguous,0.703081323783433,200,,,ambiguous
GSM4138161,29,11,Ambiguous/Mixed,ambiguous,1.0,20,,,ambiguous
GSM4138161,29,12,Ambiguous/Mixed,ambiguous,0.9321648349414421,75,,,ambiguous
GSM4138161,29,13,Ambiguous/Mixed,ambiguous,0.9707071827326172,19,,,ambiguous
GSM4138161,29,2,Ambiguous/Mixed,ambiguous,0.7384795004096687,87,,,ambiguous
GSM4138161,29,3,DC_family,family,0.6797784520655825,183,0.6918033483531927,-0.012024896287610165,tie
GSM4138161,29,8,Ambiguous/Mixed,ambiguous,0.7599122172945464,60,,,ambiguous
GSM4138162,29,1,Ambiguous/Mixed,ambiguous,0.8906123903095869,458,,,ambiguous
GSM4138162,29,10,Ambiguous/Mixed,ambiguous,0.9808216979804361,18,,,ambiguous
GSM4138162,29,2,Ambiguous/Mixed,ambiguous,0.9079227475294169,241,,,ambiguous
GSM4138162,29,3,DC_family,family,0.9069919836084733,92,0.9565826886013326,-0.049590704992859225,tie
GSM4138163,29,1,Ambiguous/Mixed,ambiguous,0.9048792252716487,406,,,ambiguous
GSM4138163,29,2,Ambiguous/Mixed,ambiguous,0.8976870906182709,189,,,ambiguous
GSM4138163,29,3,DC_family,family,0.9417025170156552,96,0.9662642696443162,-0.024561752628661004,tie
GSM4138164,29,1,Ambiguous/Mixed,ambiguous,0.8351058480222415,144,,,ambiguous
GSM4138164,29,2,Ambiguous/Mixed,ambiguous,0.8910634828041654,70,,,ambiguous
GSM4138164,29,3,DC_family,family,0.9720036562128073,24,0.9668452013182968,0.0051584548945105,tie
GSM4138165,29,1,Ambiguous/Mixed,ambiguous,0.8918549264081668,377,,,ambiguous
GSM4138165,29,10,Ambiguous/Mixed,ambiguous,0.9569889537454073,20,,,ambiguous
GSM4138165,29,11,Ambiguous/Mixed,ambiguous,0.9718381763883001,22,,,ambiguous
GSM4138165,29,2,Ambiguous/Mixed,ambiguous,0.9058963161333915,221,,,ambiguous
GSM4138165,29,3,DC_family,family,0.9489784021038205,59,0.9656538084529618,-0.01667540634914133,tie
GSM4138166,29,1,Ambiguous/Mixed,ambiguous,0.8807044942914883,383,,,ambiguous
GSM4138166,29,10,Ambiguous/Mixed,ambiguous,0.9630848144286581,18,,,ambiguous
GSM4138166,29,2,Ambiguous/Mixed,ambiguous,0.9166663341385608,212,,,ambiguous
GSM4138166,29,3,DC_family,family,0.8884321683093045,128,0.9432683195432393,-0.054836151233934816,less_pure
GSM4138166,29,8,Ambiguous/Mixed,ambiguous,0.9940174734631063,27,,,ambiguous
GSM4138167,29,1,Ambiguous/Mixed,ambiguous,0.877305649504101,297,,,ambiguous
GSM4138167,29,11,Ambiguous/Mixed,ambiguous,1.0,17,,,ambiguous
GSM4138167,29,2,Ambiguous/Mixed,ambiguous,0.907294172194337,149,,,ambiguous
GSM4138167,29,3,DC_family,family,0.9165559246197749,61,0.9791664161417739,-0.06261049152199905,less_pure
GSM4138171,29,2,Ambiguous/Mixed,ambiguous,0.9859563484125421,15,,,ambiguous
GSM4138172,29,1,Ambiguous/Mixed,ambiguous,0.9468731441059098,22,,,ambiguous
GSM4138172,29,2,Ambiguous/Mixed,ambiguous,0.9731111374504653,16,,,ambiguous
GSM4138110,30,1,Ambiguous/Mixed,ambiguous,0.9128529021709721,614,,,ambiguous
GSM4138110,30,2,Ambiguous/Mixed,ambiguous,0.9635928608526481,152,,,ambiguous
GSM4138110,30,6,Ambiguous/Mixed,ambiguous,0.975524986501452,25,,,ambiguous
GSM4138111,30,1,Ambiguous/Mixed,ambiguous,0.7138877368279679,249,,,ambiguous
GSM4138111,30,2,Ambiguous/Mixed,ambiguous,0.7024315194836697,111,,,ambiguous
GSM4138111,30,5,Ambiguous/Mixed,ambiguous,0.9794197439631738,20,,,ambiguous
GSM4138111,30,6,Ambiguous/Mixed,ambiguous,0.7903704035727093,79,,,ambiguous
GSM4138112,30,1,Ambiguous/Mixed,ambiguous,0.8960428801070954,349,,,ambiguous
GSM4138112,30,2,Ambiguous/Mixed,ambiguous,0.906676124761512,55,,,ambiguous
GSM4138112,30,6,Ambiguous/Mixed,ambiguous,1.0,17,,,ambiguous
GSM4138112,30,8,Ambiguous/Mixed,ambiguous,0.9467504769938385,18,,,ambiguous
GSM4138113,30,1,Ambiguous/Mixed,ambiguous,0.7709110815300537,109,,,ambiguous
GSM4138113,30,2,Ambiguous/Mixed,ambiguous,0.9221278261298278,39,,,ambiguous
GSM4138113,30,6,Ambiguous/Mixed,ambiguous,0.8893352747960908,44,,,ambiguous
GSM4138114,30,1,Ambiguous/Mixed,ambiguous,0.8757082277454413,342,,,ambiguous
GSM4138114,30,2,Ambiguous/Mixed,ambiguous,0.9249969605855891,61,,,ambiguous
GSM4138115,30,1,Ambiguous/Mixed,ambiguous,0.7990479758033205,115,,,ambiguous
GSM4138115,30,12,Ambiguous/Mixed,ambiguous,0.9312752029366247,17,,,ambiguous
GSM4138115,30,2,Ambiguous/Mixed,ambiguous,0.8885900161779539,42,,,ambiguous
GSM4138115,30,6,Ambiguous/Mixed,ambiguous,0.9281039802883317,32,,,ambiguous
GSM4138116,30,1,Ambiguous/Mixed,ambiguous,0.9216459457476527,700,,,ambiguous
GSM4138116,30,2,Ambiguous/Mixed,ambiguous,0.9485039791850852,173,,,ambiguous
GSM4138117,30,1,Ambiguous/Mixed,ambiguous,0.7272492300458375,307,,,ambiguous
GSM4138117,30,2,Ambiguous/Mixed,ambiguous,0.8029807746522961,82,,,ambiguous
GSM4138118,30,1,Ambiguous/Mixed,ambiguous,0.8769329267017075,292,,,ambiguous
GSM4138118,30,2,Ambiguous/Mixed,ambiguous,0.9251388628844727,37,,,ambiguous
GSM4138119,30,1,Ambiguous/Mixed,ambiguous,0.6350685958918247,101,,,ambiguous
GSM4138119,30,2,Ambiguous/Mixed,ambiguous,0.8448467029462757,35,,,ambiguous
GSM4138120,30,1,Ambiguous/Mixed,ambiguous,0.8461834568583182,611,,,ambiguous
GSM4138120,30,2,Ambiguous/Mixed,ambiguous,0.9581932088604324,59,,,ambiguous
GSM4138121,30,1,Ambiguous/Mixed,ambiguous,0.6592874406567462,149,,,ambiguous
GSM4138121,30,2,Ambiguous/Mixed,ambiguous,0.7305175427270096,75,,,ambiguous
GSM4138121,30,6,Ambiguous/Mixed,ambiguous,0.7554590126139149,38,,,ambiguous
GSM4138122,30,1,Ambiguous/Mixed,ambiguous,0.8877026967787264,526,,,ambiguous
GSM4138122,30,2,Ambiguous/Mixed,ambiguous,0.9379754947132186,86,,,ambiguous
GSM4138122,30,6,Ambiguous/Mixed,ambiguous,0.9766567780621171,25,,,ambiguous
GSM4138123,30,1,Ambiguous/Mixed,ambiguous,0.6812940916486001,588,,,ambiguous
GSM4138123,30,12,Ambiguous/Mixed,ambiguous,0.9753491120626139,17,,,ambiguous
GSM4138123,30,2,Ambiguous/Mixed,ambiguous,0.6803713869119624,243,,,ambiguous
GSM4138123,30,6,Ambiguous/Mixed,ambiguous,0.878096459793353,46,,,ambiguous
GSM4138124,30,1,Ambiguous/Mixed,ambiguous,0.9153146822946944,331,,,ambiguous
GSM4138124,30,2,Ambiguous/Mixed,ambiguous,0.9654881538494395,68,,,ambiguous
GSM4138125,30,1,Ambiguous/Mixed,ambiguous,0.706552216008508,501,,,ambiguous
GSM4138125,30,2,Ambiguous/Mixed,ambiguous,0.760514218281374,171,,,ambiguous
GSM4138126,30,1,Ambiguous/Mixed,ambiguous,0.9531767158541553,726,,,ambiguous
GSM4138126,30,2,Ambiguous/Mixed,ambiguous,0.9725954903084509,154,,,ambiguous
GSM4138126,30,6,Ambiguous/Mixed,ambiguous,0.9808261221169359,20,,,ambiguous
GSM4138127,30,1,Ambiguous/Mixed,ambiguous,0.7303471569476219,344,,,ambiguous
GSM4138127,30,12,Ambiguous/Mixed,ambiguous,0.9750794953801577,17,,,ambiguous
GSM4138127,30,2,Ambiguous/Mixed,ambiguous,0.7214184683476879,205,,,ambiguous
GSM4138127,30,6,Ambiguous/Mixed,ambiguous,0.847889606173384,66,,,ambiguous
GSM4138127,30,8,Ambiguous/Mixed,ambiguous,0.9615934013570567,19,,,ambiguous
GSM4138128,30,1,Ambiguous/Mixed,ambiguous,0.8877026967787264,526,,,ambiguous
GSM4138128,30,2,Ambiguous/Mixed,ambiguous,0.9379754947132186,86,,,ambiguous
GSM4138128,30,6,Ambiguous/Mixed,ambiguous,0.9766567780621171,25,,,ambiguous
GSM4138129,30,1,Ambiguous/Mixed,ambiguous,0.7229238811303595,214,,,ambiguous
GSM4138129,30,2,Ambiguous/Mixed,ambiguous,0.8511314993934602,79,,,ambiguous
GSM4138129,30,6,Ambiguous/Mixed,ambiguous,0.9531459003610504,31,,,ambiguous
GSM4138130,30,1,Ambiguous/Mixed,ambiguous,0.9156966266393884,564,,,ambiguous
GSM4138130,30,2,Ambiguous/Mixed,ambiguous,0.9345524802106814,126,,,ambiguous
GSM4138130,30,6,Ambiguous/Mixed,ambiguous,1.0,17,,,ambiguous
GSM4138130,30,8,Ambiguous/Mixed,ambiguous,0.9702606290432547,19,,,ambiguous
GSM4138131,30,1,Ambiguous/Mixed,ambiguous,0.7138840109698307,521,,,ambiguous
GSM4138131,30,12,Ambiguous/Mixed,ambiguous,0.8994856292707715,22,,,ambiguous
GSM4138131,30,2,Ambiguous/Mixed,ambiguous,0.6981263234675416,266,,,ambiguous
GSM4138131,30,5,Ambiguous/Mixed,ambiguous,0.9564196483172959,19,,,ambiguous
GSM4138131,30,6,Ambiguous/Mixed,ambiguous,0.7715064726424702,159,,,ambiguous
GSM4138131,30,8,Ambiguous/Mixed,ambiguous,0.8774688313192109,32,,,ambiguous
GSM4138132,30,1,Ambiguous/Mixed,ambiguous,0.9333960024173231,616,,,ambiguous
GSM4138132,30,2,Ambiguous/Mixed,ambiguous,0.9739569671746324,147,,,ambiguous
GSM4138132,30,6,Ambiguous/Mixed,ambiguous,1.0,17,,,ambiguous
GSM4138133,30,1,Ambiguous/Mixed,ambiguous,0.7634984664150247,231,,,ambiguous
GSM4138133,30,12,Ambiguous/Mixed,ambiguous,0.86690518462281,21,,,ambiguous
GSM4138133,30,2,Ambiguous/Mixed,ambiguous,0.788365687534147,115,,,ambiguous
GSM4138133,30,6,Ambiguous/Mixed,ambiguous,0.9402509544514978,40,,,ambiguous
GSM4138134,30,1,Ambiguous/Mixed,ambiguous,0.9548119146511687,1180,,,ambiguous
GSM4138134,30,2,Ambiguous/Mixed,ambiguous,0.9703975865878743,274,,,ambiguous
GSM4138134,30,6,Ambiguous/Mixed,ambiguous,0.9767792572946252,23,,,ambiguous
GSM4138134,30,8,Ambiguous/Mixed,ambiguous,0.9713916127319313,18,,,ambiguous
GSM4138135,30,1,Ambiguous/Mixed,ambiguous,0.6903670334378423,711,,,ambiguous
GSM4138135,30,12,Ambiguous/Mixed,ambiguous,0.9415942197163863,29,,,ambiguous
GSM4138135,30,2,Ambiguous/Mixed,ambiguous,0.6988538077565132,336,,,ambiguous
GSM4138135,30,4,Ambiguous/Mixed,ambiguous,0.976659302988496,18,,,ambiguous
GSM4138135,30,5,Ambiguous/Mixed,ambiguous,1.0,19,,,ambiguous
GSM4138135,30,6,Ambiguous/Mixed,ambiguous,0.9502666563939225,30,,,ambiguous
GSM4138135,30,8,Ambiguous/Mixed,ambiguous,0.8854952886158274,41,,,ambiguous
GSM4138136,30,1,Ambiguous/Mixed,ambiguous,0.9003481845830867,620,,,ambiguous
GSM4138136,30,2,Ambiguous/Mixed,ambiguous,0.9462865184174695,171,,,ambiguous
GSM4138137,30,1,Ambiguous/Mixed,ambiguous,0.7579281029082234,580,,,ambiguous
GSM4138137,30,12,Ambiguous/Mixed,ambiguous,0.872363148729582,37,,,ambiguous
GSM4138137,30,2,Ambiguous/Mixed,ambiguous,0.7401081631607088,282,,,ambiguous
GSM4138137,30,6,Ambiguous/Mixed,ambiguous,0.9419697883699046,44,,,ambiguous
GSM4138137,30,8,Ambiguous/Mixed,ambiguous,0.9098938360258452,47,,,ambiguous
GSM4138138,30,1,Ambiguous/Mixed,ambiguous,0.8842340025937718,565,,,ambiguous
GSM4138138,30,2,Ambiguous/Mixed,ambiguous,0.9400799993101254,126,,,ambiguous
GSM4138139,30,1,Ambiguous/Mixed,ambiguous,0.6490247529724541,516,,,ambiguous
GSM4138139,30,2,Ambiguous/Mixed,ambiguous,0.660854021845399,264,,,ambiguous
GSM4138139,30,4,Ambiguous/Mixed,ambiguous,0.9724752340066233,15,,,ambiguous
GSM4138139,30,5,Ambiguous/Mixed,ambiguous,0.9399374774330178,45,,,ambiguous
GSM4138139,30,6,Ambiguous/Mixed,ambiguous,0.8838457662091449,42,,,ambiguous
GSM4138139,30,7,Ambiguous/Mixed,ambiguous,0.9740832337173592,24,,,ambiguous
GSM4138140,30,1,Ambiguous/Mixed,ambiguous,0.9109551780132216,681,,,ambiguous
GSM4138140,30,2,Ambiguous/Mixed,ambiguous,0.9518861027440312,134,,,ambiguous
GSM4138141,30,1,Ambiguous/Mixed,ambiguous,0.7239411271598858,480,,,ambiguous
GSM4138141,30,12,Ambiguous/Mixed,ambiguous,0.9601646456146767,18,,,ambiguous
GSM4138141,30,2,Ambiguous/Mixed,ambiguous,0.735525589111899,154,,,ambiguous
GSM4138141,30,6,Ambiguous/Mixed,ambiguous,0.8062348829546113,119,,,ambiguous
GSM4138142,30,1,Ambiguous/Mixed,ambiguous,0.9080369755655548,676,,,ambiguous
GSM4138142,30,2,Ambiguous/Mixed,ambiguous,0.9639890058115528,151,,,ambiguous
GSM4138143,30,1,Ambiguous/Mixed,ambiguous,0.717298284678333,289,,,ambiguous
GSM4138143,30,2,Ambiguous/Mixed,ambiguous,0.8101987320749328,74,,,ambiguous
GSM4138143,30,5,Ambiguous/Mixed,ambiguous,0.9719577218056354,25,,,ambiguous
GSM4138143,30,6,Ambiguous/Mixed,ambiguous,0.858578169302002,65,,,ambiguous
GSM4138144,30,1,Ambiguous/Mixed,ambiguous,0.8479750547569428,290,,,ambiguous
GSM4138144,30,2,Ambiguous/Mixed,ambiguous,0.9273735533838519,52,,,ambiguous
GSM4138145,30,1,Ambiguous/Mixed,ambiguous,0.7068335203596223,434,,,ambiguous
GSM4138145,30,2,Ambiguous/Mixed,ambiguous,0.7437756950553878,132,,,ambiguous
GSM4138145,30,6,Ambiguous/Mixed,ambiguous,0.8509807898801862,86,,,ambiguous
GSM4138146,30,1,Ambiguous/Mixed,ambiguous,0.8883161731306733,454,,,ambiguous
GSM4138146,30,2,Ambiguous/Mixed,ambiguous,0.9480786976630047,72,,,ambiguous
GSM4138147,30,1,Ambiguous/Mixed,ambiguous,0.9642830741793248,18,,,ambiguous
GSM4138147,30,6,Ambiguous/Mixed,ambiguous,0.9142602573398795,38,,,ambiguous
GSM4138148,30,1,Ambiguous/Mixed,ambiguous,0.850388352082721,172,,,ambiguous
GSM4138148,30,2,Ambiguous/Mixed,ambiguous,0.9469394138953285,29,,,ambiguous
GSM4138149,30,1,Ambiguous/Mixed,ambiguous,0.9605501098893835,15,,,ambiguous
GSM4138150,30,1,Ambiguous/Mixed,ambiguous,0.9085645650050305,184,,,ambiguous
GSM4138150,30,2,Ambiguous/Mixed,ambiguous,0.9661211397765316,31,,,ambiguous
GSM4138151,30,6,Ambiguous/Mixed,ambiguous,0.9809928614005655,25,,,ambiguous
GSM4138152,30,1,Ambiguous/Mixed,ambiguous,0.8609069603241107,458,,,ambiguous
GSM4138152,30,2,Ambiguous/Mixed,ambiguous,0.9433804915661262,62,,,ambiguous
GSM4138152,30,6,Ambiguous/Mixed,ambiguous,0.9737413463594793,18,,,ambiguous
GSM4138153,30,1,Ambiguous/Mixed,ambiguous,0.8687129133607969,31,,,ambiguous
GSM4138153,30,6,Ambiguous/Mixed,ambiguous,0.785162575102454,33,,,ambiguous
GSM4138154,30,1,Ambiguous/Mixed,ambiguous,0.8358518442783154,360,,,ambiguous
GSM4138154,30,2,Ambiguous/Mixed,ambiguous,0.949428022627207,54,,,ambiguous
GSM4138155,30,1,Ambiguous/Mixed,ambiguous,0.5999337340103892,561,,,ambiguous
GSM4138155,30,2,Ambiguous/Mixed,ambiguous,0.5765087817310708,194,,,ambiguous
GSM4138155,30,5,Ambiguous/Mixed,ambiguous,0.9495622987486712,17,,,ambiguous
GSM4138155,30,6,Ambiguous/Mixed,ambiguous,0.7637820553067247,82,,,ambiguous
GSM4138155,30,8,Ambiguous/Mixed,ambiguous,0.9165237739084864,28,,,ambiguous
GSM4138156,30,1,Ambiguous/Mixed,ambiguous,0.8954166890460717,900,,,ambiguous
GSM4138156,30,2,Ambiguous/Mixed,ambiguous,0.9424774083766477,147,,,ambiguous
GSM4138156,30,6,Ambiguous/Mixed,ambiguous,0.9473260221831344,23,,,ambiguous
GSM4138157,30,1,Ambiguous/Mixed,ambiguous,0.7549614536685949,110,,,ambiguous
GSM4138157,30,2,Ambiguous/Mixed,ambiguous,0.9311495397405145,36,,,ambiguous
GSM4138157,30,6,Ambiguous/Mixed,ambiguous,0.8888728150161859,43,,,ambiguous
GSM4138158,30,1,Ambiguous/Mixed,ambiguous,0.8949280489399574,271,,,ambiguous
GSM4138158,30,2,Ambiguous/Mixed,ambiguous,0.9761486221729306,76,,,ambiguous
GSM4138159,30,1,Ambiguous/Mixed,ambiguous,0.7589901739261671,109,,,ambiguous
GSM4138159,30,2,Ambiguous/Mixed,ambiguous,0.8213498775781214,47,,,ambiguous
GSM4138159,30,6,Ambiguous/Mixed,ambiguous,0.9515486156391769,20,,,ambiguous
GSM4138160,30,1,Ambiguous/Mixed,ambiguous,0.8980741101496496,484,,,ambiguous
GSM4138160,30,2,Ambiguous/Mixed,ambiguous,0.9551471120295827,93,,,ambiguous
GSM4138161,30,1,Ambiguous/Mixed,ambiguous,0.6725875630916478,298,,,ambiguous
GSM4138161,30,15,Ambiguous/Mixed,ambiguous,0.93894708311312,23,,,ambiguous
GSM4138161,30,2,Ambiguous/Mixed,ambiguous,0.7073029013786047,126,,,ambiguous
GSM4138161,30,6,Ambiguous/Mixed,ambiguous,0.7955301257213545,108,,,ambiguous
GSM4138162,30,1,Ambiguous/Mixed,ambiguous,0.8931237225640689,482,,,ambiguous
GSM4138162,30,2,Ambiguous/Mixed,ambiguous,0.959788063842692,82,,,ambiguous
GSM4138163,30,1,Ambiguous/Mixed,ambiguous,0.9086641866969929,424,,,ambiguous
GSM4138163,30,2,Ambiguous/Mixed,ambiguous,0.9571003239123812,69,,,ambiguous
GSM4138164,30,1,Ambiguous/Mixed,ambiguous,0.844491561032509,151,,,ambiguous
GSM4138164,30,2,Ambiguous/Mixed,ambiguous,0.9875705270608255,16,,,ambiguous
GSM4138165,30,1,Ambiguous/Mixed,ambiguous,0.8938081617034616,423,,,ambiguous
GSM4138165,30,2,Ambiguous/Mixed,ambiguous,0.8947303936990147,74,,,ambiguous
GSM4138166,30,1,Ambiguous/Mixed,ambiguous,0.8884944917438163,453,,,ambiguous
GSM4138166,30,2,Ambiguous/Mixed,ambiguous,0.9198610822292582,85,,,ambiguous
GSM4138167,30,1,Ambiguous/Mixed,ambiguous,0.8856906145753307,331,,,ambiguous
GSM4138167,30,2,Ambiguous/Mixed,ambiguous,0.9672223892338353,62,,,ambiguous
GSM4138171,30,6,Ambiguous/Mixed,ambiguous,1.0,17,,,ambiguous
GSM4138172,30,1,Ambiguous/Mixed,ambiguous,0.930074997282765,19,,,ambiguous
GSM4138172,30,6,Ambiguous/Mixed,ambiguous,0.9509281826734818,15,,,ambiguous
GSM4138110,31,1,DC_family,family,0.9391549609018949,227,0.978529942536888,-0.03937498163499309,tie
GSM4138110,31,2,Ambiguous/Mixed,ambiguous,0.9477921499160743,229,,,ambiguous
GSM4138110,31,3,Ambiguous/Mixed,ambiguous,0.8886788507861515,264,,,ambiguous
GSM4138110,31,5,Ambiguous/Mixed,ambiguous,0.933072412922593,163,,,ambiguous
GSM4138111,31,1,DC_family,family,0.7231782100912819,117,0.7139188135165719,0.009259396574709977,tie
GSM4138111,31,2,Ambiguous/Mixed,ambiguous,0.7581458385210792,64,,,ambiguous
GSM4138111,31,3,Ambiguous/Mixed,ambiguous,0.7656239031359245,205,,,ambiguous
GSM4138111,31,5,Ambiguous/Mixed,ambiguous,0.8518788641235066,69,,,ambiguous
GSM4138111,31,7,Mast,specific,0.8839187902148973,29,0.9059125026497903,-0.02199371243489301,tie
GSM4138112,31,1,DC_family,family,0.9301603320109684,99,0.9631782563261827,-0.03301792431521433,tie
GSM4138112,31,2,Ambiguous/Mixed,ambiguous,0.9269375193796263,154,,,ambiguous
GSM4138112,31,3,Ambiguous/Mixed,ambiguous,0.8701727670249053,117,,,ambiguous
GSM4138112,31,5,Ambiguous/Mixed,ambiguous,0.8787199690549464,121,,,ambiguous
GSM4138113,31,1,DC_family,family,0.8827765010736449,48,0.7632287255055046,0.11954777556814034,purer
GSM4138113,31,2,Ambiguous/Mixed,ambiguous,0.8146900706068914,51,,,ambiguous
GSM4138113,31,3,Ambiguous/Mixed,ambiguous,0.8077402422261712,65,,,ambiguous
GSM4138113,31,5,Ambiguous/Mixed,ambiguous,0.8378315148844588,54,,,ambiguous
GSM4138114,31,1,DC_family,family,0.9346528128602101,107,0.9550220117526695,-0.020369198892459472,tie
GSM4138114,31,2,Ambiguous/Mixed,ambiguous,0.9539512141410234,104,,,ambiguous
GSM4138114,31,3,Ambiguous/Mixed,ambiguous,0.8591521477517807,148,,,ambiguous
GSM4138114,31,5,Ambiguous/Mixed,ambiguous,0.8961159401924643,117,,,ambiguous
GSM4138115,31,1,DC_family,family,0.9029184180849771,41,0.7727754744975728,0.1301429435874043,purer
GSM4138115,31,2,Ambiguous/Mixed,ambiguous,0.7810376859332149,94,,,ambiguous
GSM4138115,31,3,Ambiguous/Mixed,ambiguous,0.8321568359332437,61,,,ambiguous
GSM4138116,31,1,DC_family,family,0.9362733474162004,277,,,no_baseline
GSM4138116,31,2,Ambiguous/Mixed,ambiguous,0.9405719588308874,392,,,ambiguous
GSM4138116,31,3,Ambiguous/Mixed,ambiguous,0.882102550713243,189,,,ambiguous
GSM4138116,31,5,Ambiguous/Mixed,ambiguous,0.9543291715959402,142,,,ambiguous
GSM4138117,31,1,DC_family,family,0.7897761090038765,113,0.8983178908723612,-0.10854178186848473,less_pure
GSM4138117,31,2,Ambiguous/Mixed,ambiguous,0.7269278510521302,116,,,ambiguous
GSM4138117,31,3,Ambiguous/Mixed,ambiguous,0.7538891921093437,138,,,ambiguous
GSM4138117,31,5,Ambiguous/Mixed,ambiguous,0.8390678030519111,73,,,ambiguous
GSM4138117,31,7,Mast,specific,0.9446179276400792,18,0.9848958966969695,-0.040277969056890295,tie
GSM4138118,31,1,DC_family,family,0.9360133304989654,67,1.0,-0.0639866695010346,less_pure
GSM4138118,31,2,Ambiguous/Mixed,ambiguous,0.9395996839271247,101,,,ambiguous
GSM4138118,31,3,Ambiguous/Mixed,ambiguous,0.8790308277797944,163,,,ambiguous
GSM4138118,31,5,Ambiguous/Mixed,ambiguous,0.9684496047232884,38,,,ambiguous
GSM4138119,31,1,DC_family,family,0.8983570811408051,30,0.903900009773125,-0.005542928632319866,tie
GSM4138119,31,3,Ambiguous/Mixed,ambiguous,0.6810115471474856,85,,,ambiguous
GSM4138119,31,4,Mac_SPP1,specific,0.9057109331111304,29,0.8901661361622865,0.01554479694884392,tie
GSM4138120,31,1,DC_family,family,0.8948129954501585,140,0.9218733376798663,-0.02706034222970788,tie
GSM4138120,31,2,Ambiguous/Mixed,ambiguous,0.8943301740141196,359,,,ambiguous
GSM4138120,31,3,Ambiguous/Mixed,ambiguous,0.8172753822737833,225,,,ambiguous
GSM4138120,31,5,Ambiguous/Mixed,ambiguous,0.9278521482876566,50,,,ambiguous
GSM4138121,31,1,DC_family,family,0.7465408705988972,74,0.85151969778944,-0.10497882719054286,less_pure
GSM4138121,31,2,Ambiguous/Mixed,ambiguous,0.7539542538151115,65,,,ambiguous
GSM4138121,31,3,Ambiguous/Mixed,ambiguous,0.6546057955698767,97,,,ambiguous
GSM4138121,31,4,Mac_SPP1,specific,0.794497173479941,49,,,no_baseline
GSM4138121,31,5,Ambiguous/Mixed,ambiguous,0.796402649052676,32,,,ambiguous
GSM4138122,31,1,DC_family,family,0.9243307095368953,141,0.9508492071935304,-0.026518497656635054,tie
GSM4138122,31,2,Ambiguous/Mixed,ambiguous,0.9357964889343928,143,,,ambiguous
GSM4138122,31,3,Ambiguous/Mixed,ambiguous,0.8856123362534206,290,,,ambiguous
GSM4138122,31,5,Ambiguous/Mixed,ambiguous,0.9083026020091306,147,,,ambiguous
GSM4138123,31,1,DC_family,family,0.6816775254622434,263,0.7694321137860433,-0.0877545883237999,less_pure
GSM4138123,31,2,Ambiguous/Mixed,ambiguous,0.7031543518264063,179,,,ambiguous
GSM4138123,31,3,Ambiguous/Mixed,ambiguous,0.7003726493011313,414,,,ambiguous
GSM4138123,31,4,Mac_SPP1,specific,0.8587799518635997,43,,,no_baseline
GSM4138123,31,5,Ambiguous/Mixed,ambiguous,0.7878551904959179,61,,,ambiguous
GSM4138123,31,6,Ambiguous/Mixed,ambiguous,0.9343200444268152,23,,,ambiguous
GSM4138123,31,7,Mast,specific,1.0,15,,,no_baseline
GSM4138124,31,1,DC_family,family,0.9383450339915828,105,,,no_baseline
GSM4138124,31,2,Ambiguous/Mixed,ambiguous,0.9620379407582643,135,,,ambiguous
GSM4138124,31,3,Ambiguous/Mixed,ambiguous,0.9113123290461834,115,,,ambiguous
GSM4138124,31,5,Ambiguous/Mixed,ambiguous,0.9266581246244274,98,,,ambiguous
GSM4138125,31,1,DC_family,family,0.7354993686524853,140,0.95113418699402,-0.21563481834153464,less_pure
GSM4138125,31,2,Ambiguous/Mixed,ambiguous,0.7333991698606868,181,,,ambiguous
GSM4138125,31,3,Ambiguous/Mixed,ambiguous,0.7287577093061673,180,,,ambiguous
GSM4138125,31,4,Mac_SPP1,specific,0.7583168279040096,247,0.7610993234066383,-0.002782495502628768,tie
GSM4138125,31,5,Ambiguous/Mixed,ambiguous,0.8996719327443511,51,,,ambiguous
GSM4138125,31,6,Ambiguous/Mixed,ambiguous,0.8911159644488861,28,,,ambiguous
GSM4138126,31,1,DC_family,family,0.9603657905682638,236,0.9796119788439297,-0.019246188275665932,tie
GSM4138126,31,2,Ambiguous/Mixed,ambiguous,0.9690117243289981,274,,,ambiguous
GSM4138126,31,3,Ambiguous/Mixed,ambiguous,0.9268155325380638,217,,,ambiguous
GSM4138126,31,5,Ambiguous/Mixed,ambiguous,0.9606719182705601,284,,,ambiguous
GSM4138127,31,1,DC_family,family,0.7535570943137385,201,0.891335201708411,-0.13777810739467244,less_pure
GSM4138127,31,19,Ambiguous/Mixed,ambiguous,1.0,15,,,ambiguous
GSM4138127,31,2,Ambiguous/Mixed,ambiguous,0.7782578790089733,131,,,ambiguous
GSM4138127,31,3,Ambiguous/Mixed,ambiguous,0.7633095552415574,172,,,ambiguous
GSM4138127,31,4,Mac_SPP1,specific,0.9056964204823352,38,0.903668686975214,0.0020277335071212654,tie
GSM4138127,31,5,Ambiguous/Mixed,ambiguous,0.7995242389520282,100,,,ambiguous
GSM4138127,31,6,Ambiguous/Mixed,ambiguous,0.9420407042667941,27,,,ambiguous
GSM4138128,31,1,DC_family,family,0.9243307095368953,141,0.9508492071935304,-0.026518497656635054,tie
GSM4138128,31,2,Ambiguous/Mixed,ambiguous,0.9357964889343928,143,,,ambiguous
GSM4138128,31,3,Ambiguous/Mixed,ambiguous,0.8856123362534206,290,,,ambiguous
GSM4138128,31,5,Ambiguous/Mixed,ambiguous,0.9083026020091306,147,,,ambiguous
GSM4138129,31,1,DC_family,family,0.8347750547435954,80,0.8738886990016175,-0.03911364425802211,tie
GSM4138129,31,2,Ambiguous/Mixed,ambiguous,0.8031475537021098,89,,,ambiguous
GSM4138129,31,3,Ambiguous/Mixed,ambiguous,0.8024273164582727,95,,,ambiguous
GSM4138129,31,4,Mac_SPP1,specific,0.8137322440586773,44,0.9070359403725157,-0.09330369631383839,less_pure
GSM4138129,31,5,Ambiguous/Mixed,ambiguous,0.8064954508568948,58,,,ambiguous
GSM4138129,31,6,Ambiguous/Mixed,ambiguous,0.9556077004598753,22,,,ambiguous
GSM4138130,31,1,DC_family,family,0.9306395171317998,204,0.9723277323162005,-0.04168821518440069,tie
GSM4138130,31,2,Ambiguous/Mixed,ambiguous,0.9303243099206421,239,,,ambiguous
GSM4138130,31,3,Ambiguous/Mixed,ambiguous,0.9063835272979784,174,,,ambiguous
GSM4138130,31,5,Ambiguous/Mixed,ambiguous,0.8949005723034746,204,,,ambiguous
GSM4138131,31,1,DC_family,family,0.6954755522629137,262,0.7536865945444218,-0.058211042281508085,less_pure
GSM4138131,31,2,Ambiguous/Mixed,ambiguous,0.7600456694137903,193,,,ambiguous
GSM4138131,31,3,Ambiguous/Mixed,ambiguous,0.7233138434455213,375,,,ambiguous
GSM4138131,31,4,Mac_SPP1,specific,1.0,20,,,no_baseline
GSM4138131,31,5,Ambiguous/Mixed,ambiguous,0.7357559724434073,157,,,ambiguous
GSM4138131,31,7,Mast,specific,0.9539226280752979,21,0.9764376533440459,-0.022515025268747935,tie
GSM4138132,31,1,DC_family,family,0.9554350726171585,195,0.9677474499420015,-0.012312377324842916,tie
GSM4138132,31,2,Ambiguous/Mixed,ambiguous,0.948487296614265,371,,,ambiguous
GSM4138132,31,3,Ambiguous/Mixed,ambiguous,0.9307708545734371,118,,,ambiguous
GSM4138132,31,5,Ambiguous/Mixed,ambiguous,0.9356419535107527,161,,,ambiguous
GSM4138133,31,1,DC_family,family,0.78464184992663,117,0.7773132578349409,0.007328592091689123,tie
GSM4138133,31,2,Ambiguous/Mixed,ambiguous,0.7909316029003206,174,,,ambiguous
GSM4138133,31,3,Ambiguous/Mixed,ambiguous,0.8453833533520012,74,,,ambiguous
GSM4138133,31,4,Mac_SPP1,specific,0.9334569900080291,20,,,no_baseline
GSM4138133,31,5,Ambiguous/Mixed,ambiguous,0.8530790357330628,49,,,ambiguous
GSM4138134,31,1,DC_family,family,0.9603212453166714,402,,,no_baseline
GSM4138134,31,2,Ambiguous/Mixed,ambiguous,0.9541629891776129,696,,,ambiguous
GSM4138134,31,3,Ambiguous/Mixed,ambiguous,0.9265459026435513,290,,,ambiguous
GSM4138134,31,4,Mac_SPP1,specific,0.9944100418258657,33,,,no_baseline
GSM4138134,31,5,Ambiguous/Mixed,ambiguous,0.9517884867655347,259,,,ambiguous
GSM4138134,31,6,Ambiguous/Mixed,ambiguous,0.9901664252173505,24,,,ambiguous
GSM4138135,31,1,DC_family,family,0.7002737367785571,347,0.841697457205539,-0.14142372042698192,less_pure
GSM4138135,31,2,Ambiguous/Mixed,ambiguous,0.7092493608076043,382,,,ambiguous
GSM4138135,31,3,Ambiguous/Mixed,ambiguous,0.6921519597182573,220,,,ambiguous
GSM4138135,31,4,Mac_SPP1,specific,0.7320473384248705,171,,,no_baseline
GSM4138135,31,5,Ambiguous/Mixed,ambiguous,0.7749391867460658,180,,,ambiguous
GSM4138135,31,6,Ambiguous/Mixed,ambiguous,0.8114076850189859,70,,,ambiguous
GSM4138135,31,7,Mast,specific,0.8221523579948481,41,1.0,-0.1778476420051519,less_pure
GSM4138136,31,1,DC_family,family,0.9392803639081109,224,0.9575949318499146,-0.01831456794180375,tie
GSM4138136,31,2,Ambiguous/Mixed,ambiguous,0.938365667343151,301,,,ambiguous
GSM4138136,31,3,Ambiguous/Mixed,ambiguous,0.8886428623344974,227,,,ambiguous
GSM4138136,31,4,Mac_SPP1,specific,0.979934575883533,19,,,no_baseline
GSM4138136,31,5,Ambiguous/Mixed,ambiguous,0.9546473185163852,121,,,ambiguous
GSM4138137,31,1,DC_family,family,0.7437244087374018,293,0.839030314310623,-0.09530590557322127,less_pure
GSM4138137,31,2,Ambiguous/Mixed,ambiguous,0.7647251953531429,322,,,ambiguous
GSM4138137,31,3,Ambiguous/Mixed,ambiguous,0.7858806157223253,194,,,ambiguous
GSM4138137,31,4,Mac_SPP1,specific,0.7765852510503161,129,,,no_baseline
GSM4138137,31,5,Ambiguous/Mixed,ambiguous,0.7802683070139451,158,,,ambiguous
GSM4138137,31,6,Ambiguous/Mixed,ambiguous,0.9467248071179309,21,,,ambiguous
GSM4138137,31,7,Mast,specific,0.926736993234498,16,,,no_baseline
GSM4138138,31,1,DC_family,family,0.919016652630009,174,0.9835238826100917,-0.06450722998008274,less_pure
GSM4138138,31,2,Ambiguous/Mixed,ambiguous,0.9101461400005609,293,,,ambiguous
GSM4138138,31,3,Ambiguous/Mixed,ambiguous,0.8843575655158726,191,,,ambiguous
GSM4138138,31,5,Ambiguous/Mixed,ambiguous,0.9300071470567706,107,,,ambiguous
GSM4138139,31,1,DC_family,family,0.6667664712155283,270,0.8604547296733422,-0.1936882584578139,less_pure
GSM4138139,31,2,Ambiguous/Mixed,ambiguous,0.7291358560953916,169,,,ambiguous
GSM4138139,31,3,Ambiguous/Mixed,ambiguous,0.6467095398951266,278,,,ambiguous
GSM4138139,31,4,Mac_SPP1,specific,0.7038899957723109,159,0.80611953468267,-0.10222953891035902,less_pure
GSM4138139,31,5,Ambiguous/Mixed,ambiguous,0.8220003230886265,76,,,ambiguous
GSM4138139,31,6,Ambiguous/Mixed,ambiguous,0.8655102617117011,28,,,ambiguous
GSM4138139,31,7,Mast,specific,0.8484293511304951,76,0.9658315628046693,-0.1174022116741742,less_pure
GSM4138140,31,1,DC_family,family,0.938549660769697,202,0.9577957427797844,-0.019246082010087373,tie
GSM4138140,31,2,Ambiguous/Mixed,ambiguous,0.9410462216266468,333,,,ambiguous
GSM4138140,31,3,Ambiguous/Mixed,ambiguous,0.8864061801209311,229,,,ambiguous
GSM4138140,31,5,Ambiguous/Mixed,ambiguous,0.9532734447254254,141,,,ambiguous
GSM4138141,31,1,DC_family,family,0.7238736833989782,165,0.7646439714392582,-0.040770288040280045,tie
GSM4138141,31,2,Ambiguous/Mixed,ambiguous,0.7282913747474934,234,,,ambiguous
GSM4138141,31,3,Ambiguous/Mixed,ambiguous,0.7199433533669632,282,,,ambiguous
GSM4138141,31,5,Ambiguous/Mixed,ambiguous,0.9015603012714375,101,,,ambiguous
GSM4138141,31,7,Mast,specific,0.9428844701845771,17,,,no_baseline
GSM4138142,31,1,DC_family,family,0.9403627490903098,225,0.9454906207626952,-0.005127871672385376,tie
GSM4138142,31,2,Ambiguous/Mixed,ambiguous,0.9275275465771567,326,,,ambiguous
GSM4138142,31,3,Ambiguous/Mixed,ambiguous,0.8909490051671742,216,,,ambiguous
GSM4138142,31,5,Ambiguous/Mixed,ambiguous,0.9407314134238653,153,,,ambiguous
GSM4138143,31,1,DC_family,family,0.8033575853475089,83,0.7974127699611427,0.0059448153863661535,tie
GSM4138143,31,2,Ambiguous/Mixed,ambiguous,0.7386249352297086,107,,,ambiguous
GSM4138143,31,3,Ambiguous/Mixed,ambiguous,0.7804977757982783,166,,,ambiguous
GSM4138143,31,5,Ambiguous/Mixed,ambiguous,0.8790065012435418,83,,,ambiguous
GSM4138143,31,7,Mast,specific,0.9706579382089502,35,0.9748135904112316,-0.0041556522022814235,tie
GSM4138144,31,1,DC_family,family,0.9113702211134582,76,0.8857225642654714,0.025647656847986866,tie
GSM4138144,31,2,Ambiguous/Mixed,ambiguous,0.9317652422851191,100,,,ambiguous
GSM4138144,31,3,Ambiguous/Mixed,ambiguous,0.8282758561737138,171,,,ambiguous
GSM4138144,31,5,Ambiguous/Mixed,ambiguous,0.9585725391302045,36,,,ambiguous
GSM4138145,31,1,DC_family,family,0.7490512173469953,140,0.7535493269325659,-0.00449810958557062,tie
GSM4138145,31,2,Ambiguous/Mixed,ambiguous,0.730611281414266,131,,,ambiguous
GSM4138145,31,3,Ambiguous/Mixed,ambiguous,0.7275996084205661,348,,,ambiguous
GSM4138145,31,4,Mac_SPP1,specific,0.9771155514116332,32,,,no_baseline
GSM4138145,31,5,Ambiguous/Mixed,ambiguous,0.9032410228311716,47,,,ambiguous
GSM4138146,31,1,DC_family,family,0.9158632138565344,121,0.9535751433901899,-0.03771192953365554,tie
GSM4138146,31,2,Ambiguous/Mixed,ambiguous,0.910417285253555,172,,,ambiguous
GSM4138146,31,3,Ambiguous/Mixed,ambiguous,0.8545192346119586,170,,,ambiguous
GSM4138146,31,5,Ambiguous/Mixed,ambiguous,0.882089734859189,139,,,ambiguous
GSM4138147,31,2,Ambiguous/Mixed,ambiguous,0.9449888200595092,21,,,ambiguous
GSM4138147,31,5,Ambiguous/Mixed,ambiguous,0.9656911110800255,29,,,ambiguous
GSM4138148,31,1,DC_family,family,0.9409229189199095,49,0.9695044981476699,-0.02858157922776039,tie
GSM4138148,31,2,Ambiguous/Mixed,ambiguous,0.9586024395275137,62,,,ambiguous
GSM4138148,31,3,Ambiguous/Mixed,ambiguous,0.84928091822332,72,,,ambiguous
GSM4138148,31,5,Ambiguous/Mixed,ambiguous,0.9347046715071109,58,,,ambiguous
GSM4138150,31,1,DC_family,family,0.9635187654707905,50,,,no_baseline
GSM4138150,31,2,Ambiguous/Mixed,ambiguous,0.96854324831671,73,,,ambiguous
GSM4138150,31,3,Ambiguous/Mixed,ambiguous,0.8989431127025174,77,,,ambiguous
GSM4138150,31,5,Ambiguous/Mixed,ambiguous,0.9383557732632068,53,,,ambiguous
GSM4138151,31,5,Ambiguous/Mixed,ambiguous,0.9669266222405303,15,,,ambiguous
GSM4138152,31,1,DC_family,family,0.9278246280419115,111,0.9275689836639187,0.00025564437799274753,tie
GSM4138152,31,2,Ambiguous/Mixed,ambiguous,0.9294688853490043,136,,,ambiguous
GSM4138152,31,3,Ambiguous/Mixed,ambiguous,0.8447465857737807,281,,,ambiguous
GSM4138152,31,5,Ambiguous/Mixed,ambiguous,0.9112148519755356,69,,,ambiguous
GSM4138153,31,3,Ambiguous/Mixed,ambiguous,0.7573853335447912,46,,,ambiguous
GSM4138154,31,1,DC_family,family,0.9192540753361528,93,0.8775236679295477,0.04173040740660505,tie
GSM4138154,31,2,Ambiguous/Mixed,ambiguous,0.9212552494558888,200,,,ambiguous
GSM4138154,31,3,Ambiguous/Mixed,ambiguous,0.8020855636477346,152,,,ambiguous
GSM4138154,31,5,Ambiguous/Mixed,ambiguous,0.9210502799596983,27,,,ambiguous
GSM4138155,31,1,DC_family,family,0.6165500876774639,194,0.7010983122032448,-0.08454822452578092,less_pure
GSM4138155,31,15,Ambiguous/Mixed,ambiguous,0.9734862348422841,15,,,ambiguous
GSM4138155,31,2,Ambiguous/Mixed,ambiguous,0.6078972889235353,152,,,ambiguous
GSM4138155,31,3,Ambiguous/Mixed,ambiguous,0.6754386548343136,297,,,ambiguous
GSM4138155,31,4,Mac_SPP1,specific,0.6667442711221321,164,0.8539118148935525,-0.18716754377142042,less_pure
GSM4138155,31,5,Ambiguous/Mixed,ambiguous,0.6628728879498462,179,,,ambiguous
GSM4138155,31,6,Ambiguous/Mixed,ambiguous,0.9448223784363006,17,,,ambiguous
GSM4138155,31,7,Mast,specific,0.9066932983596591,27,0.9381206978557273,-0.03142739949606821,tie
GSM4138156,31,1,DC_family,family,0.9325231595857129,228,0.943543967188031,-0.011020807602318161,tie
GSM4138156,31,2,Ambiguous/Mixed,ambiguous,0.9126408951785183,529,,,ambiguous
GSM4138156,31,3,Ambiguous/Mixed,ambiguous,0.8583911043051582,214,,,ambiguous
GSM4138156,31,5,Ambiguous/Mixed,ambiguous,0.9145966803892489,206,,,ambiguous
GSM4138157,31,1,DC_family,family,0.9477957914399764,40,0.8709308666726747,0.07686492476730167,purer
GSM4138157,31,2,Ambiguous/Mixed,ambiguous,0.8501900519778117,63,,,ambiguous
GSM4138157,31,3,Ambiguous/Mixed,ambiguous,0.8462250367349162,67,,,ambiguous
GSM4138157,31,5,Ambiguous/Mixed,ambiguous,0.8655976730028966,33,,,ambiguous
GSM4138158,31,1,DC_family,family,0.9566439627377376,94,0.9711664758645067,-0.01452251312676911,tie
GSM4138158,31,2,Ambiguous/Mixed,ambiguous,0.9551185670701147,121,,,ambiguous
GSM4138158,31,3,Ambiguous/Mixed,ambiguous,0.8976425050930527,105,,,ambiguous
GSM4138158,31,5,Ambiguous/Mixed,ambiguous,0.955317063351331,55,,,ambiguous
GSM4138159,31,1,DC_family,family,0.8770943320194884,43,0.774082064685566,0.10301226733392244,purer
GSM4138159,31,2,Ambiguous/Mixed,ambiguous,0.8203189504831352,70,,,ambiguous
GSM4138159,31,3,Ambiguous/Mixed,ambiguous,0.8457445322802324,56,,,ambiguous
GSM4138160,31,1,DC_family,family,0.9491267403395532,145,0.9683180186763501,-0.019191278336796902,tie
GSM4138160,31,2,Ambiguous/Mixed,ambiguous,0.9391466348557865,207,,,ambiguous
GSM4138160,31,3,Ambiguous/Mixed,ambiguous,0.8795990988521466,189,,,ambiguous
GSM4138160,31,5,Ambiguous/Mixed,ambiguous,0.8816134492017853,115,,,ambiguous
GSM4138161,31,1,DC_family,family,0.696012847934452,140,0.6918033483531927,0.004209499581259268,tie
GSM4138161,31,15,Ambiguous/Mixed,ambiguous,0.9363505575513511,34,,,ambiguous
GSM4138161,31,2,Ambiguous/Mixed,ambiguous,0.7848938887813792,101,,,ambiguous
GSM4138161,31,3,Ambiguous/Mixed,ambiguous,0.6745661870854045,222,,,ambiguous
GSM4138161,31,4,Mac_SPP1,specific,0.9669031995032347,19,,,no_baseline
GSM4138161,31,5,Ambiguous/Mixed,ambiguous,0.7312501525777054,86,,,ambiguous
GSM4138162,31,1,DC_family,family,0.9428216866452348,139,0.9565826886013326,-0.013761001956097751,tie
GSM4138162,31,2,Ambiguous/Mixed,ambiguous,0.9551699803400442,142,,,ambiguous
GSM4138162,31,3,Ambiguous/Mixed,ambiguous,0.8698444220879078,253,,,ambiguous
GSM4138162,31,5,Ambiguous/Mixed,ambiguous,0.9305590100316734,122,,,ambiguous
GSM4138163,31,1,DC_family,family,0.9500044400486654,134,0.9662642696443162,-0.016259829595650865,tie
GSM4138163,31,2,Ambiguous/Mixed,ambiguous,0.9561493295490618,112,,,ambiguous
GSM4138163,31,3,Ambiguous/Mixed,ambiguous,0.8765652304057997,220,,,ambiguous
GSM4138163,31,5,Ambiguous/Mixed,ambiguous,0.9239016423495097,114,,,ambiguous
GSM4138164,31,1,DC_family,family,0.9373550609968435,37,0.9668452013182968,-0.02949014032145325,tie
GSM4138164,31,2,Ambiguous/Mixed,ambiguous,0.8996413078534254,58,,,ambiguous
GSM4138164,31,3,Ambiguous/Mixed,ambiguous,0.8522019004519362,53,,,ambiguous
GSM4138164,31,5,Ambiguous/Mixed,ambiguous,0.9202640150981966,52,,,ambiguous
GSM4138165,31,1,DC_family,family,0.9332155670367116,137,0.9656538084529618,-0.03243824141625018,tie
GSM4138165,31,2,Ambiguous/Mixed,ambiguous,0.9299545583179376,185,,,ambiguous
GSM4138165,31,3,Ambiguous/Mixed,ambiguous,0.8552136517999624,107,,,ambiguous
GSM4138165,31,5,Ambiguous/Mixed,ambiguous,0.8972507985216343,161,,,ambiguous
GSM4138166,31,1,DC_family,family,0.9263358175914576,128,0.9432683195432393,-0.016932501951781753,tie
GSM4138166,31,2,Ambiguous/Mixed,ambiguous,0.9297476938693884,188,,,ambiguous
GSM4138166,31,3,Ambiguous/Mixed,ambiguous,0.8478619272534114,178,,,ambiguous
GSM4138166,31,5,Ambiguous/Mixed,ambiguous,0.9499270571035554,118,,,ambiguous
GSM4138167,31,1,DC_family,family,0.9369179810610313,97,0.9791664161417739,-0.04224843508074261,tie
GSM4138167,31,2,Ambiguous/Mixed,ambiguous,0.9478611915325381,146,,,ambiguous
GSM4138167,31,3,Ambiguous/Mixed,ambiguous,0.8699990191698209,98,,,ambiguous
GSM4138167,31,5,Ambiguous/Mixed,ambiguous,0.9298624120853083,111,,,ambiguous
GSM4138171,31,3,Ambiguous/Mixed,ambiguous,1.0,15,,,ambiguous
GSM4138172,31,3,Ambiguous/Mixed,ambiguous,0.9656252322190635,17,,,ambiguous
GSM4138110,32,1,DC_pDC,specific,0.9061037200504528,646,0.9555193703185515,-0.04941565026809869,tie
GSM4138111,32,1,DC_pDC,specific,0.7050953378150349,338,0.8980982837036952,-0.1930029458886603,less_pure
GSM4138112,32,1,DC_pDC,specific,0.877141977839018,380,0.9672228106134714,-0.09008083277445333,less_pure
GSM4138113,32,1,DC_pDC,specific,0.7237964848715835,165,0.9211167331049517,-0.19732024823336813,less_pure
GSM4138114,32,1,DC_pDC,specific,0.8841317404542876,359,,,no_baseline
GSM4138115,32,1,DC_pDC,specific,0.7511221420693615,159,0.9816087420119992,-0.23048659994263776,less_pure
GSM4138116,32,1,DC_pDC,specific,0.9218872648235008,704,,,no_baseline
GSM4138117,32,1,DC_pDC,specific,0.7205056040711777,324,,,no_baseline
GSM4138118,32,1,DC_pDC,specific,0.8773301794443379,293,,,no_baseline
GSM4138119,32,1,DC_pDC,specific,0.6361081080595898,107,,,no_baseline
GSM4138120,32,1,DC_pDC,specific,0.8443855490090679,615,,,no_baseline
GSM4138121,32,1,DC_pDC,specific,0.6342738956925265,194,,,no_baseline
GSM4138122,32,1,DC_pDC,specific,0.8827860002399385,564,0.9782659584116306,-0.09547995817169208,less_pure
GSM4138123,32,1,DC_pDC,specific,0.6788442840649804,651,0.9383997749472549,-0.2595554908822745,less_pure
GSM4138124,32,1,DC_pDC,specific,0.9157287729037532,341,,,no_baseline
GSM4138125,32,1,DC_pDC,specific,0.7096950788919419,514,,,no_baseline
GSM4138125,32,6,Ambiguous/Mixed,ambiguous,0.8341606795301196,54,,,ambiguous
GSM4138126,32,1,DC_pDC,specific,0.9541666610576849,759,,,no_baseline
GSM4138127,32,1,DC_pDC,specific,0.7236018561063431,416,0.9441912994803779,-0.22058944337403485,less_pure
GSM4138127,32,6,Ambiguous/Mixed,ambiguous,0.9278780794012753,30,,,ambiguous
GSM4138128,32,1,DC_pDC,specific,0.8827860002399385,564,0.9782659584116306,-0.09547995817169208,less_pure
GSM4138129,32,1,DC_pDC,specific,0.7059899993894038,255,0.9868286715955322,-0.28083867220612846,less_pure
GSM4138129,32,6,Ambiguous/Mixed,ambiguous,0.9636838095046788,18,,,ambiguous
GSM4138130,32,1,DC_pDC,specific,0.9002581337717243,602,0.9639490407838097,-0.06369090701208546,less_pure
GSM4138131,32,1,DC_pDC,specific,0.700513986662565,721,0.9179857890881354,-0.2174718024255704,less_pure
GSM4138132,32,1,DC_pDC,specific,0.9356477354116384,647,,,no_baseline
GSM4138133,32,1,DC_pDC,specific,0.7541796741465607,308,0.9780104357713506,-0.22383076162478988,less_pure
GSM4138134,32,1,DC_pDC,specific,0.9514629092725457,1226,0.9856991785152992,-0.03423626924275347,tie
GSM4138135,32,1,DC_pDC,specific,0.6886632745956914,822,0.9787886250594097,-0.29012535046371823,less_pure
GSM4138135,32,3,Ambiguous/Mixed,ambiguous,0.9753870006734816,23,,,ambiguous
GSM4138135,32,6,Ambiguous/Mixed,ambiguous,0.8171363078665875,40,,,ambiguous
GSM4138135,32,8,Ambiguous/Mixed,ambiguous,0.8855310156027342,24,,,ambiguous
GSM4138136,32,1,DC_pDC,specific,0.8989259515805395,644,,,no_baseline
GSM4138137,32,1,DC_pDC,specific,0.7516772995388238,707,,,no_baseline
GSM4138137,32,6,Ambiguous/Mixed,ambiguous,0.9503354439913488,16,,,ambiguous
GSM4138138,32,1,DC_pDC,specific,0.9044558304431688,584,,,no_baseline
GSM4138139,32,1,DC_pDC,specific,0.6422606009145719,579,0.9506174967437965,-0.30835689582922454,less_pure
GSM4138139,32,19,Ambiguous/Mixed,ambiguous,0.9640277974045586,20,,,ambiguous
GSM4138139,32,6,Ambiguous/Mixed,ambiguous,0.9087391181602001,30,,,ambiguous
GSM4138139,32,8,Ambiguous/Mixed,ambiguous,0.9275025370026901,42,,,ambiguous
GSM4138140,32,1,DC_pDC,specific,0.9086395522672303,705,,,no_baseline
GSM4138141,32,1,DC_pDC,specific,0.701497519935012,607,0.9165508686482305,-0.21505334871321857,less_pure
GSM4138142,32,1,DC_pDC,specific,0.9091202315601054,689,,,no_baseline
GSM4138143,32,1,DC_pDC,specific,0.7174144827538593,353,0.9295762244202338,-0.21216174166637447,less_pure
GSM4138143,32,8,Ambiguous/Mixed,ambiguous,0.9726947784084212,25,,,ambiguous
GSM4138144,32,1,DC_pDC,specific,0.8410605888263032,303,,,no_baseline
GSM4138145,32,1,DC_pDC,specific,0.6919177433458104,520,0.9472622152517468,-0.25534447190593645,less_pure
GSM4138146,32,1,DC_pDC,specific,0.8857931167125466,470,,,no_baseline
GSM4138147,32,1,DC_pDC,specific,0.8001443249451339,57,0.935324749011505,-0.1351804240663711,less_pure
GSM4138148,32,1,DC_pDC,specific,0.8488234114698443,186,,,no_baseline
GSM4138149,32,1,DC_pDC,specific,0.884129069640535,26,,,no_baseline
GSM4138150,32,1,DC_pDC,specific,0.8961811886435664,199,,,no_baseline
GSM4138151,32,1,DC_pDC,specific,0.959274516187753,36,0.9806392337550041,-0.021364717567251112,tie
GSM4138152,32,1,DC_pDC,specific,0.8512375935489739,474,0.992154406195808,-0.1409168126468341,less_pure
GSM4138153,32,1,DC_pDC,specific,0.7529867139718938,64,,,no_baseline
GSM4138154,32,1,DC_pDC,specific,0.8216471289339982,368,,,no_baseline
GSM4138155,32,1,DC_pDC,specific,0.6088692486768764,649,0.9062361607604512,-0.2973669120835748,less_pure
GSM4138155,32,16,Ambiguous/Mixed,ambiguous,0.9749805828195653,15,,,ambiguous
GSM4138155,32,6,Ambiguous/Mixed,ambiguous,1.0,16,,,ambiguous
GSM4138155,32,8,Ambiguous/Mixed,ambiguous,0.89250872125181,18,,,ambiguous
GSM4138156,32,1,DC_pDC,specific,0.8922387955369508,934,0.9539837451128743,-0.06174494957592347,less_pure
GSM4138157,32,1,DC_pDC,specific,0.6943104625100848,164,0.9771060119735836,-0.28279554946349883,less_pure
GSM4138158,32,1,DC_pDC,specific,0.8912206710721485,284,,,no_baseline
GSM4138159,32,1,DC_pDC,specific,0.7272305800783054,140,,,no_baseline
GSM4138160,32,1,DC_pDC,specific,0.8630991922073459,505,0.980833886723325,-0.11773469451597918,less_pure
GSM4138161,32,1,DC_pDC,specific,0.663354000000978,397,0.8488491714550629,-0.1854951714540849,less_pure
GSM4138161,32,16,Ambiguous/Mixed,ambiguous,0.9411194016881639,25,,,ambiguous
GSM4138161,32,18,Ambiguous/Mixed,ambiguous,0.9606798051591836,19,,,ambiguous
GSM4138162,32,1,DC_pDC,specific,0.8844187646025132,501,0.9897606953288196,-0.10534193072630638,less_pure
GSM4138163,32,1,DC_pDC,specific,0.8955276855752983,440,0.9858316108356697,-0.09030392526037145,less_pure
GSM4138164,32,1,DC_pDC,specific,0.8359879957592602,160,,,no_baseline
GSM4138165,32,1,DC_pDC,specific,0.8982065784364345,443,,,no_baseline
GSM4138166,32,1,DC_pDC,specific,0.8917594320515815,474,,,no_baseline
GSM4138167,32,1,DC_pDC,specific,0.8912462263814899,347,,,no_baseline
GSM4138168,32,1,DC_pDC,specific,0.9794534377312539,20,0.9457890908623999,0.033664346868854,tie
GSM4138169,32,1,DC_pDC,specific,0.9816188142445328,19,,,no_baseline
GSM4138170,32,1,DC_pDC,specific,0.9280163729777795,25,,,no_baseline
GSM4138171,32,1,DC_pDC,specific,0.9752929584185731,32,,,no_baseline
GSM4138172,32,1,DC_pDC,specific,0.9124123358316193,35,,,no_baseline
GSM4138110,33,1,Ambiguous/Mixed,ambiguous,0.9367745723980241,279,,,ambiguous
GSM4138110,33,2,Ambiguous/Mixed,ambiguous,0.8983652832986864,368,,,ambiguous
GSM4138110,33,3,DC_pDC,specific,0.9373110149297923,265,0.9555193703185515,-0.0182083553887592,tie
GSM4138111,33,1,Ambiguous/Mixed,ambiguous,0.6991033055614159,152,,,ambiguous
GSM4138111,33,10,Ambiguous/Mixed,ambiguous,0.8733823930161899,27,,,ambiguous
GSM4138111,33,2,Ambiguous/Mixed,ambiguous,0.7184399578573324,251,,,ambiguous
GSM4138111,33,3,DC_pDC,specific,0.7948698800767792,74,0.8980982837036952,-0.10322840362691599,less_pure
GSM4138112,33,1,Ambiguous/Mixed,ambiguous,0.9211329925569185,139,,,ambiguous
GSM4138112,33,2,Ambiguous/Mixed,ambiguous,0.8592742748713278,153,,,ambiguous
GSM4138112,33,3,DC_pDC,specific,0.8742830131539494,226,0.9672228106134714,-0.09293979745952197,less_pure
GSM4138113,33,1,Ambiguous/Mixed,ambiguous,0.8846966402345489,58,,,ambiguous
GSM4138113,33,2,Ambiguous/Mixed,ambiguous,0.8157499599617317,88,,,ambiguous
GSM4138113,33,3,DC_pDC,specific,0.7917457728283922,74,0.9211167331049517,-0.12937096027655948,less_pure
GSM4138114,33,1,Ambiguous/Mixed,ambiguous,0.9237980652697617,141,,,ambiguous
GSM4138114,33,2,Ambiguous/Mixed,ambiguous,0.8691402342675365,168,,,ambiguous
GSM4138114,33,3,DC_pDC,specific,0.908481243710278,193,,,no_baseline
GSM4138115,33,1,Ambiguous/Mixed,ambiguous,0.8279686314481793,68,,,ambiguous
GSM4138115,33,12,Ambiguous/Mixed,ambiguous,0.9811295398548182,21,,,ambiguous
GSM4138115,33,2,Ambiguous/Mixed,ambiguous,0.7613845883955932,93,,,ambiguous
GSM4138115,33,3,DC_pDC,specific,0.9038342851104572,46,0.9816087420119992,-0.07777445690154206,less_pure
GSM4138116,33,1,Ambiguous/Mixed,ambiguous,0.9273323718741399,389,,,ambiguous
GSM4138116,33,2,Ambiguous/Mixed,ambiguous,0.911295052024347,321,,,ambiguous
GSM4138116,33,3,DC_pDC,specific,0.950103484403284,370,,,no_baseline
GSM4138117,33,1,Ambiguous/Mixed,ambiguous,0.7578305859985596,155,,,ambiguous
GSM4138117,33,2,Ambiguous/Mixed,ambiguous,0.7407173089373964,194,,,ambiguous
GSM4138117,33,3,DC_pDC,specific,0.7670003395580437,120,,,no_baseline
GSM4138118,33,1,Ambiguous/Mixed,ambiguous,0.9354426717039452,100,,,ambiguous
GSM4138118,33,2,Ambiguous/Mixed,ambiguous,0.8674056373236141,237,,,ambiguous
GSM4138118,33,3,DC_pDC,specific,0.9783491290320936,52,,,no_baseline
GSM4138119,33,1,Ambiguous/Mixed,ambiguous,0.7387715649132547,56,,,ambiguous
GSM4138119,33,2,Ambiguous/Mixed,ambiguous,0.6407491602385561,104,,,ambiguous
GSM4138120,33,1,Ambiguous/Mixed,ambiguous,0.90819945348511,184,,,ambiguous
GSM4138120,33,2,Ambiguous/Mixed,ambiguous,0.8389987821297225,480,,,ambiguous
GSM4138120,33,3,DC_pDC,specific,0.9265626636721204,135,,,no_baseline
GSM4138121,33,1,Ambiguous/Mixed,ambiguous,0.7141873975869524,95,,,ambiguous
GSM4138121,33,12,Ambiguous/Mixed,ambiguous,1.0,17,,,ambiguous
GSM4138121,33,2,Ambiguous/Mixed,ambiguous,0.6549845210065184,138,,,ambiguous
GSM4138121,33,3,DC_pDC,specific,0.8544503804565596,36,,,no_baseline
GSM4138122,33,1,Ambiguous/Mixed,ambiguous,0.9280550542299171,167,,,ambiguous
GSM4138122,33,2,Ambiguous/Mixed,ambiguous,0.8839636777677304,347,,,ambiguous
GSM4138122,33,3,DC_pDC,specific,0.9079836867501391,201,0.9782659584116306,-0.07028227166149148,less_pure
GSM4138123,33,1,Ambiguous/Mixed,ambiguous,0.6877091349636002,367,,,ambiguous
GSM4138123,33,12,Ambiguous/Mixed,ambiguous,0.8089011133455228,46,,,ambiguous
GSM4138123,33,2,Ambiguous/Mixed,ambiguous,0.6868926191367613,484,,,ambiguous
GSM4138123,33,3,DC_pDC,specific,0.6894292535852902,113,0.9383997749472549,-0.24897052136196474,less_pure
GSM4138123,33,7,Ambiguous/Mixed,ambiguous,0.896537198811547,30,,,ambiguous
GSM4138124,33,1,Ambiguous/Mixed,ambiguous,0.9606925363142615,142,,,ambiguous
GSM4138124,33,2,Ambiguous/Mixed,ambiguous,0.8939951212848418,149,,,ambiguous
GSM4138124,33,3,DC_pDC,specific,0.9502178384810808,187,,,no_baseline
GSM4138125,33,1,Ambiguous/Mixed,ambiguous,0.7385297275993006,289,,,ambiguous
GSM4138125,33,2,Ambiguous/Mixed,ambiguous,0.7337521858800358,377,,,ambiguous
GSM4138125,33,3,DC_pDC,specific,0.7398502338527002,117,,,no_baseline
GSM4138125,33,6,Ambiguous/Mixed,ambiguous,0.9137868013599706,16,,,ambiguous
GSM4138125,33,7,Ambiguous/Mixed,ambiguous,0.8275478509817532,75,,,ambiguous
GSM4138126,33,1,Ambiguous/Mixed,ambiguous,0.9624366157648852,316,,,ambiguous
GSM4138126,33,2,Ambiguous/Mixed,ambiguous,0.9333926398183242,260,,,ambiguous
GSM4138126,33,3,DC_pDC,specific,0.9665514013096372,479,,,no_baseline
GSM4138127,33,1,Ambiguous/Mixed,ambiguous,0.7212060141671897,247,,,ambiguous
GSM4138127,33,12,Ambiguous/Mixed,ambiguous,0.9583363067535984,22,,,ambiguous
GSM4138127,33,19,Ambiguous/Mixed,ambiguous,0.9834719407078865,17,,,ambiguous
GSM4138127,33,2,Ambiguous/Mixed,ambiguous,0.7537216393335422,248,,,ambiguous
GSM4138127,33,3,DC_pDC,specific,0.806625275808899,135,0.9441912994803779,-0.13756602367147897,less_pure
GSM4138127,33,6,Ambiguous/Mixed,ambiguous,0.9742029452690985,17,,,ambiguous
GSM4138127,33,7,Ambiguous/Mixed,ambiguous,0.975587624419745,16,,,ambiguous
GSM4138128,33,1,Ambiguous/Mixed,ambiguous,0.9280550542299171,167,,,ambiguous
GSM4138128,33,2,Ambiguous/Mixed,ambiguous,0.8839636777677304,347,,,ambiguous
GSM4138128,33,3,DC_pDC,specific,0.9079836867501391,201,0.9782659584116306,-0.07028227166149148,less_pure
GSM4138129,33,1,Ambiguous/Mixed,ambiguous,0.7892572785024724,107,,,ambiguous
GSM4138129,33,2,Ambiguous/Mixed,ambiguous,0.7450745135347112,156,,,ambiguous
GSM4138129,33,3,DC_pDC,specific,0.7897580755934275,92,0.9868286715955322,-0.19707059600210475,less_pure
GSM4138129,33,7,Ambiguous/Mixed,ambiguous,0.9004872449681397,25,,,ambiguous
GSM4138130,33,1,Ambiguous/Mixed,ambiguous,0.9259783418823031,233,,,ambiguous
GSM4138130,33,2,Ambiguous/Mixed,ambiguous,0.9099266102833388,194,,,ambiguous
GSM4138130,33,3,DC_pDC,specific,0.8974932522724753,400,0.9639490407838097,-0.06645578851133438,less_pure
GSM4138131,33,1,Ambiguous/Mixed,ambiguous,0.7063400806082825,337,,,ambiguous
GSM4138131,33,12,Ambiguous/Mixed,ambiguous,0.9813452424258495,16,,,ambiguous
GSM4138131,33,2,Ambiguous/Mixed,ambiguous,0.7211751758150111,445,,,ambiguous
GSM4138131,33,3,DC_pDC,specific,0.7412146502145254,254,0.9179857890881354,-0.17677113887361007,less_pure
GSM4138132,33,1,Ambiguous/Mixed,ambiguous,0.9577371117080172,254,,,ambiguous
GSM4138132,33,2,Ambiguous/Mixed,ambiguous,0.9248190137382498,163,,,ambiguous
GSM4138132,33,3,DC_pDC,specific,0.9399839956108247,464,,,no_baseline
GSM4138133,33,1,Ambiguous/Mixed,ambiguous,0.7548643632307358,159,,,ambiguous
GSM4138133,33,12,Ambiguous/Mixed,ambiguous,0.9515724862366901,18,,,ambiguous
GSM4138133,33,2,Ambiguous/Mixed,ambiguous,0.8244181855184748,111,,,ambiguous
GSM4138133,33,3,DC_pDC,specific,0.7585174279835349,166,0.9780104357713506,-0.21949300778781566,less_pure
GSM4138134,33,1,Ambiguous/Mixed,ambiguous,0.9530817816156643,515,,,ambiguous
GSM4138134,33,2,Ambiguous/Mixed,ambiguous,0.9366461534974485,439,,,ambiguous
GSM4138134,33,3,DC_pDC,specific,0.9542550359152949,748,0.9856991785152992,-0.03144414260000428,tie
GSM4138134,33,4,Ambiguous/Mixed,ambiguous,1.0,23,,,ambiguous
GSM4138135,33,1,Ambiguous/Mixed,ambiguous,0.689787491296641,451,,,ambiguous
GSM4138135,33,10,Ambiguous/Mixed,ambiguous,1.0,19,,,ambiguous
GSM4138135,33,12,Ambiguous/Mixed,ambiguous,0.8551580271728818,38,,,ambiguous
GSM4138135,33,15,Ambiguous/Mixed,ambiguous,1.0,18,,,ambiguous
GSM4138135,33,2,Ambiguous/Mixed,ambiguous,0.6866179411123844,332,,,ambiguous
GSM4138135,33,3,DC_pDC,specific,0.7287593681542941,383,0.9787886250594097,-0.25002925690511557,less_pure
GSM4138135,33,4,Ambiguous/Mixed,ambiguous,0.9277539412248336,35,,,ambiguous
GSM4138135,33,6,Ambiguous/Mixed,ambiguous,0.8668040141140172,39,,,ambiguous
GSM4138135,33,7,Ambiguous/Mixed,ambiguous,0.7991689958469191,56,,,ambiguous
GSM4138136,33,1,Ambiguous/Mixed,ambiguous,0.945275899189105,278,,,ambiguous
GSM4138136,33,2,Ambiguous/Mixed,ambiguous,0.8876885769329382,326,,,ambiguous
GSM4138136,33,3,DC_pDC,specific,0.9423554453852899,287,,,no_baseline
GSM4138137,33,1,Ambiguous/Mixed,ambiguous,0.7520184673156376,390,,,ambiguous
GSM4138137,33,12,Ambiguous/Mixed,ambiguous,0.8471886642982155,46,,,ambiguous
GSM4138137,33,15,Ambiguous/Mixed,ambiguous,0.928966423120086,23,,,ambiguous
GSM4138137,33,2,Ambiguous/Mixed,ambiguous,0.754126071887312,302,,,ambiguous
GSM4138137,33,3,DC_pDC,specific,0.7751969244427741,315,,,no_baseline
GSM4138137,33,4,Ambiguous/Mixed,ambiguous,0.9755090729174286,15,,,ambiguous
GSM4138137,33,7,Ambiguous/Mixed,ambiguous,0.8940472993733832,27,,,ambiguous
GSM4138138,33,1,Ambiguous/Mixed,ambiguous,0.9210421959738032,239,,,ambiguous
GSM4138138,33,2,Ambiguous/Mixed,ambiguous,0.8652716158718756,290,,,ambiguous
GSM4138138,33,3,DC_pDC,specific,0.913811702329337,285,,,no_baseline
GSM4138139,33,1,Ambiguous/Mixed,ambiguous,0.6568287126975294,350,,,ambiguous
GSM4138139,33,10,Ambiguous/Mixed,ambiguous,0.9061232816603847,60,,,ambiguous
GSM4138139,33,12,Ambiguous/Mixed,ambiguous,0.983916866846103,17,,,ambiguous
GSM4138139,33,2,Ambiguous/Mixed,ambiguous,0.6528549681318213,370,,,ambiguous
GSM4138139,33,3,DC_pDC,specific,0.7188517301902277,152,0.9506174967437965,-0.23176576655356873,less_pure
GSM4138139,33,4,Ambiguous/Mixed,ambiguous,0.8916490067080269,31,,,ambiguous
GSM4138139,33,7,Ambiguous/Mixed,ambiguous,0.8885681808861274,41,,,ambiguous
GSM4138140,33,1,Ambiguous/Mixed,ambiguous,0.9273223210936905,276,,,ambiguous
GSM4138140,33,2,Ambiguous/Mixed,ambiguous,0.8826464081354269,319,,,ambiguous
GSM4138140,33,3,DC_pDC,specific,0.9378883209186243,362,,,no_baseline
GSM4138141,33,1,Ambiguous/Mixed,ambiguous,0.7162621176873032,226,,,ambiguous
GSM4138141,33,12,Ambiguous/Mixed,ambiguous,0.9358870376942579,26,,,ambiguous
GSM4138141,33,2,Ambiguous/Mixed,ambiguous,0.7246839064321966,389,,,ambiguous
GSM4138141,33,3,DC_pDC,specific,0.7789162457824766,190,0.9165508686482305,-0.1376346228657539,less_pure
GSM4138142,33,1,Ambiguous/Mixed,ambiguous,0.9525457784358256,316,,,ambiguous
GSM4138142,33,2,Ambiguous/Mixed,ambiguous,0.9032127156055193,327,,,ambiguous
GSM4138142,33,3,DC_pDC,specific,0.9355988575479052,339,,,no_baseline
GSM4138143,33,1,Ambiguous/Mixed,ambiguous,0.7347888597198188,102,,,ambiguous
GSM4138143,33,10,Ambiguous/Mixed,ambiguous,0.966817688138439,30,,,ambiguous
GSM4138143,33,2,Ambiguous/Mixed,ambiguous,0.7193269826366846,211,,,ambiguous
GSM4138143,33,3,DC_pDC,specific,0.7396349164127511,131,0.9295762244202338,-0.18994130800748266,less_pure
GSM4138144,33,1,Ambiguous/Mixed,ambiguous,0.9346818934254673,119,,,ambiguous
GSM4138144,33,2,Ambiguous/Mixed,ambiguous,0.8441811654364898,220,,,ambiguous
GSM4138144,33,3,DC_pDC,specific,0.9362041593795223,79,,,no_baseline
GSM4138145,33,1,Ambiguous/Mixed,ambiguous,0.721636784628118,201,,,ambiguous
GSM4138145,33,2,Ambiguous/Mixed,ambiguous,0.7228057220517581,447,,,ambiguous
GSM4138145,33,3,DC_pDC,specific,0.8932090420805076,68,0.9472622152517468,-0.054053173171239255,less_pure
GSM4138146,33,1,Ambiguous/Mixed,ambiguous,0.9141397092470454,174,,,ambiguous
GSM4138146,33,2,Ambiguous/Mixed,ambiguous,0.8758850150227063,241,,,ambiguous
GSM4138146,33,3,DC_pDC,specific,0.9037333123932054,227,,,no_baseline
GSM4138147,33,2,Ambiguous/Mixed,ambiguous,0.9169758803295667,20,,,ambiguous
GSM4138147,33,3,DC_pDC,specific,0.9230820493662968,38,0.935324749011505,-0.012242699645208188,tie
GSM4138148,33,1,Ambiguous/Mixed,ambiguous,0.9554784635382615,62,,,ambiguous
GSM4138148,33,2,Ambiguous/Mixed,ambiguous,0.8428541020446075,87,,,ambiguous
GSM4138148,33,3,DC_pDC,specific,0.9267888079599853,99,,,no_baseline
GSM4138150,33,1,Ambiguous/Mixed,ambiguous,0.957400346756408,68,,,ambiguous
GSM4138150,33,2,Ambiguous/Mixed,ambiguous,0.8866185799204195,109,,,ambiguous
GSM4138150,33,3,DC_pDC,specific,0.9437267738935128,89,,,no_baseline
GSM4138151,33,2,Ambiguous/Mixed,ambiguous,0.9771949359846178,15,,,ambiguous
GSM4138151,33,3,DC_pDC,specific,0.9619238690156452,20,0.9806392337550041,-0.018715364739358864,tie
GSM4138152,33,1,Ambiguous/Mixed,ambiguous,0.9310622235250139,161,,,ambiguous
GSM4138152,33,2,Ambiguous/Mixed,ambiguous,0.8497561716383712,383,,,ambiguous
GSM4138152,33,3,DC_pDC,specific,0.9182628164829285,97,0.992154406195808,-0.07389158971287946,less_pure
GSM4138153,33,1,Ambiguous/Mixed,ambiguous,0.9787064798119673,16,,,ambiguous
GSM4138153,33,2,Ambiguous/Mixed,ambiguous,0.7848658665105455,53,,,ambiguous
GSM4138154,33,1,Ambiguous/Mixed,ambiguous,0.9248764467885322,153,,,ambiguous
GSM4138154,33,2,Ambiguous/Mixed,ambiguous,0.8152605605686762,301,,,ambiguous
GSM4138154,33,3,DC_pDC,specific,0.9287921122514501,65,,,no_baseline
GSM4138155,33,1,Ambiguous/Mixed,ambiguous,0.6072310874076329,300,,,ambiguous
GSM4138155,33,10,Ambiguous/Mixed,ambiguous,0.8652674360668684,27,,,ambiguous
GSM4138155,33,15,Ambiguous/Mixed,ambiguous,0.8709763867814244,24,,,ambiguous
GSM4138155,33,2,Ambiguous/Mixed,ambiguous,0.6247621984841984,443,,,ambiguous
GSM4138155,33,3,DC_pDC,specific,0.6546384060757018,179,0.9062361607604512,-0.25159775468474943,less_pure
GSM4138155,33,4,Ambiguous/Mixed,ambiguous,0.9352079903129418,17,,,ambiguous
GSM4138155,33,7,Ambiguous/Mixed,ambiguous,0.8899905419969786,23,,,ambiguous
GSM4138156,33,1,Ambiguous/Mixed,ambiguous,0.9233572696389231,349,,,ambiguous
GSM4138156,33,2,Ambiguous/Mixed,ambiguous,0.8648692018412533,300,,,ambiguous
GSM4138156,33,3,DC_pDC,specific,0.9172949413473033,624,0.9539837451128743,-0.03668880376557104,tie
GSM4138157,33,1,Ambiguous/Mixed,ambiguous,0.8732041829321998,59,,,ambiguous
GSM4138157,33,2,Ambiguous/Mixed,ambiguous,0.7965366379523344,91,,,ambiguous
GSM4138157,33,3,DC_pDC,specific,0.8473722803869786,55,0.9771060119735836,-0.12973373158660495,less_pure
GSM4138158,33,1,Ambiguous/Mixed,ambiguous,0.9596914913844596,140,,,ambiguous
GSM4138158,33,2,Ambiguous/Mixed,ambiguous,0.8887258722514934,148,,,ambiguous
GSM4138158,33,3,DC_pDC,specific,0.956879439419568,118,,,no_baseline
GSM4138159,33,1,Ambiguous/Mixed,ambiguous,0.823840881090647,62,,,ambiguous
GSM4138159,33,2,Ambiguous/Mixed,ambiguous,0.765899566744475,88,,,ambiguous
GSM4138159,33,3,DC_pDC,specific,0.8975227834404789,39,,,no_baseline
GSM4138160,33,1,Ambiguous/Mixed,ambiguous,0.9473267482494687,191,,,ambiguous
GSM4138160,33,2,Ambiguous/Mixed,ambiguous,0.8878971987017861,271,,,ambiguous
GSM4138160,33,3,DC_pDC,specific,0.8654547946449456,230,0.980833886723325,-0.11537909207837949,less_pure
GSM4138161,33,1,Ambiguous/Mixed,ambiguous,0.662354380905372,166,,,ambiguous
GSM4138161,33,2,Ambiguous/Mixed,ambiguous,0.6652113002556189,320,,,ambiguous
GSM4138161,33,3,DC_pDC,specific,0.7946084027653733,99,0.8488491714550629,-0.054240768689689633,less_pure
GSM4138162,33,1,Ambiguous/Mixed,ambiguous,0.9478629912490472,183,,,ambiguous
GSM4138162,33,2,Ambiguous/Mixed,ambiguous,0.8760414601507889,310,,,ambiguous
GSM4138162,33,3,DC_pDC,specific,0.896373079637665,184,0.9897606953288196,-0.09338761569115461,less_pure
GSM4138163,33,1,Ambiguous/Mixed,ambiguous,0.945645926407181,186,,,ambiguous
GSM4138163,33,2,Ambiguous/Mixed,ambiguous,0.8836432970378278,281,,,ambiguous
GSM4138163,33,3,DC_pDC,specific,0.9164702069069777,150,0.9858316108356697,-0.06936140392869206,less_pure
GSM4138164,33,1,Ambiguous/Mixed,ambiguous,0.9146934723653174,45,,,ambiguous
GSM4138164,33,2,Ambiguous/Mixed,ambiguous,0.8619019298083439,54,,,ambiguous
GSM4138164,33,3,DC_pDC,specific,0.8806717961967381,103,,,no_baseline
GSM4138165,33,1,Ambiguous/Mixed,ambiguous,0.9286467094813815,160,,,ambiguous
GSM4138165,33,2,Ambiguous/Mixed,ambiguous,0.8615680474886973,134,,,ambiguous
GSM4138165,33,3,DC_pDC,specific,0.9270097258184572,301,,,no_baseline
GSM4138166,33,1,Ambiguous/Mixed,ambiguous,0.9107623487242066,168,,,ambiguous
GSM4138166,33,2,Ambiguous/Mixed,ambiguous,0.8676850532030369,221,,,ambiguous
GSM4138166,33,3,DC_pDC,specific,0.9379477492241766,241,,,no_baseline
GSM4138167,33,1,Ambiguous/Mixed,ambiguous,0.9210199585565717,137,,,ambiguous
GSM4138167,33,2,Ambiguous/Mixed,ambiguous,0.8705151700878125,119,,,ambiguous
GSM4138167,33,3,DC_pDC,specific,0.9490942405919769,227,,,no_baseline
GSM4138168,33,2,Ambiguous/Mixed,ambiguous,1.0,15,,,ambiguous
GSM4138169,33,2,Ambiguous/Mixed,ambiguous,0.9663499452621835,15,,,ambiguous
GSM4138170,33,2,Ambiguous/Mixed,ambiguous,0.9650865963035912,17,,,ambiguous
GSM4138171,33,2,Ambiguous/Mixed,ambiguous,0.9689658832426855,16,,,ambiguous
GSM4138171,33,3,DC_pDC,specific,0.9866303251307885,15,,,no_baseline
GSM4138172,33,2,Ambiguous/Mixed,ambiguous,0.9415910000852943,23,,,ambiguous
GSM4138110,34,1,Ambiguous/Mixed,ambiguous,0.9101533012232782,497,,,ambiguous
GSM4138110,34,2,DC_family,family,0.9414777272987244,267,0.978529942536888,-0.0370522152381636,tie
GSM4138110,34,5,Ambiguous/Mixed,ambiguous,0.9570682768973874,72,,,ambiguous
GSM4138110,34,9,Ambiguous/Mixed,ambiguous,0.9727672438925545,62,,,ambiguous
GSM4138111,34,1,Ambiguous/Mixed,ambiguous,0.7705034449014456,236,,,ambiguous
GSM4138111,34,2,DC_family,family,0.6984520117049412,138,0.7139188135165719,-0.015466801811630737,tie
GSM4138111,34,3,Mac_IL1B,specific,0.9287919236022996,27,,,no_baseline
GSM4138111,34,5,Ambiguous/Mixed,ambiguous,0.7766236921384215,62,,,ambiguous
GSM4138111,34,6,Mast,specific,0.9672405212494054,20,0.9059125026497903,0.06132801859961512,purer
GSM4138111,34,9,Ambiguous/Mixed,ambiguous,0.965749897182003,19,,,ambiguous
GSM4138112,34,1,Ambiguous/Mixed,ambiguous,0.8867659935557787,282,,,ambiguous
GSM4138112,34,2,DC_family,family,0.9295373310340425,133,0.9631782563261827,-0.033640925292140245,tie
GSM4138112,34,5,Ambiguous/Mixed,ambiguous,0.951864593775215,44,,,ambiguous
GSM4138112,34,9,Ambiguous/Mixed,ambiguous,0.915820205284222,54,,,ambiguous
GSM4138113,34,1,Ambiguous/Mixed,ambiguous,0.7953450965844462,96,,,ambiguous
GSM4138113,34,2,DC_family,family,0.8811686229248091,45,0.7632287255055046,0.11793989741930455,purer
GSM4138113,34,3,Mac_IL1B,specific,0.9803469621206742,20,,,no_baseline
GSM4138113,34,5,Ambiguous/Mixed,ambiguous,0.830770339620561,49,,,ambiguous
GSM4138113,34,9,Ambiguous/Mixed,ambiguous,0.8767888235189901,24,,,ambiguous
GSM4138114,34,1,Ambiguous/Mixed,ambiguous,0.870310585193675,275,,,ambiguous
GSM4138114,34,2,DC_family,family,0.9390166724943433,133,0.9550220117526695,-0.016005339258326257,tie
GSM4138114,34,5,Ambiguous/Mixed,ambiguous,0.989631590469425,21,,,ambiguous
GSM4138114,34,9,Ambiguous/Mixed,ambiguous,0.9457925999137974,55,,,ambiguous
GSM4138115,34,1,Ambiguous/Mixed,ambiguous,0.8160440464802438,86,,,ambiguous
GSM4138115,34,2,DC_family,family,0.8511333397288657,56,0.7727754744975728,0.07835786523129296,purer
GSM4138115,34,5,Ambiguous/Mixed,ambiguous,0.8277635963472119,74,,,ambiguous
GSM4138116,34,1,Ambiguous/Mixed,ambiguous,0.9150490847690588,549,,,ambiguous
GSM4138116,34,2,DC_family,family,0.9250113490187306,365,,,no_baseline
GSM4138116,34,5,Ambiguous/Mixed,ambiguous,0.9481901526865577,80,,,ambiguous
GSM4138116,34,9,Ambiguous/Mixed,ambiguous,0.9733592528128446,62,,,ambiguous
GSM4138117,34,1,Ambiguous/Mixed,ambiguous,0.7319059284987786,239,,,ambiguous
GSM4138117,34,2,DC_family,family,0.7782733776183186,131,0.8983178908723612,-0.12004451325404264,less_pure
GSM4138117,34,3,Mac_IL1B,specific,0.9056925525295498,20,,,no_baseline
GSM4138117,34,5,Ambiguous/Mixed,ambiguous,0.8422637816759517,58,,,ambiguous
GSM4138117,34,9,Ambiguous/Mixed,ambiguous,0.9646733553122612,17,,,ambiguous
GSM4138118,34,1,Ambiguous/Mixed,ambiguous,0.8687243416797537,251,,,ambiguous
GSM4138118,34,2,DC_family,family,0.9373689518655954,86,1.0,-0.06263104813440457,less_pure
GSM4138118,34,5,Ambiguous/Mixed,ambiguous,0.9865509851514165,16,,,ambiguous
GSM4138118,34,9,Ambiguous/Mixed,ambiguous,0.9880110467454981,26,,,ambiguous
GSM4138119,34,1,Ambiguous/Mixed,ambiguous,0.695069745397469,79,,,ambiguous
GSM4138119,34,2,DC_family,family,0.8781536450931413,27,0.903900009773125,-0.025746364679983702,tie
GSM4138119,34,3,Mac_IL1B,specific,0.7647939065680138,51,,,no_baseline
GSM4138119,34,4,Ambiguous/Mixed,ambiguous,0.9251842239263621,24,,,ambiguous
GSM4138120,34,1,Ambiguous/Mixed,ambiguous,0.8458165796256564,535,,,ambiguous
GSM4138120,34,2,DC_family,family,0.9017279508851681,187,0.9218733376798663,-0.02014538679469824,tie
GSM4138120,34,5,Ambiguous/Mixed,ambiguous,0.9013467163292841,65,,,ambiguous
GSM4138120,34,9,Ambiguous/Mixed,ambiguous,0.9773306274095794,20,,,ambiguous
GSM4138121,34,1,Ambiguous/Mixed,ambiguous,0.7580476313102468,80,,,ambiguous
GSM4138121,34,2,DC_family,family,0.958598056449824,23,0.85151969778944,0.10707835866038395,purer
GSM4138121,34,3,Mac_IL1B,specific,0.721373658027457,106,0.7786556058359714,-0.057281947808514366,less_pure
GSM4138121,34,5,Ambiguous/Mixed,ambiguous,0.922875267399058,28,,,ambiguous
GSM4138122,34,1,Ambiguous/Mixed,ambiguous,0.8841502021838301,462,,,ambiguous
GSM4138122,34,2,DC_family,family,0.9288277374423213,160,0.9508492071935304,-0.02202146975120911,tie
GSM4138122,34,5,Ambiguous/Mixed,ambiguous,0.9478291409898614,43,,,ambiguous
GSM4138122,34,9,Ambiguous/Mixed,ambiguous,0.9549949368373147,56,,,ambiguous
GSM4138123,34,1,Ambiguous/Mixed,ambiguous,0.7083880530615687,422,,,ambiguous
GSM4138123,34,11,Ambiguous/Mixed,ambiguous,0.9271322352924758,28,,,ambiguous
GSM4138123,34,2,DC_family,family,0.7144573565164865,302,0.7694321137860433,-0.054974757269556807,less_pure
GSM4138123,34,3,Mac_IL1B,specific,0.6802449611321616,139,0.8800216475828482,-0.19977668645068658,less_pure
GSM4138123,34,4,Ambiguous/Mixed,ambiguous,0.9805315502110982,18,,,ambiguous
GSM4138123,34,5,Ambiguous/Mixed,ambiguous,0.7057726466945204,183,,,ambiguous
GSM4138124,34,1,Ambiguous/Mixed,ambiguous,0.9071656852493686,263,,,ambiguous
GSM4138124,34,2,DC_family,family,0.9643100603498429,137,,,no_baseline
GSM4138124,34,5,Ambiguous/Mixed,ambiguous,0.9947664703689846,25,,,ambiguous
GSM4138124,34,9,Ambiguous/Mixed,ambiguous,0.9926989311675193,43,,,ambiguous
GSM4138125,34,1,Ambiguous/Mixed,ambiguous,0.7093410184425033,257,,,ambiguous
GSM4138125,34,10,Ambiguous/Mixed,ambiguous,0.9412315650306717,29,,,ambiguous
GSM4138125,34,11,Ambiguous/Mixed,ambiguous,0.9098936003719464,29,,,ambiguous
GSM4138125,34,2,DC_family,family,0.7174271365237652,194,0.95113418699402,-0.23370705047025475,less_pure
GSM4138125,34,3,Mac_IL1B,specific,0.9310582230539435,23,,,no_baseline
GSM4138125,34,4,Ambiguous/Mixed,ambiguous,0.756995068422287,231,,,ambiguous
GSM4138125,34,5,Ambiguous/Mixed,ambiguous,0.7562906820875239,115,,,ambiguous
GSM4138125,34,9,Ambiguous/Mixed,ambiguous,0.949660027377038,25,,,ambiguous
GSM4138126,34,1,Ambiguous/Mixed,ambiguous,0.9470268584897297,508,,,ambiguous
GSM4138126,34,15,Ambiguous/Mixed,ambiguous,1.0,24,,,ambiguous
GSM4138126,34,2,DC_family,family,0.9663273240615831,313,0.9796119788439297,-0.013284654782346639,tie
GSM4138126,34,5,Ambiguous/Mixed,ambiguous,0.9788394958694286,67,,,ambiguous
GSM4138126,34,9,Ambiguous/Mixed,ambiguous,0.9787182705104115,151,,,ambiguous
GSM4138127,34,1,Ambiguous/Mixed,ambiguous,0.7746115538948437,192,,,ambiguous
GSM4138127,34,11,Ambiguous/Mixed,ambiguous,0.9632015988589534,25,,,ambiguous
GSM4138127,34,2,DC_family,family,0.7759481165366233,167,0.891335201708411,-0.11538708517178764,less_pure
GSM4138127,34,3,Mac_IL1B,specific,0.7887762958767968,190,0.8434018282825052,-0.054625532405708443,less_pure
GSM4138127,34,5,Ambiguous/Mixed,ambiguous,0.8397012141036577,70,,,ambiguous
GSM4138127,34,9,Ambiguous/Mixed,ambiguous,1.0,22,,,ambiguous
GSM4138128,34,1,Ambiguous/Mixed,ambiguous,0.8841502021838301,462,,,ambiguous
GSM4138128,34,2,DC_family,family,0.9288277374423213,160,0.9508492071935304,-0.02202146975120911,tie
GSM4138128,34,5,Ambiguous/Mixed,ambiguous,0.9478291409898614,43,,,ambiguous
GSM4138128,34,9,Ambiguous/Mixed,ambiguous,0.9549949368373147,56,,,ambiguous
GSM4138129,34,1,Ambiguous/Mixed,ambiguous,0.7501978500281976,145,,,ambiguous
GSM4138129,34,11,Ambiguous/Mixed,ambiguous,0.9639894322745433,18,,,ambiguous
GSM4138129,34,2,DC_family,family,0.8223337877980805,67,0.8738886990016175,-0.051554911203536946,less_pure
GSM4138129,34,3,Mac_IL1B,specific,0.8462543722365056,69,,,no_baseline
GSM4138129,34,4,Ambiguous/Mixed,ambiguous,0.8874060866644998,36,,,ambiguous
GSM4138129,34,5,Ambiguous/Mixed,ambiguous,0.8211915544189807,52,,,ambiguous
GSM4138130,34,1,Ambiguous/Mixed,ambiguous,0.9169722011191664,418,,,ambiguous
GSM4138130,34,2,DC_family,family,0.9276204106747324,231,0.9723277323162005,-0.04470732164146807,tie
GSM4138130,34,5,Ambiguous/Mixed,ambiguous,0.9485528091289144,80,,,ambiguous
GSM4138130,34,9,Ambiguous/Mixed,ambiguous,0.923857501999241,93,,,ambiguous
GSM4138131,34,1,Ambiguous/Mixed,ambiguous,0.7373309679348985,446,,,ambiguous
GSM4138131,34,2,DC_family,family,0.7221691706756496,258,0.7536865945444218,-0.03151742386877221,tie
GSM4138131,34,3,Mac_IL1B,specific,0.7251486803760422,163,0.9427030776987229,-0.21755439732268067,less_pure
GSM4138131,34,5,Ambiguous/Mixed,ambiguous,0.7729705562643612,147,,,ambiguous
GSM4138131,34,9,Ambiguous/Mixed,ambiguous,0.8715091899487376,57,,,ambiguous
GSM4138132,34,1,Ambiguous/Mixed,ambiguous,0.9313106577806167,387,,,ambiguous
GSM4138132,34,15,Ambiguous/Mixed,ambiguous,0.9909203003347905,45,,,ambiguous
GSM4138132,34,2,DC_family,family,0.9637605268689757,253,0.9677474499420015,-0.003986923073025728,tie
GSM4138132,34,5,Ambiguous/Mixed,ambiguous,0.9684906466795874,126,,,ambiguous
GSM4138132,34,9,Ambiguous/Mixed,ambiguous,0.9758321069533591,82,,,ambiguous
GSM4138133,34,1,Ambiguous/Mixed,ambiguous,0.781185830471383,135,,,ambiguous
GSM4138133,34,2,DC_family,family,0.7749449706720392,145,0.7773132578349409,-0.0023682871629017166,tie
GSM4138133,34,4,Ambiguous/Mixed,ambiguous,0.9002272963957307,24,,,ambiguous
GSM4138133,34,5,Ambiguous/Mixed,ambiguous,0.8316104240455251,131,,,ambiguous
GSM4138134,34,1,Ambiguous/Mixed,ambiguous,0.9364039051808889,793,,,ambiguous
GSM4138134,34,10,Ambiguous/Mixed,ambiguous,0.9785124765477382,28,,,ambiguous
GSM4138134,34,15,Ambiguous/Mixed,ambiguous,0.9631104300477049,61,,,ambiguous
GSM4138134,34,2,DC_family,family,0.9533026540806749,522,,,no_baseline
GSM4138134,34,5,Ambiguous/Mixed,ambiguous,0.9589274897425234,227,,,ambiguous
GSM4138134,34,9,Ambiguous/Mixed,ambiguous,0.9516153670739014,132,,,ambiguous
GSM4138135,34,1,Ambiguous/Mixed,ambiguous,0.7682675106854302,256,,,ambiguous
GSM4138135,34,11,Ambiguous/Mixed,ambiguous,0.931268913964884,21,,,ambiguous
GSM4138135,34,18,Ambiguous/Mixed,ambiguous,1.0,17,,,ambiguous
GSM4138135,34,2,DC_family,family,0.7955296539366051,228,0.841697457205539,-0.04616780326893388,tie
GSM4138135,34,3,Mac_IL1B,specific,0.7275327854981714,388,0.7699114615871874,-0.04237867608901602,tie
GSM4138135,34,4,Ambiguous/Mixed,ambiguous,0.8626989026435378,53,,,ambiguous
GSM4138135,34,5,Ambiguous/Mixed,ambiguous,0.7837522010796577,262,,,ambiguous
GSM4138135,34,8,Ambiguous/Mixed,ambiguous,0.9323862676432197,24,,,ambiguous
GSM4138135,34,9,Ambiguous/Mixed,ambiguous,0.9282909880909875,37,,,ambiguous
GSM4138136,34,1,Ambiguous/Mixed,ambiguous,0.8913544324310293,472,,,ambiguous
GSM4138136,34,15,Ambiguous/Mixed,ambiguous,0.9956015534234659,24,,,ambiguous
GSM4138136,34,2,DC_family,family,0.9472687782043936,273,0.9575949318499146,-0.01032615364552103,tie
GSM4138136,34,5,Ambiguous/Mixed,ambiguous,0.9670997960685163,66,,,ambiguous
GSM4138136,34,9,Ambiguous/Mixed,ambiguous,0.9658406252816907,63,,,ambiguous
GSM4138137,34,1,Ambiguous/Mixed,ambiguous,0.7974687795449047,249,,,ambiguous
GSM4138137,34,10,Ambiguous/Mixed,ambiguous,0.9348373305421841,26,,,ambiguous
GSM4138137,34,15,Ambiguous/Mixed,ambiguous,0.9318894629682662,36,,,ambiguous
GSM4138137,34,2,DC_family,family,0.7843896748202712,261,0.839030314310623,-0.054640639490351806,less_pure
GSM4138137,34,3,Mac_IL1B,specific,0.7449743855985758,305,0.9166652474001934,-0.17169086180161763,less_pure
GSM4138137,34,4,Ambiguous/Mixed,ambiguous,0.9253831926797275,50,,,ambiguous
GSM4138137,34,5,Ambiguous/Mixed,ambiguous,0.7939801883983185,228,,,ambiguous
GSM4138137,34,9,Ambiguous/Mixed,ambiguous,0.9136607697012442,46,,,ambiguous
GSM4138138,34,1,Ambiguous/Mixed,ambiguous,0.8765680673459577,398,,,ambiguous
GSM4138138,34,15,Ambiguous/Mixed,ambiguous,0.9632547829301018,23,,,ambiguous
GSM4138138,34,2,DC_family,family,0.9274578989054529,249,0.9835238826100917,-0.05606598370463878,less_pure
GSM4138138,34,5,Ambiguous/Mixed,ambiguous,0.9375875669143849,110,,,ambiguous
GSM4138138,34,9,Ambiguous/Mixed,ambiguous,0.9541369461810393,59,,,ambiguous
GSM4138139,34,1,Ambiguous/Mixed,ambiguous,0.7134714311105891,283,,,ambiguous
GSM4138139,34,11,Ambiguous/Mixed,ambiguous,0.8778612644948052,25,,,ambiguous
GSM4138139,34,18,Ambiguous/Mixed,ambiguous,0.9637543466222841,34,,,ambiguous
GSM4138139,34,2,DC_family,family,0.7345690247983897,201,0.8604547296733422,-0.12588570487495254,less_pure
GSM4138139,34,3,Mac_IL1B,specific,0.7620405355601079,206,0.855205732409343,-0.09316519684923508,less_pure
GSM4138139,34,4,Ambiguous/Mixed,ambiguous,0.8197847053260797,64,,,ambiguous
GSM4138139,34,5,Ambiguous/Mixed,ambiguous,0.7974913880909525,102,,,ambiguous
GSM4138139,34,6,Mast,specific,0.9317843925092446,35,0.9658315628046693,-0.0340471702954247,tie
GSM4138139,34,9,Ambiguous/Mixed,ambiguous,0.9743382268158196,20,,,ambiguous
GSM4138140,34,1,Ambiguous/Mixed,ambiguous,0.9027272484884206,519,,,ambiguous
GSM4138140,34,15,Ambiguous/Mixed,ambiguous,0.9884947030495495,19,,,ambiguous
GSM4138140,34,2,DC_family,family,0.9428027374748504,276,0.9577957427797844,-0.01499300530493397,tie
GSM4138140,34,5,Ambiguous/Mixed,ambiguous,0.9660721761933471,76,,,ambiguous
GSM4138140,34,9,Ambiguous/Mixed,ambiguous,0.9581328150898847,83,,,ambiguous
GSM4138141,34,1,Ambiguous/Mixed,ambiguous,0.7356591143915021,384,,,ambiguous
GSM4138141,34,2,DC_family,family,0.7287157742405415,209,0.7646439714392582,-0.03592819719871676,tie
GSM4138141,34,3,Mac_IL1B,specific,0.8533153844461618,49,,,no_baseline
GSM4138141,34,5,Ambiguous/Mixed,ambiguous,0.7511177062352353,161,,,ambiguous
GSM4138141,34,9,Ambiguous/Mixed,ambiguous,0.9118901967556936,50,,,ambiguous
GSM4138142,34,1,Ambiguous/Mixed,ambiguous,0.9100809277008133,512,,,ambiguous
GSM4138142,34,15,Ambiguous/Mixed,ambiguous,0.9887016460448907,19,,,ambiguous
GSM4138142,34,2,DC_family,family,0.9502978307872348,307,0.9454906207626952,0.004807210024539654,tie
GSM4138142,34,5,Ambiguous/Mixed,ambiguous,0.9647124924435156,75,,,ambiguous
GSM4138142,34,9,Ambiguous/Mixed,ambiguous,0.9779276943056524,80,,,ambiguous
GSM4138143,34,1,Ambiguous/Mixed,ambiguous,0.7572619310297333,227,,,ambiguous
GSM4138143,34,18,Ambiguous/Mixed,ambiguous,0.9730661654851048,24,,,ambiguous
GSM4138143,34,2,DC_family,family,0.7882312909623355,95,0.7974127699611427,-0.00918147899880728,tie
GSM4138143,34,3,Mac_IL1B,specific,0.9801179078768616,18,,,no_baseline
GSM4138143,34,5,Ambiguous/Mixed,ambiguous,0.7356061075089215,96,,,ambiguous
GSM4138143,34,9,Ambiguous/Mixed,ambiguous,0.9110507736304442,26,,,ambiguous
GSM4138144,34,1,Ambiguous/Mixed,ambiguous,0.8443307209699775,262,,,ambiguous
GSM4138144,34,2,DC_family,family,0.9348385615417953,113,0.8857225642654714,0.049115997276323986,tie
GSM4138144,34,5,Ambiguous/Mixed,ambiguous,0.9564905645540897,23,,,ambiguous
GSM4138144,34,9,Ambiguous/Mixed,ambiguous,0.9813199252197807,18,,,ambiguous
GSM4138145,34,1,Ambiguous/Mixed,ambiguous,0.744675687463663,371,,,ambiguous
GSM4138145,34,2,DC_family,family,0.7879321601588312,135,0.7535493269325659,0.03438283322626523,tie
GSM4138145,34,3,Mac_IL1B,specific,0.7924367800862875,139,0.9472795976060506,-0.15484281751976314,less_pure
GSM4138145,34,5,Ambiguous/Mixed,ambiguous,0.821982738127547,86,,,ambiguous
GSM4138146,34,1,Ambiguous/Mixed,ambiguous,0.8807412208149579,373,,,ambiguous
GSM4138146,34,2,DC_family,family,0.9176300464056446,168,0.9535751433901899,-0.03594509698454529,tie
GSM4138146,34,5,Ambiguous/Mixed,ambiguous,0.9389509613609757,46,,,ambiguous
GSM4138146,34,9,Ambiguous/Mixed,ambiguous,0.9394389808080889,47,,,ambiguous
GSM4138147,34,1,Ambiguous/Mixed,ambiguous,0.9253949889228817,21,,,ambiguous
GSM4138147,34,5,Ambiguous/Mixed,ambiguous,0.9078333850702174,35,,,ambiguous
GSM4138148,34,1,Ambiguous/Mixed,ambiguous,0.844820680511947,140,,,ambiguous
GSM4138148,34,2,DC_family,family,0.9549498031008292,56,0.9695044981476699,-0.014554695046840704,tie
GSM4138148,34,5,Ambiguous/Mixed,ambiguous,0.9781257639837591,15,,,ambiguous
GSM4138148,34,9,Ambiguous/Mixed,ambiguous,0.9491473928530005,26,,,ambiguous
GSM4138149,34,1,Ambiguous/Mixed,ambiguous,0.9856488854831192,15,,,ambiguous
GSM4138150,34,1,Ambiguous/Mixed,ambiguous,0.9052764287900515,157,,,ambiguous
GSM4138150,34,2,DC_family,family,0.9645840973383903,68,,,no_baseline
GSM4138150,34,9,Ambiguous/Mixed,ambiguous,0.9499332284687275,29,,,ambiguous
GSM4138151,34,1,Ambiguous/Mixed,ambiguous,1.0,16,,,ambiguous
GSM4138152,34,1,Ambiguous/Mixed,ambiguous,0.8591265899248786,419,,,ambiguous
GSM4138152,34,2,DC_family,family,0.9291356482601482,150,0.9275689836639187,0.00156666459622945,tie
GSM4138152,34,5,Ambiguous/Mixed,ambiguous,0.9306186351880144,33,,,ambiguous
GSM4138152,34,9,Ambiguous/Mixed,ambiguous,0.9640459927677308,29,,,ambiguous
GSM4138153,34,1,Ambiguous/Mixed,ambiguous,0.7341862891318615,47,,,ambiguous
GSM4138153,34,5,Ambiguous/Mixed,ambiguous,1.0,17,,,ambiguous
GSM4138154,34,1,Ambiguous/Mixed,ambiguous,0.819030520108304,327,,,ambiguous
GSM4138154,34,2,DC_family,family,0.9212606251092481,132,0.8775236679295477,0.043736957179700386,tie
GSM4138154,34,5,Ambiguous/Mixed,ambiguous,0.9677704690759545,28,,,ambiguous
GSM4138154,34,9,Ambiguous/Mixed,ambiguous,1.0,15,,,ambiguous
GSM4138155,34,1,Ambiguous/Mixed,ambiguous,0.6765279665100645,369,,,ambiguous
GSM4138155,34,18,Ambiguous/Mixed,ambiguous,0.9432082684482594,16,,,ambiguous
GSM4138155,34,2,DC_family,family,0.6540033621563361,149,0.7010983122032448,-0.04709495004690867,tie
GSM4138155,34,3,Mac_IL1B,specific,0.6398285543203586,245,0.7946287795248808,-0.1548002252045222,less_pure
GSM4138155,34,4,Ambiguous/Mixed,ambiguous,0.7945709335029749,80,,,ambiguous
GSM4138155,34,5,Ambiguous/Mixed,ambiguous,0.7145683829562544,91,,,ambiguous
GSM4138155,34,9,Ambiguous/Mixed,ambiguous,0.7970238103742813,52,,,ambiguous
GSM4138156,34,1,Ambiguous/Mixed,ambiguous,0.8822743813892282,641,,,ambiguous
GSM4138156,34,15,Ambiguous/Mixed,ambiguous,0.9694278227549538,24,,,ambiguous
GSM4138156,34,2,DC_family,family,0.9294929632414849,365,0.943543967188031,-0.014051003946546126,tie
GSM4138156,34,5,Ambiguous/Mixed,ambiguous,0.8914609237705989,193,,,ambiguous
GSM4138156,34,9,Ambiguous/Mixed,ambiguous,0.9365734548008221,87,,,ambiguous
GSM4138157,34,1,Ambiguous/Mixed,ambiguous,0.8282603308802833,86,,,ambiguous
GSM4138157,34,2,DC_family,family,0.9496520025078709,38,0.8709308666726747,0.07872113583519613,purer
GSM4138157,34,3,Mac_IL1B,specific,0.9081663615699729,35,,,no_baseline
GSM4138157,34,5,Ambiguous/Mixed,ambiguous,0.8547241005554567,51,,,ambiguous
GSM4138158,34,1,Ambiguous/Mixed,ambiguous,0.8779817690240967,195,,,ambiguous
GSM4138158,34,2,DC_family,family,0.9675689606903826,129,0.9711664758645067,-0.0035975151741240996,tie
GSM4138158,34,5,Ambiguous/Mixed,ambiguous,0.9735576310215246,40,,,ambiguous
GSM4138158,34,9,Ambiguous/Mixed,ambiguous,0.983193715837313,34,,,ambiguous
GSM4138159,34,1,Ambiguous/Mixed,ambiguous,0.8123771204873862,61,,,ambiguous
GSM4138159,34,2,DC_family,family,0.9197648568033457,38,0.774082064685566,0.1456827921177798,purer
GSM4138159,34,3,Mac_IL1B,specific,0.9138751975170296,36,,,no_baseline
GSM4138159,34,5,Ambiguous/Mixed,ambiguous,0.8525014144828654,56,,,ambiguous
GSM4138160,34,1,Ambiguous/Mixed,ambiguous,0.8950704626855492,388,,,ambiguous
GSM4138160,34,2,DC_family,family,0.9543102688029417,198,0.9683180186763501,-0.01400774987340847,tie
GSM4138160,34,5,Ambiguous/Mixed,ambiguous,0.9255122935840249,62,,,ambiguous
GSM4138160,34,9,Ambiguous/Mixed,ambiguous,0.920676274744971,58,,,ambiguous
GSM4138161,34,1,Ambiguous/Mixed,ambiguous,0.7053324719893856,246,,,ambiguous
GSM4138161,34,2,DC_family,family,0.7299184314124298,107,0.6918033483531927,0.038115083059237165,tie
GSM4138161,34,3,Mac_IL1B,specific,0.7976370566331938,87,0.9143416827923283,-0.11670462615913446,less_pure
GSM4138161,34,5,Ambiguous/Mixed,ambiguous,0.7553621271595672,118,,,ambiguous
GSM4138161,34,9,Ambiguous/Mixed,ambiguous,1.0,15,,,ambiguous
GSM4138162,34,1,Ambiguous/Mixed,ambiguous,0.8859763262795829,405,,,ambiguous
GSM4138162,34,2,DC_family,family,0.9584295195850405,161,0.9565826886013326,0.00184683098370797,tie
GSM4138162,34,5,Ambiguous/Mixed,ambiguous,0.948975620627472,43,,,ambiguous
GSM4138162,34,9,Ambiguous/Mixed,ambiguous,0.9465305279018307,51,,,ambiguous
GSM4138163,34,1,Ambiguous/Mixed,ambiguous,0.8996437616413324,361,,,ambiguous
GSM4138163,34,2,DC_family,family,0.9476012602798775,166,0.9662642696443162,-0.018663009364438765,tie
GSM4138163,34,5,Ambiguous/Mixed,ambiguous,0.9522673900554527,27,,,ambiguous
GSM4138163,34,9,Ambiguous/Mixed,ambiguous,0.960888167961629,52,,,ambiguous
GSM4138164,34,1,Ambiguous/Mixed,ambiguous,0.8237640601940938,127,,,ambiguous
GSM4138164,34,2,DC_family,family,0.9150724569351901,53,0.9668452013182968,-0.05177274438310664,less_pure
GSM4138164,34,5,Ambiguous/Mixed,ambiguous,1.0,16,,,ambiguous
GSM4138164,34,9,Ambiguous/Mixed,ambiguous,0.9805614139029966,17,,,ambiguous
GSM4138165,34,1,Ambiguous/Mixed,ambiguous,0.8811370244942298,303,,,ambiguous
GSM4138165,34,15,Ambiguous/Mixed,ambiguous,0.9702031465929947,20,,,ambiguous
GSM4138165,34,2,DC_family,family,0.9445744878541817,184,0.9656538084529618,-0.021079320598780038,tie
GSM4138165,34,5,Ambiguous/Mixed,ambiguous,0.949035365539206,60,,,ambiguous
GSM4138165,34,9,Ambiguous/Mixed,ambiguous,0.9561220412542135,68,,,ambiguous
GSM4138166,34,1,Ambiguous/Mixed,ambiguous,0.8801743198358187,361,,,ambiguous
GSM4138166,34,2,DC_family,family,0.9067601870606035,165,0.9432683195432393,-0.03650813248263585,tie
GSM4138166,34,5,Ambiguous/Mixed,ambiguous,0.9690520117407885,36,,,ambiguous
GSM4138166,34,9,Ambiguous/Mixed,ambiguous,0.9668814877659695,68,,,ambiguous
GSM4138167,34,1,Ambiguous/Mixed,ambiguous,0.8761951333181397,257,,,ambiguous
GSM4138167,34,2,DC_family,family,0.943437954705023,133,0.9791664161417739,-0.0357284614367509,tie
GSM4138167,34,5,Ambiguous/Mixed,ambiguous,0.9945760339728047,38,,,ambiguous
GSM4138167,34,9,Ambiguous/Mixed,ambiguous,0.97070252206871,42,,,ambiguous
GSM4138168,34,9,Ambiguous/Mixed,ambiguous,0.9528291108791802,19,,,ambiguous
GSM4138170,34,1,Ambiguous/Mixed,ambiguous,0.981333041937631,15,,,ambiguous
GSM4138171,34,1,Ambiguous/Mixed,ambiguous,0.9703615332033069,16,,,ambiguous
GSM4138172,34,1,Ambiguous/Mixed,ambiguous,0.9439186844977135,24,,,ambiguous
GSM4138110,35,1,DC_pDC,specific,0.902606074456494,526,0.9555193703185515,-0.05291329586205751,less_pure
GSM4138110,35,2,Ambiguous/Mixed,ambiguous,0.9297359899530648,268,,,ambiguous
GSM4138110,35,3,Ambiguous/Mixed,ambiguous,0.9535468319357069,198,,,ambiguous
GSM4138110,35,5,Ambiguous/Mixed,ambiguous,0.986554095098208,81,,,ambiguous
GSM4138111,35,1,DC_pDC,specific,0.7721903500586031,233,0.8980982837036952,-0.125907933645092,less_pure
GSM4138111,35,18,Ambiguous/Mixed,ambiguous,0.9084169299775626,45,,,ambiguous
GSM4138111,35,2,Ambiguous/Mixed,ambiguous,0.7155653683287021,145,,,ambiguous
GSM4138111,35,3,Ambiguous/Mixed,ambiguous,0.8543116140195953,54,,,ambiguous
GSM4138111,35,4,Ambiguous/Mixed,ambiguous,0.9338710456136639,22,,,ambiguous
GSM4138111,35,5,Ambiguous/Mixed,ambiguous,0.9159850282418855,25,,,ambiguous
GSM4138111,35,9,Mast,specific,0.9706281107170167,19,0.9059125026497903,0.06471560806722643,purer
GSM4138112,35,1,DC_pDC,specific,0.8592493940809568,332,0.9672228106134714,-0.10797341653251458,less_pure
GSM4138112,35,2,Ambiguous/Mixed,ambiguous,0.9253409785404643,143,,,ambiguous
GSM4138112,35,3,Ambiguous/Mixed,ambiguous,0.9520905092538071,91,,,ambiguous
GSM4138112,35,5,Ambiguous/Mixed,ambiguous,0.9739332694058122,42,,,ambiguous
GSM4138113,35,1,DC_pDC,specific,0.7898220247946659,123,0.9211167331049517,-0.13129470831028578,less_pure
GSM4138113,35,2,Ambiguous/Mixed,ambiguous,0.8801940038294986,52,,,ambiguous
GSM4138113,35,3,Ambiguous/Mixed,ambiguous,0.8804596504197286,45,,,ambiguous
GSM4138113,35,5,Ambiguous/Mixed,ambiguous,0.8665876146160859,31,,,ambiguous
GSM4138114,35,1,DC_pDC,specific,0.8814120290123549,313,,,no_baseline
GSM4138114,35,2,Ambiguous/Mixed,ambiguous,0.9338715165504157,148,,,ambiguous
GSM4138114,35,3,Ambiguous/Mixed,ambiguous,0.9240025973518567,97,,,ambiguous
GSM4138114,35,5,Ambiguous/Mixed,ambiguous,0.9866621801309432,34,,,ambiguous
GSM4138115,35,1,DC_pDC,specific,0.8233666312313701,64,0.9816087420119992,-0.1582421107806291,less_pure
GSM4138115,35,18,Ambiguous/Mixed,ambiguous,0.9708025738305726,16,,,ambiguous
GSM4138115,35,2,Ambiguous/Mixed,ambiguous,0.829854324990102,50,,,ambiguous
GSM4138115,35,4,Ambiguous/Mixed,ambiguous,0.832253633881549,73,,,ambiguous
GSM4138115,35,5,Ambiguous/Mixed,ambiguous,0.8915688727911948,49,,,ambiguous
GSM4138116,35,1,DC_pDC,specific,0.9202425714846678,577,,,no_baseline
GSM4138116,35,2,Ambiguous/Mixed,ambiguous,0.9294033273559417,381,,,ambiguous
GSM4138116,35,3,Ambiguous/Mixed,ambiguous,0.9423999070085676,286,,,ambiguous
GSM4138116,35,5,Ambiguous/Mixed,ambiguous,0.950355306075331,88,,,ambiguous
GSM4138117,35,1,DC_pDC,specific,0.7136838372653357,226,,,no_baseline
GSM4138117,35,12,Ambiguous/Mixed,ambiguous,0.9201644557309593,15,,,ambiguous
GSM4138117,35,2,Ambiguous/Mixed,ambiguous,0.752065144007593,138,,,ambiguous
GSM4138117,35,3,Ambiguous/Mixed,ambiguous,0.7988632864192458,65,,,ambiguous
GSM4138117,35,4,Ambiguous/Mixed,ambiguous,0.762698649277875,99,,,ambiguous
GSM4138117,35,5,Ambiguous/Mixed,ambiguous,0.8600415663066882,46,,,ambiguous
GSM4138118,35,1,DC_pDC,specific,0.8684746624335382,268,,,no_baseline
GSM4138118,35,2,Ambiguous/Mixed,ambiguous,0.9218919491704455,102,,,ambiguous
GSM4138118,35,3,Ambiguous/Mixed,ambiguous,0.9325909810283324,134,,,ambiguous
GSM4138119,35,1,DC_pDC,specific,0.7239540895553414,65,,,no_baseline
GSM4138119,35,15,Ambiguous/Mixed,ambiguous,0.951858374926841,22,,,ambiguous
GSM4138119,35,2,Ambiguous/Mixed,ambiguous,0.906759722396098,24,,,ambiguous
GSM4138119,35,3,Ambiguous/Mixed,ambiguous,0.9449535593379762,21,,,ambiguous
GSM4138119,35,4,Ambiguous/Mixed,ambiguous,0.8793333357813614,25,,,ambiguous
GSM4138119,35,6,Ambiguous/Mixed,ambiguous,0.907468459373461,26,,,ambiguous
GSM4138120,35,1,DC_pDC,specific,0.8441090552747651,562,,,no_baseline
GSM4138120,35,2,Ambiguous/Mixed,ambiguous,0.8966457959902968,208,,,ambiguous
GSM4138120,35,3,Ambiguous/Mixed,ambiguous,0.930800809636747,147,,,ambiguous
GSM4138120,35,5,Ambiguous/Mixed,ambiguous,0.9341434167874009,50,,,ambiguous
GSM4138121,35,1,DC_pDC,specific,0.9055869853897712,57,,,no_baseline
GSM4138121,35,11,Ambiguous/Mixed,ambiguous,0.7435183432972872,66,,,ambiguous
GSM4138121,35,15,Ambiguous/Mixed,ambiguous,0.8929187426396837,29,,,ambiguous
GSM4138121,35,18,Ambiguous/Mixed,ambiguous,0.9395000838591586,16,,,ambiguous
GSM4138121,35,2,Ambiguous/Mixed,ambiguous,0.9407353347769464,15,,,ambiguous
GSM4138121,35,3,Ambiguous/Mixed,ambiguous,0.9839578280553494,21,,,ambiguous
GSM4138121,35,4,Ambiguous/Mixed,ambiguous,0.7847548633289883,60,,,ambiguous
GSM4138122,35,1,DC_pDC,specific,0.8819290414724644,494,0.9782659584116306,-0.09633691693916613,less_pure
GSM4138122,35,2,Ambiguous/Mixed,ambiguous,0.9140443186650742,163,,,ambiguous
GSM4138122,35,3,Ambiguous/Mixed,ambiguous,0.9299986711762649,163,,,ambiguous
GSM4138122,35,5,Ambiguous/Mixed,ambiguous,0.9856634943077951,37,,,ambiguous
GSM4138123,35,1,DC_pDC,specific,0.7160210252395498,389,0.9383997749472549,-0.2223787497077051,less_pure
GSM4138123,35,11,Ambiguous/Mixed,ambiguous,0.9427453825381976,27,,,ambiguous
GSM4138123,35,12,Ambiguous/Mixed,ambiguous,0.7655835731882947,89,,,ambiguous
GSM4138123,35,14,Ambiguous/Mixed,ambiguous,0.9154484406056641,50,,,ambiguous
GSM4138123,35,15,Ambiguous/Mixed,ambiguous,0.8679699052623551,34,,,ambiguous
GSM4138123,35,16,Ambiguous/Mixed,ambiguous,0.7841676079270639,46,,,ambiguous
GSM4138123,35,18,Ambiguous/Mixed,ambiguous,0.8180206514373822,65,,,ambiguous
GSM4138123,35,2,Ambiguous/Mixed,ambiguous,0.7252627623716348,280,,,ambiguous
GSM4138123,35,3,Ambiguous/Mixed,ambiguous,0.7612740432243916,108,,,ambiguous
GSM4138123,35,4,Ambiguous/Mixed,ambiguous,0.7658211469656108,92,,,ambiguous
GSM4138123,35,5,Ambiguous/Mixed,ambiguous,0.7267277352127262,132,,,ambiguous
GSM4138123,35,6,Ambiguous/Mixed,ambiguous,0.9667260229435871,21,,,ambiguous
GSM4138124,35,1,DC_pDC,specific,0.9116233269272791,292,,,no_baseline
GSM4138124,35,16,Ambiguous/Mixed,ambiguous,1.0,17,,,ambiguous
GSM4138124,35,2,Ambiguous/Mixed,ambiguous,0.951465597741529,115,,,ambiguous
GSM4138124,35,3,Ambiguous/Mixed,ambiguous,0.9565396797300431,97,,,ambiguous
GSM4138124,35,5,Ambiguous/Mixed,ambiguous,0.9941963237872874,26,,,ambiguous
GSM4138125,35,1,DC_pDC,specific,0.7124422300068103,295,,,no_baseline
GSM4138125,35,14,Ambiguous/Mixed,ambiguous,0.8974484039673994,36,,,ambiguous
GSM4138125,35,16,Ambiguous/Mixed,ambiguous,0.9531575623293852,18,,,ambiguous
GSM4138125,35,2,Ambiguous/Mixed,ambiguous,0.7157687263322499,174,,,ambiguous
GSM4138125,35,3,Ambiguous/Mixed,ambiguous,0.7974321773409407,60,,,ambiguous
GSM4138125,35,4,Ambiguous/Mixed,ambiguous,0.7772868390300655,88,,,ambiguous
GSM4138125,35,5,Ambiguous/Mixed,ambiguous,0.8297554934394151,64,,,ambiguous
GSM4138125,35,6,Ambiguous/Mixed,ambiguous,0.7504052988821771,209,,,ambiguous
GSM4138125,35,8,Ambiguous/Mixed,ambiguous,0.8523081096307323,48,,,ambiguous
GSM4138126,35,1,DC_pDC,specific,0.9516939851384367,624,,,no_baseline
GSM4138126,35,2,Ambiguous/Mixed,ambiguous,0.9656566235071287,312,,,ambiguous
GSM4138126,35,3,Ambiguous/Mixed,ambiguous,0.9695430468326254,258,,,ambiguous
GSM4138126,35,5,Ambiguous/Mixed,ambiguous,0.9811903848479606,98,,,ambiguous
GSM4138127,35,1,DC_pDC,specific,0.7804692755104852,184,0.9441912994803779,-0.16372202396989277,less_pure
GSM4138127,35,11,Ambiguous/Mixed,ambiguous,0.7971808691675838,144,,,ambiguous
GSM4138127,35,14,Ambiguous/Mixed,ambiguous,0.9686115334344507,18,,,ambiguous
GSM4138127,35,15,Ambiguous/Mixed,ambiguous,0.9454578281040874,20,,,ambiguous
GSM4138127,35,16,Ambiguous/Mixed,ambiguous,0.8634810733850721,52,,,ambiguous
GSM4138127,35,18,Ambiguous/Mixed,ambiguous,0.9096116338687426,31,,,ambiguous
GSM4138127,35,2,Ambiguous/Mixed,ambiguous,0.8326670845499953,101,,,ambiguous
GSM4138127,35,3,Ambiguous/Mixed,ambiguous,0.9252565738884347,40,,,ambiguous
GSM4138127,35,4,Ambiguous/Mixed,ambiguous,0.9359741231355885,77,,,ambiguous
GSM4138127,35,5,Ambiguous/Mixed,ambiguous,0.884198071001223,57,,,ambiguous
GSM4138127,35,7,Ambiguous/Mixed,ambiguous,0.9714713549879962,22,,,ambiguous
GSM4138128,35,1,DC_pDC,specific,0.8819290414724644,494,0.9782659584116306,-0.09633691693916613,less_pure
GSM4138128,35,2,Ambiguous/Mixed,ambiguous,0.9140443186650742,163,,,ambiguous
GSM4138128,35,3,Ambiguous/Mixed,ambiguous,0.9299986711762649,163,,,ambiguous
GSM4138128,35,5,Ambiguous/Mixed,ambiguous,0.9856634943077951,37,,,ambiguous
GSM4138129,35,1,DC_pDC,specific,0.7824373722372475,144,0.9868286715955322,-0.2043912993582847,less_pure
GSM4138129,35,11,Ambiguous/Mixed,ambiguous,0.8925367431448687,32,,,ambiguous
GSM4138129,35,14,Ambiguous/Mixed,ambiguous,0.9440153464268335,20,,,ambiguous
GSM4138129,35,15,Ambiguous/Mixed,ambiguous,0.8854122702937545,33,,,ambiguous
GSM4138129,35,18,Ambiguous/Mixed,ambiguous,0.9525662897787788,16,,,ambiguous
GSM4138129,35,2,Ambiguous/Mixed,ambiguous,0.8338350616806917,72,,,ambiguous
GSM4138129,35,3,Ambiguous/Mixed,ambiguous,0.8325293148611455,88,,,ambiguous
GSM4138129,35,5,Ambiguous/Mixed,ambiguous,0.8976723783713328,35,,,ambiguous
GSM4138129,35,6,Ambiguous/Mixed,ambiguous,0.8847233627358686,34,,,ambiguous
GSM4138130,35,1,DC_pDC,specific,0.8998011709721365,494,0.9639490407838097,-0.0641478698116732,less_pure
GSM4138130,35,2,Ambiguous/Mixed,ambiguous,0.9296668279487044,242,,,ambiguous
GSM4138130,35,3,Ambiguous/Mixed,ambiguous,0.9312135127538663,150,,,ambiguous
GSM4138130,35,5,Ambiguous/Mixed,ambiguous,0.951627181989878,89,,,ambiguous
GSM4138131,35,1,DC_pDC,specific,0.7346416007934229,463,0.9179857890881354,-0.18334418829471255,less_pure
GSM4138131,35,11,Ambiguous/Mixed,ambiguous,0.8165224255200556,58,,,ambiguous
GSM4138131,35,12,Ambiguous/Mixed,ambiguous,0.8473842396958109,41,,,ambiguous
GSM4138131,35,15,Ambiguous/Mixed,ambiguous,0.8444349778350625,49,,,ambiguous
GSM4138131,35,16,Ambiguous/Mixed,ambiguous,0.7571494515069656,115,,,ambiguous
GSM4138131,35,18,Ambiguous/Mixed,ambiguous,0.8847218689409994,34,,,ambiguous
GSM4138131,35,2,Ambiguous/Mixed,ambiguous,0.752711443422105,154,,,ambiguous
GSM4138131,35,3,Ambiguous/Mixed,ambiguous,0.8152935816656055,78,,,ambiguous
GSM4138131,35,4,Ambiguous/Mixed,ambiguous,0.7977878061348849,101,,,ambiguous
GSM4138131,35,5,Ambiguous/Mixed,ambiguous,0.7810402693625745,110,,,ambiguous
GSM4138132,35,1,DC_pDC,specific,0.9267965381826706,434,,,no_baseline
GSM4138132,35,16,Ambiguous/Mixed,ambiguous,1.0,24,,,ambiguous
GSM4138132,35,2,Ambiguous/Mixed,ambiguous,0.9524268730004662,236,,,ambiguous
GSM4138132,35,3,Ambiguous/Mixed,ambiguous,0.957979726018532,198,,,ambiguous
GSM4138132,35,5,Ambiguous/Mixed,ambiguous,0.9725693410764613,177,,,ambiguous
GSM4138133,35,1,DC_pDC,specific,0.7973880729958316,146,0.9780104357713506,-0.18062236277551902,less_pure
GSM4138133,35,16,Ambiguous/Mixed,ambiguous,0.847503426289858,42,,,ambiguous
GSM4138133,35,2,Ambiguous/Mixed,ambiguous,0.7744165454516376,110,,,ambiguous
GSM4138133,35,3,Ambiguous/Mixed,ambiguous,0.858897641989862,47,,,ambiguous
GSM4138133,35,4,Ambiguous/Mixed,ambiguous,0.978686348906664,16,,,ambiguous
GSM4138133,35,5,Ambiguous/Mixed,ambiguous,0.8309651158435096,107,,,ambiguous
GSM4138133,35,6,Ambiguous/Mixed,ambiguous,0.903764826780126,19,,,ambiguous
GSM4138134,35,1,DC_pDC,specific,0.9310602503441671,850,0.9856991785152992,-0.05463892817113214,less_pure
GSM4138134,35,16,Ambiguous/Mixed,ambiguous,0.9846193469433316,28,,,ambiguous
GSM4138134,35,2,Ambiguous/Mixed,ambiguous,0.9425344681113262,506,,,ambiguous
GSM4138134,35,3,Ambiguous/Mixed,ambiguous,0.9423811463062053,376,,,ambiguous
GSM4138134,35,4,Ambiguous/Mixed,ambiguous,1.0,23,,,ambiguous
GSM4138134,35,5,Ambiguous/Mixed,ambiguous,0.9679898177363625,300,,,ambiguous
GSM4138134,35,7,Ambiguous/Mixed,ambiguous,0.9786068069064213,26,,,ambiguous
GSM4138134,35,8,Ambiguous/Mixed,ambiguous,0.9937330154775568,21,,,ambiguous
GSM4138135,35,1,DC_pDC,specific,0.7792384345493322,254,0.9787886250594097,-0.1995501905100775,less_pure
GSM4138135,35,11,Ambiguous/Mixed,ambiguous,0.7996827221539433,96,,,ambiguous
GSM4138135,35,12,Ambiguous/Mixed,ambiguous,0.8593457233369451,54,,,ambiguous
GSM4138135,35,13,Ambiguous/Mixed,ambiguous,1.0,21,,,ambiguous
GSM4138135,35,14,Ambiguous/Mixed,ambiguous,0.8436724971500447,44,,,ambiguous
GSM4138135,35,15,Ambiguous/Mixed,ambiguous,0.7429906925149901,206,,,ambiguous
GSM4138135,35,16,Ambiguous/Mixed,ambiguous,0.8433659549668903,42,,,ambiguous
GSM4138135,35,18,Ambiguous/Mixed,ambiguous,0.9538124643566162,16,,,ambiguous
GSM4138135,35,2,Ambiguous/Mixed,ambiguous,0.7654178290007795,200,,,ambiguous
GSM4138135,35,3,Ambiguous/Mixed,ambiguous,0.8516247595420454,94,,,ambiguous
GSM4138135,35,4,Ambiguous/Mixed,ambiguous,0.8141271457255843,192,,,ambiguous
GSM4138135,35,5,Ambiguous/Mixed,ambiguous,0.7952243634807318,239,,,ambiguous
GSM4138135,35,6,Ambiguous/Mixed,ambiguous,0.8321477617532376,59,,,ambiguous
GSM4138136,35,1,DC_pDC,specific,0.8981158765453607,501,,,no_baseline
GSM4138136,35,16,Ambiguous/Mixed,ambiguous,0.9901026121481553,28,,,ambiguous
GSM4138136,35,2,Ambiguous/Mixed,ambiguous,0.9442130473681772,272,,,ambiguous
GSM4138136,35,3,Ambiguous/Mixed,ambiguous,0.9297516558159371,173,,,ambiguous
GSM4138136,35,5,Ambiguous/Mixed,ambiguous,0.9676015942037395,103,,,ambiguous
GSM4138136,35,7,Ambiguous/Mixed,ambiguous,0.9909347101220493,17,,,ambiguous
GSM4138137,35,1,DC_pDC,specific,0.7850111115361004,230,,,no_baseline
GSM4138137,35,11,Ambiguous/Mixed,ambiguous,0.7915155918296539,125,,,ambiguous
GSM4138137,35,12,Ambiguous/Mixed,ambiguous,0.8851169975270885,48,,,ambiguous
GSM4138137,35,14,Ambiguous/Mixed,ambiguous,0.9332423205599732,22,,,ambiguous
GSM4138137,35,15,Ambiguous/Mixed,ambiguous,0.8855644247491514,57,,,ambiguous
GSM4138137,35,16,Ambiguous/Mixed,ambiguous,0.8399007898472296,96,,,ambiguous
GSM4138137,35,2,Ambiguous/Mixed,ambiguous,0.814570503840284,145,,,ambiguous
GSM4138137,35,3,Ambiguous/Mixed,ambiguous,0.8607903037663679,93,,,ambiguous
GSM4138137,35,4,Ambiguous/Mixed,ambiguous,0.8095127114878039,257,,,ambiguous
GSM4138137,35,5,Ambiguous/Mixed,ambiguous,0.7956205479081329,194,,,ambiguous
GSM4138137,35,6,Ambiguous/Mixed,ambiguous,0.897111657455303,32,,,ambiguous
GSM4138137,35,8,Ambiguous/Mixed,ambiguous,0.941913252497731,23,,,ambiguous
GSM4138138,35,1,DC_pDC,specific,0.8794553619664077,429,,,no_baseline
GSM4138138,35,2,Ambiguous/Mixed,ambiguous,0.9266485232333818,235,,,ambiguous
GSM4138138,35,3,Ambiguous/Mixed,ambiguous,0.9403673311190971,151,,,ambiguous
GSM4138138,35,5,Ambiguous/Mixed,ambiguous,0.9426095227557137,124,,,ambiguous
GSM4138139,35,1,DC_pDC,specific,0.7231388655980444,280,0.9506174967437965,-0.22747863114575206,less_pure
GSM4138139,35,11,Ambiguous/Mixed,ambiguous,0.821609884261837,93,,,ambiguous
GSM4138139,35,12,Ambiguous/Mixed,ambiguous,0.9098780712407325,29,,,ambiguous
GSM4138139,35,13,Ambiguous/Mixed,ambiguous,0.9464236706951378,38,,,ambiguous
GSM4138139,35,14,Ambiguous/Mixed,ambiguous,0.8811776061015468,25,,,ambiguous
GSM4138139,35,15,Ambiguous/Mixed,ambiguous,0.8227297849538737,93,,,ambiguous
GSM4138139,35,16,Ambiguous/Mixed,ambiguous,0.8543029448109646,50,,,ambiguous
GSM4138139,35,18,Ambiguous/Mixed,ambiguous,0.9232827473739723,27,,,ambiguous
GSM4138139,35,2,Ambiguous/Mixed,ambiguous,0.7445065010975622,164,,,ambiguous
GSM4138139,35,3,Ambiguous/Mixed,ambiguous,0.8595955779283696,68,,,ambiguous
GSM4138139,35,4,Ambiguous/Mixed,ambiguous,0.9409966997048904,19,,,ambiguous
GSM4138139,35,5,Ambiguous/Mixed,ambiguous,0.8330293778778748,84,,,ambiguous
GSM4138139,35,6,Ambiguous/Mixed,ambiguous,0.8091857873743632,67,,,ambiguous
GSM4138139,35,8,Ambiguous/Mixed,ambiguous,0.9173678425970508,20,,,ambiguous
GSM4138139,35,9,Mast,specific,0.8819663991594889,36,0.9658315628046693,-0.08386516364518037,less_pure
GSM4138140,35,1,DC_pDC,specific,0.901516730504453,566,,,no_baseline
GSM4138140,35,16,Ambiguous/Mixed,ambiguous,0.9914409597763819,16,,,ambiguous
GSM4138140,35,2,Ambiguous/Mixed,ambiguous,0.9405431664893986,266,,,ambiguous
GSM4138140,35,3,Ambiguous/Mixed,ambiguous,0.9487108794105088,222,,,ambiguous
GSM4138140,35,5,Ambiguous/Mixed,ambiguous,0.9471780098580246,97,,,ambiguous
GSM4138141,35,1,DC_pDC,specific,0.7588582498402807,426,0.9165508686482305,-0.15769261880794982,less_pure
GSM4138141,35,11,Ambiguous/Mixed,ambiguous,0.9560887988274038,20,,,ambiguous
GSM4138141,35,12,Ambiguous/Mixed,ambiguous,0.9275473313181822,25,,,ambiguous
GSM4138141,35,16,Ambiguous/Mixed,ambiguous,0.8589899901311345,38,,,ambiguous
GSM4138141,35,18,Ambiguous/Mixed,ambiguous,0.8533351164223473,47,,,ambiguous
GSM4138141,35,2,Ambiguous/Mixed,ambiguous,0.7540056468770107,170,,,ambiguous
GSM4138141,35,3,Ambiguous/Mixed,ambiguous,0.8046615720806229,125,,,ambiguous
GSM4138141,35,4,Ambiguous/Mixed,ambiguous,0.8636115176945317,53,,,ambiguous
GSM4138141,35,5,Ambiguous/Mixed,ambiguous,0.814402368098804,96,,,ambiguous
GSM4138142,35,1,DC_pDC,specific,0.9079841257732325,556,,,no_baseline
GSM4138142,35,16,Ambiguous/Mixed,ambiguous,0.9808788362622012,26,,,ambiguous
GSM4138142,35,2,Ambiguous/Mixed,ambiguous,0.9364636988913144,304,,,ambiguous
GSM4138142,35,3,Ambiguous/Mixed,ambiguous,0.9222108583655565,228,,,ambiguous
GSM4138142,35,5,Ambiguous/Mixed,ambiguous,0.9662551687551045,98,,,ambiguous
GSM4138142,35,7,Ambiguous/Mixed,ambiguous,0.9924887286615675,15,,,ambiguous
GSM4138143,35,1,DC_pDC,specific,0.7434510365104079,258,0.9295762244202338,-0.1861251879098259,less_pure
GSM4138143,35,13,Ambiguous/Mixed,ambiguous,0.9658127665384177,27,,,ambiguous
GSM4138143,35,18,Ambiguous/Mixed,ambiguous,0.9299910381101949,23,,,ambiguous
GSM4138143,35,2,Ambiguous/Mixed,ambiguous,0.7572889171423636,108,,,ambiguous
GSM4138143,35,3,Ambiguous/Mixed,ambiguous,0.82085006965263,57,,,ambiguous
GSM4138143,35,5,Ambiguous/Mixed,ambiguous,0.789439503032598,59,,,ambiguous
GSM4138144,35,1,DC_pDC,specific,0.8500506396613583,270,,,no_baseline
GSM4138144,35,2,Ambiguous/Mixed,ambiguous,0.9215531242806771,106,,,ambiguous
GSM4138144,35,3,Ambiguous/Mixed,ambiguous,0.9174668691135659,77,,,ambiguous
GSM4138144,35,5,Ambiguous/Mixed,ambiguous,0.9875327710895444,18,,,ambiguous
GSM4138145,35,1,DC_pDC,specific,0.7722494907686133,346,0.9472622152517468,-0.17501272448313354,less_pure
GSM4138145,35,12,Ambiguous/Mixed,ambiguous,0.8539311079219735,35,,,ambiguous
GSM4138145,35,15,Ambiguous/Mixed,ambiguous,0.8806971216267881,79,,,ambiguous
GSM4138145,35,16,Ambiguous/Mixed,ambiguous,0.9720795350344638,25,,,ambiguous
GSM4138145,35,18,Ambiguous/Mixed,ambiguous,0.8222778528818594,77,,,ambiguous
GSM4138145,35,2,Ambiguous/Mixed,ambiguous,0.8203813810928526,128,,,ambiguous
GSM4138145,35,3,Ambiguous/Mixed,ambiguous,0.8591411214157392,84,,,ambiguous
GSM4138145,35,4,Ambiguous/Mixed,ambiguous,0.9760440828931702,19,,,ambiguous
GSM4138145,35,5,Ambiguous/Mixed,ambiguous,0.8562543629113094,39,,,ambiguous
GSM4138146,35,1,DC_pDC,specific,0.8846989372762676,416,,,no_baseline
GSM4138146,35,2,Ambiguous/Mixed,ambiguous,0.9141896002573063,178,,,ambiguous
GSM4138146,35,3,Ambiguous/Mixed,ambiguous,0.9369466181738505,113,,,ambiguous
GSM4138146,35,5,Ambiguous/Mixed,ambiguous,0.9548715182575206,46,,,ambiguous
GSM4138147,35,1,DC_pDC,specific,0.8587730156065294,46,0.935324749011505,-0.07655173340497556,less_pure
GSM4138148,35,1,DC_pDC,specific,0.8491959900379448,163,,,no_baseline
GSM4138148,35,2,Ambiguous/Mixed,ambiguous,0.9604303390554336,59,,,ambiguous
GSM4138148,35,3,Ambiguous/Mixed,ambiguous,0.9530344359641011,60,,,ambiguous
GSM4138148,35,5,Ambiguous/Mixed,ambiguous,0.97618154903142,21,,,ambiguous
GSM4138150,35,1,DC_pDC,specific,0.8966877270258061,173,,,no_baseline
GSM4138150,35,2,Ambiguous/Mixed,ambiguous,0.9623739851291196,55,,,ambiguous
GSM4138150,35,3,Ambiguous/Mixed,ambiguous,0.9662144456951823,61,,,ambiguous
GSM4138151,35,1,DC_pDC,specific,0.9719272833769027,27,0.9806392337550041,-0.008711950378101352,tie
GSM4138152,35,1,DC_pDC,specific,0.8462689284698017,443,0.992154406195808,-0.14588547772600624,less_pure
GSM4138152,35,2,Ambiguous/Mixed,ambiguous,0.920549306299637,163,,,ambiguous
GSM4138152,35,3,Ambiguous/Mixed,ambiguous,0.9016267482097052,200,,,ambiguous
GSM4138152,35,5,Ambiguous/Mixed,ambiguous,0.990024544961298,20,,,ambiguous
GSM4138153,35,1,DC_pDC,specific,0.820837346721019,45,,,no_baseline
GSM4138153,35,3,Ambiguous/Mixed,ambiguous,0.8551530478746916,25,,,ambiguous
GSM4138154,35,1,DC_pDC,specific,0.814812695590035,329,,,no_baseline
GSM4138154,35,2,Ambiguous/Mixed,ambiguous,0.9061091182600824,162,,,ambiguous
GSM4138154,35,3,Ambiguous/Mixed,ambiguous,0.9316489028372099,92,,,ambiguous
GSM4138154,35,5,Ambiguous/Mixed,ambiguous,0.9880270734371515,27,,,ambiguous
GSM4138155,35,1,DC_pDC,specific,0.6695543343544528,362,0.9062361607604512,-0.23668182640599844,less_pure
GSM4138155,35,11,Ambiguous/Mixed,ambiguous,0.7079663975064513,157,,,ambiguous
GSM4138155,35,13,Ambiguous/Mixed,ambiguous,0.9038121272596656,18,,,ambiguous
GSM4138155,35,15,Ambiguous/Mixed,ambiguous,0.7557981712575517,76,,,ambiguous
GSM4138155,35,16,Ambiguous/Mixed,ambiguous,0.895625606767821,19,,,ambiguous
GSM4138155,35,18,Ambiguous/Mixed,ambiguous,0.8191147132879163,88,,,ambiguous
GSM4138155,35,2,Ambiguous/Mixed,ambiguous,0.6925751494585192,162,,,ambiguous
GSM4138155,35,3,Ambiguous/Mixed,ambiguous,0.7692188207767975,89,,,ambiguous
GSM4138155,35,4,Ambiguous/Mixed,ambiguous,0.8843953533968609,38,,,ambiguous
GSM4138155,35,5,Ambiguous/Mixed,ambiguous,0.7508792163537226,62,,,ambiguous
GSM4138155,35,6,Ambiguous/Mixed,ambiguous,0.7938581587008483,86,,,ambiguous
GSM4138156,35,1,DC_pDC,specific,0.8784896415868686,698,0.9539837451128743,-0.07549410352600572,less_pure
GSM4138156,35,16,Ambiguous/Mixed,ambiguous,0.9850285860560442,18,,,ambiguous
GSM4138156,35,2,Ambiguous/Mixed,ambiguous,0.923172310169718,362,,,ambiguous
GSM4138156,35,3,Ambiguous/Mixed,ambiguous,0.9222222281921613,246,,,ambiguous
GSM4138156,35,5,Ambiguous/Mixed,ambiguous,0.9163129034747334,214,,,ambiguous
GSM4138157,35,1,DC_pDC,specific,0.8196552136874267,78,0.9771060119735836,-0.15745079828615693,less_pure
GSM4138157,35,11,Ambiguous/Mixed,ambiguous,0.9551822240230106,17,,,ambiguous
GSM4138157,35,2,Ambiguous/Mixed,ambiguous,0.9242963334300605,25,,,ambiguous
GSM4138157,35,3,Ambiguous/Mixed,ambiguous,0.9571392682812185,25,,,ambiguous
GSM4138157,35,4,Ambiguous/Mixed,ambiguous,0.9630232604034383,33,,,ambiguous
GSM4138157,35,5,Ambiguous/Mixed,ambiguous,0.8721406895112084,35,,,ambiguous
GSM4138158,35,1,DC_pDC,specific,0.8866471413552101,224,,,no_baseline
GSM4138158,35,2,Ambiguous/Mixed,ambiguous,0.9611253987463064,123,,,ambiguous
GSM4138158,35,3,Ambiguous/Mixed,ambiguous,0.9817226382111052,85,,,ambiguous
GSM4138158,35,5,Ambiguous/Mixed,ambiguous,0.9647781204057548,42,,,ambiguous
GSM4138159,35,1,DC_pDC,specific,0.7858013900987928,68,,,no_baseline
GSM4138159,35,11,Ambiguous/Mixed,ambiguous,0.9655725716280692,16,,,ambiguous
GSM4138159,35,2,Ambiguous/Mixed,ambiguous,0.897127329199433,37,,,ambiguous
GSM4138159,35,3,Ambiguous/Mixed,ambiguous,0.9526367737112447,18,,,ambiguous
GSM4138159,35,5,Ambiguous/Mixed,ambiguous,0.8899499746019883,37,,,ambiguous
GSM4138160,35,1,DC_pDC,specific,0.8520010605754634,447,0.980833886723325,-0.12883282614786162,less_pure
GSM4138160,35,16,Ambiguous/Mixed,ambiguous,0.9852599815283708,19,,,ambiguous
GSM4138160,35,2,Ambiguous/Mixed,ambiguous,0.9503448705098115,181,,,ambiguous
GSM4138160,35,3,Ambiguous/Mixed,ambiguous,0.9432887287508276,101,,,ambiguous
GSM4138160,35,5,Ambiguous/Mixed,ambiguous,0.9545324900064924,53,,,ambiguous
GSM4138160,35,7,Ambiguous/Mixed,ambiguous,0.9923853655363551,15,,,ambiguous
GSM4138161,35,1,DC_pDC,specific,0.7533308944031714,255,0.8488491714550629,-0.09551827705189153,less_pure
GSM4138161,35,11,Ambiguous/Mixed,ambiguous,0.8884022682588885,34,,,ambiguous
GSM4138161,35,15,Ambiguous/Mixed,ambiguous,0.852852972070656,48,,,ambiguous
GSM4138161,35,16,Ambiguous/Mixed,ambiguous,0.911867160227514,16,,,ambiguous
GSM4138161,35,18,Ambiguous/Mixed,ambiguous,0.8263134996823118,79,,,ambiguous
GSM4138161,35,2,Ambiguous/Mixed,ambiguous,0.7737623365035666,107,,,ambiguous
GSM4138161,35,3,Ambiguous/Mixed,ambiguous,0.8535203573687512,32,,,ambiguous
GSM4138161,35,4,Ambiguous/Mixed,ambiguous,0.8798657403912606,45,,,ambiguous
GSM4138161,35,5,Ambiguous/Mixed,ambiguous,0.8895096324067182,33,,,ambiguous
GSM4138162,35,1,DC_pDC,specific,0.8822912008204636,453,0.9897606953288196,-0.10746949450835597,less_pure
GSM4138162,35,2,Ambiguous/Mixed,ambiguous,0.9476778779451971,184,,,ambiguous
GSM4138162,35,3,Ambiguous/Mixed,ambiguous,0.9368749462585355,172,,,ambiguous
GSM4138162,35,5,Ambiguous/Mixed,ambiguous,0.9737564988063958,37,,,ambiguous
GSM4138163,35,1,DC_pDC,specific,0.8989962529063112,409,0.9858316108356697,-0.08683535792935848,less_pure
GSM4138163,35,2,Ambiguous/Mixed,ambiguous,0.9373394452780016,185,,,ambiguous
GSM4138163,35,3,Ambiguous/Mixed,ambiguous,0.9486681290152104,168,,,ambiguous
GSM4138163,35,5,Ambiguous/Mixed,ambiguous,0.9903544942565833,18,,,ambiguous
GSM4138164,35,1,DC_pDC,specific,0.8327904044315386,138,,,no_baseline
GSM4138164,35,2,Ambiguous/Mixed,ambiguous,0.9492789041790237,54,,,ambiguous
GSM4138164,35,3,Ambiguous/Mixed,ambiguous,0.9238441500544597,41,,,ambiguous
GSM4138164,35,5,Ambiguous/Mixed,ambiguous,1.0,19,,,ambiguous
GSM4138165,35,1,DC_pDC,specific,0.8897094348714258,358,,,no_baseline
GSM4138165,35,2,Ambiguous/Mixed,ambiguous,0.9357715880875845,178,,,ambiguous
GSM4138165,35,3,Ambiguous/Mixed,ambiguous,0.9390655773716526,126,,,ambiguous
GSM4138165,35,5,Ambiguous/Mixed,ambiguous,0.9450980274770601,69,,,ambiguous
GSM4138166,35,1,DC_pDC,specific,0.8901021387794129,400,,,no_baseline
GSM4138166,35,16,Ambiguous/Mixed,ambiguous,0.971387651385028,16,,,ambiguous
GSM4138166,35,2,Ambiguous/Mixed,ambiguous,0.9184252598072854,150,,,ambiguous
GSM4138166,35,3,Ambiguous/Mixed,ambiguous,0.9305602612545949,130,,,ambiguous
GSM4138166,35,5,Ambiguous/Mixed,ambiguous,0.9754226200349148,45,,,ambiguous
GSM4138167,35,1,DC_pDC,specific,0.8874717914450465,279,,,no_baseline
GSM4138167,35,2,Ambiguous/Mixed,ambiguous,0.9311477510117471,137,,,ambiguous
GSM4138167,35,3,Ambiguous/Mixed,ambiguous,0.9551268530621408,116,,,ambiguous
GSM4138167,35,5,Ambiguous/Mixed,ambiguous,0.9823477756940958,55,,,ambiguous
GSM4138168,35,1,DC_pDC,specific,0.9505465548798788,27,0.9457890908623999,0.004757464017478896,tie
GSM4138169,35,1,DC_pDC,specific,0.9830644954951915,17,,,no_baseline
GSM4138170,35,1,DC_pDC,specific,1.0,15,,,no_baseline
GSM4138171,35,1,DC_pDC,specific,0.9853860403770444,15,,,no_baseline
GSM4138172,35,1,DC_pDC,specific,0.9422612454848202,25,,,no_baseline
