sample,K,gep,label,label_kind,whole_gep_ROGUE,whole_gep_n_cells,matched_n_cells,matched_frac,matched_ROGUE,contamination_delta
GSM4138111,5,5,Mast,specific,0.8772200899755831,30,29,0.9666666666666667,0.9059125026497903,0.02869241267420719
GSM4138117,5,5,Mast,specific,0.9848958966969695,15,15,1.0,0.9848958966969695,0.0
GSM4138131,5,5,Mast,specific,0.9564196483172959,19,18,0.9473684210526315,0.9764376533440459,0.020018005026749996
GSM4138135,5,5,Mast,specific,1.0,21,21,1.0,1.0,0.0
GSM4138139,5,5,Mast,specific,0.9658315628046693,60,60,1.0,0.9658315628046693,0.0
GSM4138143,5,5,Mast,specific,0.9748135904112316,31,31,1.0,0.9748135904112316,0.0
GSM4138155,5,5,Mast,specific,0.9252378509283148,20,19,0.95,0.9381206978557273,0.012882846927412483
GSM4138110,6,5,DC_pDC,specific,0.9555193703185515,21,21,1.0,0.9555193703185515,0.0
GSM4138111,6,2,DC_family,family,0.6866452237557851,174,95,0.5459770114942529,0.7024667203007491,0.01582149654496401
GSM4138111,6,3,Macrophage_family,family,0.8822188134263073,29,29,1.0,0.8822188134263073,0.0
GSM4138111,6,5,DC_pDC,specific,0.8982633472756885,67,66,0.9850746268656716,0.8967290871409748,-0.0015342601347136942
GSM4138111,6,6,Mast,specific,0.8772200899755831,30,29,0.9666666666666667,0.9059125026497903,0.02869241267420719
GSM4138112,6,5,DC_pDC,specific,0.9670409840078681,25,25,1.0,0.9670409840078681,0.0
GSM4138113,6,2,DC_family,family,0.7731988613783498,47,34,0.723404255319149,0.7753461011888335,0.002147239810483703
GSM4138113,6,3,Macrophage_family,family,0.9396865002881398,16,14,0.875,,
GSM4138113,6,5,DC_pDC,specific,0.9211167331049517,36,36,1.0,0.9211167331049517,0.0
GSM4138115,6,2,DC_family,family,0.7621815905364416,112,98,0.875,0.780201966427463,0.018020375891021345
GSM4138115,6,3,Macrophage_family,family,0.9573535860333173,18,15,0.8333333333333334,1.0,0.04264641396668267
GSM4138115,6,5,DC_pDC,specific,0.9816087420119992,19,19,1.0,0.9816087420119992,0.0
GSM4138117,6,2,DC_family,family,0.7592294284489977,94,33,0.35106382978723405,0.9305861699494005,0.1713567415004028
GSM4138117,6,3,Macrophage_family,family,0.7969532707401487,105,102,0.9714285714285714,0.7714086800670047,-0.025544590673143963
GSM4138117,6,6,Mast,specific,0.9848958966969695,15,15,1.0,0.9848958966969695,0.0
GSM4138119,6,2,DC_family,family,0.7901940613705924,36,21,0.5833333333333334,0.93118174893201,0.14098768756141755
GSM4138119,6,3,Macrophage_family,family,0.8342729933782775,30,28,0.9333333333333333,0.843791087786538,0.009518094408260458
GSM4138121,6,2,DC_family,family,0.7731662141523226,46,32,0.6956521739130435,0.85151969778944,0.07835348363711747
GSM4138121,6,3,Macrophage_family,family,0.9398356236893127,26,23,0.8846153846153846,0.8880229820616943,-0.05181264162761845
GSM4138121,6,5,DC_pDC,specific,0.9750438656944226,16,12,0.75,,
GSM4138122,6,5,DC_pDC,specific,0.9782659584116306,20,20,1.0,0.9782659584116306,0.0
GSM4138123,6,2,DC_family,family,0.6547443448310659,187,67,0.3582887700534759,0.7694321137860433,0.11468776895497734
GSM4138123,6,3,Macrophage_family,family,0.7334973273901304,449,443,0.9866369710467706,0.7370027619593459,0.003505434569215482
GSM4138123,6,5,DC_pDC,specific,0.9416198516182993,49,48,0.9795918367346939,0.9508575041839805,0.00923765256568121
GSM4138125,6,2,DC_family,family,0.8882127090667542,37,21,0.5675675675675675,0.9529715494314145,0.06475884036466029
GSM4138125,6,3,Macrophage_family,family,0.7575366658717195,378,374,0.9894179894179894,0.7572294900871795,-0.0003071757845399814
GSM4138127,6,2,DC_family,family,0.7662404975725251,149,46,0.3087248322147651,0.9095627972382033,0.14332229966567822
GSM4138127,6,3,Macrophage_family,family,0.8587715572584007,58,48,0.8275862068965517,0.9175572694450892,0.05878571218668849
GSM4138127,6,5,DC_pDC,specific,0.921039121510737,32,30,0.9375,0.9441912994803779,0.023152177969640975
GSM4138128,6,5,DC_pDC,specific,0.9782659584116306,20,20,1.0,0.9782659584116306,0.0
GSM4138129,6,2,DC_family,family,0.8040504036019214,51,33,0.6470588235294118,0.8680434764463345,0.06399307284441313
GSM4138129,6,3,Macrophage_family,family,0.8126191821157269,94,89,0.9468085106382979,0.8115878619038529,-0.0010313202118740206
GSM4138129,6,5,DC_pDC,specific,0.9868286715955322,25,25,1.0,0.9868286715955322,0.0
GSM4138130,6,5,DC_pDC,specific,0.9645785270275617,18,18,1.0,0.9645785270275617,0.0
GSM4138131,6,2,DC_family,family,0.7135785225217521,353,161,0.45609065155807366,0.7536865945444218,0.04010807202266964
GSM4138131,6,3,Macrophage_family,family,0.7673984748272938,164,105,0.6402439024390244,0.8090199380708039,0.041621463243510015
GSM4138131,6,5,DC_pDC,specific,0.9181206911501923,109,105,0.963302752293578,0.9270175062589495,0.008896815108757172
GSM4138131,6,6,Mast,specific,0.9564196483172959,19,18,0.9473684210526315,0.9764376533440459,0.020018005026749996
GSM4138133,6,2,DC_family,family,0.7235344484294698,169,104,0.6153846153846154,0.7911169848121522,0.06758253638268241
GSM4138133,6,3,Macrophage_family,family,0.8060111414959503,104,96,0.9230769230769231,0.8113286682158956,0.005317526719945231
GSM4138133,6,5,DC_pDC,specific,0.9840886463775538,22,21,0.9545454545454546,0.9780104357713506,-0.0060782106062031716
GSM4138134,6,5,DC_pDC,specific,0.9856991785152992,15,15,1.0,0.9856991785152992,0.0
GSM4138135,6,2,DC_family,family,0.7925710304136416,125,53,0.424,0.8402181477869077,0.0476471173732661
GSM4138135,6,3,Macrophage_family,family,0.745882460745696,415,407,0.980722891566265,0.7529607207659776,0.007078260020281668
GSM4138135,6,5,DC_pDC,specific,0.9592348250153161,19,17,0.8947368421052632,0.9787886250594097,0.019553800044093572
GSM4138135,6,6,Mast,specific,1.0,21,21,1.0,1.0,0.0
GSM4138137,6,2,DC_family,family,0.7782571990689284,140,41,0.29285714285714287,0.8359878487941712,0.05773064972524278
GSM4138137,6,3,Macrophage_family,family,0.7807791998369301,375,372,0.992,0.7794232498481075,-0.0013559499888226023
GSM4138139,6,2,DC_family,family,0.7708313802045271,125,75,0.6,0.8663849859593562,0.09555360575482907
GSM4138139,6,3,Macrophage_family,family,0.7344528698096282,210,201,0.9571428571428572,0.7436988429294267,0.009245973119798467
GSM4138139,6,5,DC_pDC,specific,0.9506174967437965,22,22,1.0,0.9506174967437965,0.0
GSM4138139,6,6,Mast,specific,0.9658315628046693,60,60,1.0,0.9658315628046693,0.0
GSM4138141,6,2,DC_family,family,0.7464891172365851,203,146,0.7192118226600985,0.7609396378865364,0.014450520649951337
GSM4138141,6,3,Macrophage_family,family,0.8654375495508938,78,63,0.8076923076923077,0.8786122653069374,0.013174715756043565
GSM4138141,6,5,DC_pDC,specific,0.9158404233747901,74,72,0.972972972972973,0.9165508686482305,0.000710445273440441
GSM4138143,6,2,DC_family,family,0.778399441602325,160,135,0.84375,0.8043709260367707,0.025971484434445746
GSM4138143,6,3,Macrophage_family,family,0.8562287520519617,46,45,0.9782608695652174,0.871555350706938,0.01532659865497632
GSM4138143,6,5,DC_pDC,specific,0.9316124284876989,47,46,0.9787234042553191,0.9295762244202338,-0.002036204067465075
GSM4138143,6,6,Mast,specific,0.9748135904112316,31,31,1.0,0.9748135904112316,0.0
GSM4138144,6,2,DC_family,family,0.9809779392479938,18,17,0.9444444444444444,0.9822614530266605,0.001283513778666645
GSM4138145,6,2,DC_family,family,0.7385075424267595,198,185,0.9343434343434344,0.743693243545551,0.005185701118791464
GSM4138145,6,3,Macrophage_family,family,0.9439699526748437,23,23,1.0,0.9439699526748437,0.0
GSM4138145,6,5,DC_pDC,specific,0.945258029964264,45,45,1.0,0.945258029964264,0.0
GSM4138147,6,2,DC_family,family,0.9616064699533186,16,13,0.8125,,
GSM4138147,6,5,DC_pDC,specific,0.935324749011505,31,31,1.0,0.935324749011505,0.0
GSM4138149,6,2,DC_family,family,0.9112130437435122,18,12,0.6666666666666666,,
GSM4138151,6,5,DC_pDC,specific,0.9891966018729946,16,15,0.9375,0.9806392337550041,-0.008557368117990571
GSM4138153,6,2,DC_family,family,0.8306667636492662,36,23,0.6388888888888888,0.9378503541294222,0.10718359048015602
GSM4138155,6,2,DC_family,family,0.7000460308834227,220,175,0.7954545454545454,0.6987965675746914,-0.0012494633087312135
GSM4138155,6,3,Macrophage_family,family,0.7060218460319105,143,128,0.8951048951048951,0.7153865881937314,0.009364742161820816
GSM4138155,6,5,DC_pDC,specific,0.9045513096631285,51,50,0.9803921568627451,0.9062361607604512,0.0016848510973227482
GSM4138155,6,6,Mast,specific,0.9252378509283148,20,19,0.95,0.9381206978557273,0.012882846927412483
GSM4138156,6,5,DC_pDC,specific,0.9539837451128743,15,15,1.0,0.9539837451128743,0.0
GSM4138157,6,2,DC_family,family,0.806625429973166,74,49,0.6621621621621622,0.8691521890380265,0.0625267590648605
GSM4138157,6,3,Macrophage_family,family,0.9232362554646655,35,30,0.8571428571428571,0.9501411465137584,0.026904891049092883
GSM4138157,6,5,DC_pDC,specific,0.9480389776479722,17,16,0.9411764705882353,0.978093154163344,0.03005417651537179
GSM4138159,6,2,DC_family,family,0.7329414292466949,58,46,0.7931034482758621,0.7668349065675883,0.03389347732089343
GSM4138159,6,3,Macrophage_family,family,0.9526233584467999,30,27,0.9,0.970078961827748,0.017455603380948093
GSM4138160,6,5,DC_pDC,specific,0.980833886723325,23,23,1.0,0.980833886723325,0.0
GSM4138161,6,2,DC_family,family,0.6835683310239489,157,110,0.7006369426751592,0.7083308440778096,0.02476251305386068
GSM4138161,6,3,Macrophage_family,family,0.913391146992583,24,22,0.9166666666666666,0.9093247426432832,-0.004066404349299724
GSM4138161,6,5,DC_pDC,specific,0.8675121114099724,110,107,0.9727272727272728,0.8583215645301789,-0.009190546879793482
GSM4138162,6,2,DC_family,family,0.9902710833327145,16,15,0.9375,0.9899031504877029,-0.00036793284501157597
GSM4138162,6,5,DC_pDC,specific,0.9897606953288196,17,17,1.0,0.9897606953288196,0.0
GSM4138163,6,5,DC_pDC,specific,0.9941087355013785,16,16,1.0,0.9941087355013785,0.0
GSM4138168,6,5,DC_pDC,specific,0.9457890908623999,20,20,1.0,0.9457890908623999,0.0
GSM4138169,6,2,DC_family,family,0.9863717519788898,15,14,0.9333333333333333,,
GSM4138170,6,2,DC_family,family,0.9550517717157567,17,16,0.9411764705882353,0.967132556190899,0.01208078447514227
GSM4138171,6,2,DC_family,family,0.9742658317755947,23,20,0.8695652173913043,0.9741756839449897,-9.014783060501408e-05
GSM4138172,6,2,DC_family,family,0.9751510210975685,17,17,1.0,0.9751510210975685,0.0
GSM4138110,7,1,Mono_CD14_ID1,specific,0.9112355875424483,628,12,0.01910828025477707,,
GSM4138110,7,6,DC_pDC,specific,0.9555193703185515,21,21,1.0,0.9555193703185515,0.0
GSM4138111,7,1,Mono_CD14_ID1,specific,0.7746940640719809,149,4,0.026845637583892617,,
GSM4138111,7,2,DC_family,family,0.8014319929644905,89,63,0.7078651685393258,0.8140873545117387,0.012655361547248223
GSM4138111,7,3,Macrophage_family,family,0.8972460411737626,28,28,1.0,0.8972460411737626,0.0
GSM4138111,7,6,DC_pDC,specific,0.8965629129225732,68,66,0.9705882352941176,0.8967290871409748,0.00016617421840159352
GSM4138111,7,7,Mast,specific,0.8772200899755831,30,29,0.9666666666666667,0.9059125026497903,0.02869241267420719
GSM4138112,7,1,Mono_CD14_ID1,specific,0.8974190082299656,353,0,0.0,,
GSM4138112,7,6,DC_pDC,specific,0.9670409840078681,25,25,1.0,0.9670409840078681,0.0
GSM4138113,7,1,Mono_CD14_ID1,specific,0.8234407479903397,97,0,0.0,,
GSM4138113,7,2,DC_family,family,0.8520799652448467,30,29,0.9666666666666667,0.8505652693517062,-0.0015146958931405718
GSM4138113,7,6,DC_pDC,specific,0.8467529855706365,37,36,0.972972972972973,0.9211167331049517,0.07436374753431518
GSM4138114,7,1,Mono_CD14_ID1,specific,0.8899277182970458,350,2,0.005714285714285714,,
GSM4138114,7,2,DC_family,family,0.9827840413772583,15,15,1.0,0.9827840413772583,0.0
GSM4138115,7,1,Mono_CD14_ID1,specific,0.9494971810652097,43,1,0.023255813953488372,,
GSM4138115,7,2,DC_family,family,0.8298242832428965,90,77,0.8555555555555555,0.8340249663792333,0.0042006831363368136
GSM4138115,7,3,Macrophage_family,family,0.9849806165371603,15,13,0.8666666666666667,,
GSM4138115,7,6,DC_pDC,specific,0.9816087420119992,19,19,1.0,0.9816087420119992,0.0
GSM4138116,7,1,Mono_CD14_ID1,specific,0.9303430193458323,701,0,0.0,,
GSM4138117,7,1,Mono_CD14_ID1,specific,0.7585367369494338,193,1,0.0051813471502590676,,
GSM4138117,7,2,DC_family,family,0.9711117796460589,31,27,0.8709677419354839,0.9524388349830575,-0.0186729446630014
GSM4138117,7,3,Macrophage_family,family,0.7681776086904579,105,104,0.9904761904761905,0.7921590024184458,0.02398139372798791
GSM4138117,7,6,DC_pDC,specific,0.9528621852287787,15,13,0.8666666666666667,,
GSM4138117,7,7,Mast,specific,0.9848958966969695,15,15,1.0,0.9848958966969695,0.0
GSM4138118,7,1,Mono_CD14_ID1,specific,0.9022237135692892,288,170,0.5902777777777778,0.9335570118094065,0.031333298240117324
GSM4138119,7,1,Mono_CD14_ID1,specific,0.8090909281101569,55,0,0.0,,
GSM4138119,7,2,DC_family,family,0.7829044411693626,34,20,0.5882352941176471,0.9305850542102286,0.147680613040866
GSM4138119,7,3,Macrophage_family,family,0.835151192656767,26,25,0.9615384615384616,0.8430162129777163,0.007865020320949379
GSM4138120,7,1,Mono_CD14_ID1,specific,0.8674861757291178,598,464,0.7759197324414716,0.9143636094168758,0.046877433687757986
GSM4138120,7,2,DC_family,family,0.969012675180625,21,21,1.0,0.969012675180625,0.0
GSM4138121,7,1,Mono_CD14_ID1,specific,0.8914711002505342,54,6,0.1111111111111111,,
GSM4138121,7,2,DC_family,family,0.8670405667054802,27,20,0.7407407407407407,0.9363781051671234,0.06933753846164314
GSM4138121,7,3,Macrophage_family,family,0.9136130826054358,24,20,0.8333333333333334,0.9190237586326658,0.005410676027229999
GSM4138121,7,6,DC_pDC,specific,0.975345479450801,16,12,0.75,,
GSM4138122,7,1,Mono_CD14_ID1,specific,0.8858123633540804,541,0,0.0,,
GSM4138122,7,2,DC_family,family,0.9935818637411507,18,18,1.0,0.9935818637411507,0.0
GSM4138122,7,6,DC_pDC,specific,0.9782659584116306,20,20,1.0,0.9782659584116306,0.0
GSM4138123,7,1,Mono_CD14_ID1,specific,0.9267711320312457,47,0,0.0,,
GSM4138123,7,2,DC_family,family,0.738525496227873,54,38,0.7037037037037037,0.8170163724635263,0.07849087623565332
GSM4138123,7,3,Macrophage_family,family,0.733915351246978,455,451,0.9912087912087912,0.7401099853536277,0.006194634106649666
GSM4138123,7,6,DC_pDC,specific,0.9416198516182993,49,48,0.9795918367346939,0.9508575041839805,0.00923765256568121
GSM4138124,7,1,Mono_CD14_ID1,specific,0.9237456780946116,339,0,0.0,,
GSM4138125,7,1,Mono_CD14_ID1,specific,0.7841103815934863,197,2,0.01015228426395939,,
GSM4138125,7,2,DC_family,family,0.8603278067659906,38,17,0.4473684210526316,0.969404570066663,0.1090767633006724
GSM4138125,7,3,Macrophage_family,family,0.7548342315742447,372,370,0.9946236559139785,0.755295326100601,0.0004610945263563426
GSM4138126,7,1,Mono_CD14_ID1,specific,0.9529039457285877,758,9,0.011873350923482849,,
GSM4138127,7,1,Mono_CD14_ID1,specific,0.8562221281717252,185,14,0.07567567567567568,,
GSM4138127,7,2,DC_family,family,0.967595453769263,22,19,0.8636363636363636,0.9879764116209981,0.020380957851735104
GSM4138127,7,3,Macrophage_family,family,0.8556483127362167,61,50,0.819672131147541,0.9051731734363302,0.04952486070011353
GSM4138127,7,6,DC_pDC,specific,0.9217204179375714,33,30,0.9090909090909091,0.9441912994803779,0.02247088154280652
GSM4138128,7,1,Mono_CD14_ID1,specific,0.8858123633540804,541,0,0.0,,
GSM4138128,7,2,DC_family,family,0.9935818637411507,18,18,1.0,0.9935818637411507,0.0
GSM4138128,7,6,DC_pDC,specific,0.9782659584116306,20,20,1.0,0.9782659584116306,0.0
GSM4138129,7,1,Mono_CD14_ID1,specific,0.8362392677117908,121,5,0.04132231404958678,,
GSM4138129,7,2,DC_family,family,0.8991171740410553,33,21,0.6363636363636364,0.9774968871811778,0.07837971314012249
GSM4138129,7,3,Macrophage_family,family,0.8163135898993938,93,90,0.967741935483871,0.8165811524616682,0.00026756256227433717
GSM4138129,7,6,DC_pDC,specific,0.9868286715955322,25,25,1.0,0.9868286715955322,0.0
GSM4138130,7,1,Mono_CD14_ID1,specific,0.9243480600383656,586,1,0.0017064846416382253,,
GSM4138130,7,6,DC_pDC,specific,0.9645785270275617,18,18,1.0,0.9645785270275617,0.0
GSM4138131,7,1,Mono_CD14_ID1,specific,0.8500207143373106,197,3,0.015228426395939087,,
GSM4138131,7,2,DC_family,family,0.8320376070098416,89,60,0.6741573033707865,0.8229052479084276,-0.009132359101414078
GSM4138131,7,3,Macrophage_family,family,0.7770523462928637,178,106,0.5955056179775281,0.7992330911209351,0.02218074482807142
GSM4138131,7,6,DC_pDC,specific,0.904860956633087,111,106,0.954954954954955,0.9185940501920142,0.013733093558927267
GSM4138131,7,7,Mast,specific,0.9564196483172959,19,18,0.9473684210526315,0.9764376533440459,0.020018005026749996
GSM4138132,7,1,Mono_CD14_ID1,specific,0.93497175799228,644,1,0.0015527950310559005,,
GSM4138133,7,1,Mono_CD14_ID1,specific,0.902175684660931,93,0,0.0,,
GSM4138133,7,2,DC_family,family,0.8439116893202743,109,74,0.6788990825688074,0.8679126062562527,0.02400091693597839
GSM4138133,7,3,Macrophage_family,family,0.8028238636643232,105,99,0.9428571428571428,0.8127292942341984,0.00990543056987514
GSM4138133,7,6,DC_pDC,specific,0.9840886463775538,22,21,0.9545454545454546,0.9780104357713506,-0.0060782106062031716
GSM4138134,7,1,Mono_CD14_ID1,specific,0.9551895690151568,1215,1,0.0008230452674897119,,
GSM4138134,7,6,DC_pDC,specific,0.9856991785152992,15,15,1.0,0.9856991785152992,0.0
GSM4138135,7,1,Mono_CD14_ID1,specific,0.8645602701464414,210,4,0.01904761904761905,,
GSM4138135,7,2,DC_family,family,0.8414564177921688,59,20,0.3389830508474576,0.9007168269755834,0.059260409183414575
GSM4138135,7,3,Macrophage_family,family,0.7461068350296983,408,401,0.9828431372549019,0.7473740293502091,0.0012671943205108116
GSM4138135,7,6,DC_pDC,specific,0.9592348250153161,19,17,0.8947368421052632,0.9787886250594097,0.019553800044093572
GSM4138135,7,7,Mast,specific,1.0,21,21,1.0,1.0,0.0
GSM4138136,7,1,Mono_CD14_ID1,specific,0.9002676239333379,640,13,0.0203125,,
GSM4138136,7,2,DC_family,family,0.9791864512380506,15,15,1.0,0.9791864512380506,0.0
GSM4138137,7,1,Mono_CD14_ID1,specific,0.8743084344346915,182,4,0.02197802197802198,,
GSM4138137,7,2,DC_family,family,0.8186808007827883,57,18,0.3157894736842105,0.9045291579820232,0.08584835719923489
GSM4138137,7,3,Macrophage_family,family,0.7789722873189203,369,367,0.994579945799458,0.7787597087279177,-0.00021257859100265453
GSM4138138,7,1,Mono_CD14_ID1,specific,0.90393497044711,573,2,0.0034904013961605585,,
GSM4138139,7,1,Mono_CD14_ID1,specific,0.8242367794108715,218,2,0.009174311926605505,,
GSM4138139,7,2,DC_family,family,0.8796156665986075,67,50,0.746268656716418,0.9132980395351951,0.0336823729365876
GSM4138139,7,3,Macrophage_family,family,0.733206917794917,204,198,0.9705882352941176,0.7436706160407758,0.010463698245858799
GSM4138139,7,6,DC_pDC,specific,0.9805921689050666,24,22,0.9166666666666666,0.9506174967437965,-0.029974672161270144
GSM4138139,7,7,Mast,specific,0.9658315628046693,60,60,1.0,0.9658315628046693,0.0
GSM4138140,7,1,Mono_CD14_ID1,specific,0.9177226957902214,696,2,0.0028735632183908046,,
GSM4138140,7,2,DC_family,family,0.9813728581502653,18,18,1.0,0.9813728581502653,0.0
GSM4138141,7,1,Mono_CD14_ID1,specific,0.8559378672673029,328,2,0.006097560975609756,,
GSM4138141,7,2,DC_family,family,0.7917463102701583,119,91,0.7647058823529411,0.8082494351107992,0.01650312484064087
GSM4138141,7,3,Macrophage_family,family,0.8583390177692743,76,62,0.8157894736842105,0.8783204589750766,0.019981441205802253
GSM4138141,7,6,DC_pDC,specific,0.915848528113676,73,72,0.9863013698630136,0.9165508686482305,0.0007023405345545353
GSM4138142,7,1,Mono_CD14_ID1,specific,0.9108648709995313,688,37,0.05377906976744186,0.9672045977511199,0.056339726751588604
GSM4138143,7,1,Mono_CD14_ID1,specific,0.7912038670234601,153,2,0.013071895424836602,,
GSM4138143,7,2,DC_family,family,0.7497358933101806,116,89,0.7672413793103449,0.8076160859302373,0.057880192620056614
GSM4138143,7,3,Macrophage_family,family,0.88664514512261,38,37,0.9736842105263158,0.8860363664129696,-0.0006087787096403785
GSM4138143,7,6,DC_pDC,specific,0.9295762244202338,46,46,1.0,0.9295762244202338,0.0
GSM4138143,7,7,Mast,specific,0.9748135904112316,31,31,1.0,0.9748135904112316,0.0
GSM4138144,7,1,Mono_CD14_ID1,specific,0.8912510576682213,284,13,0.045774647887323945,,
GSM4138144,7,2,DC_family,family,0.9666238759581844,28,27,0.9642857142857143,0.9708671931256023,0.0042433171674178816
GSM4138145,7,1,Mono_CD14_ID1,specific,0.8150965900278737,264,8,0.030303030303030304,,
GSM4138145,7,2,DC_family,family,0.753765761299156,194,181,0.9329896907216495,0.7489114240327006,-0.004854337266455344
GSM4138145,7,3,Macrophage_family,family,0.9439699526748437,23,23,1.0,0.9439699526748437,0.0
GSM4138145,7,6,DC_pDC,specific,0.9472622152517468,46,46,1.0,0.9472622152517468,0.0
GSM4138146,7,1,Mono_CD14_ID1,specific,0.8941498986540146,459,1,0.002178649237472767,,
GSM4138147,7,2,DC_family,family,0.9840307386621786,15,13,0.8666666666666667,,
GSM4138147,7,6,DC_pDC,specific,0.935324749011505,31,31,1.0,0.935324749011505,0.0
GSM4138148,7,1,Mono_CD14_ID1,specific,0.8607675443829517,176,5,0.028409090909090908,,
GSM4138148,7,2,DC_family,family,0.9923075368293461,18,18,1.0,0.9923075368293461,0.0
GSM4138150,7,1,Mono_CD14_ID1,specific,0.9065579601561824,189,8,0.042328042328042326,,
GSM4138151,7,6,DC_pDC,specific,0.9891966018729946,16,15,0.9375,0.9806392337550041,-0.008557368117990571
GSM4138152,7,1,Mono_CD14_ID1,specific,0.8932099949004707,452,142,0.3141592920353982,0.9520007247267991,0.05879072982632838
GSM4138152,7,2,DC_family,family,0.9711211544580763,18,18,1.0,0.9711211544580763,0.0
GSM4138153,7,1,Mono_CD14_ID1,specific,0.9010370034237491,22,0,0.0,,
GSM4138153,7,2,DC_family,family,0.8910003616176113,27,21,0.7777777777777778,0.9379405473999345,0.046940185782323174
GSM4138154,7,1,Mono_CD14_ID1,specific,0.8685220907115672,350,149,0.4257142857142857,0.943462555263132,0.07494046455156489
GSM4138154,7,2,DC_family,family,0.9333305365115374,16,16,1.0,0.9333305365115374,0.0
GSM4138155,7,1,Mono_CD14_ID1,specific,0.8058975194348263,210,5,0.023809523809523808,,
GSM4138155,7,2,DC_family,family,0.6911917301315929,206,160,0.7766990291262136,0.7152741985371989,0.024082468405606017
GSM4138155,7,3,Macrophage_family,family,0.7201951941211083,126,121,0.9603174603174603,0.7193574654578916,-0.0008377286632167413
GSM4138155,7,6,DC_pDC,specific,0.9001000132765705,52,50,0.9615384615384616,0.9062361607604512,0.006136147483880694
GSM4138155,7,7,Mast,specific,0.9252378509283148,20,19,0.95,0.9381206978557273,0.012882846927412483
GSM4138156,7,1,Mono_CD14_ID1,specific,0.901151012079771,916,9,0.009825327510917031,,
GSM4138156,7,2,DC_family,family,0.9908015396634673,17,17,1.0,0.9908015396634673,0.0
GSM4138156,7,6,DC_pDC,specific,0.9539837451128743,15,15,1.0,0.9539837451128743,0.0
GSM4138157,7,1,Mono_CD14_ID1,specific,0.9376654006444944,63,2,0.031746031746031744,,
GSM4138157,7,2,DC_family,family,0.8011798461305737,63,43,0.6825396825396826,0.8818562493156525,0.08067640318507885
GSM4138157,7,3,Macrophage_family,family,0.9528565541743165,29,27,0.9310344827586207,0.9499864789098903,-0.002870075264426175
GSM4138157,7,6,DC_pDC,specific,0.9771060119735836,17,17,1.0,0.9771060119735836,0.0
GSM4138158,7,1,Mono_CD14_ID1,specific,0.9075641323874505,271,8,0.02952029520295203,,
GSM4138158,7,2,DC_family,family,1.0,15,15,1.0,1.0,0.0
GSM4138159,7,1,Mono_CD14_ID1,specific,0.9140041260679089,58,3,0.05172413793103448,,
GSM4138159,7,2,DC_family,family,0.7896571641251642,53,39,0.7358490566037735,0.824332661588426,0.03467549746326182
GSM4138159,7,3,Macrophage_family,family,0.9695143293398831,24,24,1.0,0.9695143293398831,0.0
GSM4138160,7,1,Mono_CD14_ID1,specific,0.9140249351178305,482,0,0.0,,
GSM4138160,7,6,DC_pDC,specific,0.980833886723325,23,23,1.0,0.980833886723325,0.0
GSM4138161,7,1,Mono_CD14_ID1,specific,0.8257401640000842,150,6,0.04,,
GSM4138161,7,2,DC_family,family,0.7266048031764751,115,98,0.8521739130434782,0.7409717778977887,0.014366974721313541
GSM4138161,7,3,Macrophage_family,family,0.905138782903818,20,20,1.0,0.905138782903818,0.0
GSM4138161,7,6,DC_pDC,specific,0.864470627766718,111,106,0.954954954954955,0.8573154205164121,-0.007155207250305939
GSM4138162,7,1,Mono_CD14_ID1,specific,0.9020093553589479,481,7,0.014553014553014554,,
GSM4138162,7,2,DC_family,family,0.9845765053069033,27,27,1.0,0.9845765053069033,0.0
GSM4138162,7,6,DC_pDC,specific,0.9897606953288196,17,17,1.0,0.9897606953288196,0.0
GSM4138163,7,1,Mono_CD14_ID1,specific,0.9069094975978119,423,11,0.026004728132387706,,
GSM4138163,7,2,DC_family,family,0.9856049530918567,16,16,1.0,0.9856049530918567,0.0
GSM4138163,7,6,DC_pDC,specific,0.9858316108356697,17,17,1.0,0.9858316108356697,0.0
GSM4138164,7,1,Mono_CD14_ID1,specific,0.8390432037763356,155,0,0.0,,
GSM4138165,7,1,Mono_CD14_ID1,specific,0.9064512272842953,434,0,0.0,,
GSM4138166,7,1,Mono_CD14_ID1,specific,0.9007863589473213,463,10,0.02159827213822894,,
GSM4138166,7,2,DC_family,family,0.971344443028832,18,18,1.0,0.971344443028832,0.0
GSM4138167,7,1,Mono_CD14_ID1,specific,0.8967396653845052,338,1,0.0029585798816568047,,
GSM4138167,7,2,DC_family,family,0.9849664056750759,18,18,1.0,0.9849664056750759,0.0
GSM4138168,7,6,DC_pDC,specific,0.9457890908623999,20,20,1.0,0.9457890908623999,0.0
GSM4138169,7,2,DC_family,family,1.0,15,14,0.9333333333333333,,
GSM4138171,7,2,DC_family,family,1.0,21,17,0.8095238095238095,0.9870348849581507,-0.012965115041849273
GSM4138172,7,2,DC_family,family,0.9755730284803008,19,16,0.8421052631578947,0.9863191889443204,0.01074616046401955
GSM4138110,8,1,Mono_CD14_ID1,specific,0.9112355875424483,628,12,0.01910828025477707,,
GSM4138110,8,6,DC_pDC,specific,0.9555193703185515,21,21,1.0,0.9555193703185515,0.0
GSM4138111,8,1,Mono_CD14_ID1,specific,0.771550403231092,153,4,0.026143790849673203,,
GSM4138111,8,2,DC_family,family,0.7988684902385811,89,64,0.7191011235955056,0.8082863387058498,0.009417848467268675
GSM4138111,8,3,Macrophage_family,family,0.8927878554392925,25,25,1.0,0.8927878554392925,0.0
GSM4138111,8,6,DC_pDC,specific,0.8965629129225732,68,66,0.9705882352941176,0.8967290871409748,0.00016617421840159352
GSM4138111,8,8,Mast,specific,0.8772200899755831,30,29,0.9666666666666667,0.9059125026497903,0.02869241267420719
GSM4138112,8,1,Mono_CD14_ID1,specific,0.8960687168604251,352,0,0.0,,
GSM4138112,8,6,DC_pDC,specific,0.9670409840078681,25,25,1.0,0.9670409840078681,0.0
GSM4138113,8,1,Mono_CD14_ID1,specific,0.8230387558662098,98,0,0.0,,
GSM4138113,8,2,DC_family,family,0.8520799652448467,30,29,0.9666666666666667,0.8505652693517062,-0.0015146958931405718
GSM4138113,8,6,DC_pDC,specific,0.8467529855706365,37,36,0.972972972972973,0.9211167331049517,0.07436374753431518
GSM4138114,8,1,Mono_CD14_ID1,specific,0.8899277182970458,350,2,0.005714285714285714,,
GSM4138114,8,2,DC_family,family,0.9827840413772583,15,15,1.0,0.9827840413772583,0.0
GSM4138115,8,1,Mono_CD14_ID1,specific,0.9481940729727578,44,1,0.022727272727272728,,
GSM4138115,8,2,DC_family,family,0.8296773657679054,89,77,0.8651685393258427,0.8340249663792333,0.004347600611327884
GSM4138115,8,3,Macrophage_family,family,0.9610498967635126,17,14,0.8235294117647058,,
GSM4138115,8,6,DC_pDC,specific,0.9816087420119992,19,19,1.0,0.9816087420119992,0.0
GSM4138116,8,1,Mono_CD14_ID1,specific,0.9303430193458323,701,0,0.0,,
GSM4138117,8,1,Mono_CD14_ID1,specific,0.7584394996755968,208,1,0.004807692307692308,,
GSM4138117,8,2,DC_family,family,0.960642136857666,33,28,0.8484848484848485,0.9441644683766466,-0.016477668481019392
GSM4138117,8,3,Macrophage_family,family,0.8040751181323886,89,87,0.9775280898876404,0.797451077192489,-0.006624040939899656
GSM4138117,8,6,DC_pDC,specific,0.9528621852287787,15,13,0.8666666666666667,,
GSM4138117,8,7,Macrophage_family,family,0.9590416898148455,18,18,1.0,0.9590416898148455,0.0
GSM4138117,8,8,Mast,specific,0.9848958966969695,15,15,1.0,0.9848958966969695,0.0
GSM4138118,8,1,Mono_CD14_ID1,specific,0.9022237135692892,288,170,0.5902777777777778,0.9335570118094065,0.031333298240117324
GSM4138119,8,1,Mono_CD14_ID1,specific,0.8298852898892471,52,0,0.0,,
GSM4138119,8,2,DC_family,family,0.7777881334920953,32,20,0.625,0.9305850542102286,0.15279692071813333
GSM4138119,8,7,Macrophage_family,family,0.8604409948630265,29,29,1.0,0.8604409948630265,0.0
GSM4138120,8,1,Mono_CD14_ID1,specific,0.8674861757291178,598,464,0.7759197324414716,0.9143636094168758,0.046877433687757986
GSM4138120,8,2,DC_family,family,0.969012675180625,21,21,1.0,0.969012675180625,0.0
GSM4138121,8,1,Mono_CD14_ID1,specific,0.896394737057166,58,6,0.10344827586206896,,
GSM4138121,8,2,DC_family,family,0.8653672494399116,26,20,0.7692307692307693,0.9363781051671234,0.07101085572721177
GSM4138121,8,3,Macrophage_family,family,0.9424171619784621,20,15,0.75,0.9599895582799591,0.017572396301496984
GSM4138121,8,6,DC_pDC,specific,0.975345479450801,16,12,0.75,,
GSM4138122,8,1,Mono_CD14_ID1,specific,0.8858123633540804,541,0,0.0,,
GSM4138122,8,2,DC_family,family,0.9935818637411507,18,18,1.0,0.9935818637411507,0.0
GSM4138122,8,6,DC_pDC,specific,0.9782659584116306,20,20,1.0,0.9782659584116306,0.0
GSM4138123,8,1,Mono_CD14_ID1,specific,0.9238361367114025,50,0,0.0,,
GSM4138123,8,2,DC_family,family,0.7353372454800295,52,37,0.7115384615384616,0.8081946236064389,0.07285737812640936
GSM4138123,8,3,Macrophage_family,family,0.7362434675296827,455,449,0.9868131868131869,0.743022525785046,0.0067790582553632905
GSM4138123,8,6,DC_pDC,specific,0.9416198516182993,49,48,0.9795918367346939,0.9508575041839805,0.00923765256568121
GSM4138124,8,1,Mono_CD14_ID1,specific,0.9237456780946116,339,0,0.0,,
GSM4138125,8,1,Mono_CD14_ID1,specific,0.8383990860934287,137,2,0.014598540145985401,,
GSM4138125,8,2,DC_family,family,0.8600729955159627,34,18,0.5294117647058824,0.9538382525751548,0.09376525705919203
GSM4138125,8,3,Macrophage_family,family,0.8468536406704467,53,53,1.0,0.8468536406704467,0.0
GSM4138125,8,7,Macrophage_family,family,0.7544608834604561,353,350,0.9915014164305949,0.7537316167429751,-0.0007292667174810807
GSM4138126,8,1,Mono_CD14_ID1,specific,0.9529039457285877,758,9,0.011873350923482849,,
GSM4138127,8,1,Mono_CD14_ID1,specific,0.8518878151845684,190,14,0.07368421052631578,,
GSM4138127,8,2,DC_family,family,0.9674500777465271,23,19,0.8260869565217391,0.9879764116209981,0.020526333874471003
GSM4138127,8,3,Macrophage_family,family,0.8726655803988921,30,16,0.5333333333333333,0.9520822233182963,0.0794166429194042
GSM4138127,8,6,DC_pDC,specific,0.9217204179375714,33,30,0.9090909090909091,0.9441912994803779,0.02247088154280652
GSM4138127,8,7,Macrophage_family,family,0.9421282622889127,32,31,0.96875,0.9430454767502611,0.0009172144613484035
GSM4138128,8,1,Mono_CD14_ID1,specific,0.8858123633540804,541,0,0.0,,
GSM4138128,8,2,DC_family,family,0.9935818637411507,18,18,1.0,0.9935818637411507,0.0
GSM4138128,8,6,DC_pDC,specific,0.9782659584116306,20,20,1.0,0.9782659584116306,0.0
GSM4138129,8,1,Mono_CD14_ID1,specific,0.8202941963743482,125,5,0.04,,
GSM4138129,8,2,DC_family,family,0.9272246626001659,33,21,0.6363636363636364,0.9774968871811778,0.05027222458101188
GSM4138129,8,3,Macrophage_family,family,0.8792332828100605,46,43,0.9347826086956522,0.8859430906401251,0.006709807830064585
GSM4138129,8,6,DC_pDC,specific,0.9868286715955322,25,25,1.0,0.9868286715955322,0.0
GSM4138129,8,7,Macrophage_family,family,0.8589902237186712,53,53,1.0,0.8589902237186712,0.0
GSM4138130,8,1,Mono_CD14_ID1,specific,0.9243480600383656,586,1,0.0017064846416382253,,
GSM4138130,8,6,DC_pDC,specific,0.9645785270275617,18,18,1.0,0.9645785270275617,0.0
GSM4138131,8,1,Mono_CD14_ID1,specific,0.8555360986183448,195,3,0.015384615384615385,,
GSM4138131,8,2,DC_family,family,0.8256416147449379,84,61,0.7261904761904762,0.8158347613030558,-0.009806853441882146
GSM4138131,8,3,Macrophage_family,family,0.7863479699431435,232,104,0.4482758620689655,0.8072051267591565,0.020857156816012967
GSM4138131,8,6,DC_pDC,specific,0.904860956633087,111,106,0.954954954954955,0.9185940501920142,0.013733093558927267
GSM4138131,8,8,Mast,specific,0.9564196483172959,19,18,0.9473684210526315,0.9764376533440459,0.020018005026749996
GSM4138132,8,1,Mono_CD14_ID1,specific,0.93497175799228,644,1,0.0015527950310559005,,
GSM4138133,8,1,Mono_CD14_ID1,specific,0.8887515702684458,105,0,0.0,,
GSM4138133,8,2,DC_family,family,0.8537660202096267,106,73,0.6886792452830188,0.8668784769357547,0.013112456726128041
GSM4138133,8,3,Macrophage_family,family,0.8127746564461432,96,90,0.9375,0.8103656653909189,-0.0024089910552242966
GSM4138133,8,6,DC_pDC,specific,0.9840886463775538,22,21,0.9545454545454546,0.9780104357713506,-0.0060782106062031716
GSM4138133,8,7,Macrophage_family,family,0.963762423151256,18,18,1.0,0.963762423151256,0.0
GSM4138134,8,1,Mono_CD14_ID1,specific,0.9551895690151568,1215,1,0.0008230452674897119,,
GSM4138134,8,6,DC_pDC,specific,0.9856991785152992,15,15,1.0,0.9856991785152992,0.0
GSM4138135,8,1,Mono_CD14_ID1,specific,0.8394860122748699,236,4,0.01694915254237288,,
GSM4138135,8,2,DC_family,family,0.8399079315972822,55,20,0.36363636363636365,0.9007168269755834,0.06080889537830125
GSM4138135,8,3,Macrophage_family,family,0.7659695360154295,359,351,0.9777158774373259,0.7717825646474918,0.005813028632062345
GSM4138135,8,6,DC_pDC,specific,0.9592348250153161,19,17,0.8947368421052632,0.9787886250594097,0.019553800044093572
GSM4138135,8,7,Macrophage_family,family,0.8063907765554901,73,73,1.0,0.8063907765554901,0.0
GSM4138135,8,8,Mast,specific,1.0,21,21,1.0,1.0,0.0
GSM4138136,8,1,Mono_CD14_ID1,specific,0.9002676239333379,640,13,0.0203125,,
GSM4138136,8,2,DC_family,family,0.9791864512380506,15,15,1.0,0.9791864512380506,0.0
GSM4138137,8,1,Mono_CD14_ID1,specific,0.852893192640241,195,4,0.020512820512820513,,
GSM4138137,8,2,DC_family,family,0.8287543293996954,58,18,0.3103448275862069,0.9045291579820232,0.07577482858232776
GSM4138137,8,3,Macrophage_family,family,0.8032636480473612,285,282,0.9894736842105263,0.804084812852069,0.0008211648047078413
GSM4138137,8,7,Macrophage_family,family,0.7825844758474203,131,131,1.0,0.7825844758474203,0.0
GSM4138138,8,1,Mono_CD14_ID1,specific,0.90393497044711,573,2,0.0034904013961605585,,
GSM4138139,8,1,Mono_CD14_ID1,specific,0.8171834664939609,222,2,0.009009009009009009,,
GSM4138139,8,2,DC_family,family,0.9112297135074826,66,50,0.7575757575757576,0.9132980395351951,0.0020683260277124527
GSM4138139,8,3,Macrophage_family,family,0.8088605251557499,119,115,0.9663865546218487,0.8144108388857165,0.005550313729966616
GSM4138139,8,6,DC_pDC,specific,0.9805921689050666,24,22,0.9166666666666666,0.9506174967437965,-0.029974672161270144
GSM4138139,8,7,Macrophage_family,family,0.7727477638192559,107,104,0.9719626168224299,0.7683379742163572,-0.004409789602898728
GSM4138139,8,8,Mast,specific,0.9658315628046693,60,60,1.0,0.9658315628046693,0.0
GSM4138140,8,1,Mono_CD14_ID1,specific,0.9177226957902214,696,2,0.0028735632183908046,,
GSM4138140,8,2,DC_family,family,0.9813728581502653,18,18,1.0,0.9813728581502653,0.0
GSM4138141,8,1,Mono_CD14_ID1,specific,0.8573143247037032,325,2,0.006153846153846154,,
GSM4138141,8,2,DC_family,family,0.7801060032773154,116,93,0.8017241379310345,0.8233882391464638,0.04328223586914837
GSM4138141,8,3,Macrophage_family,family,0.8317996521540496,81,62,0.7654320987654321,0.8714881003530955,0.039688448199045934
GSM4138141,8,6,DC_pDC,specific,0.915848528113676,73,72,0.9863013698630136,0.9165508686482305,0.0007023405345545353
GSM4138142,8,1,Mono_CD14_ID1,specific,0.9108648709995313,688,37,0.05377906976744186,0.9672045977511199,0.056339726751588604
GSM4138143,8,1,Mono_CD14_ID1,specific,0.78664635385047,156,2,0.01282051282051282,,
GSM4138143,8,2,DC_family,family,0.7664617629902254,116,90,0.7758620689655172,0.8105110853297798,0.044049322339554386
GSM4138143,8,3,Macrophage_family,family,0.9399460163049818,21,20,0.9523809523809523,0.9392529067977493,-0.0006931095072324478
GSM4138143,8,6,DC_pDC,specific,0.9295762244202338,46,46,1.0,0.9295762244202338,0.0
GSM4138143,8,7,Macrophage_family,family,0.9443814286217983,17,17,1.0,0.9443814286217983,0.0
GSM4138143,8,8,Mast,specific,0.9748135904112316,31,31,1.0,0.9748135904112316,0.0
GSM4138144,8,1,Mono_CD14_ID1,specific,0.8912510576682213,284,13,0.045774647887323945,,
GSM4138144,8,2,DC_family,family,0.9666238759581844,28,27,0.9642857142857143,0.9708671931256023,0.0042433171674178816
GSM4138145,8,1,Mono_CD14_ID1,specific,0.8170804980246577,262,8,0.030534351145038167,,
GSM4138145,8,2,DC_family,family,0.757991342666297,193,181,0.9378238341968912,0.7489114240327006,-0.009079918633596362
GSM4138145,8,3,Macrophage_family,family,0.9741884417190813,18,18,1.0,0.9741884417190813,0.0
GSM4138145,8,6,DC_pDC,specific,0.9472622152517468,46,46,1.0,0.9472622152517468,0.0
GSM4138146,8,1,Mono_CD14_ID1,specific,0.8941498986540146,459,1,0.002178649237472767,,
GSM4138147,8,2,DC_family,family,0.9518901963320407,16,13,0.8125,,
GSM4138147,8,6,DC_pDC,specific,0.935324749011505,31,31,1.0,0.935324749011505,0.0
GSM4138148,8,1,Mono_CD14_ID1,specific,0.8607675443829517,176,5,0.028409090909090908,,
GSM4138148,8,2,DC_family,family,0.9923075368293461,18,18,1.0,0.9923075368293461,0.0
GSM4138150,8,1,Mono_CD14_ID1,specific,0.9065579601561824,189,8,0.042328042328042326,,
GSM4138151,8,6,DC_pDC,specific,0.9891966018729946,16,15,0.9375,0.9806392337550041,-0.008557368117990571
GSM4138152,8,1,Mono_CD14_ID1,specific,0.8932099949004707,452,142,0.3141592920353982,0.9520007247267991,0.05879072982632838
GSM4138152,8,2,DC_family,family,0.9711211544580763,18,18,1.0,0.9711211544580763,0.0
GSM4138153,8,1,Mono_CD14_ID1,specific,0.9028503979785505,23,0,0.0,,
GSM4138153,8,2,DC_family,family,0.9275191023927652,26,21,0.8076923076923077,0.9379405473999345,0.010421445007169239
GSM4138154,8,1,Mono_CD14_ID1,specific,0.8679727082402541,349,149,0.4269340974212034,0.943462555263132,0.07548984702287798
GSM4138154,8,2,DC_family,family,0.9333305365115374,16,16,1.0,0.9333305365115374,0.0
GSM4138155,8,1,Mono_CD14_ID1,specific,0.7991277801921779,207,5,0.024154589371980676,,
GSM4138155,8,2,DC_family,family,0.6953688768886308,209,160,0.7655502392344498,0.7152741985371989,0.019905321648568064
GSM4138155,8,3,Macrophage_family,family,0.85612845331566,48,46,0.9583333333333334,0.8745004830128629,0.018372029697202863
GSM4138155,8,6,DC_pDC,specific,0.9001000132765705,52,50,0.9615384615384616,0.9062361607604512,0.006136147483880694
GSM4138155,8,7,Macrophage_family,family,0.7024760182159506,104,100,0.9615384615384616,0.718473000948971,0.015996982733020415
GSM4138155,8,8,Mast,specific,0.9252378509283148,20,19,0.95,0.9381206978557273,0.012882846927412483
GSM4138156,8,1,Mono_CD14_ID1,specific,0.901151012079771,916,9,0.009825327510917031,,
GSM4138156,8,2,DC_family,family,0.9908015396634673,17,17,1.0,0.9908015396634673,0.0
GSM4138156,8,6,DC_pDC,specific,0.9539837451128743,15,15,1.0,0.9539837451128743,0.0
GSM4138157,8,1,Mono_CD14_ID1,specific,0.9376654006444944,63,2,0.031746031746031744,,
GSM4138157,8,2,DC_family,family,0.7846516018407415,62,42,0.6774193548387096,0.8806815228661893,0.09602992102544783
GSM4138157,8,3,Macrophage_family,family,0.9370485532968975,19,18,0.9473684210526315,0.9318292093217857,-0.005219343975111812
GSM4138157,8,6,DC_pDC,specific,0.9771060119735836,17,17,1.0,0.9771060119735836,0.0
GSM4138158,8,1,Mono_CD14_ID1,specific,0.9075641323874505,271,8,0.02952029520295203,,
GSM4138158,8,2,DC_family,family,1.0,15,15,1.0,1.0,0.0
GSM4138159,8,1,Mono_CD14_ID1,specific,0.9144184871252556,59,3,0.05084745762711865,,
GSM4138159,8,2,DC_family,family,0.7896571641251642,53,39,0.7358490566037735,0.824332661588426,0.03467549746326182
GSM4138159,8,3,Macrophage_family,family,0.9726361930749953,21,20,0.9523809523809523,0.9851261513291948,0.012489958254199518
GSM4138160,8,1,Mono_CD14_ID1,specific,0.9140249351178305,482,0,0.0,,
GSM4138160,8,6,DC_pDC,specific,0.980833886723325,23,23,1.0,0.980833886723325,0.0
GSM4138161,8,1,Mono_CD14_ID1,specific,0.8257401640000842,150,6,0.04,,
GSM4138161,8,2,DC_family,family,0.7324776835457405,115,98,0.8521739130434782,0.7409717778977887,0.008494094352048176
GSM4138161,8,3,Macrophage_family,family,0.9521756295808197,15,13,0.8666666666666667,,
GSM4138161,8,6,DC_pDC,specific,0.864470627766718,111,106,0.954954954954955,0.8573154205164121,-0.007155207250305939
GSM4138162,8,1,Mono_CD14_ID1,specific,0.9020093553589479,481,7,0.014553014553014554,,
GSM4138162,8,2,DC_family,family,0.9845765053069033,27,27,1.0,0.9845765053069033,0.0
GSM4138162,8,6,DC_pDC,specific,0.9897606953288196,17,17,1.0,0.9897606953288196,0.0
GSM4138163,8,1,Mono_CD14_ID1,specific,0.9069094975978119,423,11,0.026004728132387706,,
GSM4138163,8,2,DC_family,family,0.9856049530918567,16,16,1.0,0.9856049530918567,0.0
GSM4138163,8,6,DC_pDC,specific,0.9858316108356697,17,17,1.0,0.9858316108356697,0.0
GSM4138164,8,1,Mono_CD14_ID1,specific,0.8390432037763356,155,0,0.0,,
GSM4138165,8,1,Mono_CD14_ID1,specific,0.9064512272842953,434,0,0.0,,
GSM4138166,8,1,Mono_CD14_ID1,specific,0.9048694271408997,462,10,0.021645021645021644,,
GSM4138166,8,2,DC_family,family,0.9711918571755427,19,19,1.0,0.9711918571755427,0.0
GSM4138167,8,1,Mono_CD14_ID1,specific,0.8967396653845052,338,1,0.0029585798816568047,,
GSM4138167,8,2,DC_family,family,0.9849664056750759,18,18,1.0,0.9849664056750759,0.0
GSM4138168,8,6,DC_pDC,specific,0.9457890908623999,20,20,1.0,0.9457890908623999,0.0
GSM4138169,8,2,DC_family,family,1.0,15,14,0.9333333333333333,,
GSM4138171,8,2,DC_family,family,1.0,20,16,0.8,0.9873608126024546,-0.012639187397545437
GSM4138172,8,2,DC_family,family,0.9755730284803008,19,16,0.8421052631578947,0.9863191889443204,0.01074616046401955
GSM4138110,9,1,Mono_CD14_ID1,specific,0.9112138596517879,626,12,0.019169329073482427,,
GSM4138110,9,6,DC_pDC,specific,0.9555193703185515,21,21,1.0,0.9555193703185515,0.0
GSM4138111,9,1,Mono_CD14_ID1,specific,0.7781898836431698,140,4,0.02857142857142857,,
GSM4138111,9,2,DC_family,family,0.7962573856864913,86,60,0.6976744186046512,0.8187008624524515,0.022443476765960257
GSM4138111,9,3,Macrophage_family,family,0.9080905767537002,21,21,1.0,0.9080905767537002,0.0
GSM4138111,9,6,DC_pDC,specific,0.7659231473604542,70,67,0.9571428571428572,0.8974810959404121,0.13155794857995795
GSM4138111,9,8,DC_family,family,0.7334839480501059,16,16,1.0,0.7334839480501059,0.0
GSM4138111,9,9,Mast,specific,0.876493661763317,29,28,0.9655172413793104,0.9050661191766445,0.02857245741332748
GSM4138112,9,1,Mono_CD14_ID1,specific,0.8960687168604251,352,0,0.0,,
GSM4138112,9,6,DC_pDC,specific,0.9670409840078681,25,25,1.0,0.9670409840078681,0.0
GSM4138113,9,1,Mono_CD14_ID1,specific,0.8113401194136391,93,0,0.0,,
GSM4138113,9,2,DC_family,family,0.8564245511920417,32,30,0.9375,0.852985335899672,-0.0034392152923697905
GSM4138113,9,6,DC_pDC,specific,0.8467529855706365,37,36,0.972972972972973,0.9211167331049517,0.07436374753431518
GSM4138114,9,1,Mono_CD14_ID1,specific,0.8899277182970458,350,2,0.005714285714285714,,
GSM4138114,9,2,DC_family,family,0.9851093130705938,17,17,1.0,0.9851093130705938,0.0
GSM4138115,9,1,Mono_CD14_ID1,specific,0.9493627209615266,40,1,0.025,,
GSM4138115,9,2,DC_family,family,0.8225898255254993,88,76,0.8636363636363636,0.8337072606068265,0.011117435081327232
GSM4138115,9,3,Macrophage_family,family,0.9727002945398558,17,14,0.8235294117647058,,
GSM4138115,9,6,DC_pDC,specific,0.9816087420119992,19,19,1.0,0.9816087420119992,0.0
GSM4138115,9,8,DC_family,family,0.9715914688500271,22,21,0.9545454545454546,0.9715512163742203,-4.025247580685676e-05
GSM4138116,9,1,Mono_CD14_ID1,specific,0.9303430193458323,701,0,0.0,,
GSM4138117,9,1,Mono_CD14_ID1,specific,0.7876014965862705,185,1,0.005405405405405406,,
GSM4138117,9,2,DC_family,family,0.9490990951158271,34,28,0.8235294117647058,0.9508385317177726,0.001739436601945421
GSM4138117,9,3,Macrophage_family,family,0.8077971608807629,80,77,0.9625,0.8155521551809918,0.007754994300228857
GSM4138117,9,6,DC_pDC,specific,0.9528621852287787,15,13,0.8666666666666667,,
GSM4138117,9,7,Macrophage_family,family,0.9456192998329424,19,19,1.0,0.9456192998329424,0.0
GSM4138117,9,9,Mast,specific,0.9848958966969695,15,15,1.0,0.9848958966969695,0.0
GSM4138118,9,1,Mono_CD14_ID1,specific,0.9022237135692892,288,170,0.5902777777777778,0.9335570118094065,0.031333298240117324
GSM4138119,9,1,Mono_CD14_ID1,specific,0.8359292837971,51,0,0.0,,
GSM4138119,9,2,DC_family,family,0.7777881334920953,32,20,0.625,0.9305850542102286,0.15279692071813333
GSM4138119,9,7,Macrophage_family,family,0.8626331707562538,28,28,1.0,0.8626331707562538,0.0
GSM4138120,9,1,Mono_CD14_ID1,specific,0.8691350693725601,597,464,0.7772194304857621,0.9143636094168758,0.045228540044315646
GSM4138120,9,2,DC_family,family,0.969012675180625,21,21,1.0,0.969012675180625,0.0
GSM4138121,9,1,Mono_CD14_ID1,specific,0.9019739769627144,54,6,0.1111111111111111,,
GSM4138121,9,2,DC_family,family,0.9125197721046266,25,20,0.8,0.9363781051671234,0.02385833306249674
GSM4138121,9,3,Macrophage_family,family,0.9471813294476342,19,13,0.6842105263157895,,
GSM4138121,9,6,DC_pDC,specific,0.9606962873427333,17,12,0.7058823529411765,,
GSM4138122,9,1,Mono_CD14_ID1,specific,0.8856372629639649,542,0,0.0,,
GSM4138122,9,2,DC_family,family,0.9941451054804079,21,21,1.0,0.9941451054804079,0.0
GSM4138122,9,6,DC_pDC,specific,0.9782659584116306,20,20,1.0,0.9782659584116306,0.0
GSM4138123,9,1,Mono_CD14_ID1,specific,0.9160921116359942,48,0,0.0,,
GSM4138123,9,2,DC_family,family,0.7156797279935578,57,38,0.6666666666666666,0.8097558289875142,0.09407610099395636
GSM4138123,9,3,Macrophage_family,family,0.737360294793972,434,430,0.9907834101382489,0.7390008260695426,0.0016405312755706225
GSM4138123,9,6,DC_pDC,specific,0.9223107797302584,50,48,0.96,0.9508575041839805,0.028546724453722083
GSM4138123,9,8,DC_family,family,0.958023195554979,24,23,0.9583333333333334,0.9584346981659879,0.0004115026110089737
GSM4138124,9,1,Mono_CD14_ID1,specific,0.9237456780946116,339,0,0.0,,
GSM4138125,9,1,Mono_CD14_ID1,specific,0.8429057044792516,135,2,0.014814814814814815,,
GSM4138125,9,2,DC_family,family,0.8609043357195834,34,17,0.5,0.9532989544768493,0.09239461875726596
GSM4138125,9,3,Macrophage_family,family,0.8522201301453913,51,51,1.0,0.8522201301453913,0.0
GSM4138125,9,7,Macrophage_family,family,0.7541661292157958,350,347,0.9914285714285714,0.7534567610795639,-0.0007093681362319026
GSM4138126,9,1,Mono_CD14_ID1,specific,0.9529039457285877,758,9,0.011873350923482849,,
GSM4138127,9,1,Mono_CD14_ID1,specific,0.8529388207459693,177,14,0.07909604519774012,,
GSM4138127,9,2,DC_family,family,0.9617699444243151,23,19,0.8260869565217391,0.9870404501826457,0.025270505758330675
GSM4138127,9,3,Macrophage_family,family,0.9157780775550798,25,14,0.56,,
GSM4138127,9,6,DC_pDC,specific,0.9204383741892933,31,29,0.9354838709677419,0.9444607535101854,0.02402237932089213
GSM4138127,9,7,Macrophage_family,family,0.9630760450146838,30,29,0.9666666666666667,0.9638196272910429,0.0007435822763590672
GSM4138128,9,1,Mono_CD14_ID1,specific,0.8856372629639649,542,0,0.0,,
GSM4138128,9,2,DC_family,family,0.9941451054804079,21,21,1.0,0.9941451054804079,0.0
GSM4138128,9,6,DC_pDC,specific,0.9782659584116306,20,20,1.0,0.9782659584116306,0.0
GSM4138129,9,1,Mono_CD14_ID1,specific,0.8191052024948184,123,5,0.04065040650406504,,
GSM4138129,9,2,DC_family,family,0.898900259049723,35,21,0.6,0.9774968871811778,0.07859662813145474
GSM4138129,9,3,Macrophage_family,family,0.8916381324646152,43,40,0.9302325581395349,0.8909981133083087,-0.000640019156306515
GSM4138129,9,6,DC_pDC,specific,0.9868286715955322,25,25,1.0,0.9868286715955322,0.0
GSM4138129,9,7,Macrophage_family,family,0.8679345920861055,52,52,1.0,0.8679345920861055,0.0
GSM4138130,9,1,Mono_CD14_ID1,specific,0.9223221264230032,585,1,0.0017094017094017094,,
GSM4138130,9,6,DC_pDC,specific,0.9645785270275617,18,18,1.0,0.9645785270275617,0.0
GSM4138131,9,1,Mono_CD14_ID1,specific,0.8598300879309552,184,3,0.016304347826086956,,
GSM4138131,9,2,DC_family,family,0.8244603768660645,83,61,0.7349397590361446,0.8164749448922142,-0.007985431973850377
GSM4138131,9,3,Macrophage_family,family,0.7905883826863281,216,101,0.4675925925925926,0.8276926264655758,0.0371042437792477
GSM4138131,9,6,DC_pDC,specific,0.9046789059634622,112,106,0.9464285714285714,0.9185940501920142,0.013915144228552001
GSM4138131,9,8,DC_family,family,0.8325848233336373,71,68,0.9577464788732394,0.8303948627968409,-0.0021899605367963204
GSM4138131,9,9,Mast,specific,0.9564196483172959,19,18,0.9473684210526315,0.9764376533440459,0.020018005026749996
GSM4138132,9,1,Mono_CD14_ID1,specific,0.93497175799228,644,1,0.0015527950310559005,,
GSM4138133,9,1,Mono_CD14_ID1,specific,0.8874492962314716,95,0,0.0,,
GSM4138133,9,2,DC_family,family,0.8483915479514408,106,71,0.6698113207547169,0.8652979731152755,0.01690642516383467
GSM4138133,9,3,Macrophage_family,family,0.8086356747497486,89,83,0.9325842696629213,0.8112468472777206,0.002611172527971939
GSM4138133,9,6,DC_pDC,specific,0.9840886463775538,22,21,0.9545454545454546,0.9780104357713506,-0.0060782106062031716
GSM4138133,9,7,Macrophage_family,family,0.9537444507935291,17,17,1.0,0.9537444507935291,0.0
GSM4138133,9,8,DC_family,family,0.8804507500234613,20,20,1.0,0.8804507500234613,0.0
GSM4138134,9,1,Mono_CD14_ID1,specific,0.9551895690151568,1215,1,0.0008230452674897119,,
GSM4138134,9,6,DC_pDC,specific,0.9856991785152992,15,15,1.0,0.9856991785152992,0.0
GSM4138135,9,1,Mono_CD14_ID1,specific,0.8558280710549593,243,4,0.01646090534979424,,
GSM4138135,9,2,DC_family,family,0.8492462536866922,56,20,0.35714285714285715,0.9007168269755834,0.051470573288891264
GSM4138135,9,3,Macrophage_family,family,0.7683205168611128,352,344,0.9772727272727273,0.7734985631604753,0.005178046299362471
GSM4138135,9,6,DC_pDC,specific,0.9592348250153161,19,17,0.8947368421052632,0.9787886250594097,0.019553800044093572
GSM4138135,9,7,Macrophage_family,family,0.807720068145625,76,76,1.0,0.807720068145625,0.0
GSM4138135,9,8,DC_family,family,0.9257796574418986,31,31,1.0,0.9257796574418986,0.0
GSM4138135,9,9,Mast,specific,1.0,21,21,1.0,1.0,0.0
GSM4138136,9,1,Mono_CD14_ID1,specific,0.9002676239333379,640,13,0.0203125,,
GSM4138136,9,2,DC_family,family,0.9866241378894167,17,16,0.9411764705882353,0.9863101238735086,-0.00031401401590813727
GSM4138137,9,1,Mono_CD14_ID1,specific,0.8574584354480189,191,4,0.020942408376963352,,
GSM4138137,9,2,DC_family,family,0.8311492989396501,56,18,0.32142857142857145,0.9045291579820232,0.0733798590423731
GSM4138137,9,3,Macrophage_family,family,0.8097903338765343,271,269,0.992619926199262,0.8101137875953998,0.0003234537188654407
GSM4138137,9,7,Macrophage_family,family,0.7884094348906279,127,127,1.0,0.7884094348906279,0.0
GSM4138137,9,8,DC_family,family,0.9522191221967475,18,17,0.9444444444444444,0.9513257474953213,-0.0008933747014262527
GSM4138138,9,1,Mono_CD14_ID1,specific,0.9029797350123661,572,2,0.0034965034965034965,,
GSM4138139,9,1,Mono_CD14_ID1,specific,0.8092009249244116,221,2,0.00904977375565611,,
GSM4138139,9,2,DC_family,family,0.9078734787975924,67,48,0.7164179104477612,0.913652875135804,0.005779396338211562
GSM4138139,9,3,Macrophage_family,family,0.8218196557891018,113,110,0.9734513274336283,0.8229495918459483,0.0011299360568465255
GSM4138139,9,6,DC_pDC,specific,0.9603602245344051,23,22,0.9565217391304348,0.9506174967437965,-0.009742727790608585
GSM4138139,9,7,Macrophage_family,family,0.774390785899687,105,102,0.9714285714285714,0.779460192191618,0.005069406291930978
GSM4138139,9,8,DC_family,family,0.9424067231791787,23,23,1.0,0.9424067231791787,0.0
GSM4138139,9,9,Mast,specific,0.9658315628046693,60,60,1.0,0.9658315628046693,0.0
GSM4138140,9,1,Mono_CD14_ID1,specific,0.9177226957902214,696,2,0.0028735632183908046,,
GSM4138140,9,2,DC_family,family,0.9813728581502653,18,18,1.0,0.9813728581502653,0.0
GSM4138141,9,1,Mono_CD14_ID1,specific,0.8600830918900632,322,2,0.006211180124223602,,
GSM4138141,9,2,DC_family,family,0.7940578189061338,118,93,0.788135593220339,0.8166744287917067,0.022616609885572903
GSM4138141,9,3,Macrophage_family,family,0.8399421545405734,79,61,0.7721518987341772,0.8747203230787655,0.034778168538192045
GSM4138141,9,6,DC_pDC,specific,0.915848528113676,73,72,0.9863013698630136,0.9165508686482305,0.0007023405345545353
GSM4138141,9,8,DC_family,family,0.8839117111816409,56,56,1.0,0.8839117111816409,0.0
GSM4138142,9,1,Mono_CD14_ID1,specific,0.9108648709995313,688,37,0.05377906976744186,0.9672045977511199,0.056339726751588604
GSM4138143,9,1,Mono_CD14_ID1,specific,0.7903760073723568,155,2,0.012903225806451613,,
GSM4138143,9,2,DC_family,family,0.7679580541445408,116,90,0.7758620689655172,0.8234824466583451,0.055524392513804366
GSM4138143,9,3,Macrophage_family,family,0.9399460163049818,21,20,0.9523809523809523,0.9392529067977493,-0.0006931095072324478
GSM4138143,9,6,DC_pDC,specific,0.9295762244202338,46,46,1.0,0.9295762244202338,0.0
GSM4138143,9,7,Macrophage_family,family,0.9443814286217983,17,17,1.0,0.9443814286217983,0.0
GSM4138143,9,8,DC_family,family,0.8192495354150123,45,45,1.0,0.8192495354150123,0.0
GSM4138143,9,9,Mast,specific,0.9748135904112316,31,31,1.0,0.9748135904112316,0.0
GSM4138144,9,1,Mono_CD14_ID1,specific,0.8910884895574768,282,13,0.04609929078014184,,
GSM4138144,9,2,DC_family,family,0.9666238759581844,28,27,0.9642857142857143,0.9708671931256023,0.0042433171674178816
GSM4138145,9,1,Mono_CD14_ID1,specific,0.8151015981566707,258,8,0.031007751937984496,,
GSM4138145,9,2,DC_family,family,0.757991342666297,193,181,0.9378238341968912,0.7489114240327006,-0.009079918633596362
GSM4138145,9,3,Macrophage_family,family,0.984092641023257,17,17,1.0,0.984092641023257,0.0
GSM4138145,9,6,DC_pDC,specific,0.945258029964264,45,45,1.0,0.945258029964264,0.0
GSM4138145,9,8,DC_family,family,0.9536282277938718,19,19,1.0,0.9536282277938718,0.0
GSM4138146,9,1,Mono_CD14_ID1,specific,0.8947861848653658,457,1,0.002188183807439825,,
GSM4138147,9,2,DC_family,family,0.9518901963320407,16,13,0.8125,,
GSM4138147,9,6,DC_pDC,specific,0.935324749011505,31,31,1.0,0.935324749011505,0.0
GSM4138148,9,1,Mono_CD14_ID1,specific,0.8695786111229583,171,5,0.029239766081871343,,
GSM4138148,9,2,DC_family,family,0.986946893765804,19,19,1.0,0.986946893765804,0.0
GSM4138150,9,1,Mono_CD14_ID1,specific,0.9065579601561824,189,8,0.042328042328042326,,
GSM4138151,9,6,DC_pDC,specific,0.9891966018729946,16,15,0.9375,0.9806392337550041,-0.008557368117990571
GSM4138152,9,1,Mono_CD14_ID1,specific,0.8932099949004707,452,142,0.3141592920353982,0.9520007247267991,0.05879072982632838
GSM4138152,9,2,DC_family,family,0.9742314981219488,20,20,1.0,0.9742314981219488,0.0
GSM4138153,9,1,Mono_CD14_ID1,specific,0.8978060026779507,21,0,0.0,,
GSM4138153,9,2,DC_family,family,0.925871374275103,25,20,0.8,0.9359677022668879,0.010096327991784837
GSM4138154,9,1,Mono_CD14_ID1,specific,0.8680948189420876,348,149,0.4281609195402299,0.943462555263132,0.07536773632104443
GSM4138154,9,2,DC_family,family,0.9333305365115374,16,16,1.0,0.9333305365115374,0.0
GSM4138155,9,1,Mono_CD14_ID1,specific,0.8045228534029445,204,5,0.024509803921568627,,
GSM4138155,9,2,DC_family,family,0.7117386153721172,206,155,0.7524271844660194,0.7341048066369185,0.022366191264801216
GSM4138155,9,3,Macrophage_family,family,0.8524257017583861,43,41,0.9534883720930233,0.8962916810250205,0.04386597926663449
GSM4138155,9,6,DC_pDC,specific,0.9001000132765705,52,50,0.9615384615384616,0.9062361607604512,0.006136147483880694
GSM4138155,9,7,Macrophage_family,family,0.698979420746189,102,99,0.9705882352941176,0.7130050187828902,0.014025598036701226
GSM4138155,9,8,DC_family,family,0.8643912220347433,30,30,1.0,0.8643912220347433,0.0
GSM4138155,9,9,Mast,specific,0.9252378509283148,20,19,0.95,0.9381206978557273,0.012882846927412483
GSM4138156,9,1,Mono_CD14_ID1,specific,0.901151012079771,916,9,0.009825327510917031,,
GSM4138156,9,2,DC_family,family,0.9913859065992812,19,19,1.0,0.9913859065992812,0.0
GSM4138156,9,6,DC_pDC,specific,0.9539837451128743,15,15,1.0,0.9539837451128743,0.0
GSM4138157,9,1,Mono_CD14_ID1,specific,0.9721506007221582,62,2,0.03225806451612903,,
GSM4138157,9,2,DC_family,family,0.7831922878935761,63,41,0.6507936507936508,0.8782777732975622,0.09508548540398609
GSM4138157,9,3,Macrophage_family,family,0.942428150830226,18,17,0.9444444444444444,0.9385113026363895,-0.003916848193836531
GSM4138157,9,6,DC_pDC,specific,0.9771060119735836,17,17,1.0,0.9771060119735836,0.0
GSM4138158,9,1,Mono_CD14_ID1,specific,0.9210505693943015,270,8,0.02962962962962963,,
GSM4138158,9,2,DC_family,family,1.0,15,15,1.0,1.0,0.0
GSM4138159,9,1,Mono_CD14_ID1,specific,0.9140905102469118,58,3,0.05172413793103448,,
GSM4138159,9,2,DC_family,family,0.7896571641251642,53,39,0.7358490566037735,0.824332661588426,0.03467549746326182
GSM4138159,9,3,Macrophage_family,family,0.9726361930749953,21,20,0.9523809523809523,0.9851261513291948,0.012489958254199518
GSM4138160,9,1,Mono_CD14_ID1,specific,0.9140249351178305,482,0,0.0,,
GSM4138160,9,6,DC_pDC,specific,0.980833886723325,23,23,1.0,0.980833886723325,0.0
GSM4138161,9,1,Mono_CD14_ID1,specific,0.8488077235594932,145,6,0.041379310344827586,,
GSM4138161,9,2,DC_family,family,0.7346267873358303,116,98,0.8448275862068966,0.7359451461006328,0.001318358764802463
GSM4138161,9,6,DC_pDC,specific,0.864470627766718,111,106,0.954954954954955,0.8573154205164121,-0.007155207250305939
GSM4138162,9,1,Mono_CD14_ID1,specific,0.9060767949256268,478,7,0.014644351464435146,,
GSM4138162,9,2,DC_family,family,0.9845765053069033,27,27,1.0,0.9845765053069033,0.0
GSM4138162,9,6,DC_pDC,specific,0.9897606953288196,17,17,1.0,0.9897606953288196,0.0
GSM4138163,9,1,Mono_CD14_ID1,specific,0.9106057456052996,421,11,0.026128266033254157,,
GSM4138163,9,2,DC_family,family,0.9856049530918567,16,16,1.0,0.9856049530918567,0.0
GSM4138163,9,6,DC_pDC,specific,0.9858316108356697,17,17,1.0,0.9858316108356697,0.0
GSM4138164,9,1,Mono_CD14_ID1,specific,0.8442994891097184,154,0,0.0,,
GSM4138165,9,1,Mono_CD14_ID1,specific,0.9064512272842953,434,0,0.0,,
GSM4138166,9,1,Mono_CD14_ID1,specific,0.9048694271408997,462,10,0.021645021645021644,,
GSM4138166,9,2,DC_family,family,0.9737649177989018,21,21,1.0,0.9737649177989018,0.0
GSM4138167,9,1,Mono_CD14_ID1,specific,0.8967396653845052,338,1,0.0029585798816568047,,
GSM4138167,9,2,DC_family,family,0.9824703471603309,21,21,1.0,0.9824703471603309,0.0
GSM4138168,9,6,DC_pDC,specific,0.9457890908623999,20,20,1.0,0.9457890908623999,0.0
GSM4138169,9,2,DC_family,family,1.0,15,14,0.9333333333333333,,
GSM4138171,9,2,DC_family,family,0.9883896921508036,19,16,0.8421052631578947,0.9873608126024546,-0.001028879548349071
GSM4138172,9,2,DC_family,family,0.9755730284803008,19,16,0.8421052631578947,0.9863191889443204,0.01074616046401955
GSM4138110,10,1,Monocyte_family,family,0.9593833580196316,482,478,0.991701244813278,0.9663159816808642,0.006932623661232595
GSM4138110,10,2,Mono_CD16,specific,0.9128143949221114,192,78,0.40625,0.97761328954427,0.0647988946221586
GSM4138110,10,7,DC_pDC,specific,0.9555193703185515,21,21,1.0,0.9555193703185515,0.0
GSM4138111,10,1,Monocyte_family,family,0.8603474128605402,75,45,0.6,0.8755078060650846,0.015160393204544431
GSM4138111,10,10,Mast,specific,0.876493661763317,29,28,0.9655172413793104,0.9050661191766445,0.02857245741332748
GSM4138111,10,2,Mono_CD16,specific,0.877335689842504,61,28,0.45901639344262296,0.909342322893809,0.03200663305130502
GSM4138111,10,3,DC_family,family,0.7981130488915757,95,63,0.6631578947368421,0.8241036816801144,0.025990632788538637
GSM4138111,10,4,Macrophage_family,family,0.8949073873996459,22,22,1.0,0.8949073873996459,0.0
GSM4138111,10,7,DC_pDC,specific,0.7677349770986589,71,67,0.9436619718309859,0.8974810959404121,0.12974611884175324
GSM4138111,10,9,DC_family,family,0.7334839480501059,16,16,1.0,0.7334839480501059,0.0
GSM4138112,10,1,Monocyte_family,family,0.9441571023103507,201,191,0.9502487562189055,0.971085205953125,0.026928103642774315
GSM4138112,10,2,Mono_CD16,specific,0.9013698409412547,175,95,0.5428571428571428,0.9618001923997429,0.060430351458488185
GSM4138112,10,7,DC_pDC,specific,0.9672228106134714,26,26,1.0,0.9672228106134714,0.0
GSM4138113,10,1,Monocyte_family,family,0.897925330363139,62,54,0.8709677419354839,0.9367945038288242,0.03886917346568519
GSM4138113,10,2,Mono_CD16,specific,0.9482529557156902,32,12,0.375,,
GSM4138113,10,3,DC_family,family,0.8362231132686577,32,30,0.9375,0.852985335899672,0.016762222631014234
GSM4138113,10,7,DC_pDC,specific,0.8467529855706365,37,36,0.972972972972973,0.9211167331049517,0.07436374753431518
GSM4138114,10,1,Monocyte_family,family,0.9361869442947107,251,229,0.9123505976095617,0.981931508485985,0.04574456419127426
GSM4138114,10,2,Mono_CD16,specific,0.8708061288559303,144,60,0.4166666666666667,0.9638175783207804,0.09301144946485007
GSM4138114,10,3,DC_family,family,0.9840322664632362,20,20,1.0,0.9840322664632362,0.0
GSM4138115,10,1,Monocyte_family,family,1.0,16,9,0.5625,,
GSM4138115,10,2,Mono_CD16,specific,0.9689205939418045,31,0,0.0,,
GSM4138115,10,3,DC_family,family,0.8201135253525401,91,76,0.8351648351648352,0.833868396689004,0.013754871336463914
GSM4138115,10,4,Macrophage_family,family,0.9843949484511658,20,15,0.75,1.0,0.015605051548834181
GSM4138115,10,7,DC_pDC,specific,0.9816087420119992,19,19,1.0,0.9816087420119992,0.0
GSM4138115,10,9,DC_family,family,0.9715914688500271,22,21,0.9545454545454546,0.9715512163742203,-4.025247580685676e-05
GSM4138116,10,1,Monocyte_family,family,0.9489287727730615,683,682,0.9985358711566618,0.9502763226887815,0.0013475499157199478
GSM4138116,10,2,Mono_CD16,specific,0.9724498913822374,27,15,0.5555555555555556,0.9836055443637416,0.011155652981504227
GSM4138117,10,1,Monocyte_family,family,0.8117006347688214,147,92,0.6258503401360545,0.895042762036626,0.08334212726780466
GSM4138117,10,10,Mast,specific,0.9848958966969695,15,15,1.0,0.9848958966969695,0.0
GSM4138117,10,2,Mono_CD16,specific,0.9045767638448446,41,5,0.12195121951219512,,
GSM4138117,10,3,DC_family,family,0.9497935081257668,35,28,0.8,0.9508385317177726,0.001045023592005756
GSM4138117,10,4,Macrophage_family,family,0.8030892761006609,90,87,0.9666666666666667,0.7979146638714857,-0.005174612229175257
GSM4138117,10,7,DC_pDC,specific,0.9528621852287787,15,13,0.8666666666666667,,
GSM4138117,10,8,Macrophage_family,family,0.9089495373043791,25,24,0.96,0.9127946052526282,0.0038450679482491257
GSM4138118,10,1,Monocyte_family,family,0.918066743983385,277,267,0.9638989169675091,0.9298056736504263,0.011738929667041376
GSM4138118,10,2,Mono_CD16,specific,0.9734239621987251,33,6,0.18181818181818182,,
GSM4138119,10,1,Monocyte_family,family,0.8301904052179547,49,37,0.7551020408163265,0.9315536194769442,0.10136321425898942
GSM4138119,10,3,DC_family,family,0.7834007493233578,33,20,0.6060606060606061,0.9305850542102286,0.14718430488687084
GSM4138119,10,8,Macrophage_family,family,0.864219868053146,31,31,1.0,0.864219868053146,0.0
GSM4138120,10,1,Monocyte_family,family,0.8968761474998195,533,510,0.9568480300187617,0.9131004233813043,0.016224275881484784
GSM4138120,10,2,Mono_CD16,specific,0.8853974827644117,110,24,0.21818181818181817,0.9596757142031672,0.07427823143875556
GSM4138120,10,3,DC_family,family,0.9564666443320459,25,25,1.0,0.9564666443320459,0.0
GSM4138121,10,1,Monocyte_family,family,0.8810486817182515,56,41,0.7321428571428571,0.9132573021004411,0.032208620382189634
GSM4138121,10,3,DC_family,family,0.9125197721046266,25,20,0.8,0.9363781051671234,0.02385833306249674
GSM4138121,10,4,Macrophage_family,family,0.9448455167979144,20,14,0.7,,
GSM4138121,10,7,DC_pDC,specific,0.9606962873427333,17,12,0.7058823529411765,,
GSM4138122,10,1,Monocyte_family,family,0.9334391104950936,268,234,0.8731343283582089,0.982891132729332,0.04945202223423839
GSM4138122,10,2,Mono_CD16,specific,0.9038548561726819,376,139,0.3696808510638298,0.9776116977859656,0.07375684161328366
GSM4138122,10,3,DC_family,family,0.9768433080215141,25,25,1.0,0.9768433080215141,0.0
GSM4138122,10,7,DC_pDC,specific,0.9782659584116306,20,20,1.0,0.9782659584116306,0.0
GSM4138123,10,1,Monocyte_family,family,0.9158159994694424,33,24,0.7272727272727273,0.9484440899195252,0.03262809045008286
GSM4138123,10,3,DC_family,family,0.7350764053240022,57,38,0.6666666666666666,0.8097558289875142,0.07467942366351199
GSM4138123,10,4,Macrophage_family,family,0.738187942540551,439,434,0.9886104783599089,0.7393374937040681,0.0011495511635171152
GSM4138123,10,7,DC_pDC,specific,0.9223107797302584,50,48,0.96,0.9508575041839805,0.028546724453722083
GSM4138123,10,9,DC_family,family,0.958023195554979,24,23,0.9583333333333334,0.9584346981659879,0.0004115026110089737
GSM4138124,10,1,Monocyte_family,family,0.9772825373437619,258,257,0.9961240310077519,0.9786656821473698,0.0013831448036079053
GSM4138124,10,2,Mono_CD16,specific,0.910919783208417,142,48,0.3380281690140845,0.969665210227224,0.05874542701880692
GSM4138125,10,1,Monocyte_family,family,0.932179708974783,98,82,0.8367346938775511,0.9663943251647535,0.03421461618997057
GSM4138125,10,2,Mono_CD16,specific,1.0,21,6,0.2857142857142857,,
GSM4138125,10,3,DC_family,family,0.871765313385526,37,17,0.4594594594594595,0.9532989544768493,0.08153364109132333
GSM4138125,10,4,Macrophage_family,family,0.8515620472889727,50,50,1.0,0.8515620472889727,0.0
GSM4138125,10,8,Macrophage_family,family,0.7537935354050889,352,349,0.9914772727272727,0.7533955630224523,-0.0003979723826366133
GSM4138126,10,1,Monocyte_family,family,0.9691884326079986,697,683,0.9799139167862266,0.9805455421719511,0.011357109563952528
GSM4138126,10,2,Mono_CD16,specific,0.9463763398962457,129,23,0.17829457364341086,1.0,0.0536236601037543
GSM4138127,10,1,Monocyte_family,family,0.8810783016432953,148,128,0.8648648648648649,0.8867702468526312,0.0056919452093359135
GSM4138127,10,2,Mono_CD16,specific,0.9414220690012178,31,1,0.03225806451612903,,
GSM4138127,10,3,DC_family,family,0.9629382819797,24,19,0.7916666666666666,0.9870404501826457,0.02410216820294575
GSM4138127,10,4,Macrophage_family,family,0.8986026007661706,29,15,0.5172413793103449,0.9709477216564447,0.07234512089027412
GSM4138127,10,7,DC_pDC,specific,0.9204383741892933,31,29,0.9354838709677419,0.9444607535101854,0.02402237932089213
GSM4138127,10,8,Macrophage_family,family,0.961294484089343,34,33,0.9705882352941176,0.9627137775612528,0.0014192934719097217
GSM4138128,10,1,Monocyte_family,family,0.9334391104950936,268,234,0.8731343283582089,0.982891132729332,0.04945202223423839
GSM4138128,10,2,Mono_CD16,specific,0.9038548561726819,376,139,0.3696808510638298,0.9776116977859656,0.07375684161328366
GSM4138128,10,3,DC_family,family,0.9768433080215141,25,25,1.0,0.9768433080215141,0.0
GSM4138128,10,7,DC_pDC,specific,0.9782659584116306,20,20,1.0,0.9782659584116306,0.0
GSM4138129,10,1,Monocyte_family,family,0.8982846641713316,82,63,0.7682926829268293,0.9530057940751405,0.05472112990380895
GSM4138129,10,2,Mono_CD16,specific,0.9475706337637547,31,3,0.0967741935483871,,
GSM4138129,10,3,DC_family,family,0.8997260689014991,34,20,0.5882352941176471,0.9773750861544296,0.0776490172529305
GSM4138129,10,4,Macrophage_family,family,0.893825722539305,44,41,0.9318181818181818,0.8927200594293666,-0.0011056631099384262
GSM4138129,10,7,DC_pDC,specific,0.9868286715955322,25,25,1.0,0.9868286715955322,0.0
GSM4138129,10,8,Macrophage_family,family,0.869217139195234,54,53,0.9814814814814815,0.863071564219815,-0.00614557497541901
GSM4138130,10,1,Monocyte_family,family,0.9522259301363993,336,321,0.9553571428571429,0.9776454384560654,0.025419508319666106
GSM4138130,10,2,Mono_CD16,specific,0.9468019407739113,320,116,0.3625,0.9812775037239836,0.03447556295007226
GSM4138130,10,7,DC_pDC,specific,0.9639490407838097,19,19,1.0,0.9639490407838097,0.0
GSM4138131,10,1,Monocyte_family,family,0.9162632797669797,93,79,0.8494623655913979,0.9184243615015399,0.0021610817345601996
GSM4138131,10,10,Mast,specific,0.9564196483172959,19,18,0.9473684210526315,0.9764376533440459,0.020018005026749996
GSM4138131,10,2,Mono_CD16,specific,0.8741825596748746,125,5,0.04,,
GSM4138131,10,3,DC_family,family,0.8351679787051121,86,59,0.686046511627907,0.8299670703884587,-0.005200908316653319
GSM4138131,10,4,Macrophage_family,family,0.7967461029315521,224,103,0.45982142857142855,0.8320388024192213,0.03529269948766922
GSM4138131,10,7,DC_pDC,specific,0.9046789059634622,112,106,0.9464285714285714,0.9185940501920142,0.013915144228552001
GSM4138131,10,9,DC_family,family,0.8325848233336373,71,68,0.9577464788732394,0.8303948627968409,-0.0021899605367963204
GSM4138132,10,1,Monocyte_family,family,0.9565503876094258,470,462,0.9829787234042553,0.9786868467955547,0.022136459186128943
GSM4138132,10,2,Mono_CD16,specific,0.9410540349064743,294,58,0.19727891156462585,0.9814133723188372,0.04035933741236286
GSM4138133,10,1,Monocyte_family,family,0.9250654616205337,54,15,0.2777777777777778,0.9743239319213808,0.04925847030084707
GSM4138133,10,2,Mono_CD16,specific,0.9531905854668106,37,1,0.02702702702702703,,
GSM4138133,10,3,DC_family,family,0.8430418484453923,111,71,0.6396396396396397,0.8667207770655022,0.023678928620109896
GSM4138133,10,4,Macrophage_family,family,0.8049100866144815,95,90,0.9473684210526315,0.8184952847324005,0.013585198117919028
GSM4138133,10,7,DC_pDC,specific,0.9840886463775538,22,21,0.9545454545454546,0.9780104357713506,-0.0060782106062031716
GSM4138133,10,8,Macrophage_family,family,0.9379396200257782,19,19,1.0,0.9379396200257782,0.0
GSM4138133,10,9,DC_family,family,0.8823855061566597,21,21,1.0,0.8823855061566597,0.0
GSM4138134,10,1,Monocyte_family,family,0.9772723859444108,915,906,0.9901639344262295,0.9823386783716545,0.005066292427243657
GSM4138134,10,2,Mono_CD16,specific,0.9539559668671737,495,132,0.26666666666666666,0.9695591587489021,0.015603191881728429
GSM4138134,10,7,DC_pDC,specific,0.9856991785152992,15,15,1.0,0.9856991785152992,0.0
GSM4138135,10,1,Monocyte_family,family,0.9173264985299775,159,67,0.42138364779874216,0.9606286750109639,0.04330217648098644
GSM4138135,10,10,Mast,specific,1.0,21,21,1.0,1.0,0.0
GSM4138135,10,2,Mono_CD16,specific,0.9500243422310869,61,3,0.04918032786885246,,
GSM4138135,10,3,DC_family,family,0.8372207220982687,64,20,0.3125,0.9007168269755834,0.06349610487731472
GSM4138135,10,4,Macrophage_family,family,0.7677637912867639,360,353,0.9805555555555555,0.7761391066833433,0.00837531539657943
GSM4138135,10,7,DC_pDC,specific,0.9592348250153161,19,17,0.8947368421052632,0.9787886250594097,0.019553800044093572
GSM4138135,10,8,Macrophage_family,family,0.8099957579263966,82,82,1.0,0.8099957579263966,0.0
GSM4138135,10,9,DC_family,family,0.9257796574418986,31,31,1.0,0.9257796574418986,0.0
GSM4138136,10,1,Monocyte_family,family,0.9477131287844229,417,401,0.9616306954436451,0.9735775040269155,0.02586437524249252
GSM4138136,10,2,Mono_CD16,specific,0.9018462206630427,291,110,0.37800687285223367,0.978914746972955,0.07706852630991234
GSM4138136,10,3,DC_family,family,0.9737796902475713,18,18,1.0,0.9737796902475713,0.0
GSM4138137,10,1,Monocyte_family,family,0.8702352129140535,148,51,0.34459459459459457,0.9719024095719836,0.10166719665793011
GSM4138137,10,2,Mono_CD16,specific,0.951158359345737,44,2,0.045454545454545456,,
GSM4138137,10,3,DC_family,family,0.8318496360608798,58,18,0.3103448275862069,0.9045291579820232,0.07267952192114335
GSM4138137,10,4,Macrophage_family,family,0.804282226522456,278,276,0.9928057553956835,0.8084310389973067,0.0041488124748507715
GSM4138137,10,8,Macrophage_family,family,0.7743389324960033,143,143,1.0,0.7743389324960033,0.0
GSM4138137,10,9,DC_family,family,0.9522191221967475,18,17,0.9444444444444444,0.9513257474953213,-0.0008933747014262527
GSM4138138,10,1,Monocyte_family,family,0.965693438462939,396,386,0.9747474747474747,0.9730314211471376,0.007337982684198607
GSM4138138,10,2,Mono_CD16,specific,0.9485221618001273,230,112,0.48695652173913045,0.9668810029523296,0.01835884115220232
GSM4138139,10,1,Monocyte_family,family,0.842008727928697,144,86,0.5972222222222222,0.917810962733117,0.07580223480442005
GSM4138139,10,10,Mast,specific,0.9658315628046693,60,60,1.0,0.9658315628046693,0.0
GSM4138139,10,2,Mono_CD16,specific,0.9146627294646159,61,10,0.16393442622950818,,
GSM4138139,10,3,DC_family,family,0.8915456397320431,72,46,0.6388888888888888,0.9135366476455585,0.02199100791351538
GSM4138139,10,4,Macrophage_family,family,0.8105316178034123,120,116,0.9666666666666667,0.8179295892508268,0.0073979714474144975
GSM4138139,10,7,DC_pDC,specific,0.9506174967437965,22,22,1.0,0.9506174967437965,0.0
GSM4138139,10,8,Macrophage_family,family,0.7709936242081673,115,110,0.9565217391304348,0.7690293386266758,-0.0019642855814915317
GSM4138139,10,9,DC_family,family,0.9439413382638153,24,23,0.9583333333333334,0.9424067231791787,-0.0015346150846365925
GSM4138140,10,1,Monocyte_family,family,0.958324552157612,501,489,0.9760479041916168,0.9747629840220529,0.016438431864440828
GSM4138140,10,2,Mono_CD16,specific,0.9204626106809379,291,77,0.2646048109965636,0.9699730019986887,0.04951039131775081
GSM4138140,10,3,DC_family,family,0.9763764214345327,21,21,1.0,0.9763764214345327,0.0
GSM4138141,10,1,Monocyte_family,family,0.8717252266860432,238,210,0.8823529411764706,0.9129657651629761,0.041240538476932875
GSM4138141,10,2,Mono_CD16,specific,0.9047144123154433,95,29,0.30526315789473685,0.9795622594124764,0.07484784709703318
GSM4138141,10,3,DC_family,family,0.7803949582220299,124,97,0.782258064516129,0.8111485111851459,0.030753552963115993
GSM4138141,10,4,Macrophage_family,family,0.842221478411341,83,64,0.7710843373493976,0.8764941452452534,0.03427266683391239
GSM4138141,10,7,DC_pDC,specific,0.915848528113676,73,72,0.9863013698630136,0.9165508686482305,0.0007023405345545353
GSM4138141,10,9,DC_family,family,0.8839117111816409,56,56,1.0,0.8839117111816409,0.0
GSM4138142,10,1,Monocyte_family,family,0.9471691798583534,512,493,0.962890625,0.9548363486828502,0.007667168824496806
GSM4138142,10,2,Mono_CD16,specific,0.9167702337645984,249,108,0.43373493975903615,0.9665257719433304,0.04975553817873202
GSM4138143,10,1,Monocyte_family,family,0.8318146907440728,94,59,0.6276595744680851,0.9124250109839177,0.08061032023984493
GSM4138143,10,10,Mast,specific,0.9748135904112316,31,31,1.0,0.9748135904112316,0.0
GSM4138143,10,2,Mono_CD16,specific,0.9269137037838897,63,13,0.20634920634920634,,
GSM4138143,10,3,DC_family,family,0.762588474182718,125,90,0.72,0.8093113613652854,0.04672288718256734
GSM4138143,10,4,Macrophage_family,family,0.9309242650895759,28,27,0.9642857142857143,0.9328111019949883,0.001886836905412359
GSM4138143,10,7,DC_pDC,specific,0.9295762244202338,46,46,1.0,0.9295762244202338,0.0
GSM4138143,10,8,Macrophage_family,family,0.9443814286217983,17,17,1.0,0.9443814286217983,0.0
GSM4138143,10,9,DC_family,family,0.8192495354150123,45,45,1.0,0.8192495354150123,0.0
GSM4138144,10,1,Monocyte_family,family,0.9308469567230436,177,150,0.847457627118644,0.9597605702337991,0.028913613510755498
GSM4138144,10,2,Mono_CD16,specific,0.913412856980042,128,64,0.5,0.9749122264211482,0.06149936944110612
GSM4138144,10,3,DC_family,family,0.9672627327475007,30,30,1.0,0.9672627327475007,0.0
GSM4138145,10,1,Monocyte_family,family,0.841086024366519,201,147,0.7313432835820896,0.9068950552526602,0.0658090308861412
GSM4138145,10,2,Mono_CD16,specific,0.9511841811326168,59,12,0.2033898305084746,,
GSM4138145,10,3,DC_family,family,0.7508566878624285,208,188,0.9038461538461539,0.7499989771514748,-0.0008577107109537518
GSM4138145,10,4,Macrophage_family,family,0.963957485284193,25,25,1.0,0.963957485284193,0.0
GSM4138145,10,7,DC_pDC,specific,0.945258029964264,45,45,1.0,0.945258029964264,0.0
GSM4138145,10,9,DC_family,family,0.9536282277938718,19,19,1.0,0.9536282277938718,0.0
GSM4138146,10,1,Monocyte_family,family,0.9349843820878567,179,166,0.9273743016759777,0.9591333630306939,0.024148980942837128
GSM4138146,10,2,Mono_CD16,specific,0.9031717752925157,308,200,0.6493506493506493,0.9622686828921565,0.05909690759964081
GSM4138147,10,3,DC_family,family,0.9637043878758242,17,13,0.7647058823529411,,
GSM4138147,10,7,DC_pDC,specific,0.935324749011505,31,31,1.0,0.935324749011505,0.0
GSM4138148,10,1,Monocyte_family,family,0.9288983821404443,114,102,0.8947368421052632,0.9842676853876245,0.05536930324718026
GSM4138148,10,2,Mono_CD16,specific,0.8617422744655868,76,34,0.4473684210526316,0.9692635348384981,0.10752126037291132
GSM4138148,10,3,DC_family,family,0.9848610337060923,20,20,1.0,0.9848610337060923,0.0
GSM4138150,10,1,Monocyte_family,family,0.9360416558635849,135,127,0.9407407407407408,0.9703854101750167,0.03434375431143177
GSM4138150,10,2,Mono_CD16,specific,0.9109620258962416,80,35,0.4375,0.9785444665693842,0.06758244067314256
GSM4138151,10,3,DC_family,family,0.9824141155797756,15,13,0.8666666666666667,,
GSM4138151,10,7,DC_pDC,specific,0.9806392337550041,15,15,1.0,0.9806392337550041,0.0
GSM4138152,10,1,Monocyte_family,family,0.936009624661148,318,297,0.9339622641509434,0.9502115127178224,0.014201888056674439
GSM4138152,10,2,Mono_CD16,specific,0.8874677495244612,175,89,0.5085714285714286,0.9413199538988823,0.053852204374421175
GSM4138152,10,3,DC_family,family,0.9640923557347325,24,24,1.0,0.9640923557347325,0.0
GSM4138152,10,7,DC_pDC,specific,0.9775928259929391,15,15,1.0,0.9775928259929391,0.0
GSM4138153,10,3,DC_family,family,0.9257985223829949,26,20,0.7692307692307693,0.9359677022668879,0.010169179883892987
GSM4138154,10,1,Monocyte_family,family,0.9018379476746698,296,274,0.9256756756756757,0.941522702292559,0.03968475461788912
GSM4138154,10,2,Mono_CD16,specific,0.8721505223825365,72,30,0.4166666666666667,0.951042806610867,0.0788922842283305
GSM4138154,10,3,DC_family,family,0.9160527031063195,20,20,1.0,0.9160527031063195,0.0
GSM4138155,10,1,Monocyte_family,family,0.8080225273122563,181,150,0.8287292817679558,0.8453577545508705,0.037335227238614155
GSM4138155,10,10,Mast,specific,0.9252378509283148,20,19,0.95,0.9381206978557273,0.012882846927412483
GSM4138155,10,2,Mono_CD16,specific,0.9529490639652533,26,6,0.23076923076923078,,
GSM4138155,10,3,DC_family,family,0.7098692862251731,215,159,0.7395348837209302,0.7305759552127733,0.020706668987600207
GSM4138155,10,4,Macrophage_family,family,0.8524257017583861,43,41,0.9534883720930233,0.8962916810250205,0.04386597926663449
GSM4138155,10,7,DC_pDC,specific,0.9001000132765705,52,50,0.9615384615384616,0.9062361607604512,0.006136147483880694
GSM4138155,10,8,Macrophage_family,family,0.6958074412506168,105,102,0.9714285714285714,0.7151336784419469,0.019326237191330087
GSM4138155,10,9,DC_family,family,0.8643912220347433,30,30,1.0,0.8643912220347433,0.0
GSM4138156,10,1,Monocyte_family,family,0.9435820370523977,674,643,0.9540059347181009,0.9623575536335279,0.01877551658113019
GSM4138156,10,2,Mono_CD16,specific,0.916190319184399,286,150,0.5244755244755245,0.9674540600296433,0.05126374084524432
GSM4138156,10,3,DC_family,family,0.9714212397510513,32,32,1.0,0.9714212397510513,0.0
GSM4138156,10,7,DC_pDC,specific,0.9539837451128743,15,15,1.0,0.9539837451128743,0.0
GSM4138157,10,1,Monocyte_family,family,0.9460408286213942,37,23,0.6216216216216216,0.9849163936403673,0.03887556501897316
GSM4138157,10,2,Mono_CD16,specific,0.9628750472669719,28,4,0.14285714285714285,,
GSM4138157,10,3,DC_family,family,0.7922982404166817,65,41,0.6307692307692307,0.8782777732975622,0.08597953288088045
GSM4138157,10,4,Macrophage_family,family,0.9460653166400542,20,20,1.0,0.9460653166400542,0.0
GSM4138157,10,7,DC_pDC,specific,0.9480389776479722,17,16,0.9411764705882353,0.978093154163344,0.03005417651537179
GSM4138158,10,1,Monocyte_family,family,0.9557882757122204,233,224,0.9613733905579399,0.9692606332755885,0.013472357563368176
GSM4138158,10,2,Mono_CD16,specific,0.9434871565412246,60,19,0.31666666666666665,0.9852479955603701,0.04176083901914551
GSM4138158,10,3,DC_family,family,0.9837408307263258,17,17,1.0,0.9837408307263258,0.0
GSM4138159,10,1,Monocyte_family,family,0.9583928678346204,40,33,0.825,0.9672539383375647,0.008861070502944268
GSM4138159,10,2,Mono_CD16,specific,1.0,20,2,0.1,,
GSM4138159,10,3,DC_family,family,0.8039710178303696,51,38,0.7450980392156863,0.8237717741498397,0.019800756319470092
GSM4138159,10,4,Macrophage_family,family,0.9851261513291948,20,20,1.0,0.9851261513291948,0.0
GSM4138160,10,1,Monocyte_family,family,0.9384949837137762,428,413,0.9649532710280374,0.9628162585251501,0.024321274811373916
GSM4138160,10,2,Mono_CD16,specific,0.9309714413309697,104,36,0.34615384615384615,0.9900033659049698,0.059031924574000194
GSM4138160,10,7,DC_pDC,specific,0.980833886723325,23,23,1.0,0.980833886723325,0.0
GSM4138161,10,1,Monocyte_family,family,0.8612178123479826,116,91,0.7844827586206896,0.8991533571760918,0.037935544828109236
GSM4138161,10,2,Mono_CD16,specific,0.9631913581263088,25,9,0.36,,
GSM4138161,10,3,DC_family,family,0.7338053250382374,121,99,0.8181818181818182,0.7293859724710217,-0.004419352567215706
GSM4138161,10,4,Macrophage_family,family,0.9166840720148676,15,13,0.8666666666666667,,
GSM4138161,10,7,DC_pDC,specific,0.864470627766718,111,106,0.954954954954955,0.8573154205164121,-0.007155207250305939
GSM4138162,10,1,Monocyte_family,family,0.9543367771708506,354,339,0.9576271186440678,0.9660537095477072,0.01171693237685656
GSM4138162,10,2,Mono_CD16,specific,0.8867580973559154,191,63,0.3298429319371728,0.9689990847188696,0.08224098736295427
GSM4138162,10,3,DC_family,family,0.973564138893859,32,32,1.0,0.973564138893859,0.0
GSM4138162,10,7,DC_pDC,specific,0.9897606953288196,17,17,1.0,0.9897606953288196,0.0
GSM4138163,10,1,Monocyte_family,family,0.9484472572321808,361,346,0.9584487534626038,0.9604233221502219,0.01197606491804104
GSM4138163,10,2,Mono_CD16,specific,0.901342799698692,102,23,0.22549019607843138,0.9838436758508947,0.0825008761522027
GSM4138163,10,3,DC_family,family,0.9850226828093042,21,20,0.9523809523809523,0.9800478107092825,-0.004974872100021677
GSM4138163,10,7,DC_pDC,specific,0.9941087355013785,16,16,1.0,0.9941087355013785,0.0
GSM4138164,10,1,Monocyte_family,family,0.9367310393066749,97,91,0.9381443298969072,0.9756863136990718,0.03895527439239688
GSM4138164,10,2,Mono_CD16,specific,0.8779419020859581,71,21,0.29577464788732394,0.9829393430119403,0.10499744092598218
GSM4138165,10,1,Monocyte_family,family,0.9428005120816174,286,273,0.9545454545454546,0.9755123353795153,0.0327118232978979
GSM4138165,10,2,Mono_CD16,specific,0.8911394300344553,196,93,0.4744897959183674,0.9446544771791544,0.053515047144699124
GSM4138166,10,1,Monocyte_family,family,0.9405286017300151,275,257,0.9345454545454546,0.9752017648616822,0.03467316313166713
GSM4138166,10,2,Mono_CD16,specific,0.8958434907167918,232,117,0.5043103448275862,0.9621941145544404,0.06635062383764856
GSM4138166,10,3,DC_family,family,0.9779430663585412,27,27,1.0,0.9779430663585412,0.0
GSM4138167,10,1,Monocyte_family,family,0.9437417102518999,246,235,0.9552845528455285,0.9811992191883014,0.03745750893640154
GSM4138167,10,2,Mono_CD16,specific,0.8844978452320758,161,29,0.18012422360248448,0.9625303423920475,0.07803249715997174
GSM4138167,10,3,DC_family,family,0.9816701437508192,22,22,1.0,0.9816701437508192,0.0
GSM4138168,10,7,DC_pDC,specific,0.9457890908623999,20,20,1.0,0.9457890908623999,0.0
GSM4138169,10,3,DC_family,family,1.0,15,14,0.9333333333333333,,
GSM4138171,10,3,DC_family,family,1.0,18,15,0.8333333333333334,1.0,0.0
GSM4138172,10,3,DC_family,family,0.9755730284803008,19,16,0.8421052631578947,0.9863191889443204,0.01074616046401955
GSM4138110,11,6,DC_pDC,specific,0.9555193703185515,21,21,1.0,0.9555193703185515,0.0
GSM4138111,11,10,Mast,specific,0.876493661763317,29,28,0.9655172413793104,0.9050661191766445,0.02857245741332748
GSM4138111,11,2,DC_family,family,0.8000662107501335,84,60,0.7142857142857143,0.8187008624524515,0.01863465170231804
GSM4138111,11,3,Macrophage_family,family,0.9100903202704623,21,21,1.0,0.9100903202704623,0.0
GSM4138111,11,6,DC_pDC,specific,0.7663896671108272,70,66,0.9428571428571428,0.8967290871409748,0.13033942003014753
GSM4138111,11,9,DC_family,family,0.7334839480501059,16,16,1.0,0.7334839480501059,0.0
GSM4138112,11,6,DC_pDC,specific,0.9670409840078681,25,25,1.0,0.9670409840078681,0.0
GSM4138113,11,2,DC_family,family,0.833577352685968,31,28,0.9032258064516129,0.8493269864417383,0.01574963375577032
GSM4138113,11,6,DC_pDC,specific,0.8467529855706365,37,36,0.972972972972973,0.9211167331049517,0.07436374753431518
GSM4138115,11,2,DC_family,family,0.822321887062468,86,75,0.872093023255814,0.8329088464663328,0.010586959403864782
GSM4138115,11,6,DC_pDC,specific,0.9816087420119992,19,19,1.0,0.9816087420119992,0.0
GSM4138115,11,9,DC_family,family,0.9715914688500271,22,21,0.9545454545454546,0.9715512163742203,-4.025247580685676e-05
GSM4138117,11,10,Mast,specific,0.9848958966969695,15,15,1.0,0.9848958966969695,0.0
GSM4138117,11,2,DC_family,family,0.9521541972245413,29,24,0.8275862068965517,0.9596284435383843,0.007474246313842969
GSM4138117,11,3,Macrophage_family,family,0.8426619811514806,67,67,1.0,0.8426619811514806,0.0
GSM4138117,11,6,DC_pDC,specific,0.9528621852287787,15,13,0.8666666666666667,,
GSM4138117,11,7,Macrophage_family,family,0.9192768875775964,21,21,1.0,0.9192768875775964,0.0
GSM4138119,11,2,DC_family,family,0.7761625158554313,33,20,0.6060606060606061,0.9305850542102286,0.15442253835479736
GSM4138119,11,7,Macrophage_family,family,0.8696025215461947,28,28,1.0,0.8696025215461947,0.0
GSM4138120,11,2,DC_family,family,0.9688844567268268,20,20,1.0,0.9688844567268268,0.0
GSM4138121,11,2,DC_family,family,0.8670405667054802,27,20,0.7407407407407407,0.9363781051671234,0.06933753846164314
GSM4138121,11,3,Macrophage_family,family,0.9228278689813452,17,15,0.8823529411764706,0.9294968854765175,0.006669016495172375
GSM4138121,11,6,DC_pDC,specific,0.9606962873427333,17,12,0.7058823529411765,,
GSM4138122,11,6,DC_pDC,specific,0.9782659584116306,20,20,1.0,0.9782659584116306,0.0
GSM4138123,11,2,DC_family,family,0.7327074070677715,58,38,0.6551724137931034,0.8097558289875142,0.0770484219197427
GSM4138123,11,3,Macrophage_family,family,0.7381884581688076,434,432,0.9953917050691244,0.7387983227683281,0.0006098645995205043
GSM4138123,11,6,DC_pDC,specific,0.9223107797302584,50,48,0.96,0.9508575041839805,0.028546724453722083
GSM4138123,11,9,DC_family,family,0.958023195554979,24,23,0.9583333333333334,0.9584346981659879,0.0004115026110089737
GSM4138125,11,2,DC_family,family,0.8621715671343563,35,18,0.5142857142857142,0.9538382525751548,0.09166668544079848
GSM4138125,11,3,Macrophage_family,family,0.8505946282655551,47,47,1.0,0.8505946282655551,0.0
GSM4138125,11,7,Macrophage_family,family,0.7577851378735541,350,347,0.9914285714285714,0.7578992572223697,0.00011411934881566665
GSM4138127,11,2,DC_family,family,0.9767806547958995,23,18,0.782608695652174,0.9869581890772249,0.010177534281325396
GSM4138127,11,6,DC_pDC,specific,0.921039121510737,32,30,0.9375,0.9441912994803779,0.023152177969640975
GSM4138127,11,7,Macrophage_family,family,0.9740186225060996,33,32,0.9696969696969697,0.9749394675582627,0.0009208450521630551
GSM4138128,11,6,DC_pDC,specific,0.9782659584116306,20,20,1.0,0.9782659584116306,0.0
GSM4138129,11,2,DC_family,family,0.9257082629099478,32,20,0.625,0.9775511476203284,0.051842884710380566
GSM4138129,11,3,Macrophage_family,family,0.8984436242200077,41,40,0.975609756097561,0.8909981133083087,-0.007445510911698983
GSM4138129,11,6,DC_pDC,specific,0.9868286715955322,25,25,1.0,0.9868286715955322,0.0
GSM4138129,11,7,Macrophage_family,family,0.86748325700545,47,47,1.0,0.86748325700545,0.0
GSM4138130,11,6,DC_pDC,specific,0.9645785270275617,18,18,1.0,0.9645785270275617,0.0
GSM4138131,11,10,Mast,specific,0.9764376533440459,18,18,1.0,0.9764376533440459,0.0
GSM4138131,11,2,DC_family,family,0.8300317259401129,76,58,0.7631578947368421,0.8226584977779176,-0.007373228162195322
GSM4138131,11,3,Macrophage_family,family,0.8120277224647855,129,95,0.7364341085271318,0.8237652673604132,0.011737544895627727
GSM4138131,11,6,DC_pDC,specific,0.9046789059634622,112,106,0.9464285714285714,0.9185940501920142,0.013915144228552001
GSM4138131,11,9,DC_family,family,0.83157827189553,70,68,0.9714285714285714,0.8303948627968409,-0.001183409098689081
GSM4138133,11,2,DC_family,family,0.8373948424131921,94,68,0.723404255319149,0.8573415572550885,0.019946714841896473
GSM4138133,11,3,Macrophage_family,family,0.8083441982764537,84,78,0.9285714285714286,0.8088323592777494,0.00048816100129578377
GSM4138133,11,6,DC_pDC,specific,0.9840886463775538,22,21,0.9545454545454546,0.9780104357713506,-0.0060782106062031716
GSM4138133,11,7,Macrophage_family,family,0.9648208303936991,18,18,1.0,0.9648208303936991,0.0
GSM4138133,11,9,DC_family,family,0.8823855061566597,21,21,1.0,0.8823855061566597,0.0
GSM4138134,11,6,DC_pDC,specific,0.9856991785152992,15,15,1.0,0.9856991785152992,0.0
GSM4138135,11,10,Mast,specific,1.0,21,21,1.0,1.0,0.0
GSM4138135,11,2,DC_family,family,0.8431889329539428,55,20,0.36363636363636365,0.9007168269755834,0.0575278940216406
GSM4138135,11,3,Macrophage_family,family,0.7695416087483746,334,332,0.9940119760479041,0.7704903469203714,0.0009487381719968102
GSM4138135,11,6,DC_pDC,specific,0.9592348250153161,19,17,0.8947368421052632,0.9787886250594097,0.019553800044093572
GSM4138135,11,7,Macrophage_family,family,0.8146590336670942,66,66,1.0,0.8146590336670942,0.0
GSM4138135,11,9,DC_family,family,0.9257796574418986,31,31,1.0,0.9257796574418986,0.0
GSM4138137,11,2,DC_family,family,0.8169113624739601,58,18,0.3103448275862069,0.9045291579820232,0.08761779550806303
GSM4138137,11,3,Macrophage_family,family,0.8096762471753869,261,259,0.9923371647509579,0.811116568919688,0.0014403217443010874
GSM4138137,11,7,Macrophage_family,family,0.782893846079952,127,127,1.0,0.782893846079952,0.0
GSM4138137,11,9,DC_family,family,0.9522191221967475,18,17,0.9444444444444444,0.9513257474953213,-0.0008933747014262527
GSM4138139,11,10,Mast,specific,0.9658315628046693,60,60,1.0,0.9658315628046693,0.0
GSM4138139,11,2,DC_family,family,0.8958491905208821,65,47,0.7230769230769231,0.9150402154081079,0.019191024887225794
GSM4138139,11,3,Macrophage_family,family,0.8258883001176913,106,106,1.0,0.8258883001176913,0.0
GSM4138139,11,6,DC_pDC,specific,0.9603602245344051,23,22,0.9565217391304348,0.9506174967437965,-0.009742727790608585
GSM4138139,11,7,Macrophage_family,family,0.7659944554578983,109,102,0.9357798165137615,0.7697628876072282,0.00376843214932987
GSM4138139,11,9,DC_family,family,0.9418075881014323,24,23,0.9583333333333334,0.9424067231791787,0.0005991350777464488
GSM4138141,11,2,DC_family,family,0.778911375479474,116,91,0.7844827586206896,0.8159953571882352,0.03708398170876126
GSM4138141,11,3,Macrophage_family,family,0.8718777422641134,63,60,0.9523809523809523,0.8751446055340949,0.0032668632699814903
GSM4138141,11,6,DC_pDC,specific,0.915848528113676,73,72,0.9863013698630136,0.9165508686482305,0.0007023405345545353
GSM4138141,11,9,DC_family,family,0.8839117111816409,56,56,1.0,0.8839117111816409,0.0
GSM4138143,11,10,Mast,specific,0.9748135904112316,31,31,1.0,0.9748135904112316,0.0
GSM4138143,11,2,DC_family,family,0.7640507471740232,108,85,0.7870370370370371,0.8112272661714295,0.04717651899740627
GSM4138143,11,3,Macrophage_family,family,0.9447308199895365,19,19,1.0,0.9447308199895365,0.0
GSM4138143,11,6,DC_pDC,specific,0.9295762244202338,46,46,1.0,0.9295762244202338,0.0
GSM4138143,11,7,Macrophage_family,family,0.938831477726725,15,15,1.0,0.938831477726725,0.0
GSM4138143,11,9,DC_family,family,0.8192495354150123,45,45,1.0,0.8192495354150123,0.0
GSM4138144,11,2,DC_family,family,0.9723802304269106,23,23,1.0,0.9723802304269106,0.0
GSM4138145,11,2,DC_family,family,0.7546289430094681,189,179,0.9470899470899471,0.7484810516788023,-0.0061478913306658445
GSM4138145,11,3,Macrophage_family,family,0.9885485267864661,16,16,1.0,0.9885485267864661,0.0
GSM4138145,11,6,DC_pDC,specific,0.945258029964264,45,45,1.0,0.945258029964264,0.0
GSM4138145,11,9,DC_family,family,0.9536282277938718,19,19,1.0,0.9536282277938718,0.0
GSM4138147,11,2,DC_family,family,0.9840307386621786,15,13,0.8666666666666667,,
GSM4138147,11,6,DC_pDC,specific,0.935324749011505,31,31,1.0,0.935324749011505,0.0
GSM4138151,11,6,DC_pDC,specific,0.9806392337550041,15,15,1.0,0.9806392337550041,0.0
GSM4138152,11,2,DC_family,family,0.9871090852553972,17,17,1.0,0.9871090852553972,0.0
GSM4138153,11,2,DC_family,family,0.925871374275103,25,20,0.8,0.9359677022668879,0.010096327991784837
GSM4138154,11,2,DC_family,family,0.9333305365115374,16,16,1.0,0.9333305365115374,0.0
GSM4138155,11,10,Mast,specific,0.9252378509283148,20,19,0.95,0.9381206978557273,0.012882846927412483
GSM4138155,11,2,DC_family,family,0.6987922486996074,208,155,0.7451923076923077,0.7341048066369185,0.03531255793731103
GSM4138155,11,3,Macrophage_family,family,0.9026069487122212,43,42,0.9767441860465116,0.903329601246075,0.0007226525338537293
GSM4138155,11,6,DC_pDC,specific,0.9001000132765705,52,50,0.9615384615384616,0.9062361607604512,0.006136147483880694
GSM4138155,11,7,Macrophage_family,family,0.7220924392381769,96,93,0.96875,0.7274964817797913,0.005404042541614418
GSM4138155,11,9,DC_family,family,0.8994361183339555,29,29,1.0,0.8994361183339555,0.0
GSM4138156,11,6,DC_pDC,specific,0.9539837451128743,15,15,1.0,0.9539837451128743,0.0
GSM4138157,11,2,DC_family,family,0.7809667426362313,59,40,0.6779661016949152,0.8779073657392757,0.09694062310304441
GSM4138157,11,3,Macrophage_family,family,1.0,16,16,1.0,1.0,0.0
GSM4138157,11,6,DC_pDC,specific,0.9480389776479722,17,16,0.9411764705882353,0.978093154163344,0.03005417651537179
GSM4138159,11,2,DC_family,family,0.8010662435453213,49,38,0.7755102040816326,0.8237717741498397,0.02270553060451841
GSM4138159,11,3,Macrophage_family,family,0.9851261513291948,20,20,1.0,0.9851261513291948,0.0
GSM4138160,11,6,DC_pDC,specific,0.980833886723325,23,23,1.0,0.980833886723325,0.0
GSM4138161,11,2,DC_family,family,0.7362483748130549,112,94,0.8392857142857143,0.7375210220708033,0.0012726472577483383
GSM4138161,11,6,DC_pDC,specific,0.864470627766718,111,106,0.954954954954955,0.8573154205164121,-0.007155207250305939
GSM4138162,11,2,DC_family,family,0.9894803796261168,23,23,1.0,0.9894803796261168,0.0
GSM4138162,11,6,DC_pDC,specific,0.9897606953288196,17,17,1.0,0.9897606953288196,0.0
GSM4138163,11,6,DC_pDC,specific,0.9941087355013785,16,16,1.0,0.9941087355013785,0.0
GSM4138168,11,6,DC_pDC,specific,0.9457890908623999,20,20,1.0,0.9457890908623999,0.0
GSM4138169,11,2,DC_family,family,1.0,15,14,0.9333333333333333,,
GSM4138171,11,2,DC_family,family,1.0,18,15,0.8333333333333334,1.0,0.0
GSM4138172,11,2,DC_family,family,0.9755730284803008,19,16,0.8421052631578947,0.9863191889443204,0.01074616046401955
GSM4138110,12,1,Monocyte_family,family,0.9593750965272415,480,476,0.9916666666666667,0.9661088564354663,0.006733759908224779
GSM4138110,12,2,Mono_CD16,specific,0.9133221533127656,200,78,0.39,0.97761328954427,0.0642911362315044
GSM4138110,12,7,DC_pDC,specific,0.9555193703185515,21,21,1.0,0.9555193703185515,0.0
GSM4138111,12,1,Monocyte_family,family,0.8490966149343271,75,45,0.6,0.8755078060650846,0.026411191130757516
GSM4138111,12,10,DC_family,family,0.7334839480501059,16,16,1.0,0.7334839480501059,0.0
GSM4138111,12,11,Mast,specific,0.876493661763317,29,28,0.9655172413793104,0.9050661191766445,0.02857245741332748
GSM4138111,12,2,Mono_CD16,specific,0.8705263949734385,65,28,0.4307692307692308,0.909342322893809,0.038815927920370474
GSM4138111,12,3,DC_family,family,0.7971114674816056,95,63,0.6631578947368421,0.8241036816801144,0.026992214198508835
GSM4138111,12,4,Macrophage_family,family,0.8974881992500149,23,23,1.0,0.8974881992500149,0.0
GSM4138111,12,7,DC_pDC,specific,0.7677349770986589,71,67,0.9436619718309859,0.8974810959404121,0.12974611884175324
GSM4138112,12,1,Monocyte_family,family,0.9459685221997503,200,190,0.95,0.9710591118670545,0.025090589667304264
GSM4138112,12,2,Mono_CD16,specific,0.8974561880279941,179,95,0.5307262569832403,0.9618001923997429,0.06434400437174881
GSM4138112,12,7,DC_pDC,specific,0.9672228106134714,26,26,1.0,0.9672228106134714,0.0
GSM4138113,12,1,Monocyte_family,family,0.897925330363139,62,54,0.8709677419354839,0.9367945038288242,0.03886917346568519
GSM4138113,12,2,Mono_CD16,specific,0.9481411019105694,32,12,0.375,,
GSM4138113,12,3,DC_family,family,0.8367192497109632,33,30,0.9090909090909091,0.852985335899672,0.016266086188708728
GSM4138113,12,7,DC_pDC,specific,0.8467529855706365,37,36,0.972972972972973,0.9211167331049517,0.07436374753431518
GSM4138114,12,1,Monocyte_family,family,0.9373287519131976,247,227,0.9190283400809717,0.9818410070018566,0.04451225508865897
GSM4138114,12,2,Mono_CD16,specific,0.8746782461256999,148,60,0.40540540540540543,0.9638175783207804,0.08913933219508052
GSM4138114,12,3,DC_family,family,0.9840322664632362,20,20,1.0,0.9840322664632362,0.0
GSM4138115,12,1,Monocyte_family,family,1.0,16,8,0.5,,
GSM4138115,12,10,DC_family,family,0.9715914688500271,22,21,0.9545454545454546,0.9715512163742203,-4.025247580685676e-05
GSM4138115,12,2,Mono_CD16,specific,0.979986192490465,29,0,0.0,,
GSM4138115,12,3,DC_family,family,0.8209738257998478,92,77,0.8369565217391305,0.834240455967797,0.013266630167949156
GSM4138115,12,4,Macrophage_family,family,1.0,15,14,0.9333333333333333,,
GSM4138115,12,7,DC_pDC,specific,0.9816087420119992,19,19,1.0,0.9816087420119992,0.0
GSM4138116,12,1,Monocyte_family,family,0.9489287727730615,683,682,0.9985358711566618,0.9502763226887815,0.0013475499157199478
GSM4138116,12,2,Mono_CD16,specific,0.9726282392011247,28,15,0.5357142857142857,0.9836055443637416,0.010977305162616857
GSM4138117,12,1,Monocyte_family,family,0.8127357097201415,146,92,0.6301369863013698,0.895042762036626,0.0823070523164845
GSM4138117,12,11,Mast,specific,0.9848958966969695,15,15,1.0,0.9848958966969695,0.0
GSM4138117,12,2,Mono_CD16,specific,0.922602465065495,38,5,0.13157894736842105,,
GSM4138117,12,3,DC_family,family,0.9558027852557885,35,28,0.8,0.9508385317177726,-0.004964253538015995
GSM4138117,12,4,Macrophage_family,family,0.8456056276303525,72,72,1.0,0.8456056276303525,0.0
GSM4138117,12,7,DC_pDC,specific,0.9528621852287787,15,13,0.8666666666666667,,
GSM4138117,12,8,Macrophage_family,family,0.8933649714689892,27,26,0.9629629629629629,0.8927241355845322,-0.0006408358844569584
GSM4138118,12,1,Monocyte_family,family,0.9119567065618142,275,265,0.9636363636363636,0.9298888506781923,0.017932144116378113
GSM4138118,12,2,Mono_CD16,specific,0.9380089482839189,41,6,0.14634146341463414,,
GSM4138119,12,1,Monocyte_family,family,0.8301904052179547,49,37,0.7551020408163265,0.9315536194769442,0.10136321425898942
GSM4138119,12,3,DC_family,family,0.7834007493233578,33,20,0.6060606060606061,0.9305850542102286,0.14718430488687084
GSM4138119,12,8,Macrophage_family,family,0.8629482015457265,32,31,0.96875,0.864219868053146,0.0012716665074195
GSM4138120,12,1,Monocyte_family,family,0.8968761474998195,533,510,0.9568480300187617,0.9131004233813043,0.016224275881484784
GSM4138120,12,2,Mono_CD16,specific,0.8802491699832636,112,24,0.21428571428571427,0.9596757142031672,0.07942654421990358
GSM4138120,12,3,DC_family,family,0.9564666443320459,25,25,1.0,0.9564666443320459,0.0
GSM4138121,12,1,Monocyte_family,family,0.8814756957588346,57,41,0.7192982456140351,0.9132573021004411,0.03178160634160654
GSM4138121,12,3,DC_family,family,0.902908662245091,26,20,0.7692307692307693,0.9363781051671234,0.033469442922032355
GSM4138121,12,4,Macrophage_family,family,0.9193182559337585,18,16,0.8888888888888888,0.9271995352913135,0.007881279357555004
GSM4138121,12,7,DC_pDC,specific,0.9606962873427333,17,12,0.7058823529411765,,
GSM4138122,12,1,Monocyte_family,family,0.9447736300488448,261,232,0.8888888888888888,0.9833844801770182,0.038610850128173335
GSM4138122,12,2,Mono_CD16,specific,0.9019805544820307,380,139,0.36578947368421055,0.9776116977859656,0.07563114330393483
GSM4138122,12,3,DC_family,family,0.9774600209767685,24,24,1.0,0.9774600209767685,0.0
GSM4138122,12,7,DC_pDC,specific,0.9782659584116306,20,20,1.0,0.9782659584116306,0.0
GSM4138123,12,1,Monocyte_family,family,0.9357564482828016,34,24,0.7058823529411765,0.9481253079939161,0.012368859711114566
GSM4138123,12,10,DC_family,family,0.958023195554979,24,23,0.9583333333333334,0.9584346981659879,0.0004115026110089737
GSM4138123,12,3,DC_family,family,0.7402785562734407,58,38,0.6551724137931034,0.8097558289875142,0.06947727271407345
GSM4138123,12,4,Macrophage_family,family,0.7385084171558971,436,434,0.9954128440366973,0.739047895902448,0.0005394787465509143
GSM4138123,12,7,DC_pDC,specific,0.9223107797302584,50,48,0.96,0.9508575041839805,0.028546724453722083
GSM4138124,12,1,Monocyte_family,family,0.9781642606008704,256,255,0.99609375,0.978850631173023,0.0006863705721525948
GSM4138124,12,2,Mono_CD16,specific,0.9089337440365708,145,48,0.3310344827586207,0.969665210227224,0.06073146619065317
GSM4138125,12,1,Monocyte_family,family,0.932179708974783,98,82,0.8367346938775511,0.9663943251647535,0.03421461618997057
GSM4138125,12,2,Mono_CD16,specific,0.9900812906484642,26,6,0.23076923076923078,,
GSM4138125,12,3,DC_family,family,0.8709129045127088,38,18,0.47368421052631576,0.9538382525751548,0.082925348062446
GSM4138125,12,4,Macrophage_family,family,0.8512437194018825,48,48,1.0,0.8512437194018825,0.0
GSM4138125,12,8,Macrophage_family,family,0.7537935354050889,352,349,0.9914772727272727,0.7533955630224523,-0.0003979723826366133
GSM4138126,12,1,Monocyte_family,family,0.9694586130318367,696,682,0.9798850574712644,0.9773642440233404,0.007905630991503765
GSM4138126,12,2,Mono_CD16,specific,0.9458750048182377,138,23,0.16666666666666666,1.0,0.05412499518176228
GSM4138127,12,1,Monocyte_family,family,0.9133671781124495,142,119,0.8380281690140845,0.9157105087754772,0.0023433306630277206
GSM4138127,12,2,Mono_CD16,specific,0.981980969111335,16,1,0.0625,,
GSM4138127,12,3,DC_family,family,0.9767806547958995,23,18,0.782608695652174,0.9869581890772249,0.010177534281325396
GSM4138127,12,4,Macrophage_family,family,0.9709477216564447,15,15,1.0,0.9709477216564447,0.0
GSM4138127,12,7,DC_pDC,specific,0.921039121510737,32,30,0.9375,0.9441912994803779,0.023152177969640975
GSM4138127,12,8,Macrophage_family,family,0.947868612068971,37,36,0.972972972972973,0.9490697475722786,0.0012011355033075821
GSM4138128,12,1,Monocyte_family,family,0.9447736300488448,261,232,0.8888888888888888,0.9833844801770182,0.038610850128173335
GSM4138128,12,2,Mono_CD16,specific,0.9019805544820307,380,139,0.36578947368421055,0.9776116977859656,0.07563114330393483
GSM4138128,12,3,DC_family,family,0.9774600209767685,24,24,1.0,0.9774600209767685,0.0
GSM4138128,12,7,DC_pDC,specific,0.9782659584116306,20,20,1.0,0.9782659584116306,0.0
GSM4138129,12,1,Monocyte_family,family,0.8982846641713316,82,63,0.7682926829268293,0.9530057940751405,0.05472112990380895
GSM4138129,12,2,Mono_CD16,specific,0.9131034492806565,35,3,0.08571428571428572,,
GSM4138129,12,3,DC_family,family,0.9005405649057687,35,20,0.5714285714285714,0.9773750861544296,0.07683452124866086
GSM4138129,12,4,Macrophage_family,family,0.8954206301655294,45,42,0.9333333333333333,0.8933485215287233,-0.0020721086368060693
GSM4138129,12,7,DC_pDC,specific,0.9868286715955322,25,25,1.0,0.9868286715955322,0.0
GSM4138129,12,8,Macrophage_family,family,0.8632345528204051,51,51,1.0,0.8632345528204051,0.0
GSM4138130,12,1,Monocyte_family,family,0.9522311669345941,335,320,0.9552238805970149,0.9777228838009523,0.025491716866358205
GSM4138130,12,2,Mono_CD16,specific,0.953723791786991,322,116,0.36024844720496896,0.9812775037239836,0.02755371193699263
GSM4138130,12,7,DC_pDC,specific,0.9639490407838097,19,19,1.0,0.9639490407838097,0.0
GSM4138131,12,1,Monocyte_family,family,0.9087714626929588,97,80,0.8247422680412371,0.9384431312130821,0.029671668520123262
GSM4138131,12,10,DC_family,family,0.83157827189553,70,68,0.9714285714285714,0.8303948627968409,-0.001183409098689081
GSM4138131,12,11,Mast,specific,0.9764376533440459,18,18,1.0,0.9764376533440459,0.0
GSM4138131,12,2,Mono_CD16,specific,0.904506487064903,69,5,0.07246376811594203,,
GSM4138131,12,3,DC_family,family,0.8370167389524503,84,58,0.6904761904761905,0.8244293414003101,-0.012587397552140223
GSM4138131,12,4,Macrophage_family,family,0.8127356256474372,132,97,0.7348484848484849,0.8298717699986873,0.017136144351250104
GSM4138131,12,7,DC_pDC,specific,0.9046789059634622,112,106,0.9464285714285714,0.9185940501920142,0.013915144228552001
GSM4138132,12,1,Monocyte_family,family,0.9565503876094258,470,462,0.9829787234042553,0.9786868467955547,0.022136459186128943
GSM4138132,12,2,Mono_CD16,specific,0.941905510293099,292,58,0.19863013698630136,0.9814133723188372,0.039507862025738194
GSM4138133,12,1,Monocyte_family,family,0.9223858384475896,53,14,0.2641509433962264,,
GSM4138133,12,10,DC_family,family,0.8823855061566597,21,21,1.0,0.8823855061566597,0.0
GSM4138133,12,2,Mono_CD16,specific,0.931263544367843,42,1,0.023809523809523808,,
GSM4138133,12,3,DC_family,family,0.8394094621234728,114,70,0.6140350877192983,0.8578410399967696,0.018431577873296856
GSM4138133,12,4,Macrophage_family,family,0.8038256666194437,89,84,0.9438202247191011,0.80509030979481,0.0012646431753663423
GSM4138133,12,7,DC_pDC,specific,0.9840886463775538,22,21,0.9545454545454546,0.9780104357713506,-0.0060782106062031716
GSM4138133,12,8,Macrophage_family,family,0.9623413213770462,19,19,1.0,0.9623413213770462,0.0
GSM4138134,12,1,Monocyte_family,family,0.97621142111818,907,898,0.9900771775082691,0.9827443136569591,0.006532892538779089
GSM4138134,12,2,Mono_CD16,specific,0.9446526711651977,510,132,0.25882352941176473,0.9695591587489021,0.024906487583704395
GSM4138134,12,7,DC_pDC,specific,0.9856991785152992,15,15,1.0,0.9856991785152992,0.0
GSM4138135,12,1,Monocyte_family,family,0.9059890669520098,163,69,0.4233128834355828,0.9679489966971581,0.0619599297451483
GSM4138135,12,10,DC_family,family,0.9257796574418986,31,31,1.0,0.9257796574418986,0.0
GSM4138135,12,11,Mast,specific,1.0,21,21,1.0,1.0,0.0
GSM4138135,12,2,Mono_CD16,specific,0.9604740558725261,58,3,0.05172413793103448,,
GSM4138135,12,3,DC_family,family,0.8420882036843245,72,20,0.2777777777777778,0.9007168269755834,0.05862862329125895
GSM4138135,12,4,Macrophage_family,family,0.7696900114917565,354,351,0.9915254237288136,0.7767048929675361,0.007014881475779555
GSM4138135,12,7,DC_pDC,specific,0.9592348250153161,19,17,0.8947368421052632,0.9787886250594097,0.019553800044093572
GSM4138135,12,8,Macrophage_family,family,0.8165999288577982,72,72,1.0,0.8165999288577982,0.0
GSM4138136,12,1,Monocyte_family,family,0.9476576069112228,415,399,0.9614457831325302,0.9735585177362108,0.02590091082498802
GSM4138136,12,2,Mono_CD16,specific,0.8990695093693504,297,110,0.37037037037037035,0.978914746972955,0.07984523760360462
GSM4138136,12,3,DC_family,family,0.974499496859647,17,17,1.0,0.974499496859647,0.0
GSM4138137,12,1,Monocyte_family,family,0.8534539935578849,160,52,0.325,0.9665410393447236,0.1130870457868387
GSM4138137,12,10,DC_family,family,0.9522191221967475,18,17,0.9444444444444444,0.9513257474953213,-0.0008933747014262527
GSM4138137,12,2,Mono_CD16,specific,0.9514222490754696,43,2,0.046511627906976744,,
GSM4138137,12,3,DC_family,family,0.8271115721898883,60,18,0.3,0.9045291579820232,0.07741758579213487
GSM4138137,12,4,Macrophage_family,family,0.8038322830379123,273,271,0.9926739926739927,0.8045040414635135,0.0006717584256011877
GSM4138137,12,8,Macrophage_family,family,0.7819769507211658,145,145,1.0,0.7819769507211658,0.0
GSM4138138,12,1,Monocyte_family,family,0.9641925066148367,393,383,0.9745547073791349,0.9769799638660602,0.012787457251223544
GSM4138138,12,2,Mono_CD16,specific,0.9218681113051929,234,112,0.47863247863247865,0.9668810029523296,0.04501289164713673
GSM4138139,12,1,Monocyte_family,family,0.8365293362153019,150,89,0.5933333333333334,0.913689406335274,0.07716007011997206
GSM4138139,12,10,DC_family,family,0.9297053464799931,25,23,0.92,0.9424067231791787,0.012701376699185585
GSM4138139,12,11,Mast,specific,0.9658315628046693,60,60,1.0,0.9658315628046693,0.0
GSM4138139,12,2,Mono_CD16,specific,0.9356652526706568,58,10,0.1724137931034483,,
GSM4138139,12,3,DC_family,family,0.8915456397320431,72,46,0.6388888888888888,0.9135366476455585,0.02199100791351538
GSM4138139,12,4,Macrophage_family,family,0.8216421482690122,114,114,1.0,0.8216421482690122,0.0
GSM4138139,12,7,DC_pDC,specific,0.9506174967437965,22,22,1.0,0.9506174967437965,0.0
GSM4138139,12,8,Macrophage_family,family,0.7690134979841876,117,111,0.9487179487179487,0.7681685735862982,-0.0008449243978894128
GSM4138140,12,1,Monocyte_family,family,0.9644058632752025,493,482,0.9776876267748479,0.9771625411628647,0.012756677887662216
GSM4138140,12,2,Mono_CD16,specific,0.9159713743666826,305,77,0.25245901639344265,0.9699730019986887,0.05400162763200611
GSM4138140,12,3,DC_family,family,0.9763764214345327,21,21,1.0,0.9763764214345327,0.0
GSM4138141,12,1,Monocyte_family,family,0.8698346667474979,235,207,0.8808510638297873,0.9178870670150616,0.048052400267563744
GSM4138141,12,10,DC_family,family,0.8839117111816409,56,56,1.0,0.8839117111816409,0.0
GSM4138141,12,2,Mono_CD16,specific,0.933099147452921,91,29,0.31868131868131866,0.9795622594124764,0.046463111959555436
GSM4138141,12,3,DC_family,family,0.7794588753837707,124,96,0.7741935483870968,0.8137601856822314,0.03430131029846073
GSM4138141,12,4,Macrophage_family,family,0.873261031915548,68,63,0.9264705882352942,0.8778062627335345,0.004545230817986412
GSM4138141,12,7,DC_pDC,specific,0.915848528113676,73,72,0.9863013698630136,0.9165508686482305,0.0007023405345545353
GSM4138142,12,1,Monocyte_family,family,0.9473687031363087,511,493,0.9647749510763209,0.9548363486828502,0.007467645546541446
GSM4138142,12,2,Mono_CD16,specific,0.915575312011897,254,108,0.4251968503937008,0.9665257719433304,0.050950459931433434
GSM4138143,12,1,Monocyte_family,family,0.8361773428118097,93,59,0.6344086021505376,0.9124250109839177,0.07624766817210804
GSM4138143,12,10,DC_family,family,0.8192495354150123,45,45,1.0,0.8192495354150123,0.0
GSM4138143,12,11,Mast,specific,0.9748135904112316,31,31,1.0,0.9748135904112316,0.0
GSM4138143,12,2,Mono_CD16,specific,0.9310288610315396,65,13,0.2,,
GSM4138143,12,3,DC_family,family,0.7549513149795697,124,89,0.717741935483871,0.81395149480115,0.059000179821580345
GSM4138143,12,4,Macrophage_family,family,0.9474046401652317,26,26,1.0,0.9474046401652317,0.0
GSM4138143,12,7,DC_pDC,specific,0.9295762244202338,46,46,1.0,0.9295762244202338,0.0
GSM4138143,12,8,Macrophage_family,family,0.9416668169167848,16,16,1.0,0.9416668169167848,0.0
GSM4138144,12,1,Monocyte_family,family,0.9309024689099442,176,150,0.8522727272727273,0.9597605702337991,0.028858101323854912
GSM4138144,12,2,Mono_CD16,specific,0.8982824682844057,134,64,0.47761194029850745,0.9749122264211482,0.07662975813674244
GSM4138144,12,3,DC_family,family,0.9670712946687575,29,29,1.0,0.9670712946687575,0.0
GSM4138145,12,1,Monocyte_family,family,0.8456685911269737,203,147,0.7241379310344828,0.9068950552526602,0.06122646412568655
GSM4138145,12,10,DC_family,family,0.9536282277938718,19,19,1.0,0.9536282277938718,0.0
GSM4138145,12,2,Mono_CD16,specific,0.9443050397154488,63,12,0.19047619047619047,,
GSM4138145,12,3,DC_family,family,0.7542515310441777,208,188,0.9038461538461539,0.7499989771514748,-0.004252553892702959
GSM4138145,12,4,Macrophage_family,family,0.9846149096034856,20,20,1.0,0.9846149096034856,0.0
GSM4138145,12,7,DC_pDC,specific,0.945258029964264,45,45,1.0,0.945258029964264,0.0
GSM4138146,12,1,Monocyte_family,family,0.9355226204602256,179,166,0.9273743016759777,0.9595894639734052,0.02406684351317956
GSM4138146,12,2,Mono_CD16,specific,0.9031717752925157,308,200,0.6493506493506493,0.9622686828921565,0.05909690759964081
GSM4138147,12,3,DC_family,family,0.9637043878758242,17,13,0.7647058823529411,,
GSM4138147,12,7,DC_pDC,specific,0.935324749011505,31,31,1.0,0.935324749011505,0.0
GSM4138148,12,1,Monocyte_family,family,0.9330797310218641,113,102,0.9026548672566371,0.9842676853876245,0.0511879543657604
GSM4138148,12,2,Mono_CD16,specific,0.8619670835696838,79,34,0.43037974683544306,0.9692635348384981,0.10729645126881437
GSM4138148,12,3,DC_family,family,0.9848610337060923,20,20,1.0,0.9848610337060923,0.0
GSM4138150,12,1,Monocyte_family,family,0.9412945623889309,134,126,0.9402985074626866,0.9701163334922807,0.028821771103349714
GSM4138150,12,2,Mono_CD16,specific,0.9134653127529453,84,35,0.4166666666666667,0.9785444665693842,0.06507915381643892
GSM4138151,12,3,DC_family,family,0.9824141155797756,15,13,0.8666666666666667,,
GSM4138151,12,7,DC_pDC,specific,0.9806392337550041,15,15,1.0,0.9806392337550041,0.0
GSM4138152,12,1,Monocyte_family,family,0.936009624661148,318,297,0.9339622641509434,0.9502115127178224,0.014201888056674439
GSM4138152,12,2,Mono_CD16,specific,0.8867065201756956,178,89,0.5,0.9413199538988823,0.05461343372318672
GSM4138152,12,3,DC_family,family,0.9640923557347325,24,24,1.0,0.9640923557347325,0.0
GSM4138152,12,7,DC_pDC,specific,0.9775928259929391,15,15,1.0,0.9775928259929391,0.0
GSM4138153,12,3,DC_family,family,0.9257985223829949,26,20,0.7692307692307693,0.9359677022668879,0.010169179883892987
GSM4138154,12,1,Monocyte_family,family,0.9018379476746698,296,274,0.9256756756756757,0.941522702292559,0.03968475461788912
GSM4138154,12,2,Mono_CD16,specific,0.8744576550661908,74,30,0.40540540540540543,0.951042806610867,0.07658515154467627
GSM4138154,12,3,DC_family,family,0.9203479832199403,21,21,1.0,0.9203479832199403,0.0
GSM4138155,12,1,Monocyte_family,family,0.8074232916499652,181,152,0.8397790055248618,0.8406191634874105,0.03319587183744532
GSM4138155,12,10,DC_family,family,0.8994361183339555,29,29,1.0,0.8994361183339555,0.0
GSM4138155,12,11,Mast,specific,0.9252378509283148,20,19,0.95,0.9381206978557273,0.012882846927412483
GSM4138155,12,2,Mono_CD16,specific,0.9549171673630674,24,6,0.25,,
GSM4138155,12,3,DC_family,family,0.6986032908855999,216,159,0.7361111111111112,0.7305759552127733,0.031972664327173383
GSM4138155,12,4,Macrophage_family,family,0.8788072601964092,44,43,0.9772727272727273,0.8794239631226506,0.0006167029262413859
GSM4138155,12,7,DC_pDC,specific,0.9001000132765705,52,50,0.9615384615384616,0.9062361607604512,0.006136147483880694
GSM4138155,12,8,Macrophage_family,family,0.7191097628847894,103,100,0.970873786407767,0.7187872754415868,-0.0003224874432026237
GSM4138156,12,1,Monocyte_family,family,0.9426551483840779,675,644,0.9540740740740741,0.9608356606015196,0.018180512217441658
GSM4138156,12,2,Mono_CD16,specific,0.9250422240605476,289,150,0.5190311418685121,0.9674540600296433,0.0424118359690957
GSM4138156,12,3,DC_family,family,0.9669125237062431,31,31,1.0,0.9669125237062431,0.0
GSM4138156,12,7,DC_pDC,specific,0.9539837451128743,15,15,1.0,0.9539837451128743,0.0
GSM4138157,12,1,Monocyte_family,family,0.9455524856382694,39,24,0.6153846153846154,0.9850632948613346,0.03951080922306516
GSM4138157,12,2,Mono_CD16,specific,0.9614172626496479,27,4,0.14814814814814814,,
GSM4138157,12,3,DC_family,family,0.7922982404166817,65,41,0.6307692307692307,0.8782777732975622,0.08597953288088045
GSM4138157,12,4,Macrophage_family,family,0.9683351226356409,17,17,1.0,0.9683351226356409,0.0
GSM4138157,12,7,DC_pDC,specific,0.9480389776479722,17,16,0.9411764705882353,0.978093154163344,0.03005417651537179
GSM4138158,12,1,Monocyte_family,family,0.95581289160625,231,222,0.961038961038961,0.9692893170598981,0.013476425453648022
GSM4138158,12,2,Mono_CD16,specific,0.9179046321305694,62,19,0.3064516129032258,0.9852479955603701,0.06734336342980074
GSM4138158,12,3,DC_family,family,0.9837408307263258,17,17,1.0,0.9837408307263258,0.0
GSM4138159,12,1,Monocyte_family,family,0.9567150043540634,41,33,0.8048780487804879,0.9663385718111007,0.009623567457037296
GSM4138159,12,2,Mono_CD16,specific,1.0,20,2,0.1,,
GSM4138159,12,3,DC_family,family,0.807876367058532,52,38,0.7307692307692307,0.8237717741498397,0.015895407091307656
GSM4138159,12,4,Macrophage_family,family,0.9851261513291948,20,20,1.0,0.9851261513291948,0.0
GSM4138160,12,1,Monocyte_family,family,0.9388649359826713,427,412,0.9648711943793911,0.9634941573093875,0.02462922132671619
GSM4138160,12,2,Mono_CD16,specific,0.9279708536985148,111,36,0.32432432432432434,0.9900033659049698,0.062032512206455004
GSM4138160,12,7,DC_pDC,specific,0.980833886723325,23,23,1.0,0.980833886723325,0.0
GSM4138161,12,1,Monocyte_family,family,0.8570630158393897,118,92,0.7796610169491526,0.8962909090161076,0.03922789317671793
GSM4138161,12,2,Mono_CD16,specific,0.9863001966567363,23,9,0.391304347826087,,
GSM4138161,12,3,DC_family,family,0.7382378052015434,121,99,0.8181818181818182,0.7435683539320275,0.005330548730484108
GSM4138161,12,7,DC_pDC,specific,0.864470627766718,111,106,0.954954954954955,0.8573154205164121,-0.007155207250305939
GSM4138162,12,1,Monocyte_family,family,0.9599440500446534,351,338,0.9629629629629629,0.9660259700076864,0.006081919963032978
GSM4138162,12,2,Mono_CD16,specific,0.887129379448877,197,63,0.3197969543147208,0.9689990847188696,0.0818697052699926
GSM4138162,12,3,DC_family,family,0.9716035667832286,30,30,1.0,0.9716035667832286,0.0
GSM4138162,12,7,DC_pDC,specific,0.9897606953288196,17,17,1.0,0.9897606953288196,0.0
GSM4138163,12,1,Monocyte_family,family,0.9501985850433226,360,346,0.9611111111111111,0.9604233221502219,0.010224737106899306
GSM4138163,12,2,Mono_CD16,specific,0.8923419330236573,110,23,0.20909090909090908,0.9838436758508947,0.09150174282723744
GSM4138163,12,3,DC_family,family,0.9850226828093042,21,20,0.9523809523809523,0.9800478107092825,-0.004974872100021677
GSM4138163,12,7,DC_pDC,specific,0.9941087355013785,16,16,1.0,0.9941087355013785,0.0
GSM4138164,12,1,Monocyte_family,family,0.9415191925592123,95,90,0.9473684210526315,0.9762703382379969,0.03475114567878457
GSM4138164,12,2,Mono_CD16,specific,0.8495572508995906,71,21,0.29577464788732394,0.9829393430119403,0.13338209211234975
GSM4138165,12,1,Monocyte_family,family,0.9438147379135147,283,270,0.9540636042402827,0.9792773532962407,0.03546261538272599
GSM4138165,12,2,Mono_CD16,specific,0.8867889326577834,198,93,0.4696969696969697,0.9446544771791544,0.05786554452137105
GSM4138166,12,1,Monocyte_family,family,0.9446299634639408,271,255,0.940959409594096,0.9724172694784036,0.027787306014462776
GSM4138166,12,2,Mono_CD16,specific,0.8961861576154269,237,117,0.4936708860759494,0.9621941145544404,0.06600795693901351
GSM4138166,12,3,DC_family,family,0.9771112478247362,26,26,1.0,0.9771112478247362,0.0
GSM4138167,12,1,Monocyte_family,family,0.9502266659307635,242,232,0.9586776859504132,0.9809382337264291,0.03071156779566553
GSM4138167,12,2,Mono_CD16,specific,0.892456415629912,166,29,0.1746987951807229,0.9625303423920475,0.07007392676213553
GSM4138167,12,3,DC_family,family,0.9817602647704399,21,21,1.0,0.9817602647704399,0.0
GSM4138168,12,7,DC_pDC,specific,0.9457890908623999,20,20,1.0,0.9457890908623999,0.0
GSM4138169,12,3,DC_family,family,1.0,15,14,0.9333333333333333,,
GSM4138171,12,3,DC_family,family,1.0,18,15,0.8333333333333334,1.0,0.0
GSM4138172,12,3,DC_family,family,0.9755730284803008,19,16,0.8421052631578947,0.9863191889443204,0.01074616046401955
GSM4138110,13,1,Monocyte_family,family,0.9593750965272415,480,476,0.9916666666666667,0.9661088564354663,0.006733759908224779
GSM4138110,13,2,Mono_CD16,specific,0.91399615108195,200,78,0.39,0.97761328954427,0.06361713846231998
GSM4138110,13,6,DC_pDC,specific,0.9555193703185515,21,21,1.0,0.9555193703185515,0.0
GSM4138111,13,1,Monocyte_family,family,0.854524476405081,73,45,0.6164383561643836,0.8755078060650846,0.020983329660003602
GSM4138111,13,10,DC_family,family,0.7334839480501059,16,16,1.0,0.7334839480501059,0.0
GSM4138111,13,11,Mast,specific,0.876493661763317,29,28,0.9655172413793104,0.9050661191766445,0.02857245741332748
GSM4138111,13,2,Mono_CD16,specific,0.875203396147695,64,28,0.4375,0.909342322893809,0.03413892674611396
GSM4138111,13,3,DC_family,family,0.7880566383700889,99,64,0.6464646464646465,0.8238947459551899,0.035838107585100976
GSM4138111,13,4,Macrophage_family,family,0.8974881992500149,23,23,1.0,0.8974881992500149,0.0
GSM4138111,13,6,DC_pDC,specific,0.7677349770986589,71,67,0.9436619718309859,0.8974810959404121,0.12974611884175324
GSM4138112,13,1,Monocyte_family,family,0.9441571023103507,201,191,0.9502487562189055,0.971085205953125,0.026928103642774315
GSM4138112,13,2,Mono_CD16,specific,0.8988754725072062,177,95,0.536723163841808,0.9618001923997429,0.06292471989253667
GSM4138112,13,6,DC_pDC,specific,0.9672228106134714,26,26,1.0,0.9672228106134714,0.0
GSM4138113,13,1,Monocyte_family,family,0.8982244673654223,61,53,0.8688524590163934,0.9315943134474772,0.033369846082054955
GSM4138113,13,2,Mono_CD16,specific,0.9503294510359921,33,12,0.36363636363636365,,
GSM4138113,13,3,DC_family,family,0.8383107755007563,35,30,0.8571428571428571,0.852985335899672,0.014674560398915681
GSM4138113,13,6,DC_pDC,specific,0.8467529855706365,37,36,0.972972972972973,0.9211167331049517,0.07436374753431518
GSM4138114,13,1,Monocyte_family,family,0.9373001789739254,248,228,0.9193548387096774,0.9818915252604393,0.044591346286513955
GSM4138114,13,2,Mono_CD16,specific,0.8741797608275073,149,60,0.40268456375838924,0.9638175783207804,0.08963781749327315
GSM4138114,13,3,DC_family,family,0.9840322664632362,20,20,1.0,0.9840322664632362,0.0
GSM4138115,13,1,Monocyte_family,family,1.0,16,8,0.5,,
GSM4138115,13,10,DC_family,family,0.9715914688500271,22,21,0.9545454545454546,0.9715512163742203,-4.025247580685676e-05
GSM4138115,13,2,Mono_CD16,specific,0.9777080878495924,26,0,0.0,,
GSM4138115,13,3,DC_family,family,0.8209738257998478,92,77,0.8369565217391305,0.834240455967797,0.013266630167949156
GSM4138115,13,4,Macrophage_family,family,1.0,15,14,0.9333333333333333,,
GSM4138115,13,6,DC_pDC,specific,0.9816087420119992,19,19,1.0,0.9816087420119992,0.0
GSM4138116,13,1,Monocyte_family,family,0.9489287727730615,683,682,0.9985358711566618,0.9502763226887815,0.0013475499157199478
GSM4138116,13,2,Mono_CD16,specific,0.9726282392011247,28,15,0.5357142857142857,0.9836055443637416,0.010977305162616857
GSM4138117,13,1,Monocyte_family,family,0.8106875109472813,147,92,0.6258503401360545,0.895042762036626,0.08435525108934472
GSM4138117,13,11,Mast,specific,0.9848958966969695,15,15,1.0,0.9848958966969695,0.0
GSM4138117,13,2,Mono_CD16,specific,0.920262109229281,37,5,0.13513513513513514,,
GSM4138117,13,3,DC_family,family,0.9338160566376652,42,30,0.7142857142857143,0.935570346131324,0.001754289493658745
GSM4138117,13,4,Macrophage_family,family,0.8378411854994278,74,74,1.0,0.8378411854994278,0.0
GSM4138117,13,6,DC_pDC,specific,0.9528621852287787,15,13,0.8666666666666667,,
GSM4138117,13,8,Macrophage_family,family,0.8933649714689892,27,26,0.9629629629629629,0.8927241355845322,-0.0006408358844569584
GSM4138118,13,1,Monocyte_family,family,0.9119567065618142,275,265,0.9636363636363636,0.9298888506781923,0.017932144116378113
GSM4138118,13,2,Mono_CD16,specific,0.923884624710398,44,6,0.13636363636363635,,
GSM4138119,13,1,Monocyte_family,family,0.8282939523507081,49,37,0.7551020408163265,0.9315536194769442,0.10325966712623602
GSM4138119,13,3,DC_family,family,0.7943095442413091,41,21,0.5121951219512195,0.9035189289444859,0.10920938470317687
GSM4138119,13,8,Macrophage_family,family,0.8516349655816431,32,32,1.0,0.8516349655816431,0.0
GSM4138120,13,1,Monocyte_family,family,0.896800392373175,534,511,0.9569288389513109,0.9113926414275431,0.014592249054368067
GSM4138120,13,2,Mono_CD16,specific,0.8833148953197942,108,24,0.2222222222222222,0.9596757142031672,0.07636081888337298
GSM4138120,13,3,DC_family,family,0.9564666443320459,25,25,1.0,0.9564666443320459,0.0
GSM4138121,13,1,Monocyte_family,family,0.8814756957588346,57,41,0.7192982456140351,0.9132573021004411,0.03178160634160654
GSM4138121,13,3,DC_family,family,0.8735396797473207,31,20,0.6451612903225806,0.9363781051671234,0.06283842541980267
GSM4138121,13,4,Macrophage_family,family,0.9064871898672856,21,18,0.8571428571428571,0.92852571388611,0.022038524018824446
GSM4138121,13,6,DC_pDC,specific,0.9606962873427333,17,12,0.7058823529411765,,
GSM4138122,13,1,Monocyte_family,family,0.9320514202500316,263,231,0.8783269961977186,0.9831753897169503,0.05112396946691866
GSM4138122,13,2,Mono_CD16,specific,0.9025209020673629,380,139,0.36578947368421055,0.9776116977859656,0.07509079571860267
GSM4138122,13,3,DC_family,family,0.9768433080215141,25,25,1.0,0.9768433080215141,0.0
GSM4138122,13,6,DC_pDC,specific,0.9782659584116306,20,20,1.0,0.9782659584116306,0.0
GSM4138123,13,1,Monocyte_family,family,0.959488373385583,36,25,0.6944444444444444,0.9498650054642315,-0.009623367921351544
GSM4138123,13,10,DC_family,family,0.958023195554979,24,23,0.9583333333333334,0.9584346981659879,0.0004115026110089737
GSM4138123,13,3,DC_family,family,0.7172478260165371,66,38,0.5757575757575758,0.8097558289875142,0.09250800297097705
GSM4138123,13,4,Macrophage_family,family,0.7384593763656049,437,435,0.9954233409610984,0.7386657922942264,0.00020641592862147284
GSM4138123,13,6,DC_pDC,specific,0.9223107797302584,50,48,0.96,0.9508575041839805,0.028546724453722083
GSM4138124,13,1,Monocyte_family,family,0.9781642606008704,256,255,0.99609375,0.978850631173023,0.0006863705721525948
GSM4138124,13,2,Mono_CD16,specific,0.911046832135901,143,48,0.3356643356643357,0.969665210227224,0.058618378091322976
GSM4138125,13,1,Monocyte_family,family,0.9325717941311107,99,82,0.8282828282828283,0.9663943251647535,0.033822531033642855
GSM4138125,13,2,Mono_CD16,specific,0.9900812906484642,26,6,0.23076923076923078,,
GSM4138125,13,3,DC_family,family,0.8725122771343002,39,18,0.46153846153846156,0.9538382525751548,0.08132597544085451
GSM4138125,13,4,Macrophage_family,family,0.851865038109249,49,49,1.0,0.851865038109249,0.0
GSM4138125,13,8,Macrophage_family,family,0.7538845957695404,353,350,0.9915014164305949,0.7534787624479776,-0.000405833321562743
GSM4138126,13,1,Monocyte_family,family,0.9694586130318367,696,682,0.9798850574712644,0.9773642440233404,0.007905630991503765
GSM4138126,13,2,Mono_CD16,specific,0.943378836680536,139,23,0.16546762589928057,1.0,0.056621163319463985
GSM4138127,13,1,Monocyte_family,family,0.8936953146946763,161,125,0.7763975155279503,0.9171882203430669,0.023492905648390572
GSM4138127,13,2,Mono_CD16,specific,0.981980969111335,16,1,0.0625,,
GSM4138127,13,3,DC_family,family,0.9655295624244854,29,20,0.6896551724137931,0.9877517147145254,0.022222152290039987
GSM4138127,13,4,Macrophage_family,family,0.9709477216564447,15,15,1.0,0.9709477216564447,0.0
GSM4138127,13,6,DC_pDC,specific,0.921039121510737,32,30,0.9375,0.9441912994803779,0.023152177969640975
GSM4138127,13,8,Macrophage_family,family,0.9428166870786171,38,37,0.9736842105263158,0.9445895924844574,0.001772905405840297
GSM4138128,13,1,Monocyte_family,family,0.9320514202500316,263,231,0.8783269961977186,0.9831753897169503,0.05112396946691866
GSM4138128,13,2,Mono_CD16,specific,0.9025209020673629,380,139,0.36578947368421055,0.9776116977859656,0.07509079571860267
GSM4138128,13,3,DC_family,family,0.9768433080215141,25,25,1.0,0.9768433080215141,0.0
GSM4138128,13,6,DC_pDC,specific,0.9782659584116306,20,20,1.0,0.9782659584116306,0.0
GSM4138129,13,1,Monocyte_family,family,0.8969896902914624,84,63,0.75,0.9530057940751405,0.05601610378367816
GSM4138129,13,2,Mono_CD16,specific,0.9393233391814786,33,3,0.09090909090909091,,
GSM4138129,13,3,DC_family,family,0.889735505017749,39,21,0.5384615384615384,0.9774968871811778,0.08776138216342877
GSM4138129,13,4,Macrophage_family,family,0.8954206301655294,45,42,0.9333333333333333,0.8933485215287233,-0.0020721086368060693
GSM4138129,13,6,DC_pDC,specific,0.9868286715955322,25,25,1.0,0.9868286715955322,0.0
GSM4138129,13,8,Macrophage_family,family,0.8624269207198811,52,51,0.9807692307692307,0.8632345528204051,0.0008076321005239251
GSM4138130,13,1,Monocyte_family,family,0.952561355891377,333,319,0.9579579579579579,0.978400566821899,0.025839210930521994
GSM4138130,13,2,Mono_CD16,specific,0.9494402229324491,326,116,0.3558282208588957,0.9812775037239836,0.03183728079153447
GSM4138130,13,6,DC_pDC,specific,0.9639490407838097,19,19,1.0,0.9639490407838097,0.0
GSM4138131,13,1,Monocyte_family,family,0.8981524596253156,101,80,0.7920792079207921,0.9279978520663903,0.029845392441074647
GSM4138131,13,10,DC_family,family,0.83157827189553,70,68,0.9714285714285714,0.8303948627968409,-0.001183409098689081
GSM4138131,13,11,Mast,specific,0.9764376533440459,18,18,1.0,0.9764376533440459,0.0
GSM4138131,13,2,Mono_CD16,specific,0.9166756606828343,70,5,0.07142857142857142,,
GSM4138131,13,3,DC_family,family,0.814067583976394,100,64,0.64,0.8063243793489352,-0.007743204627458811
GSM4138131,13,4,Macrophage_family,family,0.8079593706481092,131,96,0.732824427480916,0.8437385830833363,0.03577921243522708
GSM4138131,13,6,DC_pDC,specific,0.9046789059634622,112,106,0.9464285714285714,0.9185940501920142,0.013915144228552001
GSM4138132,13,1,Monocyte_family,family,0.9598280779068135,471,463,0.9830148619957537,0.9786062364711207,0.0187781585643072
GSM4138132,13,2,Mono_CD16,specific,0.9441196919071513,292,58,0.19863013698630136,0.9814133723188372,0.0372936804116859
GSM4138133,13,1,Monocyte_family,family,0.9236752855902906,53,14,0.2641509433962264,,
GSM4138133,13,10,DC_family,family,0.8823855061566597,21,21,1.0,0.8823855061566597,0.0
GSM4138133,13,2,Mono_CD16,specific,0.9401378877072214,42,1,0.023809523809523808,,
GSM4138133,13,3,DC_family,family,0.8435036335908563,120,73,0.6083333333333333,0.8673549388071122,0.02385130521625589
GSM4138133,13,4,Macrophage_family,family,0.8038256666194437,89,84,0.9438202247191011,0.80509030979481,0.0012646431753663423
GSM4138133,13,6,DC_pDC,specific,0.9840886463775538,22,21,0.9545454545454546,0.9780104357713506,-0.0060782106062031716
GSM4138133,13,8,Macrophage_family,family,0.9506664936975905,19,19,1.0,0.9506664936975905,0.0
GSM4138134,13,1,Monocyte_family,family,0.9772889190810901,908,899,0.9900881057268722,0.982807640341419,0.005518721260328929
GSM4138134,13,2,Mono_CD16,specific,0.9495551849506053,504,132,0.2619047619047619,0.9695591587489021,0.02000397379829677
GSM4138134,13,6,DC_pDC,specific,0.9856991785152992,15,15,1.0,0.9856991785152992,0.0
GSM4138135,13,1,Monocyte_family,family,0.904953450605283,172,72,0.4186046511627907,0.9477600677113418,0.04280661710605882
GSM4138135,13,10,DC_family,family,0.9195868344073301,32,31,0.96875,0.9257796574418986,0.006192823034568473
GSM4138135,13,11,Mast,specific,1.0,21,21,1.0,1.0,0.0
GSM4138135,13,2,Mono_CD16,specific,0.95858738581472,58,3,0.05172413793103448,,
GSM4138135,13,3,DC_family,family,0.8087450717410074,92,20,0.21739130434782608,0.9007168269755834,0.09197175523457601
GSM4138135,13,4,Macrophage_family,family,0.7723854697043138,357,354,0.9915966386554622,0.776890017713934,0.004504548009620191
GSM4138135,13,6,DC_pDC,specific,0.9592348250153161,19,17,0.8947368421052632,0.9787886250594097,0.019553800044093572
GSM4138135,13,8,Macrophage_family,family,0.7984427121510423,78,78,1.0,0.7984427121510423,0.0
GSM4138136,13,1,Monocyte_family,family,0.9475371984845349,415,399,0.9614457831325302,0.9735818154788732,0.026044616994338354
GSM4138136,13,2,Mono_CD16,specific,0.8980716914150577,296,110,0.3716216216216216,0.978914746972955,0.08084305555789728
GSM4138136,13,3,DC_family,family,0.974499496859647,17,17,1.0,0.974499496859647,0.0
GSM4138137,13,1,Monocyte_family,family,0.8630895017739966,169,52,0.3076923076923077,0.9665410393447236,0.103451537570727
GSM4138137,13,10,DC_family,family,0.9522191221967475,18,17,0.9444444444444444,0.9513257474953213,-0.0008933747014262527
GSM4138137,13,2,Mono_CD16,specific,0.9415350628615262,47,2,0.0425531914893617,,
GSM4138137,13,3,DC_family,family,0.8253073595434147,97,18,0.18556701030927836,0.9045291579820232,0.07922179843860844
GSM4138137,13,4,Macrophage_family,family,0.8042450049513978,277,274,0.9891696750902527,0.8051991565271825,0.0009541515757847119
GSM4138137,13,8,Macrophage_family,family,0.7868653153580696,156,156,1.0,0.7868653153580696,0.0
GSM4138138,13,1,Monocyte_family,family,0.9662583204193358,394,384,0.9746192893401016,0.9776847653806691,0.01142644496133327
GSM4138138,13,2,Mono_CD16,specific,0.9430563368742346,234,112,0.47863247863247865,0.9668810029523296,0.02382466607809497
GSM4138139,13,1,Monocyte_family,family,0.8296432234998654,163,93,0.5705521472392638,0.8852305118592223,0.05558728835935689
GSM4138139,13,10,DC_family,family,0.9297053464799931,25,23,0.92,0.9424067231791787,0.012701376699185585
GSM4138139,13,11,Mast,specific,0.9658315628046693,60,60,1.0,0.9658315628046693,0.0
GSM4138139,13,2,Mono_CD16,specific,0.9351511650799905,56,10,0.17857142857142858,,
GSM4138139,13,3,DC_family,family,0.8879004015642217,75,47,0.6266666666666667,0.9119824554618019,0.024082053897580225
GSM4138139,13,4,Macrophage_family,family,0.8123388988721976,117,116,0.9914529914529915,0.8213365312421145,0.008997632369916908
GSM4138139,13,6,DC_pDC,specific,0.9506174967437965,22,22,1.0,0.9506174967437965,0.0
GSM4138139,13,8,Macrophage_family,family,0.7727728963427267,116,110,0.9482758620689655,0.7679651475956267,-0.0048077487470999936
GSM4138140,13,1,Monocyte_family,family,0.964870923744199,493,482,0.9776876267748479,0.9772505957513173,0.012379672007118314
GSM4138140,13,2,Mono_CD16,specific,0.9186223272858025,300,77,0.25666666666666665,0.9699730019986887,0.051350674712886235
GSM4138140,13,3,DC_family,family,0.9763764214345327,21,21,1.0,0.9763764214345327,0.0
GSM4138141,13,1,Monocyte_family,family,0.8736463679669675,230,206,0.8956521739130435,0.9184415157653792,0.04479514779841176
GSM4138141,13,10,DC_family,family,0.8839117111816409,56,56,1.0,0.8839117111816409,0.0
GSM4138141,13,2,Mono_CD16,specific,0.9165974716242327,94,29,0.30851063829787234,0.9795622594124764,0.06296478778824377
GSM4138141,13,3,DC_family,family,0.7745330035443425,130,98,0.7538461538461538,0.8094832268920689,0.03495022334772635
GSM4138141,13,4,Macrophage_family,family,0.8896325443988544,65,60,0.9230769230769231,0.8866620155071897,-0.0029705288916647143
GSM4138141,13,6,DC_pDC,specific,0.915848528113676,73,72,0.9863013698630136,0.9165508686482305,0.0007023405345545353
GSM4138142,13,1,Monocyte_family,family,0.9466289857398996,512,493,0.962890625,0.9548363486828502,0.008207362942950547
GSM4138142,13,2,Mono_CD16,specific,0.9156654106654396,255,108,0.4235294117647059,0.9665257719433304,0.05086036127789084
GSM4138143,13,1,Monocyte_family,family,0.8347359129920638,93,58,0.6236559139784946,0.9170710041616723,0.08233509116960847
GSM4138143,13,10,DC_family,family,0.8192495354150123,45,45,1.0,0.8192495354150123,0.0
GSM4138143,13,11,Mast,specific,0.9748135904112316,31,31,1.0,0.9748135904112316,0.0
GSM4138143,13,2,Mono_CD16,specific,0.9476013084550674,64,13,0.203125,,
GSM4138143,13,3,DC_family,family,0.7495401479320927,126,90,0.7142857142857143,0.8093113613652854,0.059771213433192694
GSM4138143,13,4,Macrophage_family,family,0.9455400281249474,25,25,1.0,0.9455400281249474,0.0
GSM4138143,13,6,DC_pDC,specific,0.9295762244202338,46,46,1.0,0.9295762244202338,0.0
GSM4138143,13,8,Macrophage_family,family,0.9416668169167848,16,16,1.0,0.9416668169167848,0.0
GSM4138144,13,1,Monocyte_family,family,0.9309024689099442,176,150,0.8522727272727273,0.9597605702337991,0.028858101323854912
GSM4138144,13,2,Mono_CD16,specific,0.9005488423668254,134,64,0.47761194029850745,0.9749122264211482,0.07436338405432275
GSM4138144,13,3,DC_family,family,0.9672627327475007,30,30,1.0,0.9672627327475007,0.0
GSM4138145,13,1,Monocyte_family,family,0.8541774399576098,203,147,0.7241379310344828,0.9068950552526602,0.05271761529505048
GSM4138145,13,10,DC_family,family,0.9536282277938718,19,19,1.0,0.9536282277938718,0.0
GSM4138145,13,2,Mono_CD16,specific,0.9461106279585256,64,12,0.1875,,
GSM4138145,13,3,DC_family,family,0.7484038286686265,214,189,0.883177570093458,0.7493750683328186,0.0009712396641921028
GSM4138145,13,4,Macrophage_family,family,0.9846149096034856,20,20,1.0,0.9846149096034856,0.0
GSM4138145,13,6,DC_pDC,specific,0.945258029964264,45,45,1.0,0.945258029964264,0.0
GSM4138146,13,1,Monocyte_family,family,0.9355226204602256,179,166,0.9273743016759777,0.9595894639734052,0.02406684351317956
GSM4138146,13,2,Mono_CD16,specific,0.9031717752925157,308,200,0.6493506493506493,0.9622686828921565,0.05909690759964081
GSM4138147,13,3,DC_family,family,0.9637043878758242,17,13,0.7647058823529411,,
GSM4138147,13,6,DC_pDC,specific,0.935324749011505,31,31,1.0,0.935324749011505,0.0
GSM4138148,13,1,Monocyte_family,family,0.9288983821404443,114,102,0.8947368421052632,0.9842676853876245,0.05536930324718026
GSM4138148,13,2,Mono_CD16,specific,0.8618742753845652,77,34,0.44155844155844154,0.9692635348384981,0.10738925945393296
GSM4138148,13,3,DC_family,family,0.9848610337060923,20,20,1.0,0.9848610337060923,0.0
GSM4138150,13,1,Monocyte_family,family,0.9408900485305137,133,125,0.9398496240601504,0.9701143691539672,0.02922432062345348
GSM4138150,13,2,Mono_CD16,specific,0.9135243462512388,85,35,0.4117647058823529,0.9785444665693842,0.06502012031814541
GSM4138151,13,3,DC_family,family,0.9824141155797756,15,13,0.8666666666666667,,
GSM4138151,13,6,DC_pDC,specific,0.9806392337550041,15,15,1.0,0.9806392337550041,0.0
GSM4138152,13,1,Monocyte_family,family,0.9362018896982275,317,296,0.9337539432176656,0.9502889734513718,0.01408708375314427
GSM4138152,13,2,Mono_CD16,specific,0.885932814280163,179,89,0.4972067039106145,0.9413199538988823,0.05538713961871933
GSM4138152,13,3,DC_family,family,0.9645422344713024,25,25,1.0,0.9645422344713024,0.0
GSM4138152,13,6,DC_pDC,specific,0.9775928259929391,15,15,1.0,0.9775928259929391,0.0
GSM4138153,13,3,DC_family,family,0.928135205839413,28,20,0.7142857142857143,0.9359677022668879,0.007832496427474855
GSM4138154,13,1,Monocyte_family,family,0.9018379476746698,296,274,0.9256756756756757,0.941522702292559,0.03968475461788912
GSM4138154,13,2,Mono_CD16,specific,0.8697083382233193,73,30,0.410958904109589,0.951042806610867,0.08133446838754776
GSM4138154,13,3,DC_family,family,0.9203479832199403,21,21,1.0,0.9203479832199403,0.0
GSM4138155,13,1,Monocyte_family,family,0.7993318494775943,188,156,0.8297872340425532,0.8434983784089848,0.0441665289313905
GSM4138155,13,10,DC_family,family,0.9000989490339172,30,30,1.0,0.9000989490339172,0.0
GSM4138155,13,11,Mast,specific,0.9252378509283148,20,19,0.95,0.9381206978557273,0.012882846927412483
GSM4138155,13,2,Mono_CD16,specific,0.9549171673630674,24,6,0.25,,
GSM4138155,13,3,DC_family,family,0.7023893061342437,219,159,0.726027397260274,0.7305759552127733,0.028186649078529635
GSM4138155,13,4,Macrophage_family,family,0.9026069487122212,43,42,0.9767441860465116,0.903329601246075,0.0007226525338537293
GSM4138155,13,6,DC_pDC,specific,0.9001000132765705,52,50,0.9615384615384616,0.9062361607604512,0.006136147483880694
GSM4138155,13,8,Macrophage_family,family,0.7182593760564917,105,102,0.9714285714285714,0.7126505131334318,-0.005608862923059954
GSM4138156,13,1,Monocyte_family,family,0.9426551483840779,675,644,0.9540740740740741,0.9608356606015196,0.018180512217441658
GSM4138156,13,2,Mono_CD16,specific,0.9262727161462959,288,150,0.5208333333333334,0.9674540600296433,0.04118134388334738
GSM4138156,13,3,DC_family,family,0.9714212397510513,32,32,1.0,0.9714212397510513,0.0
GSM4138156,13,6,DC_pDC,specific,0.9539837451128743,15,15,1.0,0.9539837451128743,0.0
GSM4138157,13,1,Monocyte_family,family,0.982475521948006,40,25,0.625,0.976063484432097,-0.006412037515909019
GSM4138157,13,2,Mono_CD16,specific,0.9578262382038223,25,4,0.16,,
GSM4138157,13,3,DC_family,family,0.7881150685281065,70,41,0.5857142857142857,0.8782777732975622,0.09016270476945565
GSM4138157,13,4,Macrophage_family,family,0.9683351226356409,17,17,1.0,0.9683351226356409,0.0
GSM4138157,13,6,DC_pDC,specific,0.9480389776479722,17,16,0.9411764705882353,0.978093154163344,0.03005417651537179
GSM4138158,13,1,Monocyte_family,family,0.955780748590559,232,223,0.9612068965517241,0.9692790102463781,0.013498261655819133
GSM4138158,13,2,Mono_CD16,specific,0.9349282422643742,61,19,0.3114754098360656,0.9852479955603701,0.05031975329599592
GSM4138158,13,3,DC_family,family,0.9837408307263258,17,17,1.0,0.9837408307263258,0.0
GSM4138159,13,1,Monocyte_family,family,0.9488972799213639,42,32,0.7619047619047619,0.9666529082856922,0.017755628364328313
GSM4138159,13,2,Mono_CD16,specific,1.0,19,2,0.10526315789473684,,
GSM4138159,13,3,DC_family,family,0.7950059914958257,53,38,0.7169811320754716,0.8237717741498397,0.02876578265401397
GSM4138159,13,4,Macrophage_family,family,0.9855431413179015,19,19,1.0,0.9855431413179015,0.0
GSM4138160,13,1,Monocyte_family,family,0.9388649359826713,427,412,0.9648711943793911,0.9634941573093875,0.02462922132671619
GSM4138160,13,2,Mono_CD16,specific,0.9261327984288121,110,36,0.32727272727272727,0.9900033659049698,0.06387056747615771
GSM4138160,13,6,DC_pDC,specific,0.980833886723325,23,23,1.0,0.980833886723325,0.0
GSM4138161,13,1,Monocyte_family,family,0.8626462523074319,119,93,0.7815126050420168,0.8975591292600161,0.03491287695258427
GSM4138161,13,2,Mono_CD16,specific,0.9861001749970449,22,9,0.4090909090909091,,
GSM4138161,13,3,DC_family,family,0.7364721767807411,130,99,0.7615384615384615,0.7435683539320275,0.007096177151286409
GSM4138161,13,6,DC_pDC,specific,0.864470627766718,111,106,0.954954954954955,0.8573154205164121,-0.007155207250305939
GSM4138162,13,1,Monocyte_family,family,0.9547047036893725,351,337,0.9601139601139601,0.9659863129874642,0.011281609298091633
GSM4138162,13,2,Mono_CD16,specific,0.8872434855095792,203,63,0.3103448275862069,0.9689990847188696,0.08175559920929043
GSM4138162,13,3,DC_family,family,0.9744174765158115,33,32,0.9696969696969697,0.973564138893859,-0.0008533376219524991
GSM4138162,13,6,DC_pDC,specific,0.9897606953288196,17,17,1.0,0.9897606953288196,0.0
GSM4138163,13,1,Monocyte_family,family,0.9489629816270196,359,345,0.9610027855153204,0.9604546415865763,0.0114916599595567
GSM4138163,13,2,Mono_CD16,specific,0.8901371228447442,115,23,0.2,0.9838436758508947,0.0937065530061505
GSM4138163,13,3,DC_family,family,0.9850226828093042,21,20,0.9523809523809523,0.9800478107092825,-0.004974872100021677
GSM4138163,13,6,DC_pDC,specific,0.9941087355013785,16,16,1.0,0.9941087355013785,0.0
GSM4138164,13,1,Monocyte_family,family,0.9415191925592123,95,90,0.9473684210526315,0.9762703382379969,0.03475114567878457
GSM4138164,13,2,Mono_CD16,specific,0.8536801857377868,72,21,0.2916666666666667,0.9829393430119403,0.1292591572741535
GSM4138165,13,1,Monocyte_family,family,0.9436888131358229,285,272,0.9543859649122807,0.978111317996531,0.03442250486070808
GSM4138165,13,2,Mono_CD16,specific,0.888606074306725,198,93,0.4696969696969697,0.9446544771791544,0.056048402872429404
GSM4138166,13,1,Monocyte_family,family,0.9426049012728999,270,253,0.937037037037037,0.9736170134486718,0.031012112175771933
GSM4138166,13,2,Mono_CD16,specific,0.896825625546307,236,117,0.4957627118644068,0.9621941145544404,0.06536848900813341
GSM4138166,13,3,DC_family,family,0.9779430663585412,27,27,1.0,0.9779430663585412,0.0
GSM4138167,13,1,Monocyte_family,family,0.9510815500445029,242,232,0.9586776859504132,0.9813994655284385,0.030317915483935587
GSM4138167,13,2,Mono_CD16,specific,0.8929206745940904,165,29,0.17575757575757575,0.9625303423920475,0.06960966779795708
GSM4138167,13,3,DC_family,family,0.9817602647704399,21,21,1.0,0.9817602647704399,0.0
GSM4138168,13,6,DC_pDC,specific,0.9457890908623999,20,20,1.0,0.9457890908623999,0.0
GSM4138169,13,3,DC_family,family,1.0,15,14,0.9333333333333333,,
GSM4138171,13,3,DC_family,family,1.0,19,15,0.7894736842105263,1.0,0.0
GSM4138172,13,3,DC_family,family,0.9755730284803008,19,16,0.8421052631578947,0.9863191889443204,0.01074616046401955
GSM4138110,14,1,Monocyte_family,family,0.9592499405049714,479,475,0.9916492693110647,0.96610275895409,0.0068528184491186694
GSM4138110,14,2,Mono_CD16,specific,0.9138976214364273,199,78,0.39195979899497485,0.97761328954427,0.06371566810784268
GSM4138110,14,7,DC_pDC,specific,0.9555193703185515,21,21,1.0,0.9555193703185515,0.0
GSM4138111,14,1,Monocyte_family,family,0.8515484691746268,71,45,0.6338028169014085,0.8755078060650846,0.023959336890457816
GSM4138111,14,11,DC_family,family,0.7334839480501059,16,16,1.0,0.7334839480501059,0.0
GSM4138111,14,12,Mast,specific,0.876493661763317,29,28,0.9655172413793104,0.9050661191766445,0.02857245741332748
GSM4138111,14,2,Mono_CD16,specific,0.8712942108696953,73,28,0.3835616438356164,0.909342322893809,0.038048112024113734
GSM4138111,14,3,DC_family,family,0.812285727956031,70,60,0.8571428571428571,0.835007942937108,0.02272221498107696
GSM4138111,14,4,Macrophage_family,family,0.9074126970234008,24,24,1.0,0.9074126970234008,0.0
GSM4138111,14,7,DC_pDC,specific,0.7677349770986589,71,67,0.9436619718309859,0.8974810959404121,0.12974611884175324
GSM4138112,14,1,Monocyte_family,family,0.9463983966966163,203,193,0.9507389162561576,0.9712832447346225,0.02488484803800617
GSM4138112,14,2,Mono_CD16,specific,0.9026871973807581,174,95,0.5459770114942529,0.9618001923997429,0.059112995018984815
GSM4138112,14,7,DC_pDC,specific,0.9672228106134714,26,26,1.0,0.9672228106134714,0.0
GSM4138113,14,1,Monocyte_family,family,0.896577077273925,57,53,0.9298245614035088,0.9315943134474772,0.035017236173552235
GSM4138113,14,2,Mono_CD16,specific,0.9223044189256375,43,12,0.27906976744186046,,
GSM4138113,14,3,DC_family,family,0.8564245511920417,32,30,0.9375,0.852985335899672,-0.0034392152923697905
GSM4138113,14,7,DC_pDC,specific,0.8467529855706365,37,36,0.972972972972973,0.9211167331049517,0.07436374753431518
GSM4138114,14,1,Monocyte_family,family,0.928253586687016,245,224,0.9142857142857143,0.9821529835742118,0.053899396887195805
GSM4138114,14,2,Mono_CD16,specific,0.8773334710902937,149,60,0.40268456375838924,0.9638175783207804,0.08648410723048672
GSM4138114,14,3,DC_family,family,0.9840322664632362,20,20,1.0,0.9840322664632362,0.0
GSM4138115,14,1,Monocyte_family,family,1.0,16,7,0.4375,,
GSM4138115,14,11,DC_family,family,0.9715914688500271,22,21,0.9545454545454546,0.9715512163742203,-4.025247580685676e-05
GSM4138115,14,2,Mono_CD16,specific,0.9793144460175177,28,0,0.0,,
GSM4138115,14,3,DC_family,family,0.8192967132426304,82,72,0.8780487804878049,0.8462802166043626,0.026983503361732164
GSM4138115,14,4,Macrophage_family,family,1.0,15,13,0.8666666666666667,,
GSM4138115,14,7,DC_pDC,specific,0.9816087420119992,19,19,1.0,0.9816087420119992,0.0
GSM4138116,14,1,Monocyte_family,family,0.9489287727730615,683,682,0.9985358711566618,0.9502763226887815,0.0013475499157199478
GSM4138116,14,2,Mono_CD16,specific,0.9787983446583841,28,15,0.5357142857142857,0.9836055443637416,0.004807199705357479
GSM4138117,14,1,Monocyte_family,family,0.8149354935931061,142,92,0.647887323943662,0.895042762036626,0.0801072684435199
GSM4138117,14,12,Mast,specific,0.9848958966969695,15,15,1.0,0.9848958966969695,0.0
GSM4138117,14,2,Mono_CD16,specific,0.9034998389936455,44,5,0.11363636363636363,,
GSM4138117,14,3,DC_family,family,0.9367229536092765,30,25,0.8333333333333334,0.9420464741559991,0.005323520546722582
GSM4138117,14,4,Macrophage_family,family,0.8379057050702301,74,73,0.9864864864864865,0.8385404120937117,0.0006347070234815622
GSM4138117,14,7,DC_pDC,specific,0.9528621852287787,15,13,0.8666666666666667,,
GSM4138117,14,8,Macrophage_family,family,0.9061038530981443,24,23,0.9583333333333334,0.9012937312046053,-0.004810121893539021
GSM4138118,14,1,Monocyte_family,family,0.9105759119920283,272,262,0.9632352941176471,0.926751015120729,0.01617510312870074
GSM4138118,14,2,Mono_CD16,specific,0.9255372287584402,51,6,0.11764705882352941,,
GSM4138119,14,1,Monocyte_family,family,0.8931707767587106,38,33,0.868421052631579,0.9431604898425376,0.04998971308382705
GSM4138119,14,3,DC_family,family,0.9554113293858242,17,17,1.0,0.9554113293858242,0.0
GSM4138119,14,8,Macrophage_family,family,0.8524367433444634,28,28,1.0,0.8524367433444634,0.0
GSM4138120,14,1,Monocyte_family,family,0.8967097475600959,532,509,0.956766917293233,0.912934392350692,0.016224644790596043
GSM4138120,14,2,Mono_CD16,specific,0.873436396157729,112,24,0.21428571428571427,0.9596757142031672,0.08623931804543827
GSM4138120,14,3,DC_family,family,0.9564666443320459,25,25,1.0,0.9564666443320459,0.0
GSM4138121,14,1,Monocyte_family,family,0.8837464032929775,55,40,0.7272727272727273,0.9116495167329692,0.027903113439991745
GSM4138121,14,3,DC_family,family,0.9492184760389774,18,16,0.8888888888888888,0.9375215569102999,-0.01169691912867743
GSM4138121,14,4,Macrophage_family,family,0.9298354671123058,20,17,0.85,0.9413654864914476,0.011530019379141776
GSM4138121,14,7,DC_pDC,specific,0.9587082910707863,17,12,0.7058823529411765,,
GSM4138122,14,1,Monocyte_family,family,0.9273007476365601,262,227,0.8664122137404581,0.9837328588016483,0.05643211116508817
GSM4138122,14,2,Mono_CD16,specific,0.9038709698371952,379,139,0.36675461741424803,0.9776116977859656,0.0737407279487704
GSM4138122,14,3,DC_family,family,0.9737817700905913,26,26,1.0,0.9737817700905913,0.0
GSM4138122,14,7,DC_pDC,specific,0.9782659584116306,20,20,1.0,0.9782659584116306,0.0
GSM4138123,14,1,Monocyte_family,family,0.9313248935129657,33,25,0.7575757575757576,0.9498650054642315,0.018540111951265814
GSM4138123,14,11,DC_family,family,0.958023195554979,24,23,0.9583333333333334,0.9584346981659879,0.0004115026110089737
GSM4138123,14,3,DC_family,family,0.7679846542020545,47,36,0.7659574468085106,0.8158800235764102,0.04789536937435568
GSM4138123,14,4,Macrophage_family,family,0.7383495226018162,437,434,0.9931350114416476,0.739047895902448,0.0006983733006318271
GSM4138123,14,7,DC_pDC,specific,0.9223107797302584,50,48,0.96,0.9508575041839805,0.028546724453722083
GSM4138124,14,1,Monocyte_family,family,0.9781642606008704,256,255,0.99609375,0.978850631173023,0.0006863705721525948
GSM4138124,14,2,Mono_CD16,specific,0.9101825025667879,141,48,0.3404255319148936,0.969665210227224,0.05948270766043606
GSM4138125,14,1,Monocyte_family,family,0.9265719082312729,96,81,0.84375,0.9673321044867331,0.040760196255460235
GSM4138125,14,2,Mono_CD16,specific,0.9900812906484642,26,6,0.23076923076923078,,
GSM4138125,14,3,DC_family,family,0.8993343820088897,30,17,0.5666666666666667,0.9532989544768493,0.053964572467959604
GSM4138125,14,4,Macrophage_family,family,0.8512437194018825,48,48,1.0,0.8512437194018825,0.0
GSM4138125,14,8,Macrophage_family,family,0.7585871598870105,352,349,0.9914772727272727,0.7579123448967663,-0.0006748149902442435
GSM4138126,14,1,Monocyte_family,family,0.9697684042942266,689,675,0.9796806966618288,0.9779773139394405,0.008208909645213924
GSM4138126,14,2,Mono_CD16,specific,0.9420865190966663,145,23,0.15862068965517243,1.0,0.0579134809033337
GSM4138127,14,1,Monocyte_family,family,0.9022173963713471,146,121,0.8287671232876712,0.9144426650351524,0.012225268663805244
GSM4138127,14,2,Mono_CD16,specific,0.9814740258155423,18,1,0.05555555555555555,,
GSM4138127,14,3,DC_family,family,0.9600463900403354,20,18,0.9,0.9849962607262445,0.024949870685909037
GSM4138127,14,4,Macrophage_family,family,0.9709477216564447,15,15,1.0,0.9709477216564447,0.0
GSM4138127,14,7,DC_pDC,specific,0.921039121510737,32,30,0.9375,0.9441912994803779,0.023152177969640975
GSM4138127,14,8,Macrophage_family,family,0.9479015234563648,38,37,0.9736842105263158,0.9404447011795108,-0.007456822276853958
GSM4138128,14,1,Monocyte_family,family,0.9273007476365601,262,227,0.8664122137404581,0.9837328588016483,0.05643211116508817
GSM4138128,14,2,Mono_CD16,specific,0.9038709698371952,379,139,0.36675461741424803,0.9776116977859656,0.0737407279487704
GSM4138128,14,3,DC_family,family,0.9737817700905913,26,26,1.0,0.9737817700905913,0.0
GSM4138128,14,7,DC_pDC,specific,0.9782659584116306,20,20,1.0,0.9782659584116306,0.0
GSM4138129,14,1,Monocyte_family,family,0.8969896902914624,84,63,0.75,0.9530057940751405,0.05601610378367816
GSM4138129,14,2,Mono_CD16,specific,0.9295070391138054,37,3,0.08108108108108109,,
GSM4138129,14,3,DC_family,family,0.9046898741156764,31,20,0.6451612903225806,0.9775046817388928,0.07281480762321646
GSM4138129,14,4,Macrophage_family,family,0.9003549193093944,44,41,0.9318181818181818,0.8927716502609387,-0.007583269048455632
GSM4138129,14,7,DC_pDC,specific,0.9868286715955322,25,25,1.0,0.9868286715955322,0.0
GSM4138129,14,8,Macrophage_family,family,0.854508325926467,54,53,0.9814814814814815,0.8553030971920346,0.0007947712655675954
GSM4138130,14,1,Monocyte_family,family,0.9510477899866729,327,312,0.9541284403669725,0.9765991471997969,0.02555135721312396
GSM4138130,14,2,Mono_CD16,specific,0.9483201612112523,331,116,0.3504531722054381,0.9812775037239836,0.0329573425127313
GSM4138130,14,7,DC_pDC,specific,0.9639490407838097,19,19,1.0,0.9639490407838097,0.0
GSM4138131,14,1,Monocyte_family,family,0.9010834836369203,87,68,0.7816091954022989,0.9263435564920816,0.025260072855161297
GSM4138131,14,11,DC_family,family,0.8429995741686834,70,68,0.9714285714285714,0.8411047394356727,-0.001894834733010775
GSM4138131,14,12,Mast,specific,0.9764376533440459,18,18,1.0,0.9764376533440459,0.0
GSM4138131,14,2,Mono_CD16,specific,0.8888893491827835,74,5,0.06756756756756757,,
GSM4138131,14,3,DC_family,family,0.8554022493650505,66,54,0.8181818181818182,0.8470524261525088,-0.00834982321254174
GSM4138131,14,4,Macrophage_family,family,0.8110618756657609,135,97,0.7185185185185186,0.8251938124562572,0.014131936790496291
GSM4138131,14,7,DC_pDC,specific,0.9046789059634622,112,106,0.9464285714285714,0.9185940501920142,0.013915144228552001
GSM4138132,14,1,Monocyte_family,family,0.9597927575957138,468,460,0.9829059829059829,0.9791639824190692,0.019371224823355404
GSM4138132,14,2,Mono_CD16,specific,0.94440041020942,291,58,0.19931271477663232,0.9814133723188372,0.03701296210941718
GSM4138133,14,1,Monocyte_family,family,0.9489361982234895,51,14,0.27450980392156865,,
GSM4138133,14,11,DC_family,family,0.8823855061566597,21,21,1.0,0.8823855061566597,0.0
GSM4138133,14,2,Mono_CD16,specific,0.9297074317504862,46,1,0.021739130434782608,,
GSM4138133,14,3,DC_family,family,0.8386736827577523,98,70,0.7142857142857143,0.8624300529907225,0.02375637023297017
GSM4138133,14,4,Macrophage_family,family,0.8059178805880508,94,89,0.9468085106382979,0.8196918508371211,0.013773970249070344
GSM4138133,14,7,DC_pDC,specific,0.9840886463775538,22,21,0.9545454545454546,0.9780104357713506,-0.0060782106062031716
GSM4138133,14,8,Macrophage_family,family,0.9506664936975905,19,19,1.0,0.9506664936975905,0.0
GSM4138134,14,1,Monocyte_family,family,0.97729107342338,900,891,0.99,0.9830491222968506,0.005758048873470645
GSM4138134,14,2,Mono_CD16,specific,0.9520362650171108,505,132,0.2613861386138614,0.9695591587489021,0.017522893731791278
GSM4138134,14,7,DC_pDC,specific,0.9856991785152992,15,15,1.0,0.9856991785152992,0.0
GSM4138135,14,1,Monocyte_family,family,0.9014891101142476,158,66,0.4177215189873418,0.9548982803875531,0.053409170273305495
GSM4138135,14,11,DC_family,family,0.9257796574418986,31,31,1.0,0.9257796574418986,0.0
GSM4138135,14,12,Mast,specific,1.0,21,21,1.0,1.0,0.0
GSM4138135,14,2,Mono_CD16,specific,0.9361934128373055,67,3,0.04477611940298507,,
GSM4138135,14,3,DC_family,family,0.8369910913985665,51,20,0.39215686274509803,0.9007168269755834,0.06372573557701688
GSM4138135,14,4,Macrophage_family,family,0.7754686159517501,356,353,0.9915730337078652,0.7793793098209881,0.0039106938692380355
GSM4138135,14,7,DC_pDC,specific,0.9592348250153161,19,17,0.8947368421052632,0.9787886250594097,0.019553800044093572
GSM4138135,14,8,Macrophage_family,family,0.8061356589781621,76,76,1.0,0.8061356589781621,0.0
GSM4138136,14,1,Monocyte_family,family,0.9475371984845349,415,399,0.9614457831325302,0.9735818154788732,0.026044616994338354
GSM4138136,14,2,Mono_CD16,specific,0.8987406559970847,295,110,0.3728813559322034,0.978914746972955,0.08017409097587025
GSM4138136,14,3,DC_family,family,0.9732532323500448,17,17,1.0,0.9732532323500448,0.0
GSM4138137,14,1,Monocyte_family,family,0.869160673094443,151,51,0.33774834437086093,0.9718401972671119,0.1026795241726689
GSM4138137,14,11,DC_family,family,0.9513257474953213,17,17,1.0,0.9513257474953213,0.0
GSM4138137,14,2,Mono_CD16,specific,0.9500552453480378,42,2,0.047619047619047616,,
GSM4138137,14,3,DC_family,family,0.8880735751762229,31,18,0.5806451612903226,0.9045291579820232,0.016455582805800284
GSM4138137,14,4,Macrophage_family,family,0.8079824284233531,273,270,0.989010989010989,0.8086229442213939,0.0006405157980408083
GSM4138137,14,8,Macrophage_family,family,0.788651945797949,138,138,1.0,0.788651945797949,0.0
GSM4138138,14,1,Monocyte_family,family,0.9657884939804852,394,383,0.9720812182741116,0.97693209285747,0.011143598876984795
GSM4138138,14,2,Mono_CD16,specific,0.926008830085431,235,112,0.4765957446808511,0.9668810029523296,0.04087217286689859
GSM4138139,14,1,Monocyte_family,family,0.8210931367239227,156,86,0.5512820512820513,0.9085320351862929,0.08743889846237018
GSM4138139,14,11,DC_family,family,0.9297053464799931,25,23,0.92,0.9424067231791787,0.012701376699185585
GSM4138139,14,12,Mast,specific,0.9658315628046693,60,60,1.0,0.9658315628046693,0.0
GSM4138139,14,2,Mono_CD16,specific,0.9382983704305125,59,10,0.1694915254237288,,
GSM4138139,14,3,DC_family,family,0.8886474066950073,62,45,0.7258064516129032,0.9144117989183418,0.025764392223334487
GSM4138139,14,4,Macrophage_family,family,0.8176879776275323,118,117,0.9915254237288136,0.8177454501294592,5.7472501926891795e-05
GSM4138139,14,7,DC_pDC,specific,0.9506174967437965,22,22,1.0,0.9506174967437965,0.0
GSM4138139,14,8,Macrophage_family,family,0.7734151362588281,121,113,0.9338842975206612,0.7690181220336281,-0.004397014225200002
GSM4138140,14,1,Monocyte_family,family,0.963137297183217,492,480,0.975609756097561,0.9770806392489838,0.013943342065766862
GSM4138140,14,2,Mono_CD16,specific,0.9212631767377053,305,77,0.25245901639344265,0.9699730019986887,0.04870982526098344
GSM4138140,14,3,DC_family,family,0.9733274628397274,22,21,0.9545454545454546,0.972679878647894,-0.0006475841918334169
GSM4138141,14,1,Monocyte_family,family,0.8812996116803266,225,200,0.8888888888888888,0.9263874770142927,0.04508786533396614
GSM4138141,14,11,DC_family,family,0.8830780150769266,56,56,1.0,0.8830780150769266,0.0
GSM4138141,14,2,Mono_CD16,specific,0.8848250145257219,110,29,0.2636363636363636,0.9795622594124764,0.0947372448867545
GSM4138141,14,3,DC_family,family,0.8173145278960311,104,90,0.8653846153846154,0.8249095114528446,0.007594983556813539
GSM4138141,14,4,Macrophage_family,family,0.8732460009671544,67,62,0.9253731343283582,0.8760284600081306,0.002782459040976182
GSM4138141,14,7,DC_pDC,specific,0.915848528113676,73,72,0.9863013698630136,0.9165508686482305,0.0007023405345545353
GSM4138142,14,1,Monocyte_family,family,0.9508256866802611,503,486,0.9662027833001988,0.95671636939335,0.005890682713088902
GSM4138142,14,2,Mono_CD16,specific,0.9139081615317776,261,108,0.41379310344827586,0.9665257719433304,0.052617610411552884
GSM4138143,14,1,Monocyte_family,family,0.841835371908377,92,58,0.6304347826086957,0.9170710041616723,0.07523563225329533
GSM4138143,14,11,DC_family,family,0.8192495354150123,45,45,1.0,0.8192495354150123,0.0
GSM4138143,14,12,Mast,specific,0.9748135904112316,31,31,1.0,0.9748135904112316,0.0
GSM4138143,14,2,Mono_CD16,specific,0.9197263978779691,74,13,0.17567567567567569,,
GSM4138143,14,3,DC_family,family,0.7781893410579017,107,84,0.7850467289719626,0.8105718392261223,0.032382498168220586
GSM4138143,14,4,Macrophage_family,family,0.8930887524873931,29,28,0.9655172413793104,0.903885409592182,0.010796657104788943
GSM4138143,14,7,DC_pDC,specific,0.9295762244202338,46,46,1.0,0.9295762244202338,0.0
GSM4138143,14,8,Macrophage_family,family,0.9416668169167848,16,16,1.0,0.9416668169167848,0.0
GSM4138144,14,1,Monocyte_family,family,0.9299208814634559,174,149,0.8563218390804598,0.9596558731369388,0.029734991673482924
GSM4138144,14,2,Mono_CD16,specific,0.8943114777616346,139,64,0.460431654676259,0.9749122264211482,0.08060074865951361
GSM4138144,14,3,DC_family,family,0.9670712946687575,29,29,1.0,0.9670712946687575,0.0
GSM4138145,14,1,Monocyte_family,family,0.8430788851029609,202,144,0.7128712871287128,0.9083880531667138,0.06530916806375286
GSM4138145,14,11,DC_family,family,0.9345802066968787,20,20,1.0,0.9345802066968787,0.0
GSM4138145,14,2,Mono_CD16,specific,0.9373600847043534,72,12,0.16666666666666666,,
GSM4138145,14,3,DC_family,family,0.7684815809430806,187,177,0.946524064171123,0.7760925683394235,0.007610987396342916
GSM4138145,14,4,Macrophage_family,family,0.9845045403198233,21,21,1.0,0.9845045403198233,0.0
GSM4138145,14,7,DC_pDC,specific,0.945258029964264,45,45,1.0,0.945258029964264,0.0
GSM4138146,14,1,Monocyte_family,family,0.9355226204602256,179,166,0.9273743016759777,0.9595894639734052,0.02406684351317956
GSM4138146,14,2,Mono_CD16,specific,0.9072035396129767,306,200,0.6535947712418301,0.9622686828921565,0.055065143279179773
GSM4138146,14,3,DC_family,family,0.9723431747443907,15,15,1.0,0.9723431747443907,0.0
GSM4138147,14,7,DC_pDC,specific,0.935324749011505,31,31,1.0,0.935324749011505,0.0
GSM4138148,14,1,Monocyte_family,family,0.9288983821404443,114,102,0.8947368421052632,0.9842676853876245,0.05536930324718026
GSM4138148,14,2,Mono_CD16,specific,0.8636763514495,80,34,0.425,0.9692635348384981,0.1055871833889982
GSM4138148,14,3,DC_family,family,0.9829214708317753,21,21,1.0,0.9829214708317753,0.0
GSM4138150,14,1,Monocyte_family,family,0.9408900485305137,133,125,0.9398496240601504,0.9701143691539672,0.02922432062345348
GSM4138150,14,2,Mono_CD16,specific,0.9075274542915635,86,35,0.4069767441860465,0.9785444665693842,0.07101701227782076
GSM4138151,14,7,DC_pDC,specific,0.9806392337550041,15,15,1.0,0.9806392337550041,0.0
GSM4138152,14,1,Monocyte_family,family,0.9356874087486322,313,294,0.939297124600639,0.950531596586058,0.014844187837425804
GSM4138152,14,2,Mono_CD16,specific,0.8787543640321513,187,89,0.47593582887700536,0.9413199538988823,0.062565589866731
GSM4138152,14,3,DC_family,family,0.9639416615462942,23,23,1.0,0.9639416615462942,0.0
GSM4138152,14,7,DC_pDC,specific,0.9775928259929391,15,15,1.0,0.9775928259929391,0.0
GSM4138153,14,3,DC_family,family,0.9347420571258227,21,19,0.9047619047619048,0.9353237811073467,0.0005817239815240072
GSM4138154,14,1,Monocyte_family,family,0.9018379476746698,296,274,0.9256756756756757,0.941522702292559,0.03968475461788912
GSM4138154,14,2,Mono_CD16,specific,0.8764477254648624,72,30,0.4166666666666667,0.951042806610867,0.07459508114600466
GSM4138154,14,3,DC_family,family,0.9160527031063195,20,20,1.0,0.9160527031063195,0.0
GSM4138155,14,1,Monocyte_family,family,0.8079931175885954,183,154,0.8415300546448088,0.8430562811133564,0.03506316352476102
GSM4138155,14,11,DC_family,family,0.8811631329562903,32,32,1.0,0.8811631329562903,0.0
GSM4138155,14,12,Mast,specific,0.9252378509283148,20,19,0.95,0.9381206978557273,0.012882846927412483
GSM4138155,14,2,Mono_CD16,specific,0.9389882165185759,32,6,0.1875,,
GSM4138155,14,3,DC_family,family,0.7129631180254925,188,153,0.8138297872340425,0.7331916315559919,0.02022851353049937
GSM4138155,14,4,Macrophage_family,family,0.8615429888649672,48,45,0.9375,0.880348712613112,0.01880572374814482
GSM4138155,14,7,DC_pDC,specific,0.8979761845396674,53,50,0.9433962264150944,0.9062361607604512,0.008259976220783782
GSM4138155,14,8,Macrophage_family,family,0.7088829025609875,111,107,0.963963963963964,0.7127287156442077,0.0038458130832201842
GSM4138156,14,1,Monocyte_family,family,0.9370617371907584,679,645,0.9499263622974963,0.9606920087601659,0.023630271569407557
GSM4138156,14,2,Mono_CD16,specific,0.9284911547381757,283,150,0.5300353356890459,0.9674540600296433,0.03896290529146762
GSM4138156,14,3,DC_family,family,0.9723941793639231,33,33,1.0,0.9723941793639231,0.0
GSM4138156,14,7,DC_pDC,specific,0.9539837451128743,15,15,1.0,0.9539837451128743,0.0
GSM4138157,14,1,Monocyte_family,family,0.9690267336460738,32,22,0.6875,0.9744050513333814,0.0053783176873075655
GSM4138157,14,2,Mono_CD16,specific,0.9659265848423614,32,4,0.125,,
GSM4138157,14,3,DC_family,family,0.7946513048781594,57,40,0.7017543859649122,0.8779073657392757,0.08325606086111637
GSM4138157,14,4,Macrophage_family,family,0.9683351226356409,17,17,1.0,0.9683351226356409,0.0
GSM4138157,14,7,DC_pDC,specific,0.9480389776479722,17,16,0.9411764705882353,0.978093154163344,0.03005417651537179
GSM4138158,14,1,Monocyte_family,family,0.9557882757122204,233,224,0.9613733905579399,0.9692606332755885,0.013472357563368176
GSM4138158,14,2,Mono_CD16,specific,0.9102852408021876,64,19,0.296875,0.9852479955603701,0.07496275475818248
GSM4138158,14,3,DC_family,family,0.9837408307263258,17,17,1.0,0.9837408307263258,0.0
GSM4138159,14,1,Monocyte_family,family,0.9534663102024759,40,33,0.825,0.9663385718111007,0.012872261608624869
GSM4138159,14,2,Mono_CD16,specific,0.9671106128192986,22,2,0.09090909090909091,,
GSM4138159,14,3,DC_family,family,0.8321846285557257,46,38,0.8260869565217391,0.8237717741498397,-0.008412854405886017
GSM4138159,14,4,Macrophage_family,family,0.9851261513291948,20,20,1.0,0.9851261513291948,0.0
GSM4138160,14,1,Monocyte_family,family,0.9384949837137762,428,413,0.9649532710280374,0.9628162585251501,0.024321274811373916
GSM4138160,14,2,Mono_CD16,specific,0.9141061689108362,105,36,0.34285714285714286,0.9900033659049698,0.07589719699413366
GSM4138160,14,7,DC_pDC,specific,0.980833886723325,23,23,1.0,0.980833886723325,0.0
GSM4138161,14,1,Monocyte_family,family,0.8595545836207575,119,92,0.773109243697479,0.8905779411838888,0.031023357563131237
GSM4138161,14,2,Mono_CD16,specific,0.9690695757781111,32,9,0.28125,,
GSM4138161,14,3,DC_family,family,0.7663032443202008,109,92,0.8440366972477065,0.7717856961708561,0.005482451850655323
GSM4138161,14,7,DC_pDC,specific,0.8662151186311056,111,106,0.954954954954955,0.8573154205164121,-0.008899698114693488
GSM4138162,14,1,Monocyte_family,family,0.9530424858594555,344,330,0.9593023255813954,0.9674137473037115,0.014371261444256045
GSM4138162,14,2,Mono_CD16,specific,0.8818797894591448,219,63,0.2876712328767123,0.9689990847188696,0.08711929525972484
GSM4138162,14,3,DC_family,family,0.9755344657191322,31,31,1.0,0.9755344657191322,0.0
GSM4138162,14,7,DC_pDC,specific,0.9897606953288196,17,17,1.0,0.9897606953288196,0.0
GSM4138163,14,1,Monocyte_family,family,0.9489950391932113,357,342,0.957983193277311,0.9606380799229983,0.011643040729787058
GSM4138163,14,2,Mono_CD16,specific,0.8899439615840825,129,23,0.17829457364341086,0.9838436758508947,0.0938997142668122
GSM4138163,14,3,DC_family,family,0.9800478107092825,20,20,1.0,0.9800478107092825,0.0
GSM4138163,14,7,DC_pDC,specific,0.9941087355013785,16,16,1.0,0.9941087355013785,0.0
GSM4138164,14,1,Monocyte_family,family,0.9346940747530386,97,90,0.9278350515463918,0.9762703382379969,0.04157626348495835
GSM4138164,14,2,Mono_CD16,specific,0.8592923819884837,71,21,0.29577464788732394,0.9829393430119403,0.12364696102345663
GSM4138165,14,1,Monocyte_family,family,0.9428005120816174,286,273,0.9545454545454546,0.9755123353795153,0.0327118232978979
GSM4138165,14,2,Mono_CD16,specific,0.8920905587282775,195,93,0.47692307692307695,0.9446544771791544,0.052563918450876934
GSM4138166,14,1,Monocyte_family,family,0.9421973769411024,267,250,0.9363295880149812,0.9764323774759512,0.03423500053484885
GSM4138166,14,2,Mono_CD16,specific,0.8950603248372242,241,117,0.4854771784232365,0.9621941145544404,0.06713378971721617
GSM4138166,14,3,DC_family,family,0.9780046869716861,26,26,1.0,0.9780046869716861,0.0
GSM4138167,14,1,Monocyte_family,family,0.9457881124844683,241,230,0.9543568464730291,0.9812820614873863,0.035493949002918024
GSM4138167,14,2,Mono_CD16,specific,0.8945142592825518,170,29,0.17058823529411765,0.9625303423920475,0.0680160831094957
GSM4138167,14,3,DC_family,family,0.9825442242894104,23,23,1.0,0.9825442242894104,0.0
GSM4138168,14,7,DC_pDC,specific,0.9457890908623999,20,20,1.0,0.9457890908623999,0.0
GSM4138169,14,3,DC_family,family,1.0,15,14,0.9333333333333333,,
GSM4138171,14,3,DC_family,family,0.9875620851035662,17,16,0.9411764705882353,0.9873608126024546,-0.00020127250111168227
GSM4138172,14,3,DC_family,family,0.9754958122373675,18,16,0.8888888888888888,0.9863191889443204,0.01082337670695288
GSM4138110,15,1,Mono_CD14_ID1,specific,0.9213789247659095,514,12,0.023346303501945526,,
GSM4138110,15,2,Mono_CD16,specific,0.9172950824857807,156,78,0.5,0.97761328954427,0.060318207058489226
GSM4138110,15,4,DC_pDC,specific,0.9555193703185515,21,21,1.0,0.9555193703185515,0.0
GSM4138111,15,1,Mono_CD14_ID1,specific,0.7394763591341842,181,4,0.022099447513812154,,
GSM4138111,15,10,Mast,specific,0.8772200899755831,30,29,0.9666666666666667,0.9059125026497903,0.02869241267420719
GSM4138111,15,2,Mono_CD16,specific,0.7509349248728318,136,35,0.25735294117647056,0.891739170315181,0.14080424544234926
GSM4138111,15,4,DC_pDC,specific,0.7774746429118676,75,68,0.9066666666666666,0.8980982837036952,0.12062364079182752
GSM4138111,15,8,DC_family,family,0.8702585191315958,21,20,0.9523809523809523,0.8687180649173477,-0.0015404542142480881
GSM4138112,15,1,Mono_CD14_ID1,specific,0.893422348328196,228,0,0.0,,
GSM4138112,15,2,Mono_CD16,specific,0.8875773166218052,167,95,0.5688622754491018,0.9618001923997429,0.07422287577793774
GSM4138112,15,4,DC_pDC,specific,0.9672228106134714,26,26,1.0,0.9672228106134714,0.0
GSM4138113,15,1,Mono_CD14_ID1,specific,0.7709041868664214,89,0,0.0,,
GSM4138113,15,2,Mono_CD16,specific,0.8152124402027321,51,12,0.23529411764705882,,
GSM4138113,15,4,DC_pDC,specific,0.7774084767715161,38,35,0.9210526315789473,0.906026965507174,0.12861848873565784
GSM4138114,15,1,Mono_CD14_ID1,specific,0.876662205236144,275,2,0.007272727272727273,,
GSM4138114,15,2,Mono_CD16,specific,0.9037465154271344,109,60,0.5504587155963303,0.9638175783207804,0.060071062893646054
GSM4138115,15,1,Mono_CD14_ID1,specific,0.8522399419536217,77,1,0.012987012987012988,,
GSM4138115,15,2,Mono_CD16,specific,0.8560490145184834,70,0,0.0,,
GSM4138115,15,4,DC_pDC,specific,0.9516707081788459,20,18,0.9,0.9804146303450614,0.028743922166215463
GSM4138115,15,9,DC_family,family,0.9362558523254023,20,20,1.0,0.9362558523254023,0.0
GSM4138116,15,1,Mono_CD14_ID1,specific,0.935452443400098,689,0,0.0,,
GSM4138116,15,2,Mono_CD16,specific,0.9484839914277878,24,15,0.625,0.9836055443637416,0.03512155293595376
GSM4138117,15,1,Mono_CD14_ID1,specific,0.7178263228595058,230,1,0.004347826086956522,,
GSM4138117,15,10,Mast,specific,0.9848958966969695,15,15,1.0,0.9848958966969695,0.0
GSM4138117,15,2,Mono_CD16,specific,0.838396990227231,74,5,0.06756756756756757,,
GSM4138117,15,4,DC_pDC,specific,0.9528621852287787,15,13,0.8666666666666667,,
GSM4138117,15,7,Macrophage_family,family,0.7738454732316381,61,60,0.9836065573770492,0.7819327542885746,0.008087281056936457
GSM4138118,15,1,Mono_CD14_ID1,specific,0.8744104568894556,283,170,0.6007067137809188,0.9335570118094065,0.05914655491995091
GSM4138118,15,2,Mono_CD16,specific,1.0,17,6,0.35294117647058826,,
GSM4138119,15,1,Mono_CD14_ID1,specific,0.6689017703204843,85,0,0.0,,
GSM4138120,15,1,Mono_CD14_ID1,specific,0.8540153629179298,572,464,0.8111888111888111,0.9143636094168758,0.06034824649894599
GSM4138120,15,2,Mono_CD16,specific,0.8608766205583843,76,24,0.3157894736842105,0.9596757142031672,0.0987990936447829
GSM4138121,15,1,Mono_CD14_ID1,specific,0.794805589722757,75,6,0.08,,
GSM4138121,15,4,DC_pDC,specific,0.9614989489009151,17,12,0.7058823529411765,,
GSM4138121,15,9,DC_family,family,0.9621384161764761,15,14,0.9333333333333333,,
GSM4138122,15,1,Mono_CD14_ID1,specific,0.8808635435116888,327,0,0.0,,
GSM4138122,15,2,Mono_CD16,specific,0.9020646385078601,297,139,0.468013468013468,0.9776116977859656,0.07554705927810546
GSM4138122,15,4,DC_pDC,specific,0.9782659584116306,20,20,1.0,0.9782659584116306,0.0
GSM4138123,15,1,Mono_CD14_ID1,specific,0.7632744776485478,78,0,0.0,,
GSM4138123,15,2,Mono_CD16,specific,0.8297954546267169,43,0,0.0,,
GSM4138123,15,4,DC_pDC,specific,0.9046695188500348,54,48,0.8888888888888888,0.9508575041839805,0.04618798533394575
GSM4138123,15,7,Macrophage_family,family,0.7095899384625766,192,188,0.9791666666666666,0.7068995492903931,-0.0026903891721834494
GSM4138123,15,8,DC_family,family,0.9687224782754187,21,21,1.0,0.9687224782754187,0.0
GSM4138123,15,9,DC_family,family,0.9354034779330974,16,15,0.9375,0.9479991454669927,0.012595667533895294
GSM4138124,15,1,Mono_CD14_ID1,specific,0.9258573925702167,279,0,0.0,,
GSM4138124,15,2,Mono_CD16,specific,0.9097427103024796,105,48,0.45714285714285713,0.969665210227224,0.05992249992474441
GSM4138125,15,1,Mono_CD14_ID1,specific,0.7154856844903865,369,2,0.005420054200542005,,
GSM4138125,15,2,Mono_CD16,specific,0.7832610786523366,144,6,0.041666666666666664,,
GSM4138125,15,7,Macrophage_family,family,0.780697505885121,54,54,1.0,0.780697505885121,0.0
GSM4138126,15,1,Mono_CD14_ID1,specific,0.9567625018171136,725,9,0.012413793103448275,,
GSM4138126,15,2,Mono_CD16,specific,0.9659217053693457,88,23,0.26136363636363635,1.0,0.03407829463065426
GSM4138127,15,1,Mono_CD14_ID1,specific,0.8157339588791878,233,14,0.060085836909871244,,
GSM4138127,15,2,Mono_CD16,specific,0.8245142135403825,97,2,0.020618556701030927,,
GSM4138127,15,4,DC_pDC,specific,0.9393219664910837,28,24,0.8571428571428571,0.9404648223803044,0.0011428558892206953
GSM4138127,15,7,Macrophage_family,family,0.9548877979942209,24,22,0.9166666666666666,0.9289710322783992,-0.025916765715821688
GSM4138128,15,1,Mono_CD14_ID1,specific,0.8808635435116888,327,0,0.0,,
GSM4138128,15,2,Mono_CD16,specific,0.9020646385078601,297,139,0.468013468013468,0.9776116977859656,0.07554705927810546
GSM4138128,15,4,DC_pDC,specific,0.9782659584116306,20,20,1.0,0.9782659584116306,0.0
GSM4138129,15,1,Mono_CD14_ID1,specific,0.8076311364688619,142,5,0.035211267605633804,,
GSM4138129,15,2,Mono_CD16,specific,0.8841927236072866,51,3,0.058823529411764705,,
GSM4138129,15,4,DC_pDC,specific,0.9674757017063065,27,25,0.9259259259259259,0.9868286715955322,0.019352969889225746
GSM4138130,15,1,Mono_CD14_ID1,specific,0.9331087483676892,381,1,0.0026246719160104987,,
GSM4138130,15,2,Mono_CD16,specific,0.9366235284312148,282,116,0.41134751773049644,0.9812775037239836,0.04465397529276882
GSM4138130,15,4,DC_pDC,specific,0.9639490407838097,19,19,1.0,0.9639490407838097,0.0
GSM4138131,15,1,Mono_CD14_ID1,specific,0.8054760317989604,168,3,0.017857142857142856,,
GSM4138131,15,10,Mast,specific,0.9764376533440459,18,18,1.0,0.9764376533440459,0.0
GSM4138131,15,2,Mono_CD16,specific,0.813553837738842,132,5,0.03787878787878788,,
GSM4138131,15,4,DC_pDC,specific,0.8833199100673849,106,98,0.9245283018867925,0.9105194697678054,0.02719955970042054
GSM4138131,15,7,Macrophage_family,family,0.8229779021316169,71,52,0.7323943661971831,0.8447523354065078,0.021774433274890925
GSM4138131,15,8,DC_family,family,0.8533531428629139,55,52,0.9454545454545454,0.8719236965404114,0.018570553677497492
GSM4138131,15,9,DC_family,family,0.847348370303795,42,41,0.9761904761904762,0.845655289110254,-0.0016930811935409462
GSM4138132,15,1,Mono_CD14_ID1,specific,0.9369755712162862,530,1,0.0018867924528301887,,
GSM4138132,15,2,Mono_CD16,specific,0.9438593831829021,197,58,0.29441624365482233,0.9814133723188372,0.037553989135935106
GSM4138133,15,1,Mono_CD14_ID1,specific,0.8282072028652807,137,0,0.0,,
GSM4138133,15,2,Mono_CD16,specific,0.8546322805979327,91,1,0.01098901098901099,,
GSM4138133,15,4,DC_pDC,specific,0.9753176722870366,23,21,0.9130434782608695,0.9780104357713506,0.0026927634843140202
GSM4138133,15,7,Macrophage_family,family,0.9147468331672169,32,30,0.9375,0.915814808614086,0.001067975446869096
GSM4138133,15,9,DC_family,family,0.9607506685662259,26,25,0.9615384615384616,0.9608327272802258,8.205871399991072e-05
GSM4138134,15,1,Mono_CD14_ID1,specific,0.9693702962145697,994,1,0.001006036217303823,,
GSM4138134,15,2,Mono_CD16,specific,0.9595679323895354,383,132,0.34464751958224543,0.9695591587489021,0.009991226359366667
GSM4138134,15,4,DC_pDC,specific,0.9878859617759893,16,15,0.9375,0.9856991785152992,-0.002186783260690106
GSM4138135,15,1,Mono_CD14_ID1,specific,0.7896514178734346,263,4,0.015209125475285171,,
GSM4138135,15,10,Mast,specific,1.0,22,21,0.9545454545454546,1.0,0.0
GSM4138135,15,2,Mono_CD16,specific,0.8449657288035245,81,3,0.037037037037037035,,
GSM4138135,15,4,DC_pDC,specific,0.9784301578221191,18,16,0.8888888888888888,0.9782286894302672,-0.0002014683918518667
GSM4138135,15,7,Macrophage_family,family,0.7806064930722332,159,157,0.9874213836477987,0.7795042370041534,-0.0011022560680797877
GSM4138135,15,8,DC_family,family,0.9599027490402972,24,23,0.9583333333333334,0.9477318735730841,-0.012170875467213071
GSM4138135,15,9,DC_family,family,0.9063904391136934,19,18,0.9473684210526315,0.9373038639811613,0.030913424867467842
GSM4138136,15,1,Mono_CD14_ID1,specific,0.9099213421558858,466,13,0.027896995708154508,,
GSM4138136,15,2,Mono_CD16,specific,0.9099110491596677,238,110,0.46218487394957986,0.978914746972955,0.0690036978132873
GSM4138137,15,1,Mono_CD14_ID1,specific,0.790805554625572,274,4,0.014598540145985401,,
GSM4138137,15,2,Mono_CD16,specific,0.8301769924234447,96,2,0.020833333333333332,,
GSM4138137,15,7,Macrophage_family,family,0.7804215766964818,249,242,0.9718875502008032,0.7750049468919884,-0.0054166298044934225
GSM4138137,15,8,DC_family,family,0.9504433032780831,16,15,0.9375,0.9501078138848283,-0.0003354893932547842
GSM4138137,15,9,DC_family,family,0.9701376574555876,18,16,0.8888888888888888,0.9660324720845089,-0.0041051853710786235
GSM4138138,15,1,Mono_CD14_ID1,specific,0.9085118895978805,426,2,0.004694835680751174,,
GSM4138138,15,2,Mono_CD16,specific,0.9432953923877795,194,112,0.5773195876288659,0.9668810029523296,0.023585610564550108
GSM4138139,15,1,Mono_CD14_ID1,specific,0.7175445228399706,291,2,0.006872852233676976,,
GSM4138139,15,10,Mast,specific,0.9658315628046693,60,60,1.0,0.9658315628046693,0.0
GSM4138139,15,2,Mono_CD16,specific,0.8066405324613025,107,10,0.09345794392523364,,
GSM4138139,15,4,DC_pDC,specific,0.9660842826102645,23,20,0.8695652173913043,0.9780983840104429,0.012014101400178445
GSM4138139,15,7,Macrophage_family,family,0.8026383068220058,72,69,0.9583333333333334,0.8065164925707049,0.0038781857486991367
GSM4138139,15,8,DC_family,family,0.9384010279639892,20,20,1.0,0.9384010279639892,0.0
GSM4138140,15,1,Mono_CD14_ID1,specific,0.9214153757250536,567,2,0.003527336860670194,,
GSM4138140,15,2,Mono_CD16,specific,0.9154049872725397,223,77,0.3452914798206278,0.9699730019986887,0.05456801472614903
GSM4138141,15,1,Mono_CD14_ID1,specific,0.7974236653191262,316,2,0.006329113924050633,,
GSM4138141,15,2,Mono_CD16,specific,0.7835827463704781,125,30,0.24,0.9724074031211091,0.18882465675063098
GSM4138141,15,4,DC_pDC,specific,0.9085834119033498,78,71,0.9102564102564102,0.9172174309022941,0.008634018998944337
GSM4138141,15,7,Macrophage_family,family,0.9361409720698576,15,15,1.0,0.9361409720698576,0.0
GSM4138141,15,8,DC_family,family,0.9269048322393975,38,37,0.9736842105263158,0.9255265472524116,-0.0013782849869858893
GSM4138141,15,9,DC_family,family,0.8591507557139366,41,41,1.0,0.8591507557139366,0.0
GSM4138142,15,1,Mono_CD14_ID1,specific,0.9143020515027537,552,37,0.06702898550724638,0.9672045977511199,0.05290254624836621
GSM4138142,15,2,Mono_CD16,specific,0.9345278623062901,189,108,0.5714285714285714,0.9665257719433304,0.0319979096370403
GSM4138143,15,1,Mono_CD14_ID1,specific,0.6929616747269796,199,2,0.010050251256281407,,
GSM4138143,15,10,Mast,specific,0.9748135904112316,31,31,1.0,0.9748135904112316,0.0
GSM4138143,15,2,Mono_CD16,specific,0.8128401670741563,112,13,0.11607142857142858,,
GSM4138143,15,4,DC_pDC,specific,0.9205579784156942,50,46,0.92,0.9295762244202338,0.009018246004539598
GSM4138143,15,8,DC_family,family,0.8878247966702876,37,37,1.0,0.8878247966702876,0.0
GSM4138143,15,9,DC_family,family,0.952870728847712,18,18,1.0,0.952870728847712,0.0
GSM4138144,15,1,Mono_CD14_ID1,specific,0.8360237696666257,213,13,0.06103286384976526,,
GSM4138144,15,2,Mono_CD16,specific,0.8755949044798075,117,64,0.5470085470085471,0.9749122264211482,0.09931732194134069
GSM4138145,15,1,Mono_CD14_ID1,specific,0.7442890497528557,355,8,0.022535211267605635,,
GSM4138145,15,2,Mono_CD16,specific,0.7985165632741564,139,12,0.08633093525179857,,
GSM4138145,15,4,DC_pDC,specific,0.8457218435588667,58,46,0.7931034482758621,0.9472622152517468,0.1015403716928801
GSM4138145,15,7,Macrophage_family,family,1.0,16,15,0.9375,0.9821118434218382,-0.017888156578161785
GSM4138145,15,8,DC_family,family,0.9646324181601479,20,20,1.0,0.9646324181601479,0.0
GSM4138145,15,9,DC_family,family,0.8248752980272622,50,50,1.0,0.8248752980272622,0.0
GSM4138146,15,1,Mono_CD14_ID1,specific,0.8811482917118035,213,1,0.004694835680751174,,
GSM4138146,15,2,Mono_CD16,specific,0.9087528369094958,292,200,0.684931506849315,0.9622686828921565,0.05351584598266068
GSM4138147,15,1,Mono_CD14_ID1,specific,0.8522548170854469,17,0,0.0,,
GSM4138147,15,4,DC_pDC,specific,0.925292417692126,32,31,0.96875,0.935324749011505,0.010032331319378973
GSM4138148,15,1,Mono_CD14_ID1,specific,0.839390519910242,136,5,0.03676470588235294,,
GSM4138148,15,2,Mono_CD16,specific,0.8977067691672216,60,34,0.5666666666666667,0.9692635348384981,0.07155676567127656
GSM4138150,15,1,Mono_CD14_ID1,specific,0.9153823576534879,144,8,0.05555555555555555,,
GSM4138150,15,2,Mono_CD16,specific,0.9088156497890234,61,35,0.5737704918032787,0.9785444665693842,0.0697288167803608
GSM4138151,15,1,Mono_CD14_ID1,specific,0.9863611420413553,15,0,0.0,,
GSM4138151,15,4,DC_pDC,specific,0.9888803155273663,17,15,0.8823529411764706,0.9806392337550041,-0.008241081772362269
GSM4138152,15,1,Mono_CD14_ID1,specific,0.8674935543226805,350,142,0.4057142857142857,0.9520007247267991,0.08450717040411859
GSM4138152,15,2,Mono_CD16,specific,0.8731420337645792,141,89,0.6312056737588653,0.9413199538988823,0.06817792013430313
GSM4138152,15,4,DC_pDC,specific,0.9787838917268129,15,14,0.9333333333333333,,
GSM4138153,15,1,Mono_CD14_ID1,specific,0.9317712323082612,34,0,0.0,,
GSM4138153,15,2,Mono_CD16,specific,0.8427370194195133,17,0,0.0,,
GSM4138154,15,1,Mono_CD14_ID1,specific,0.8361229871847279,322,149,0.46273291925465837,0.943462555263132,0.10733956807840417
GSM4138154,15,2,Mono_CD16,specific,0.8280651133346005,62,30,0.4838709677419355,0.951042806610867,0.12297769327626651
GSM4138155,15,1,Mono_CD14_ID1,specific,0.645856096526193,324,5,0.015432098765432098,,
GSM4138155,15,10,Mast,specific,0.9252378509283148,20,19,0.95,0.9381206978557273,0.012882846927412483
GSM4138155,15,2,Mono_CD16,specific,0.7430235417857327,116,6,0.05172413793103448,,
GSM4138155,15,4,DC_pDC,specific,0.8820673943422893,51,40,0.7843137254901961,0.9223604325842895,0.040293038242000145
GSM4138155,15,7,Macrophage_family,family,0.6947033398639819,79,55,0.6962025316455697,0.7840421460574042,0.08933880619342227
GSM4138155,15,9,DC_family,family,0.7961681517349579,78,75,0.9615384615384616,0.8231058068002319,0.026937655065274013
GSM4138156,15,1,Mono_CD14_ID1,specific,0.9008532828703408,723,9,0.012448132780082987,,
GSM4138156,15,2,Mono_CD16,specific,0.9173509616432983,267,150,0.5617977528089888,0.9674540600296433,0.05010309838634497
GSM4138157,15,1,Mono_CD14_ID1,specific,0.8442004669734582,76,2,0.02631578947368421,,
GSM4138157,15,2,Mono_CD16,specific,0.8413324754033857,60,4,0.06666666666666667,,
GSM4138157,15,4,DC_pDC,specific,0.9433348320039837,20,17,0.85,0.9771060119735836,0.033771179969599885
GSM4138157,15,7,Macrophage_family,family,0.9686389676483366,16,15,0.9375,0.9698476428936553,0.0012086752453187577
GSM4138158,15,1,Mono_CD14_ID1,specific,0.9126686903795896,250,8,0.032,,
GSM4138158,15,2,Mono_CD16,specific,0.9366704459114941,50,19,0.38,0.9852479955603701,0.04857754964887606
GSM4138159,15,1,Mono_CD14_ID1,specific,0.8219153883906835,73,3,0.0410958904109589,,
GSM4138159,15,2,Mono_CD16,specific,0.7706347918067843,53,2,0.03773584905660377,,
GSM4138160,15,1,Mono_CD14_ID1,specific,0.9087033700291736,442,0,0.0,,
GSM4138160,15,2,Mono_CD16,specific,0.9076711555417392,70,36,0.5142857142857142,0.9900033659049698,0.08233221036323068
GSM4138160,15,4,DC_pDC,specific,0.980833886723325,23,23,1.0,0.980833886723325,0.0
GSM4138161,15,1,Mono_CD14_ID1,specific,0.7474955474094527,197,6,0.030456852791878174,,
GSM4138161,15,2,Mono_CD16,specific,0.7653277153176757,97,9,0.09278350515463918,,
GSM4138161,15,4,DC_pDC,specific,0.8339374175261643,112,102,0.9107142857142857,0.8528014858260142,0.01886406829984988
GSM4138161,15,7,Macrophage_family,family,0.969686042344445,15,10,0.6666666666666666,,
GSM4138161,15,9,DC_family,family,0.8383380089097607,39,37,0.9487179487179487,0.8422792322759266,0.003941223366165869
GSM4138162,15,1,Mono_CD14_ID1,specific,0.8914715050378699,391,7,0.017902813299232736,,
GSM4138162,15,2,Mono_CD16,specific,0.888991501443919,149,63,0.4228187919463087,0.9689990847188696,0.08000758327495061
GSM4138162,15,4,DC_pDC,specific,0.9897606953288196,17,17,1.0,0.9897606953288196,0.0
GSM4138163,15,1,Mono_CD14_ID1,specific,0.9125769712464531,388,11,0.028350515463917526,,
GSM4138163,15,2,Mono_CD16,specific,0.9007474157158177,68,23,0.3382352941176471,0.9838436758508947,0.08309626013507698
GSM4138163,15,4,DC_pDC,specific,0.9858316108356697,17,17,1.0,0.9858316108356697,0.0
GSM4138164,15,1,Mono_CD14_ID1,specific,0.8458635652043084,122,0,0.0,,
GSM4138164,15,2,Mono_CD16,specific,0.870765040746343,62,21,0.3387096774193548,0.9829393430119403,0.11217430226559733
GSM4138165,15,1,Mono_CD14_ID1,specific,0.9105637540435568,313,0,0.0,,
GSM4138165,15,2,Mono_CD16,specific,0.8839233014660014,169,93,0.5502958579881657,0.9446544771791544,0.06073117571315301
GSM4138166,15,1,Mono_CD14_ID1,specific,0.8778063613036055,321,10,0.03115264797507788,,
GSM4138166,15,2,Mono_CD16,specific,0.886866854902151,206,117,0.5679611650485437,0.9621941145544404,0.07532725965228937
GSM4138167,15,1,Mono_CD14_ID1,specific,0.8855121512071538,280,1,0.0035714285714285713,,
GSM4138167,15,2,Mono_CD16,specific,0.877376592602833,115,29,0.25217391304347825,0.9625303423920475,0.08515374978921453
GSM4138168,15,4,DC_pDC,specific,0.9617645158881328,18,17,0.9444444444444444,0.9568132095133568,-0.004951306374776032
GSM4138171,15,2,Mono_CD16,specific,1.0,15,0,0.0,,
GSM4138172,15,1,Mono_CD14_ID1,specific,0.9460402968427628,23,0,0.0,,
GSM4138111,16,5,Mast,specific,0.9304650323972419,23,22,0.9565217391304348,0.9643002780768145,0.033835245679572634
GSM4138131,16,5,Mast,specific,0.9700972690342095,17,16,0.9411764705882353,0.9827781664735028,0.012680897439293348
GSM4138135,16,5,Mast,specific,1.0,17,17,1.0,1.0,0.0
GSM4138139,16,5,Mast,specific,0.9756427557913485,47,47,1.0,0.9756427557913485,0.0
GSM4138143,16,5,Mast,specific,0.9719995175423171,23,23,1.0,0.9719995175423171,0.0
GSM4138155,16,5,Mast,specific,0.9491554127543788,16,16,1.0,0.9491554127543788,0.0
GSM4138110,17,2,DC_pDC,specific,0.9768232977096065,40,21,0.525,0.9555193703185515,-0.021303927391055022
GSM4138111,17,2,DC_pDC,specific,0.7619112588770506,116,68,0.5862068965517241,0.8980982837036952,0.13618702482664458
GSM4138111,17,4,Mast,specific,0.9651539377273815,26,26,1.0,0.9651539377273815,0.0
GSM4138112,17,2,DC_pDC,specific,0.9196052305286814,49,26,0.5306122448979592,0.9672228106134714,0.04761758008479
GSM4138113,17,2,DC_pDC,specific,0.7859423454951344,51,35,0.6862745098039216,0.9201898969130206,0.13424755141788614
GSM4138114,17,2,DC_pDC,specific,0.9467489285501668,31,7,0.22580645161290322,,
GSM4138115,17,2,DC_pDC,specific,0.8900541224367859,36,19,0.5277777777777778,0.9816087420119992,0.09155461957521327
GSM4138117,17,2,DC_pDC,specific,0.9305533194423989,26,13,0.5,,
GSM4138117,17,4,Mast,specific,0.9848958966969695,15,15,1.0,0.9848958966969695,0.0
GSM4138120,17,2,DC_pDC,specific,0.9720514939499838,22,7,0.3181818181818182,,
GSM4138121,17,2,DC_pDC,specific,0.9291018238273645,20,11,0.55,,
GSM4138122,17,2,DC_pDC,specific,0.9367503398804925,87,20,0.22988505747126436,0.9782659584116306,0.041515618531138054
GSM4138123,17,2,DC_pDC,specific,0.8907413390930683,65,49,0.7538461538461538,0.9383997749472549,0.04765843585418661
GSM4138124,17,2,DC_pDC,specific,0.932344594880605,29,1,0.034482758620689655,,
GSM4138125,17,2,DC_pDC,specific,0.9743744591608358,19,8,0.42105263157894735,,
GSM4138126,17,2,DC_pDC,specific,0.9493667784993394,42,2,0.047619047619047616,,
GSM4138127,17,2,DC_pDC,specific,0.850988888339161,64,25,0.390625,0.9427512579241089,0.09176236958494788
GSM4138128,17,2,DC_pDC,specific,0.9367503398804925,87,20,0.22988505747126436,0.9782659584116306,0.041515618531138054
GSM4138129,17,2,DC_pDC,specific,0.9150457418782827,36,25,0.6944444444444444,0.9868286715955322,0.07178292971724953
GSM4138130,17,2,DC_pDC,specific,0.9231249852618924,73,19,0.2602739726027397,0.9639490407838097,0.04082405552191737
GSM4138131,17,2,DC_pDC,specific,0.7786669565483926,153,93,0.6078431372549019,0.9098866160327009,0.13121965948430836
GSM4138131,17,4,Mast,specific,0.9845419573020023,17,17,1.0,0.9845419573020023,0.0
GSM4138132,17,2,DC_pDC,specific,0.978133910580234,46,4,0.08695652173913043,,
GSM4138133,17,2,DC_pDC,specific,0.9010118335244425,46,21,0.45652173913043476,0.9780104357713506,0.07699860224690813
GSM4138134,17,2,DC_pDC,specific,0.9505127302685946,52,15,0.28846153846153844,0.9856991785152992,0.03518644824670458
GSM4138135,17,2,DC_pDC,specific,0.9460786260633283,24,17,0.7083333333333334,0.9787886250594097,0.0327099989960814
GSM4138135,17,4,Mast,specific,1.0,19,19,1.0,1.0,0.0
GSM4138136,17,2,DC_pDC,specific,0.9321242501301601,38,4,0.10526315789473684,,
GSM4138137,17,2,DC_pDC,specific,0.943213217570663,24,8,0.3333333333333333,,
GSM4138138,17,2,DC_pDC,specific,0.9252009067762796,41,11,0.2682926829268293,,
GSM4138139,17,2,DC_pDC,specific,0.9411294058664187,45,20,0.4444444444444444,0.9780983840104429,0.03696897814402422
GSM4138139,17,4,Mast,specific,0.9714503271658984,51,51,1.0,0.9714503271658984,0.0
GSM4138140,17,2,DC_pDC,specific,0.9386550215225641,36,4,0.1111111111111111,,
GSM4138141,17,2,DC_pDC,specific,0.7974652696135668,139,64,0.460431654676259,0.9168838868972082,0.11941861728364145
GSM4138142,17,2,DC_pDC,specific,0.9333226699810906,31,4,0.12903225806451613,,
GSM4138143,17,2,DC_pDC,specific,0.8365954936072338,84,44,0.5238095238095238,0.9260040591730179,0.08940856556578403
GSM4138143,17,4,Mast,specific,0.9711194746254267,28,28,1.0,0.9711194746254267,0.0
GSM4138144,17,2,DC_pDC,specific,0.8797413605226931,33,5,0.15151515151515152,,
GSM4138145,17,2,DC_pDC,specific,0.8483997330120284,110,46,0.41818181818181815,0.9472622152517468,0.09886248223971839
GSM4138146,17,2,DC_pDC,specific,0.9372205132634481,39,10,0.2564102564102564,,
GSM4138147,17,2,DC_pDC,specific,0.9033928471220383,36,31,0.8611111111111112,0.935324749011505,0.03193190188946671
GSM4138148,17,2,DC_pDC,specific,1.0,22,8,0.36363636363636365,,
GSM4138150,17,2,DC_pDC,specific,0.9529003073523672,24,9,0.375,,
GSM4138151,17,2,DC_pDC,specific,0.9673339807874858,22,15,0.6818181818181818,0.9806392337550041,0.013305252967518277
GSM4138152,17,2,DC_pDC,specific,0.9470656854086414,32,16,0.5,0.992154406195808,0.045088720787166525
GSM4138153,17,2,DC_pDC,specific,0.9373270349785707,21,11,0.5238095238095238,,
GSM4138154,17,2,DC_pDC,specific,0.9688994905010057,16,11,0.6875,,
GSM4138155,17,2,DC_pDC,specific,0.8498815036551731,79,37,0.46835443037974683,0.9325553786766028,0.08267387502142964
GSM4138155,17,4,Mast,specific,0.9417778538948136,18,18,1.0,0.9417778538948136,0.0
GSM4138156,17,2,DC_pDC,specific,0.8845421031171858,75,15,0.2,0.9539837451128743,0.06944164199568847
GSM4138157,17,2,DC_pDC,specific,0.9511761716406647,34,16,0.47058823529411764,0.9651728164772992,0.013996644836634542
GSM4138158,17,2,DC_pDC,specific,0.9542005741431394,31,5,0.16129032258064516,,
GSM4138159,17,2,DC_pDC,specific,0.9806478041985217,16,8,0.5,,
GSM4138160,17,2,DC_pDC,specific,0.9463672615322566,38,23,0.6052631578947368,0.980833886723325,0.03446662519106847
GSM4138161,17,2,DC_pDC,specific,0.7890704777394455,130,101,0.7769230769230769,0.8579049824870153,0.0688345047475698
GSM4138162,17,2,DC_pDC,specific,0.9366722084149848,41,17,0.4146341463414634,0.9897606953288196,0.05308848691383483
GSM4138163,17,2,DC_pDC,specific,0.9596772793192427,29,17,0.5862068965517241,0.9858316108356697,0.026154331516426987
GSM4138164,17,2,DC_pDC,specific,1.0,19,4,0.21052631578947367,,
GSM4138165,17,2,DC_pDC,specific,0.8851191927496197,39,6,0.15384615384615385,,
GSM4138166,17,2,DC_pDC,specific,0.8943882078183664,65,6,0.09230769230769231,,
GSM4138167,17,2,DC_pDC,specific,0.9177556822131814,39,8,0.20512820512820512,,
GSM4138168,17,2,DC_pDC,specific,0.984660069778143,17,11,0.6470588235294118,,
GSM4138171,17,2,DC_pDC,specific,0.9869037437715381,15,7,0.4666666666666667,,
GSM4138110,18,2,DC_pDC,specific,0.9642139230890165,33,21,0.6363636363636364,0.9555193703185515,-0.008694552770465047
GSM4138111,18,2,DC_pDC,specific,0.7642386535860142,79,47,0.5949367088607594,0.9100933665556138,0.14585471296959962
GSM4138111,18,3,Mast,specific,0.9783986715882725,21,21,1.0,0.9783986715882725,0.0
GSM4138112,18,2,DC_pDC,specific,0.9194194522860224,40,26,0.65,0.9672228106134714,0.047803358327448975
GSM4138113,18,2,DC_pDC,specific,0.771320889552173,41,29,0.7073170731707317,0.9157571078764234,0.14443621832425035
GSM4138114,18,2,DC_pDC,specific,0.956601547882616,24,7,0.2916666666666667,,
GSM4138115,18,2,DC_pDC,specific,0.9248728480013204,28,17,0.6071428571428571,0.9813238823046943,0.05645103430337384
GSM4138117,18,2,DC_pDC,specific,0.9606539377213017,22,13,0.5909090909090909,,
GSM4138120,18,2,DC_pDC,specific,0.9655017564459338,18,7,0.3888888888888889,,
GSM4138121,18,2,DC_pDC,specific,0.9242843669339657,17,7,0.4117647058823529,,
GSM4138122,18,2,DC_pDC,specific,0.963756497523726,63,20,0.31746031746031744,0.9782659584116306,0.014509460887904502
GSM4138123,18,2,DC_pDC,specific,0.9203798420642291,52,41,0.7884615384615384,0.9672619990893135,0.04688215702508447
GSM4138124,18,2,DC_pDC,specific,0.9497804216418725,21,1,0.047619047619047616,,
GSM4138125,18,2,DC_pDC,specific,0.9820070735647493,15,8,0.5333333333333333,,
GSM4138126,18,2,DC_pDC,specific,0.9463547191239773,32,2,0.0625,,
GSM4138127,18,2,DC_pDC,specific,0.8938275694345131,39,15,0.38461538461538464,0.9765354401273344,0.08270787069282126
GSM4138128,18,2,DC_pDC,specific,0.963756497523726,63,20,0.31746031746031744,0.9782659584116306,0.014509460887904502
GSM4138129,18,2,DC_pDC,specific,0.9681069727750594,27,19,0.7037037037037037,0.9798867301833729,0.011779757408313496
GSM4138130,18,2,DC_pDC,specific,0.9512388957665705,46,17,0.3695652173913043,0.9778958718361028,0.026656976069532323
GSM4138131,18,2,DC_pDC,specific,0.8391017186184827,90,53,0.5888888888888889,0.91918302343576,0.08008130481727727
GSM4138131,18,3,Mast,specific,0.9700972690342095,17,16,0.9411764705882353,0.9827781664735028,0.012680897439293348
GSM4138132,18,2,DC_pDC,specific,0.9765476345855187,35,4,0.11428571428571428,,
GSM4138133,18,2,DC_pDC,specific,0.9086605959773646,36,18,0.5,0.9856961179308051,0.07703552195344054
GSM4138134,18,2,DC_pDC,specific,0.9681304156337995,43,15,0.3488372093023256,0.9856991785152992,0.017568762881499667
GSM4138135,18,3,Mast,specific,1.0,17,17,1.0,1.0,0.0
GSM4138136,18,2,DC_pDC,specific,0.95958144955275,28,2,0.07142857142857142,,
GSM4138138,18,2,DC_pDC,specific,0.9565644039970395,31,9,0.2903225806451613,,
GSM4138139,18,2,DC_pDC,specific,0.9570991185680193,38,15,0.39473684210526316,0.9844736058527733,0.027374487284754
GSM4138139,18,3,Mast,specific,0.9747175185765989,45,45,1.0,0.9747175185765989,0.0
GSM4138140,18,2,DC_pDC,specific,0.9567434896552202,30,4,0.13333333333333333,,
GSM4138141,18,2,DC_pDC,specific,0.8502444041064855,94,37,0.39361702127659576,0.9392987319071692,0.08905432780068367
GSM4138142,18,2,DC_pDC,specific,0.9829414281544467,23,4,0.17391304347826086,,
GSM4138143,18,2,DC_pDC,specific,0.8679033950086765,64,33,0.515625,0.9348392754097977,0.0669358804011212
GSM4138143,18,3,Mast,specific,0.9704892203280648,24,24,1.0,0.9704892203280648,0.0
GSM4138144,18,2,DC_pDC,specific,0.8841418257223724,30,5,0.16666666666666666,,
GSM4138145,18,2,DC_pDC,specific,0.8905504215446196,81,35,0.43209876543209874,0.9541267569000688,0.06357633535544915
GSM4138146,18,2,DC_pDC,specific,0.9361594559056559,25,9,0.36,,
GSM4138147,18,2,DC_pDC,specific,0.9265442409387891,27,25,0.9259259259259259,0.9465166502984448,0.01997240935965572
GSM4138148,18,2,DC_pDC,specific,1.0,18,8,0.4444444444444444,,
GSM4138150,18,2,DC_pDC,specific,0.9620499755352367,17,9,0.5294117647058824,,
GSM4138152,18,2,DC_pDC,specific,0.9539304051088093,25,16,0.64,0.992154406195808,0.03822400108699864
GSM4138153,18,2,DC_pDC,specific,0.9734701892424036,16,8,0.5,,
GSM4138154,18,2,DC_pDC,specific,0.9688994905010057,16,11,0.6875,,
GSM4138155,18,2,DC_pDC,specific,0.9141867627365453,47,15,0.3191489361702128,0.9767580669392488,0.06257130420270351
GSM4138155,18,3,Mast,specific,0.9689663485453668,15,15,1.0,0.9689663485453668,0.0
GSM4138156,18,2,DC_pDC,specific,0.9105367764493413,46,13,0.2826086956521739,,
GSM4138157,18,2,DC_pDC,specific,0.9482101851445297,27,12,0.4444444444444444,,
GSM4138158,18,2,DC_pDC,specific,0.9769826861852065,22,5,0.22727272727272727,,
GSM4138160,18,2,DC_pDC,specific,0.9723799174587787,18,13,0.7222222222222222,,
GSM4138161,18,2,DC_pDC,specific,0.861233878578818,55,38,0.6909090909090909,0.9267714916861343,0.06553761310731632
GSM4138162,18,2,DC_pDC,specific,0.9525479344970806,32,16,0.5,0.9857264726261489,0.033178538129068236
GSM4138163,18,2,DC_pDC,specific,0.989918031561106,25,17,0.68,0.9858316108356697,-0.004086420725436302
GSM4138165,18,2,DC_pDC,specific,0.9488232667917198,25,5,0.2,,
GSM4138166,18,2,DC_pDC,specific,0.9054180483381383,39,6,0.15384615384615385,,
GSM4138167,18,2,DC_pDC,specific,1.0,22,8,0.36363636363636365,,
GSM4138110,19,1,Mac_SPP1,specific,0.9156012636821876,348,0,0.0,,
GSM4138110,19,2,DC_pDC,specific,0.889388011670956,158,21,0.13291139240506328,0.9555193703185515,0.06613135864759545
GSM4138110,19,5,DC_family,family,0.975684865358653,30,3,0.1,,
GSM4138111,19,1,Mac_SPP1,specific,0.762234174089314,89,1,0.011235955056179775,,
GSM4138111,19,10,Mast,specific,0.876493661763317,29,28,0.9655172413793104,0.9050661191766445,0.02857245741332748
GSM4138111,19,2,DC_pDC,specific,0.7873046660205483,163,68,0.4171779141104294,0.8980982837036952,0.11079361768314688
GSM4138111,19,5,DC_family,family,0.7680813488591164,68,54,0.7941176470588235,0.7470260393316621,-0.02105530952745427
GSM4138112,19,1,Mac_SPP1,specific,0.8902417706457362,234,0,0.0,,
GSM4138112,19,2,DC_pDC,specific,0.8588443415158318,135,26,0.1925925925925926,0.9672228106134714,0.1083784690976396
GSM4138112,19,5,DC_family,family,0.9654676711385748,21,2,0.09523809523809523,,
GSM4138113,19,1,Mac_SPP1,specific,0.869636818454993,41,0,0.0,,
GSM4138113,19,2,DC_pDC,specific,0.7689712090879832,86,36,0.4186046511627907,0.9211167331049517,0.15214552401696846
GSM4138114,19,1,Mac_SPP1,specific,0.9078040773715755,225,0,0.0,,
GSM4138114,19,2,DC_pDC,specific,0.8675785374334761,134,7,0.05223880597014925,,
GSM4138115,19,1,Mac_SPP1,specific,0.9781962201183052,21,0,0.0,,
GSM4138115,19,2,DC_pDC,specific,0.9161288142257167,48,19,0.3958333333333333,0.9816087420119992,0.06547992778628253
GSM4138115,19,5,DC_family,family,0.962921361161682,19,17,0.8947368421052632,0.9705944699673741,0.007673108805692053
GSM4138115,19,8,DC_family,family,0.9691866968316669,22,22,1.0,0.9691866968316669,0.0
GSM4138116,19,1,Mac_SPP1,specific,0.9496110355222054,446,0,0.0,,
GSM4138116,19,2,DC_pDC,specific,0.9262073467873521,100,0,0.0,,
GSM4138117,19,1,Mac_SPP1,specific,0.8364114261361909,121,1,0.008264462809917356,,
GSM4138117,19,2,DC_pDC,specific,0.9148641625928805,37,13,0.35135135135135137,,
GSM4138118,19,1,Mac_SPP1,specific,0.9070590727073118,237,0,0.0,,
GSM4138118,19,2,DC_pDC,specific,0.8686925616924546,56,2,0.03571428571428571,,
GSM4138119,19,1,Mac_SPP1,specific,0.7626921053732744,65,24,0.36923076923076925,0.8901661361622865,0.1274740307890121
GSM4138120,19,1,Mac_SPP1,specific,0.8601774944110748,474,0,0.0,,
GSM4138120,19,2,DC_pDC,specific,0.8194253802338299,124,7,0.056451612903225805,,
GSM4138121,19,1,Mac_SPP1,specific,1.0,15,0,0.0,,
GSM4138121,19,2,DC_pDC,specific,0.8907184503009984,25,12,0.48,,
GSM4138122,19,1,Mac_SPP1,specific,0.8875342079575976,426,0,0.0,,
GSM4138122,19,2,DC_pDC,specific,0.8818661943450794,247,20,0.08097165991902834,0.9782659584116306,0.09639976406655115
GSM4138122,19,5,DC_family,family,0.976529836544875,48,4,0.08333333333333333,,
GSM4138123,19,1,Mac_SPP1,specific,0.9367571462316394,20,2,0.1,,
GSM4138123,19,2,DC_pDC,specific,0.790699049538409,69,48,0.6956521739130435,0.9508575041839805,0.16015845464557155
GSM4138123,19,5,DC_family,family,0.908566095570304,31,29,0.9354838709677419,0.9064439066501944,-0.0021221889201096245
GSM4138123,19,8,DC_family,family,0.9670344221034226,15,15,1.0,0.9670344221034226,0.0
GSM4138124,19,1,Mac_SPP1,specific,0.933331303501405,231,0,0.0,,
GSM4138124,19,2,DC_pDC,specific,0.9073173981864577,94,1,0.010638297872340425,,
GSM4138125,19,1,Mac_SPP1,specific,0.7178131168564679,451,319,0.7073170731707317,0.7610993234066383,0.04328620655017046
GSM4138125,19,2,DC_pDC,specific,0.8718036702727909,38,9,0.23684210526315788,,
GSM4138126,19,1,Mac_SPP1,specific,0.9579567066524155,472,0,0.0,,
GSM4138126,19,2,DC_pDC,specific,0.9408766820591858,223,2,0.008968609865470852,,
GSM4138126,19,5,DC_family,family,0.9769022751094999,27,1,0.037037037037037035,,
GSM4138127,19,1,Mac_SPP1,specific,0.8336729702843612,105,31,0.29523809523809524,0.9557990604285644,0.12212609014420328
GSM4138127,19,2,DC_pDC,specific,0.8437796636400143,85,30,0.35294117647058826,0.9441912994803779,0.10041163584036361
GSM4138127,19,5,DC_family,family,0.9321564738756882,33,17,0.5151515151515151,0.9823000186572639,0.05014354478157568
GSM4138128,19,1,Mac_SPP1,specific,0.8875342079575976,426,0,0.0,,
GSM4138128,19,2,DC_pDC,specific,0.8818661943450794,247,20,0.08097165991902834,0.9782659584116306,0.09639976406655115
GSM4138128,19,5,DC_family,family,0.976529836544875,48,4,0.08333333333333333,,
GSM4138129,19,1,Mac_SPP1,specific,0.8403651438749509,101,34,0.33663366336633666,0.9070359403725157,0.0666707964975648
GSM4138129,19,2,DC_pDC,specific,0.9148849828163501,43,25,0.5813953488372093,0.9868286715955322,0.07194368877918211
GSM4138129,19,5,DC_family,family,0.9614839189689022,18,17,0.9444444444444444,0.9591648019413991,-0.0023191170275030926
GSM4138130,19,1,Mac_SPP1,specific,0.9200192490298952,291,0,0.0,,
GSM4138130,19,2,DC_pDC,specific,0.8796194196874806,200,19,0.095,0.9639490407838097,0.08432962109632913
GSM4138130,19,5,DC_family,family,0.9802563767243272,25,0,0.0,,
GSM4138131,19,1,Mac_SPP1,specific,0.9320049815832456,37,0,0.0,,
GSM4138131,19,10,Mast,specific,0.9764376533440459,18,18,1.0,0.9764376533440459,0.0
GSM4138131,19,2,DC_pDC,specific,0.8495314892297804,150,107,0.7133333333333334,0.9179857890881354,0.06845429985835505
GSM4138131,19,5,DC_family,family,0.8243932597383443,70,61,0.8714285714285714,0.8218162216544153,-0.002577038083929062
GSM4138131,19,8,DC_family,family,0.9203536228206574,37,37,1.0,0.9203536228206574,0.0
GSM4138132,19,1,Mac_SPP1,specific,0.9398203167990831,319,0,0.0,,
GSM4138132,19,2,DC_pDC,specific,0.9253195052499545,156,4,0.02564102564102564,,
GSM4138132,19,5,DC_family,family,0.9849215767907975,36,2,0.05555555555555555,,
GSM4138133,19,1,Mac_SPP1,specific,0.8792754957037612,60,2,0.03333333333333333,,
GSM4138133,19,2,DC_pDC,specific,0.8815529946748749,59,21,0.3559322033898305,0.9780104357713506,0.0964574410964757
GSM4138133,19,5,DC_family,family,0.855785922114328,45,40,0.8888888888888888,0.85192162324877,-0.003864298865558058
GSM4138133,19,8,DC_family,family,0.9765944697181483,19,19,1.0,0.9765944697181483,0.0
GSM4138134,19,1,Mac_SPP1,specific,0.9586728505413175,783,0,0.0,,
GSM4138134,19,2,DC_pDC,specific,0.9483394345803793,228,15,0.06578947368421052,0.9856991785152992,0.03735974393491992
GSM4138134,19,5,DC_family,family,0.9672816280385405,61,1,0.01639344262295082,,
GSM4138134,19,8,DC_family,family,0.9877062948451873,16,0,0.0,,
GSM4138135,19,1,Mac_SPP1,specific,0.7906785305069701,95,2,0.021052631578947368,,
GSM4138135,19,10,Mast,specific,1.0,20,20,1.0,1.0,0.0
GSM4138135,19,2,DC_pDC,specific,0.9566022682407512,23,17,0.7391304347826086,0.9787886250594097,0.022186356818658437
GSM4138135,19,5,DC_family,family,0.9214551764640688,19,17,0.8947368421052632,0.9502655606919993,0.028810384227930474
GSM4138135,19,8,DC_family,family,0.9572940060007284,27,27,1.0,0.9572940060007284,0.0
GSM4138136,19,1,Mac_SPP1,specific,0.9079835420232027,479,0,0.0,,
GSM4138136,19,2,DC_pDC,specific,0.863591841364508,152,4,0.02631578947368421,,
GSM4138136,19,5,DC_family,family,0.982623496544507,38,0,0.0,,
GSM4138137,19,1,Mac_SPP1,specific,0.7978321587473497,202,7,0.034653465346534656,,
GSM4138137,19,2,DC_pDC,specific,0.8906367702237333,29,11,0.3793103448275862,,
GSM4138137,19,5,DC_family,family,0.9631031686528793,20,16,0.8,0.9751667670095904,0.012063598356711114
GSM4138138,19,1,Mac_SPP1,specific,0.9172536732320588,419,0,0.0,,
GSM4138138,19,2,DC_pDC,specific,0.8795754150466489,116,11,0.09482758620689655,,
GSM4138138,19,5,DC_family,family,0.9835253833209594,22,1,0.045454545454545456,,
GSM4138139,19,1,Mac_SPP1,specific,0.7144878077752148,228,58,0.2543859649122807,0.7967000303574518,0.08221222258223704
GSM4138139,19,10,Mast,specific,0.9663182450165608,59,59,1.0,0.9663182450165608,0.0
GSM4138139,19,2,DC_pDC,specific,0.8792135785706958,60,22,0.36666666666666664,0.9506174967437965,0.07140391817310066
GSM4138139,19,5,DC_family,family,0.9337484730728105,32,28,0.875,0.9447761072212466,0.011027634148436105
GSM4138140,19,1,Mac_SPP1,specific,0.9164276221493973,459,0,0.0,,
GSM4138140,19,2,DC_pDC,specific,0.8970041126147125,185,4,0.021621621621621623,,
GSM4138140,19,5,DC_family,family,0.9355175255972887,55,6,0.10909090909090909,,
GSM4138141,19,1,Mac_SPP1,specific,0.8569734004750438,193,1,0.0051813471502590676,,
GSM4138141,19,2,DC_pDC,specific,0.791520700534863,204,71,0.3480392156862745,0.9214094894610956,0.12988878892623257
GSM4138141,19,5,DC_family,family,0.8548290612534085,65,47,0.7230769230769231,0.8115924329902936,-0.04323662826311492
GSM4138141,19,8,DC_family,family,0.9198571183994859,41,41,1.0,0.9198571183994859,0.0
GSM4138142,19,1,Mac_SPP1,specific,0.9165532603457361,467,0,0.0,,
GSM4138142,19,2,DC_pDC,specific,0.8881992736251841,164,4,0.024390243902439025,,
GSM4138142,19,5,DC_family,family,0.9717957692756145,36,2,0.05555555555555555,,
GSM4138143,19,1,Mac_SPP1,specific,0.7930604999118315,98,14,0.14285714285714285,,
GSM4138143,19,10,Mast,specific,0.9748174451155761,31,30,0.967741935483871,0.9743123859516258,-0.0005050591639502722
GSM4138143,19,2,DC_pDC,specific,0.8034748951414323,138,46,0.3333333333333333,0.9295762244202338,0.12610132927880147
GSM4138143,19,5,DC_family,family,0.9017685045147221,34,30,0.8823529411764706,0.9152209638386255,0.013452459323903376
GSM4138143,19,8,DC_family,family,0.8271946583321536,50,50,1.0,0.8271946583321536,0.0
GSM4138144,19,1,Mac_SPP1,specific,0.8746242722623192,252,0,0.0,,
GSM4138144,19,2,DC_pDC,specific,0.8544710971167148,80,5,0.0625,,
GSM4138144,19,5,DC_family,family,0.944915162071789,26,4,0.15384615384615385,,
GSM4138145,19,1,Mac_SPP1,specific,0.7908784387985732,207,1,0.004830917874396135,,
GSM4138145,19,2,DC_pDC,specific,0.7434295415899899,167,46,0.2754491017964072,0.9472622152517468,0.20383267366175695
GSM4138145,19,5,DC_family,family,0.8640636698064927,76,63,0.8289473684210527,0.8412924203029305,-0.02277124950356224
GSM4138145,19,8,DC_family,family,0.8810289944585131,49,49,1.0,0.8810289944585131,0.0
GSM4138146,19,1,Mac_SPP1,specific,0.9032215174535665,324,0,0.0,,
GSM4138146,19,2,DC_pDC,specific,0.8573795289877624,160,10,0.0625,,
GSM4138146,19,5,DC_family,family,0.9700936328567312,22,0,0.0,,
GSM4138147,19,2,DC_pDC,specific,0.8623174956853575,40,31,0.775,0.935324749011505,0.07300725332614744
GSM4138148,19,1,Mac_SPP1,specific,0.8712506351524754,117,0,0.0,,
GSM4138148,19,2,DC_pDC,specific,0.8492791044160365,76,8,0.10526315789473684,,
GSM4138150,19,1,Mac_SPP1,specific,0.912155414028285,119,0,0.0,,
GSM4138150,19,2,DC_pDC,specific,0.9029524627276407,73,9,0.1232876712328767,,
GSM4138150,19,5,DC_family,family,1.0,19,2,0.10526315789473684,,
GSM4138151,19,2,DC_pDC,specific,0.9747591768848363,24,15,0.625,0.9806392337550041,0.0058800568701677935
GSM4138152,19,1,Mac_SPP1,specific,0.8961003812145392,309,0,0.0,,
GSM4138152,19,2,DC_pDC,specific,0.8367561633467705,168,16,0.09523809523809523,0.992154406195808,0.15539824284903747
GSM4138152,19,5,DC_family,family,0.9633990274222577,42,4,0.09523809523809523,,
GSM4138153,19,2,DC_pDC,specific,0.8399742088534149,27,11,0.4074074074074074,,
GSM4138154,19,1,Mac_SPP1,specific,0.864718181555638,313,0,0.0,,
GSM4138154,19,2,DC_pDC,specific,0.7895585562130688,65,11,0.16923076923076924,,
GSM4138155,19,1,Mac_SPP1,specific,0.6453536937242933,279,24,0.08602150537634409,0.8786565203312283,0.23330282660693502
GSM4138155,19,10,Mast,specific,0.9252378509283148,20,19,0.95,0.9381206978557273,0.012882846927412483
GSM4138155,19,2,DC_pDC,specific,0.7721948538283603,119,50,0.42016806722689076,0.9062361607604512,0.13404130693209093
GSM4138155,19,5,DC_family,family,0.8343973096159656,49,46,0.9387755102040817,0.8399841876339134,0.005586878017947772
GSM4138155,19,8,DC_family,family,0.904503235268154,40,40,1.0,0.904503235268154,0.0
GSM4138156,19,1,Mac_SPP1,specific,0.9159885953123112,579,0,0.0,,
GSM4138156,19,2,DC_pDC,specific,0.8738677288311633,272,15,0.05514705882352941,0.9539837451128743,0.08011601628171106
GSM4138156,19,5,DC_family,family,0.9478705543516883,44,2,0.045454545454545456,,
GSM4138157,19,1,Mac_SPP1,specific,0.9172091266359769,39,1,0.02564102564102564,,
GSM4138157,19,2,DC_pDC,specific,0.8833830139515981,49,17,0.3469387755102041,0.9771060119735836,0.09372299802198547
GSM4138157,19,5,DC_family,family,0.9632780177976664,16,10,0.625,,
GSM4138158,19,1,Mac_SPP1,specific,0.9405304878282782,178,0,0.0,,
GSM4138158,19,2,DC_pDC,specific,0.8893054176923785,69,6,0.08695652173913043,,
GSM4138158,19,5,DC_family,family,0.9559089930787277,19,1,0.05263157894736842,,
GSM4138159,19,1,Mac_SPP1,specific,0.9552101800034339,28,0,0.0,,
GSM4138159,19,2,DC_pDC,specific,0.9051848724822374,32,9,0.28125,,
GSM4138160,19,1,Mac_SPP1,specific,0.8961552579249995,361,0,0.0,,
GSM4138160,19,2,DC_pDC,specific,0.8430551151295885,133,23,0.17293233082706766,0.980833886723325,0.13777877159373653
GSM4138160,19,5,DC_family,family,0.9482890144908717,23,3,0.13043478260869565,,
GSM4138161,19,1,Mac_SPP1,specific,0.7958486664277004,109,0,0.0,,
GSM4138161,19,2,DC_pDC,specific,0.775873825831993,178,108,0.6067415730337079,0.8488491714550629,0.07297534562306984
GSM4138161,19,5,DC_family,family,0.8202532272687351,39,32,0.8205128205128205,0.8397093269656148,0.01945609969687978
GSM4138161,19,8,DC_family,family,0.9349827671902493,26,24,0.9230769230769231,0.9345137938964976,-0.0004689732937517288
GSM4138162,19,1,Mac_SPP1,specific,0.900359492300613,291,0,0.0,,
GSM4138162,19,2,DC_pDC,specific,0.8506811324002734,196,17,0.08673469387755102,0.9897606953288196,0.13907956292854617
GSM4138162,19,5,DC_family,family,0.9004444385764343,37,5,0.13513513513513514,,
GSM4138163,19,1,Mac_SPP1,specific,0.912688965860587,276,0,0.0,,
GSM4138163,19,2,DC_pDC,specific,0.8832919477917194,148,17,0.11486486486486487,0.9858316108356697,0.10253966304395035
GSM4138163,19,5,DC_family,family,0.9534631777032535,34,5,0.14705882352941177,,
GSM4138164,19,1,Mac_SPP1,specific,0.8831094494078845,106,0,0.0,,
GSM4138164,19,2,DC_pDC,specific,0.8647641516990527,53,4,0.07547169811320754,,
GSM4138165,19,1,Mac_SPP1,specific,0.920106562954959,242,0,0.0,,
GSM4138165,19,2,DC_pDC,specific,0.8694216211048714,131,6,0.04580152671755725,,
GSM4138165,19,5,DC_family,family,0.9636747610437805,16,1,0.0625,,
GSM4138166,19,1,Mac_SPP1,specific,0.8949183486788695,338,0,0.0,,
GSM4138166,19,2,DC_pDC,specific,0.8674816440375683,187,6,0.03208556149732621,,
GSM4138166,19,5,DC_family,family,0.9459997895512268,55,2,0.03636363636363636,,
GSM4138167,19,1,Mac_SPP1,specific,0.904303255230947,195,0,0.0,,
GSM4138167,19,2,DC_pDC,specific,0.8587163556936848,130,8,0.06153846153846154,,
GSM4138167,19,5,DC_family,family,1.0,16,2,0.125,,
GSM4138168,19,2,DC_pDC,specific,0.9642777543753939,26,20,0.7692307692307693,0.9457890908623999,-0.01848866351299394
GSM4138169,19,2,DC_pDC,specific,0.9660887335772236,18,7,0.3888888888888889,,
GSM4138171,19,2,DC_pDC,specific,1.0,19,8,0.42105263157894735,,
GSM4138172,19,2,DC_pDC,specific,1.0,16,4,0.25,,
GSM4138110,20,1,Monocyte_family,family,0.9780960653720925,406,406,1.0,0.9780960653720925,0.0
GSM4138110,20,2,cDC2_CD33,specific,0.9108843283696673,288,15,0.052083333333333336,0.9772050463188249,0.06632071794915761
GSM4138110,20,3,Mono_CD16,specific,0.96451877098631,133,78,0.5864661654135338,0.97761328954427,0.013094518557959955
GSM4138111,20,1,Monocyte_family,family,0.8897463602924751,35,28,0.8,0.8889456869828511,-0.0008006733096239671
GSM4138111,20,11,DC_family,family,0.7397487338030564,19,19,1.0,0.7397487338030564,0.0
GSM4138111,20,13,Mast,specific,0.8772200899755831,30,29,0.9666666666666667,0.9059125026497903,0.02869241267420719
GSM4138111,20,2,cDC2_CD33,specific,0.7434688572784643,122,21,0.1721311475409836,0.980197172253828,0.23672831497536362
GSM4138111,20,3,Mono_CD16,specific,0.8570422381830001,40,28,0.7,0.909342322893809,0.052300084710808936
GSM4138111,20,4,Macrophage_family,family,0.8943320954551184,31,29,0.9354838709677419,0.8930185226912906,-0.0013135727638278194
GSM4138111,20,7,DC_family,family,0.8736199527378145,35,33,0.9428571428571428,0.8975039747097142,0.02388402197189976
GSM4138112,20,1,Monocyte_family,family,0.9863286576405776,178,178,1.0,0.9863286576405776,0.0
GSM4138112,20,2,cDC2_CD33,specific,0.881197127498696,112,23,0.20535714285714285,0.9670038724911083,0.08580674499241225
GSM4138112,20,3,Mono_CD16,specific,0.9474639658579918,139,95,0.6834532374100719,0.9618001923997429,0.014336226541751151
GSM4138113,20,1,Monocyte_family,family,0.9666426436578357,43,41,0.9534883720930233,0.9734696239701542,0.006826980312318542
GSM4138113,20,2,cDC2_CD33,specific,0.8243844277205807,69,11,0.15942028985507245,,
GSM4138113,20,3,Mono_CD16,specific,0.915833642962438,22,12,0.5454545454545454,,
GSM4138113,20,4,Macrophage_family,family,0.9106772565867765,18,12,0.6666666666666666,,
GSM4138113,20,7,DC_family,family,0.8787675209218964,15,15,1.0,0.8787675209218964,0.0
GSM4138114,20,1,Monocyte_family,family,0.9799752807571686,197,196,0.9949238578680203,0.9826897595968496,0.0027144788396810116
GSM4138114,20,2,cDC2_CD33,specific,0.8785593113239605,157,39,0.2484076433121019,0.9667106404153469,0.08815132909138645
GSM4138114,20,3,Mono_CD16,specific,0.9604305363977693,84,60,0.7142857142857143,0.9638175783207804,0.0033870419230110915
GSM4138115,20,11,DC_family,family,0.9715037210937106,23,22,0.9565217391304348,0.9715753505220063,7.162942829563868e-05
GSM4138115,20,2,cDC2_CD33,specific,0.8513908880428587,84,18,0.21428571428571427,0.9795744769176817,0.12818358887482306
GSM4138115,20,4,Macrophage_family,family,0.9636272788140098,23,14,0.6086956521739131,,
GSM4138115,20,7,DC_family,family,0.9023404805331093,36,36,1.0,0.9023404805331093,0.0
GSM4138116,20,1,Monocyte_family,family,0.9483284320976427,682,681,0.998533724340176,0.9495587585148926,0.0012303264172498496
GSM4138116,20,3,Mono_CD16,specific,0.98452947272547,23,15,0.6521739130434783,0.9836055443637416,-0.0009239283617283878
GSM4138117,20,1,Monocyte_family,family,0.8176354133810574,135,89,0.6592592592592592,0.9079988456974891,0.09036343231643174
GSM4138117,20,13,Mast,specific,0.9848958966969695,15,15,1.0,0.9848958966969695,0.0
GSM4138117,20,2,cDC2_CD33,specific,0.7817201627328623,105,15,0.14285714285714285,0.9663640660735294,0.18464390334066716
GSM4138117,20,3,Mono_CD16,specific,0.9766285588428953,18,5,0.2777777777777778,,
GSM4138117,20,4,Macrophage_family,family,0.8023107763892894,92,91,0.9891304347826086,0.7892081676451809,-0.013102608744108513
GSM4138117,20,9,Macrophage_family,family,0.927513635649181,18,18,1.0,0.927513635649181,0.0
GSM4138118,20,1,Monocyte_family,family,0.9648856476751906,142,142,1.0,0.9648856476751906,0.0
GSM4138118,20,2,cDC2_CD33,specific,0.8928618798778171,230,15,0.06521739130434782,1.0,0.10713812012218293
GSM4138119,20,1,Monocyte_family,family,0.8521019737766808,35,32,0.9142857142857143,0.9411171295208026,0.08901515574412178
GSM4138119,20,2,cDC2_CD33,specific,0.7841904884697539,53,4,0.07547169811320754,,
GSM4138119,20,9,Macrophage_family,family,0.8455473241360386,34,32,0.9411764705882353,0.8415288153960387,-0.004018508739999871
GSM4138120,20,1,Monocyte_family,family,0.944352630480145,288,288,1.0,0.944352630480145,0.0
GSM4138120,20,2,cDC2_CD33,specific,0.8522069703563763,483,41,0.08488612836438923,0.922151553350892,0.06994458299451578
GSM4138120,20,3,Mono_CD16,specific,0.9488146351123561,40,24,0.6,0.9596757142031672,0.010861079090811132
GSM4138121,20,1,Monocyte_family,family,0.9105205950061916,45,36,0.8,0.9489367264059815,0.03841613139978983
GSM4138121,20,2,cDC2_CD33,specific,0.961729490765617,25,2,0.08,,
GSM4138121,20,4,Macrophage_family,family,0.9099412949687631,21,18,0.8571428571428571,0.9147595910072535,0.004818296038490377
GSM4138122,20,1,Monocyte_family,family,0.9944395998409751,152,152,1.0,0.9944395998409751,0.0
GSM4138122,20,2,cDC2_CD33,specific,0.8893810057307667,278,74,0.26618705035971224,0.9458228944772827,0.05644188874651601
GSM4138122,20,3,Mono_CD16,specific,0.9757370628378995,224,139,0.6205357142857143,0.9776116977859656,0.0018746349480660562
GSM4138123,20,1,Monocyte_family,family,0.9654931160802492,20,15,0.75,0.9778942586636044,0.012401142583355118
GSM4138123,20,11,DC_family,family,0.9582884055568802,26,25,0.9615384615384616,0.9583749173466388,8.651178975860319e-05
GSM4138123,20,2,cDC2_CD33,specific,0.7890331942704795,73,2,0.0273972602739726,,
GSM4138123,20,4,Macrophage_family,family,0.737900274024548,456,445,0.9758771929824561,0.739935330207804,0.0020350561832559455
GSM4138123,20,7,DC_family,family,0.9510931594448554,19,19,1.0,0.9510931594448554,0.0
GSM4138124,20,1,Monocyte_family,family,0.9819043817812211,229,229,1.0,0.9819043817812211,0.0
GSM4138124,20,2,cDC2_CD33,specific,0.9173657926820467,122,8,0.06557377049180328,,
GSM4138124,20,3,Mono_CD16,specific,0.9494176131520332,103,48,0.46601941747572817,0.969665210227224,0.02024759707519075
GSM4138125,20,1,Monocyte_family,family,0.9444308761462654,84,74,0.8809523809523809,0.9722369248242562,0.027806048677990747
GSM4138125,20,2,cDC2_CD33,specific,0.771473469574036,132,3,0.022727272727272728,,
GSM4138125,20,3,Mono_CD16,specific,1.0,15,6,0.4,,
GSM4138125,20,4,Macrophage_family,family,0.8068726219193115,62,60,0.967741935483871,0.8117132275298267,0.004840605610515136
GSM4138125,20,9,Macrophage_family,family,0.7578798135194169,337,331,0.9821958456973294,0.7596228989757703,0.001743085456353377
GSM4138126,20,1,Monocyte_family,family,0.9815970421713203,637,635,0.9968602825745683,0.981708942132524,0.00011189996120375412
GSM4138126,20,2,cDC2_CD33,specific,0.9421612263094377,248,19,0.07661290322580645,0.9796119788439297,0.03745075253449204
GSM4138126,20,3,Mono_CD16,specific,0.9663814062952607,88,23,0.26136363636363635,1.0,0.0336185937047393
GSM4138127,20,1,Monocyte_family,family,0.8948306401548424,143,115,0.8041958041958042,0.924904445028013,0.030073804873170573
GSM4138127,20,2,cDC2_CD33,specific,0.9010078985440174,55,2,0.03636363636363636,,
GSM4138127,20,3,Mono_CD16,specific,0.9790217470527477,20,2,0.1,,
GSM4138127,20,4,Macrophage_family,family,0.9127188013104768,24,23,0.9583333333333334,0.9140220039774815,0.001303202667004677
GSM4138127,20,9,Macrophage_family,family,0.9452352979825986,18,18,1.0,0.9452352979825986,0.0
GSM4138128,20,1,Monocyte_family,family,0.9944395998409751,152,152,1.0,0.9944395998409751,0.0
GSM4138128,20,2,cDC2_CD33,specific,0.8893810057307667,278,74,0.26618705035971224,0.9458228944772827,0.05644188874651601
GSM4138128,20,3,Mono_CD16,specific,0.9757370628378995,224,139,0.6205357142857143,0.9776116977859656,0.0018746349480660562
GSM4138129,20,1,Monocyte_family,family,0.959440112983915,61,55,0.9016393442622951,0.9467161383631149,-0.012723974620800105
GSM4138129,20,2,cDC2_CD33,specific,0.815574540078475,102,10,0.09803921568627451,,
GSM4138129,20,4,Macrophage_family,family,0.8774414007838585,46,41,0.8913043478260869,0.8849703433658439,0.007528942581985443
GSM4138129,20,9,Macrophage_family,family,0.8725387935408285,40,40,1.0,0.8725387935408285,0.0
GSM4138130,20,1,Monocyte_family,family,0.9829159096235174,262,259,0.9885496183206107,0.9835455127801984,0.0006296031566810356
GSM4138130,20,2,cDC2_CD33,specific,0.9419219892828232,235,24,0.10212765957446808,0.9689703249118781,0.027048335629054843
GSM4138130,20,3,Mono_CD16,specific,0.9678989760017641,265,116,0.4377358490566038,0.9812775037239836,0.01337852772221948
GSM4138131,20,1,Monocyte_family,family,0.9012430344215108,64,51,0.796875,0.9473065765864925,0.04606354216498176
GSM4138131,20,11,DC_family,family,0.8342742873240676,74,71,0.9594594594594594,0.8313455637129568,-0.0029287236111108506
GSM4138131,20,13,Mast,specific,0.9764376533440459,18,18,1.0,0.9764376533440459,0.0
GSM4138131,20,2,cDC2_CD33,specific,0.8908364575230194,112,5,0.044642857142857144,,
GSM4138131,20,3,Mono_CD16,specific,0.9206569626984374,48,5,0.10416666666666667,,
GSM4138131,20,4,Macrophage_family,family,0.8073288268738386,147,100,0.6802721088435374,0.8165020892937302,0.009173262419891692
GSM4138131,20,7,DC_family,family,0.8980745333248202,33,31,0.9393939393939394,0.8853709285532115,-0.0127036047716087
GSM4138132,20,1,Monocyte_family,family,0.9903073499425279,314,314,1.0,0.9903073499425279,0.0
GSM4138132,20,2,cDC2_CD33,specific,0.928968973458838,373,18,0.04825737265415549,0.9677474499420015,0.03877847648316346
GSM4138132,20,3,Mono_CD16,specific,0.9712954288031349,153,58,0.3790849673202614,0.9814133723188372,0.010117943515702277
GSM4138133,20,1,Monocyte_family,family,0.969489430125945,24,11,0.4583333333333333,,
GSM4138133,20,11,DC_family,family,0.8774418609299347,27,26,0.9629629629629629,0.8762872805321001,-0.0011545803978345592
GSM4138133,20,2,cDC2_CD33,specific,0.8756265602326304,111,7,0.06306306306306306,,
GSM4138133,20,4,Macrophage_family,family,0.8112017044500089,101,89,0.8811881188118812,0.8139150782610043,0.0027133738109953454
GSM4138133,20,7,DC_family,family,0.9304660062480764,38,37,0.9736842105263158,0.9298054998059238,-0.000660506442152653
GSM4138133,20,9,Macrophage_family,family,0.9422859937891191,21,21,1.0,0.9422859937891191,0.0
GSM4138134,20,1,Monocyte_family,family,0.9867189494755663,737,735,0.9972862957937585,0.9886079806681809,0.001889031192614632
GSM4138134,20,2,cDC2_CD33,specific,0.9474599450041409,533,12,0.0225140712945591,,
GSM4138134,20,3,Mono_CD16,specific,0.9620473185195026,346,132,0.3815028901734104,0.9695591587489021,0.007511840229399436
GSM4138135,20,1,Monocyte_family,family,0.9100035575432712,105,55,0.5238095238095238,0.9449926121666586,0.03498905462338742
GSM4138135,20,11,DC_family,family,0.936566739407056,32,32,1.0,0.936566739407056,0.0
GSM4138135,20,13,Mast,specific,1.0,21,21,1.0,1.0,0.0
GSM4138135,20,2,cDC2_CD33,specific,0.7961223618339457,159,1,0.006289308176100629,,
GSM4138135,20,3,Mono_CD16,specific,0.9701196637298025,28,3,0.10714285714285714,,
GSM4138135,20,4,Macrophage_family,family,0.7773609726718562,370,362,0.9783783783783784,0.77846681181953,0.001105839147673815
GSM4138135,20,9,Macrophage_family,family,0.8642349518841299,44,44,1.0,0.8642349518841299,0.0
GSM4138136,20,1,Monocyte_family,family,0.9806697250149663,343,340,0.9912536443148688,0.9816941703651273,0.0010244453501609962
GSM4138136,20,2,cDC2_CD33,specific,0.8878092291078068,249,35,0.14056224899598393,0.9575949318499146,0.06978570274210782
GSM4138136,20,3,Mono_CD16,specific,0.9535814796446249,217,110,0.5069124423963134,0.978914746972955,0.025333267328330078
GSM4138137,20,1,Monocyte_family,family,0.8968631433275105,127,49,0.3858267716535433,0.9713930931663141,0.07452994983880357
GSM4138137,20,11,DC_family,family,0.952252074348237,18,18,1.0,0.952252074348237,0.0
GSM4138137,20,2,cDC2_CD33,specific,0.8757554908868029,92,0,0.0,,
GSM4138137,20,3,Mono_CD16,specific,0.9916202443857763,24,2,0.08333333333333333,,
GSM4138137,20,4,Macrophage_family,family,0.8013999451921187,309,302,0.9773462783171522,0.8038055268584294,0.0024055816663107743
GSM4138137,20,9,Macrophage_family,family,0.830743203550244,96,96,1.0,0.830743203550244,0.0
GSM4138138,20,1,Monocyte_family,family,0.9844555556238297,337,334,0.9910979228486647,0.9853651214596584,0.0009095658358286851
GSM4138138,20,2,cDC2_CD33,specific,0.9087202425123831,193,18,0.09326424870466321,0.985426890190095,0.07670664767771185
GSM4138138,20,3,Mono_CD16,specific,0.9618562105092091,179,112,0.6256983240223464,0.9668810029523296,0.005024792443120485
GSM4138139,20,1,Monocyte_family,family,0.8807029587954951,111,75,0.6756756756756757,0.9331396679461472,0.05243670915065213
GSM4138139,20,11,DC_family,family,0.9439413382638153,24,23,0.9583333333333334,0.9424067231791787,-0.0015346150846365925
GSM4138139,20,13,Mast,specific,0.9658315628046693,60,60,1.0,0.9658315628046693,0.0
GSM4138139,20,2,cDC2_CD33,specific,0.7685845990557565,143,2,0.013986013986013986,,
GSM4138139,20,3,Mono_CD16,specific,0.9909044240648491,23,10,0.43478260869565216,,
GSM4138139,20,4,Macrophage_family,family,0.783632092032591,128,125,0.9765625,0.7956006803181181,0.01196858828552716
GSM4138139,20,7,DC_family,family,0.9648548303894651,34,32,0.9411764705882353,0.9662188423673106,0.001364011977845525
GSM4138139,20,9,Macrophage_family,family,0.7796913080492722,102,94,0.9215686274509803,0.7862634066579552,0.006572098608683019
GSM4138140,20,1,Monocyte_family,family,0.985168789547982,353,353,1.0,0.985168789547982,0.0
GSM4138140,20,2,cDC2_CD33,specific,0.9022201972753815,405,35,0.08641975308641975,0.9755490876823467,0.07332889040696522
GSM4138140,20,3,Mono_CD16,specific,0.9550849557370477,152,77,0.506578947368421,0.9699730019986887,0.014888046261641086
GSM4138141,20,1,Monocyte_family,family,0.946222417320094,152,151,0.993421052631579,0.9465728068939935,0.0003503895738994345
GSM4138141,20,11,DC_family,family,0.8837686806440516,57,57,1.0,0.8837686806440516,0.0
GSM4138141,20,2,cDC2_CD33,specific,0.7931698715377138,226,28,0.12389380530973451,0.9571857832827753,0.16401591174506147
GSM4138141,20,3,Mono_CD16,specific,0.9799071423167897,51,29,0.5686274509803921,0.9795622594124764,-0.0003448829043132262
GSM4138141,20,4,Macrophage_family,family,0.8670651698588527,76,64,0.8421052631578947,0.8729731477931753,0.005907977934322517
GSM4138141,20,7,DC_family,family,0.8594740090255166,54,53,0.9814814814814815,0.8673100593145915,0.007836050289074858
GSM4138142,20,1,Monocyte_family,family,0.9739855694591197,408,405,0.9926470588235294,0.9723600921002122,-0.0016254773589075011
GSM4138142,20,2,cDC2_CD33,specific,0.9075141812508879,293,31,0.10580204778156997,0.9473976527957454,0.039883471544857496
GSM4138142,20,3,Mono_CD16,specific,0.9566807389063805,152,107,0.7039473684210527,0.9664121570647094,0.009731418158328897
GSM4138143,20,1,Monocyte_family,family,0.9009991370317321,61,54,0.8852459016393442,0.9190222403422507,0.018023103310518596
GSM4138143,20,11,DC_family,family,0.8275961851764744,48,48,1.0,0.8275961851764744,0.0
GSM4138143,20,13,Mast,specific,0.9748135904112316,31,31,1.0,0.9748135904112316,0.0
GSM4138143,20,2,cDC2_CD33,specific,0.7344026534263537,174,33,0.1896551724137931,0.9388418611884788,0.2044392077621251
GSM4138143,20,3,Mono_CD16,specific,1.0,26,13,0.5,,
GSM4138143,20,4,Macrophage_family,family,0.8208998374989821,39,35,0.8974358974358975,0.8424428723605433,0.021543034861561172
GSM4138143,20,7,DC_family,family,0.8704116780439973,46,45,0.9782608695652174,0.8702042632390994,-0.00020741480489794295
GSM4138143,20,9,Macrophage_family,family,0.9358131995656211,15,15,1.0,0.9358131995656211,0.0
GSM4138144,20,1,Monocyte_family,family,0.9729163778049383,126,123,0.9761904761904762,0.9783068268350817,0.005390449030143407
GSM4138144,20,2,cDC2_CD33,specific,0.8368466161393879,157,57,0.3630573248407643,0.8857225642654714,0.048875948126083424
GSM4138144,20,3,Mono_CD16,specific,0.9610100664880594,89,64,0.7191011235955056,0.9749122264211482,0.013902159933088742
GSM4138145,20,1,Monocyte_family,family,0.8439872114744364,165,134,0.8121212121212121,0.9207547919540918,0.07676758047965537
GSM4138145,20,11,DC_family,family,0.8858482789502696,28,28,1.0,0.8858482789502696,0.0
GSM4138145,20,2,cDC2_CD33,specific,0.7912528845245863,199,80,0.4020100502512563,0.8826813409519234,0.0914284564273371
GSM4138145,20,3,Mono_CD16,specific,0.9713441223994438,37,12,0.32432432432432434,,
GSM4138145,20,4,Macrophage_family,family,0.935976222002613,29,25,0.8620689655172413,0.9625493924047429,0.02657317040212992
GSM4138145,20,7,DC_family,family,0.7873962921621209,110,106,0.9636363636363636,0.783673287038473,-0.003723005123647871
GSM4138146,20,1,Monocyte_family,family,0.9704955758080591,152,151,0.993421052631579,0.9727503164252269,0.002254740617167794
GSM4138146,20,2,cDC2_CD33,specific,0.8828867559887432,106,29,0.27358490566037735,0.9535751433901899,0.07068838740144667
GSM4138146,20,3,Mono_CD16,specific,0.9492426774671053,269,200,0.7434944237918215,0.9622686828921565,0.013026005425051168
GSM4138148,20,1,Monocyte_family,family,0.9824685648930324,92,91,0.9891304347826086,0.9818887891547097,-0.0005797757383226854
GSM4138148,20,2,cDC2_CD33,specific,0.8535137207224747,85,30,0.35294117647058826,0.9694416070410731,0.1159278863185984
GSM4138148,20,3,Mono_CD16,specific,0.9561833684965972,43,34,0.7906976744186046,0.9692635348384981,0.0130801663419009
GSM4138150,20,1,Monocyte_family,family,0.9758099961126379,92,92,1.0,0.9758099961126379,0.0
GSM4138150,20,2,cDC2_CD33,specific,0.9129669479719615,106,14,0.1320754716981132,,
GSM4138150,20,3,Mono_CD16,specific,0.9675340031663556,48,35,0.7291666666666666,0.9785444665693842,0.01101046340302858
GSM4138151,20,2,cDC2_CD33,specific,0.9824141155797756,15,4,0.26666666666666666,,
GSM4138152,20,1,Monocyte_family,family,0.9628649045722812,195,194,0.9948717948717949,0.9642984771227964,0.0014335725505151276
GSM4138152,20,2,cDC2_CD33,specific,0.8641619760617677,285,37,0.12982456140350876,0.9422903143010685,0.07812833823930077
GSM4138152,20,3,Mono_CD16,specific,0.9384091292062081,118,89,0.7542372881355932,0.9413199538988823,0.00291082469267423
GSM4138153,20,2,cDC2_CD33,specific,0.8576569158876062,35,5,0.14285714285714285,,
GSM4138154,20,1,Monocyte_family,family,0.9598038716316507,222,221,0.9954954954954955,0.9599029672180134,9.909558636267413e-05
GSM4138154,20,2,cDC2_CD33,specific,0.8530140144614107,168,33,0.19642857142857142,0.9300654096595982,0.07705139519818749
GSM4138154,20,3,Mono_CD16,specific,0.9410212512083078,42,29,0.6904761904761905,0.949913386237432,0.008892135029124226
GSM4138155,20,1,Monocyte_family,family,0.8137431796687992,155,141,0.9096774193548387,0.8622597120244151,0.04851653235561593
GSM4138155,20,11,DC_family,family,0.8240158834405801,50,50,1.0,0.8240158834405801,0.0
GSM4138155,20,13,Mast,specific,0.9252378509283148,20,19,0.95,0.9381206978557273,0.012882846927412483
GSM4138155,20,2,cDC2_CD33,specific,0.7136373378754255,191,20,0.10471204188481675,0.9531661558641759,0.23952881798875036
GSM4138155,20,3,Mono_CD16,specific,0.9649447565616239,20,6,0.3,,
GSM4138155,20,4,Macrophage_family,family,0.7504856513428025,89,63,0.7078651685393258,0.8630844153556554,0.11259876401285285
GSM4138155,20,7,DC_family,family,0.7893813646174963,78,76,0.9743589743589743,0.8145685153476261,0.02518715073012978
GSM4138155,20,9,Macrophage_family,family,0.7425985827749364,101,94,0.9306930693069307,0.7559541356506978,0.0133555528757614
GSM4138156,20,1,Monocyte_family,family,0.962047792705029,642,637,0.9922118380062306,0.9626941722207539,0.000646379515724882
GSM4138156,20,2,cDC2_CD33,specific,0.9018566139442075,121,51,0.4214876033057851,0.9624988783810021,0.06064226443679466
GSM4138156,20,3,Mono_CD16,specific,0.9447987511537503,245,150,0.6122448979591837,0.9674540600296433,0.022655308875892954
GSM4138157,20,1,Monocyte_family,family,0.942177547708166,28,19,0.6785714285714286,0.9825327048960488,0.04035515718788285
GSM4138157,20,2,cDC2_CD33,specific,0.8397449344736836,69,8,0.11594202898550725,,
GSM4138157,20,3,Mono_CD16,specific,0.9728971318339431,16,4,0.25,,
GSM4138157,20,4,Macrophage_family,family,0.9385194712114111,24,23,0.9583333333333334,0.9520545225686946,0.0135350513572835
GSM4138157,20,7,DC_family,family,1.0,15,12,0.8,,
GSM4138158,20,1,Monocyte_family,family,0.9804722341503678,192,192,1.0,0.9804722341503678,0.0
GSM4138158,20,2,cDC2_CD33,specific,0.9142123611073949,116,21,0.1810344827586207,0.9728171800182522,0.05860481891085734
GSM4138158,20,3,Mono_CD16,specific,0.9812799881440535,32,19,0.59375,0.9852479955603701,0.0039680074163166434
GSM4138159,20,1,Monocyte_family,family,0.9519119042186295,39,31,0.7948717948717948,0.9677306891549502,0.015818784936320718
GSM4138159,20,2,cDC2_CD33,specific,0.867334852091821,40,0,0.0,,
GSM4138159,20,3,Mono_CD16,specific,0.9761390919059914,18,2,0.1111111111111111,,
GSM4138159,20,4,Macrophage_family,family,0.951929251169888,29,24,0.8275862068965517,0.9692998417354892,0.017370590565601196
GSM4138159,20,7,DC_family,family,0.8027881853562615,31,29,0.9354838709677419,0.817937192536045,0.015149007179783514
GSM4138160,20,1,Monocyte_family,family,0.9617051253919785,393,387,0.9847328244274809,0.968448416596529,0.006743291204550528
GSM4138160,20,2,cDC2_CD33,specific,0.9022285607461313,148,22,0.14864864864864866,0.9625059869198346,0.06027742617370324
GSM4138160,20,3,Mono_CD16,specific,0.9642592122987278,66,36,0.5454545454545454,0.9900033659049698,0.02574415360624205
GSM4138161,20,1,Monocyte_family,family,0.9002111033131954,88,82,0.9318181818181818,0.8986024346399324,-0.0016086686732630362
GSM4138161,20,11,DC_family,family,0.8893360024091076,19,18,0.9473684210526315,0.9093912731665503,0.020055270757442734
GSM4138161,20,2,cDC2_CD33,specific,0.7675220301206702,130,23,0.17692307692307693,0.9451959704512419,0.1776739403305717
GSM4138161,20,4,Macrophage_family,family,0.9502483687426185,16,14,0.875,,
GSM4138161,20,7,DC_family,family,0.9048595133255012,34,33,0.9705882352941176,0.9104075040993501,0.005547990773848932
GSM4138162,20,1,Monocyte_family,family,0.9779645633924804,231,230,0.9956709956709957,0.9781281897861497,0.00016362639366929166
GSM4138162,20,2,cDC2_CD33,specific,0.888306750799299,285,42,0.14736842105263157,0.9565826886013326,0.06827593780203356
GSM4138162,20,3,Mono_CD16,specific,0.9561728042753481,101,63,0.6237623762376238,0.9689990847188696,0.01282628044352152
GSM4138163,20,1,Monocyte_family,family,0.972260593211215,249,249,1.0,0.972260593211215,0.0
GSM4138163,20,2,cDC2_CD33,specific,0.8970770133882319,273,31,0.11355311355311355,0.9662642696443162,0.06918725625608435
GSM4138163,20,3,Mono_CD16,specific,0.9773895401787973,41,23,0.5609756097560976,0.9838436758508947,0.006454135672097405
GSM4138164,20,1,Monocyte_family,family,0.9816308158596049,83,83,1.0,0.9816308158596049,0.0
GSM4138164,20,2,cDC2_CD33,specific,0.8650107874910425,59,23,0.3898305084745763,0.9689070127254621,0.10389622523441955
GSM4138164,20,3,Mono_CD16,specific,0.9582334807566119,37,21,0.5675675675675675,0.9829393430119403,0.024705862255328448
GSM4138165,20,1,Monocyte_family,family,0.9780201635612543,259,257,0.9922779922779923,0.9792883504953697,0.0012681869341153451
GSM4138165,20,2,cDC2_CD33,specific,0.8779425102924407,124,22,0.1774193548387097,0.9656538084529618,0.08771129816052103
GSM4138165,20,3,Mono_CD16,specific,0.9294932693737137,153,93,0.6078431372549019,0.9446544771791544,0.015161207805440724
GSM4138166,20,1,Monocyte_family,family,0.9816348582991609,206,204,0.9902912621359223,0.9823437072157178,0.0007088489165569811
GSM4138166,20,2,cDC2_CD33,specific,0.8705079395046518,209,45,0.215311004784689,0.9526519052078193,0.08214396570316751
GSM4138166,20,3,Mono_CD16,specific,0.9542487771054975,154,117,0.7597402597402597,0.9621941145544404,0.00794533744894288
GSM4138167,20,1,Monocyte_family,family,0.9882980299129862,157,157,1.0,0.9882980299129862,0.0
GSM4138167,20,2,cDC2_CD33,specific,0.8811381758161423,218,34,0.1559633027522936,0.9791664161417739,0.09802824032563162
GSM4138167,20,3,Mono_CD16,specific,0.9680143881888805,79,29,0.3670886075949367,0.9625303423920475,-0.005484045796833037
GSM4138172,20,2,cDC2_CD33,specific,0.9574876938943142,16,6,0.375,,
GSM4138110,21,1,cDC2_CD33,specific,0.9108877083900129,401,15,0.03740648379052369,0.9772050463188249,0.066317337928812
GSM4138110,21,2,Monocyte_family,family,0.9780809208595855,400,400,1.0,0.9780809208595855,0.0
GSM4138110,21,5,DC_pDC,specific,0.9697106021963595,20,20,1.0,0.9697106021963595,0.0
GSM4138111,21,1,cDC2_CD33,specific,0.7977303593058633,147,21,0.14285714285714285,0.980197172253828,0.18246681294796463
GSM4138111,21,10,DC_family,family,0.9766287025940531,21,21,1.0,0.9766287025940531,0.0
GSM4138111,21,13,DC_family,family,0.951095297448468,15,15,1.0,0.951095297448468,0.0
GSM4138111,21,16,Mast,specific,0.876493661763317,29,28,0.9655172413793104,0.9050661191766445,0.02857245741332748
GSM4138111,21,2,Monocyte_family,family,0.8920411516226546,37,30,0.8108108108108109,0.890965159763414,-0.001075991859240677
GSM4138111,21,3,Macrophage_family,family,0.880475792270145,25,25,1.0,0.880475792270145,0.0
GSM4138111,21,5,DC_pDC,specific,0.9379035647628986,68,65,0.9558823529411765,0.939827935372745,0.0019243706098464042
GSM4138112,21,1,cDC2_CD33,specific,0.8755951190646821,237,23,0.0970464135021097,0.9670038724911083,0.09140875342642618
GSM4138112,21,2,Monocyte_family,family,0.9736050541007689,185,185,1.0,0.9736050541007689,0.0
GSM4138112,21,5,DC_pDC,specific,0.9670409840078681,25,25,1.0,0.9670409840078681,0.0
GSM4138113,21,1,cDC2_CD33,specific,0.8221766218748874,72,12,0.16666666666666666,,
GSM4138113,21,2,Monocyte_family,family,0.9654997162046114,37,36,0.972972972972973,0.9715483611885298,0.006048644983918439
GSM4138113,21,3,Macrophage_family,family,0.9753202242165435,16,12,0.75,,
GSM4138113,21,5,DC_pDC,specific,0.9515624001258797,35,35,1.0,0.9515624001258797,0.0
GSM4138114,21,1,cDC2_CD33,specific,0.8669977485560783,239,39,0.16317991631799164,0.9667106404153469,0.09971289185926868
GSM4138114,21,2,Monocyte_family,family,0.9817180413828571,192,191,0.9947916666666666,0.9820058596243191,0.0002878182414619568
GSM4138115,21,1,cDC2_CD33,specific,0.8825592584706303,78,17,0.21794871794871795,0.9790734905072102,0.09651423203657983
GSM4138115,21,10,DC_family,family,0.9727089567307853,18,18,1.0,0.9727089567307853,0.0
GSM4138115,21,13,DC_family,family,0.9715914688500271,22,21,0.9545454545454546,0.9715512163742203,-4.025247580685676e-05
GSM4138115,21,3,Macrophage_family,family,0.971152789651237,18,14,0.7777777777777778,,
GSM4138115,21,5,DC_pDC,specific,0.96780551371186,20,19,0.95,0.9816087420119992,0.013803228300139248
GSM4138116,21,1,cDC2_CD33,specific,0.9299758000206936,29,1,0.034482758620689655,,
GSM4138116,21,2,Monocyte_family,family,0.9332486863497712,695,694,0.9985611510791367,0.9364313629914248,0.0031826766416536145
GSM4138117,21,1,cDC2_CD33,specific,0.8103256165247547,86,14,0.16279069767441862,,
GSM4138117,21,16,Mast,specific,0.9848958966969695,15,15,1.0,0.9848958966969695,0.0
GSM4138117,21,2,Monocyte_family,family,0.8163480894544197,132,91,0.6893939393939394,0.893772135892861,0.07742404643844125
GSM4138117,21,3,Macrophage_family,family,0.822046116847027,77,76,0.987012987012987,0.8222691583838297,0.0002230415368027483
GSM4138117,21,5,DC_pDC,specific,0.9528621852287787,15,13,0.8666666666666667,,
GSM4138117,21,8,Macrophage_family,family,0.9466934999822223,16,16,1.0,0.9466934999822223,0.0
GSM4138118,21,1,cDC2_CD33,specific,0.8910249938507977,234,15,0.0641025641025641,1.0,0.1089750061492023
GSM4138118,21,2,Monocyte_family,family,0.965310650730823,140,140,1.0,0.965310650730823,0.0
GSM4138119,21,1,cDC2_CD33,specific,0.9384821325501329,23,3,0.13043478260869565,,
GSM4138119,21,2,Monocyte_family,family,0.9561685441530254,20,20,1.0,0.9561685441530254,0.0
GSM4138119,21,8,Macrophage_family,family,0.9069625102824321,23,23,1.0,0.9069625102824321,0.0
GSM4138120,21,1,cDC2_CD33,specific,0.850653544958945,506,41,0.08102766798418973,0.922151553350892,0.07149800839194709
GSM4138120,21,2,Monocyte_family,family,0.9455394026239434,284,284,1.0,0.9455394026239434,0.0
GSM4138121,21,1,cDC2_CD33,specific,1.0,24,2,0.08333333333333333,,
GSM4138121,21,2,Monocyte_family,family,0.8965087479570316,45,36,0.8,0.9489367264059815,0.052427978448949863
GSM4138121,21,3,Macrophage_family,family,0.9099412949687631,21,18,0.8571428571428571,0.9147595910072535,0.004818296038490377
GSM4138121,21,5,DC_pDC,specific,0.9702172982970751,15,12,0.8,,
GSM4138122,21,1,cDC2_CD33,specific,0.8884733096646102,473,74,0.15644820295983086,0.9458228944772827,0.057349584812672494
GSM4138122,21,2,Monocyte_family,family,0.9925443006535177,150,150,1.0,0.9925443006535177,0.0
GSM4138122,21,5,DC_pDC,specific,0.9782659584116306,20,20,1.0,0.9782659584116306,0.0
GSM4138123,21,1,cDC2_CD33,specific,0.8284055468253049,55,2,0.03636363636363636,,
GSM4138123,21,13,DC_family,family,0.9594328907026213,27,26,0.9629629629629629,0.9594869594834776,5.406878085634226e-05
GSM4138123,21,2,Monocyte_family,family,0.9637288149165377,19,15,0.7894736842105263,0.9778942586636044,0.01416544374706663
GSM4138123,21,3,Macrophage_family,family,0.7312067858248799,452,445,0.9845132743362832,0.7393121960203932,0.008105410195513363
GSM4138123,21,5,DC_pDC,specific,0.9223107797302584,50,48,0.96,0.9508575041839805,0.028546724453722083
GSM4138124,21,1,cDC2_CD33,specific,0.9173958637165268,197,8,0.04060913705583756,,
GSM4138124,21,2,Monocyte_family,family,0.9787172696029882,234,234,1.0,0.9787172696029882,0.0
GSM4138125,21,1,cDC2_CD33,specific,0.7971828806531912,123,3,0.024390243902439025,,
GSM4138125,21,2,Monocyte_family,family,0.9415587438272247,84,75,0.8928571428571429,0.9602185763297646,0.018659832502539886
GSM4138125,21,3,Macrophage_family,family,0.846728849517494,58,58,1.0,0.846728849517494,0.0
GSM4138125,21,8,Macrophage_family,family,0.7772386190926539,312,307,0.9839743589743589,0.7712845804614115,-0.005954038631242442
GSM4138126,21,1,cDC2_CD33,specific,0.945541992096302,329,19,0.057750759878419454,0.9796119788439297,0.034069986747627734
GSM4138126,21,2,Monocyte_family,family,0.9815770418334017,627,625,0.9968102073365231,0.982364208563782,0.0007871667303803731
GSM4138127,21,1,cDC2_CD33,specific,0.9525530602641189,43,2,0.046511627906976744,,
GSM4138127,21,2,Monocyte_family,family,0.8927320840073928,142,117,0.823943661971831,0.9223190484497861,0.029586964442393282
GSM4138127,21,3,Macrophage_family,family,0.9515958397699219,17,17,1.0,0.9515958397699219,0.0
GSM4138127,21,5,DC_pDC,specific,0.9214506120950497,32,29,0.90625,0.9444607535101854,0.023010141415135688
GSM4138128,21,1,cDC2_CD33,specific,0.8884733096646102,473,74,0.15644820295983086,0.9458228944772827,0.057349584812672494
GSM4138128,21,2,Monocyte_family,family,0.9925443006535177,150,150,1.0,0.9925443006535177,0.0
GSM4138128,21,5,DC_pDC,specific,0.9782659584116306,20,20,1.0,0.9782659584116306,0.0
GSM4138129,21,1,cDC2_CD33,specific,0.8357278106010901,101,10,0.09900990099009901,,
GSM4138129,21,2,Monocyte_family,family,0.9198490581722711,61,54,0.8852459016393442,0.9455275733807396,0.025678515208468422
GSM4138129,21,3,Macrophage_family,family,0.8776685555114004,45,42,0.9333333333333333,0.8847279861780074,0.0070594306666069695
GSM4138129,21,5,DC_pDC,specific,0.9868286715955322,25,25,1.0,0.9868286715955322,0.0
GSM4138129,21,8,Macrophage_family,family,0.877972080174973,38,38,1.0,0.877972080174973,0.0
GSM4138130,21,1,cDC2_CD33,specific,0.9311210334143859,432,24,0.05555555555555555,0.9689703249118781,0.037849291497492166
GSM4138130,21,2,Monocyte_family,family,0.9767014179113014,267,264,0.9887640449438202,0.9820306658255387,0.005329247914237278
GSM4138130,21,5,DC_pDC,specific,0.9639490407838097,19,19,1.0,0.9639490407838097,0.0
GSM4138131,21,1,cDC2_CD33,specific,0.8956322098621632,121,5,0.04132231404958678,,
GSM4138131,21,10,DC_family,family,0.94515282663131,18,18,1.0,0.94515282663131,0.0
GSM4138131,21,13,DC_family,family,0.8174738248202695,71,69,0.971830985915493,0.8155985898042324,-0.0018752350160371467
GSM4138131,21,16,Mast,specific,0.9764376533440459,18,18,1.0,0.9764376533440459,0.0
GSM4138131,21,2,Monocyte_family,family,0.9256265945323067,65,52,0.8,0.932774391577274,0.0071477970449673744
GSM4138131,21,3,Macrophage_family,family,0.8130799819003749,137,98,0.7153284671532847,0.8266100575606196,0.013530075660244667
GSM4138131,21,5,DC_pDC,specific,0.9046789059634622,112,106,0.9464285714285714,0.9185940501920142,0.013915144228552001
GSM4138132,21,1,cDC2_CD33,specific,0.9319314438179677,486,18,0.037037037037037035,0.9677474499420015,0.035816006124033795
GSM4138132,21,2,Monocyte_family,family,0.9926672727558742,309,309,1.0,0.9926672727558742,0.0
GSM4138133,21,1,cDC2_CD33,specific,0.8818676444521482,105,7,0.06666666666666667,,
GSM4138133,21,10,DC_family,family,0.9728774158951424,22,21,0.9545454545454546,0.9722792082166445,-0.0005982076784979418
GSM4138133,21,13,DC_family,family,0.8745826663309834,25,24,0.96,0.8725311256016363,-0.002051540729347101
GSM4138133,21,2,Monocyte_family,family,0.957783071562458,26,12,0.46153846153846156,,
GSM4138133,21,3,Macrophage_family,family,0.80394714947887,95,89,0.9368421052631579,0.8127564048235185,0.008809255344648492
GSM4138133,21,5,DC_pDC,specific,0.9840886463775538,22,21,0.9545454545454546,0.9780104357713506,-0.0060782106062031716
GSM4138133,21,8,Macrophage_family,family,0.9484941887975544,20,20,1.0,0.9484941887975544,0.0
GSM4138134,21,1,cDC2_CD33,specific,0.9406742752803463,776,12,0.015463917525773196,,
GSM4138134,21,2,Monocyte_family,family,0.9841741699279465,751,749,0.9973368841544608,0.9854501699119813,0.0012759999840348257
GSM4138134,21,5,DC_pDC,specific,0.9856991785152992,15,15,1.0,0.9856991785152992,0.0
GSM4138135,21,1,cDC2_CD33,specific,0.8228854613042418,168,1,0.005952380952380952,,
GSM4138135,21,13,DC_family,family,0.940655802958229,31,31,1.0,0.940655802958229,0.0
GSM4138135,21,16,Mast,specific,1.0,21,21,1.0,1.0,0.0
GSM4138135,21,2,Monocyte_family,family,0.9125114803357864,111,58,0.5225225225225225,0.9625656639709602,0.05005418363517378
GSM4138135,21,3,Macrophage_family,family,0.7870611163559207,353,346,0.9801699716713881,0.7899022795565754,0.0028411632006547505
GSM4138135,21,5,DC_pDC,specific,0.9592348250153161,19,17,0.8947368421052632,0.9787886250594097,0.019553800044093572
GSM4138135,21,8,Macrophage_family,family,0.8563196511029036,42,42,1.0,0.8563196511029036,0.0
GSM4138136,21,1,cDC2_CD33,specific,0.9053437621902565,412,35,0.08495145631067962,0.9575949318499146,0.05225116965965815
GSM4138136,21,2,Monocyte_family,family,0.9806775406676755,355,352,0.9915492957746479,0.9838342080525951,0.003156667384919598
GSM4138137,21,1,cDC2_CD33,specific,0.911089946274141,79,0,0.0,,
GSM4138137,21,13,DC_family,family,0.952252074348237,18,18,1.0,0.952252074348237,0.0
GSM4138137,21,2,Monocyte_family,family,0.8882995914265533,127,53,0.41732283464566927,0.9599412267099877,0.07164163528343437
GSM4138137,21,3,Macrophage_family,family,0.8082958314305356,286,282,0.986013986013986,0.8088624239182575,0.0005665924877218398
GSM4138137,21,8,Macrophage_family,family,0.874969963818967,89,89,1.0,0.874969963818967,0.0
GSM4138138,21,1,cDC2_CD33,specific,0.9040244726987465,344,18,0.05232558139534884,0.985426890190095,0.08140241749134847
GSM4138138,21,2,Monocyte_family,family,0.9642953037873622,349,347,0.994269340974212,0.9654952793640464,0.0011999755766842757
GSM4138139,21,1,cDC2_CD33,specific,0.7930362364662805,143,2,0.013986013986013986,,
GSM4138139,21,10,DC_family,family,0.954042143517002,25,24,0.96,0.976678295398629,0.022636151881627042
GSM4138139,21,13,DC_family,family,0.9439413382638153,24,23,0.9583333333333334,0.9424067231791787,-0.0015346150846365925
GSM4138139,21,16,Mast,specific,0.9658315628046693,60,60,1.0,0.9658315628046693,0.0
GSM4138139,21,2,Monocyte_family,family,0.8895549464825222,110,74,0.6727272727272727,0.9379180707580246,0.04836312427550238
GSM4138139,21,3,Macrophage_family,family,0.8056918537987778,124,121,0.9758064516129032,0.8062840902671747,0.0005922364683969006
GSM4138139,21,5,DC_pDC,specific,0.9506174967437965,22,22,1.0,0.9506174967437965,0.0
GSM4138139,21,8,Macrophage_family,family,0.8095490100295366,92,85,0.9239130434782609,0.8145352790037004,0.004986268974163766
GSM4138140,21,1,cDC2_CD33,specific,0.9018730323585747,525,35,0.06666666666666667,0.9755490876823467,0.07367605532377197
GSM4138140,21,2,Monocyte_family,family,0.9868037875526472,340,340,1.0,0.9868037875526472,0.0
GSM4138141,21,1,cDC2_CD33,specific,0.8087068246725125,253,28,0.11067193675889328,0.9571857832827753,0.14847895861026272
GSM4138141,21,10,DC_family,family,0.8929688204059003,32,31,0.96875,0.9185025903817721,0.025533769975871756
GSM4138141,21,13,DC_family,family,0.8767400460493109,58,58,1.0,0.8767400460493109,0.0
GSM4138141,21,2,Monocyte_family,family,0.9591285461888961,151,149,0.9867549668874173,0.9610301801897441,0.0019016340008479737
GSM4138141,21,3,Macrophage_family,family,0.8601680435055569,68,60,0.8823529411764706,0.870610667658484,0.010442624152927182
GSM4138141,21,5,DC_pDC,specific,0.9154151334010964,75,71,0.9466666666666667,0.9214094894610956,0.005994356059999206
GSM4138142,21,1,cDC2_CD33,specific,0.9056066908549715,436,31,0.07110091743119266,0.9473976527957454,0.04179096194077392
GSM4138142,21,2,Monocyte_family,family,0.9720897502652325,401,398,0.9925187032418953,0.9709736428898186,-0.0011161073754138995
GSM4138143,21,1,cDC2_CD33,specific,0.7895493036016791,165,32,0.19393939393939394,0.9492886755497445,0.15973937194806542
GSM4138143,21,10,DC_family,family,0.957734080310738,25,24,0.96,0.9573370707025411,-0.00039700960819688547
GSM4138143,21,13,DC_family,family,0.8606367091665914,46,46,1.0,0.8606367091665914,0.0
GSM4138143,21,16,Mast,specific,0.9748135904112316,31,31,1.0,0.9748135904112316,0.0
GSM4138143,21,2,Monocyte_family,family,0.899927966621095,62,54,0.8709677419354839,0.9236986415561208,0.023770674935025826
GSM4138143,21,3,Macrophage_family,family,0.9193919928073851,27,27,1.0,0.9193919928073851,0.0
GSM4138143,21,5,DC_pDC,specific,0.9208449012477619,48,46,0.9583333333333334,0.9295762244202338,0.008731323172471939
GSM4138144,21,1,cDC2_CD33,specific,0.8489001124433893,229,57,0.24890829694323144,0.8857225642654714,0.0368224518220821
GSM4138144,21,2,Monocyte_family,family,0.973049515516524,124,121,0.9758064516129032,0.9790863807976232,0.006036865281099257
GSM4138145,21,1,cDC2_CD33,specific,0.8086284767220431,191,78,0.4083769633507853,0.8922239592425306,0.08359548252048754
GSM4138145,21,10,DC_family,family,0.8647364794304533,81,80,0.9876543209876543,0.8643051691986757,-0.00043131023177755967
GSM4138145,21,13,DC_family,family,0.894943894669749,24,24,1.0,0.894943894669749,0.0
GSM4138145,21,2,Monocyte_family,family,0.8436491727319054,162,134,0.8271604938271605,0.9003420108019969,0.05669283807009151
GSM4138145,21,3,Macrophage_family,family,0.9615056704040645,23,22,0.9565217391304348,0.9632144768191516,0.001708806415087083
GSM4138145,21,5,DC_pDC,specific,0.957709996143703,47,46,0.9787234042553191,0.9472622152517468,-0.010447780891956193
GSM4138146,21,1,cDC2_CD33,specific,0.8865239753676648,352,29,0.08238636363636363,0.9535751433901899,0.06705116802252509
GSM4138146,21,2,Monocyte_family,family,0.9567884241974175,157,156,0.9936305732484076,0.9592829375276903,0.0024945133302728406
GSM4138147,21,5,DC_pDC,specific,0.925292417692126,32,31,0.96875,0.935324749011505,0.010032331319378973
GSM4138148,21,1,cDC2_CD33,specific,0.8546261095851245,125,30,0.24,0.9694416070410731,0.11481549745594855
GSM4138148,21,2,Monocyte_family,family,0.982127987225786,87,87,1.0,0.982127987225786,0.0
GSM4138150,21,1,cDC2_CD33,specific,0.8973233761706895,146,14,0.0958904109589041,,
GSM4138150,21,2,Monocyte_family,family,0.9733488538783697,86,86,1.0,0.9733488538783697,0.0
GSM4138151,21,1,cDC2_CD33,specific,0.9860307077619429,18,4,0.2222222222222222,,
GSM4138151,21,5,DC_pDC,specific,0.9806392337550041,15,15,1.0,0.9806392337550041,0.0
GSM4138152,21,1,cDC2_CD33,specific,0.8683440133159095,379,37,0.09762532981530343,0.9422903143010685,0.07394630098515897
GSM4138152,21,2,Monocyte_family,family,0.9643237235091724,191,190,0.9947643979057592,0.9687624238364999,0.004438700327327516
GSM4138153,21,1,cDC2_CD33,specific,0.9243106784862206,24,5,0.20833333333333334,,
GSM4138154,21,1,cDC2_CD33,specific,0.8554286458122995,199,33,0.1658291457286432,0.9300654096595982,0.07463676384729867
GSM4138154,21,2,Monocyte_family,family,0.9594144606005682,218,217,0.9954128440366973,0.9595865345773432,0.00017207397677498903
GSM4138155,21,1,cDC2_CD33,specific,0.8038895351557546,121,20,0.1652892561983471,0.9531661558641759,0.1492766207084213
GSM4138155,21,13,DC_family,family,0.8775198621343853,29,29,1.0,0.8775198621343853,0.0
GSM4138155,21,16,Mast,specific,0.9252378509283148,20,19,0.95,0.9381206978557273,0.012882846927412483
GSM4138155,21,2,Monocyte_family,family,0.8259311914236812,152,143,0.9407894736842105,0.8474934514312723,0.021562260007591094
GSM4138155,21,3,Macrophage_family,family,0.8610225428821526,55,51,0.9272727272727272,0.8612746576698197,0.0002521147876670682
GSM4138155,21,5,DC_pDC,specific,0.8979761845396674,53,50,0.9433962264150944,0.9062361607604512,0.008259976220783782
GSM4138155,21,8,Macrophage_family,family,0.7770878971795433,78,76,0.9743589743589743,0.7773756249569966,0.00028772777745333933
GSM4138156,21,1,cDC2_CD33,specific,0.9072394994588724,330,52,0.15757575757575756,0.9624123895856713,0.055172890126798935
GSM4138156,21,2,Monocyte_family,family,0.9558514956426584,677,671,0.9911373707533235,0.9568429149106095,0.0009914192679510991
GSM4138156,21,5,DC_pDC,specific,0.9539837451128743,15,15,1.0,0.9539837451128743,0.0
GSM4138157,21,1,cDC2_CD33,specific,0.8832704344621597,68,8,0.11764705882352941,,
GSM4138157,21,2,Monocyte_family,family,0.9643525584210653,29,20,0.6896551724137931,0.9852438694947471,0.020891311073681806
GSM4138157,21,3,Macrophage_family,family,0.9705480815873476,18,17,0.9444444444444444,0.9685825462431562,-0.001965535344191416
GSM4138157,21,5,DC_pDC,specific,0.9480389776479722,17,16,0.9411764705882353,0.978093154163344,0.03005417651537179
GSM4138158,21,1,cDC2_CD33,specific,0.8952432974634434,141,21,0.14893617021276595,0.9728171800182522,0.07757388255480879
GSM4138158,21,2,Monocyte_family,family,0.9767027849644822,192,192,1.0,0.9767027849644822,0.0
GSM4138159,21,1,cDC2_CD33,specific,0.8899808770294388,43,0,0.0,,
GSM4138159,21,10,DC_family,family,0.9655068520757327,15,15,1.0,0.9655068520757327,0.0
GSM4138159,21,2,Monocyte_family,family,0.9523516682813014,39,30,0.7692307692307693,0.9661368046063515,0.013785136325050185
GSM4138159,21,3,Macrophage_family,family,0.9518001481682965,27,23,0.8518518518518519,0.9735205983038899,0.021720450135593428
GSM4138160,21,1,cDC2_CD33,specific,0.8828871823946542,204,22,0.10784313725490197,0.9625059869198346,0.07961880452518033
GSM4138160,21,2,Monocyte_family,family,0.9550144818024304,396,392,0.98989898989899,0.9593523163084932,0.004337834506062732
GSM4138160,21,5,DC_pDC,specific,0.980833886723325,23,23,1.0,0.980833886723325,0.0
GSM4138161,21,1,cDC2_CD33,specific,0.7841612445884576,123,21,0.17073170731707318,0.9620672189136887,0.17790597432523114
GSM4138161,21,2,Monocyte_family,family,0.9290765274859943,84,77,0.9166666666666666,0.9387988454870061,0.009722318001011754
GSM4138161,21,5,DC_pDC,specific,0.8635289127307408,113,107,0.9469026548672567,0.8583215645301789,-0.005207348200561901
GSM4138162,21,1,cDC2_CD33,specific,0.8839160617907604,371,42,0.11320754716981132,0.9565826886013326,0.07266662681057212
GSM4138162,21,2,Monocyte_family,family,0.9764061600645341,226,225,0.995575221238938,0.9763013546571015,-0.00010480540743251776
GSM4138162,21,5,DC_pDC,specific,0.9897606953288196,17,17,1.0,0.9897606953288196,0.0
GSM4138163,21,1,cDC2_CD33,specific,0.8938202631484922,305,31,0.10163934426229508,0.9662642696443162,0.07244400649582405
GSM4138163,21,2,Monocyte_family,family,0.9818205760238701,243,243,1.0,0.9818205760238701,0.0
GSM4138163,21,5,DC_pDC,specific,0.9941087355013785,16,16,1.0,0.9941087355013785,0.0
GSM4138164,21,1,cDC2_CD33,specific,0.864311199813895,91,23,0.25274725274725274,0.9689070127254621,0.10459581291156705
GSM4138164,21,2,Monocyte_family,family,0.9742903988787613,83,83,1.0,0.9742903988787613,0.0
GSM4138165,21,1,cDC2_CD33,specific,0.8676980452290393,251,22,0.08764940239043825,0.9656538084529618,0.09795576322392252
GSM4138165,21,2,Monocyte_family,family,0.9758720282955473,261,259,0.9923371647509579,0.9771092120822464,0.0012371837866991253
GSM4138166,21,1,cDC2_CD33,specific,0.8926793163795297,348,45,0.12931034482758622,0.9526519052078193,0.0599725888282896
GSM4138166,21,2,Monocyte_family,family,0.9839199499613653,203,201,0.9901477832512315,0.9869039669144617,0.002984016953096358
GSM4138167,21,1,cDC2_CD33,specific,0.8841796920728229,277,34,0.12274368231046931,0.9791664161417739,0.09498672406895103
GSM4138167,21,2,Monocyte_family,family,0.9886107798364638,153,153,1.0,0.9886107798364638,0.0
GSM4138168,21,5,DC_pDC,specific,0.9457890908623999,20,20,1.0,0.9457890908623999,0.0
GSM4138110,22,1,Monocyte_family,family,0.9763974828695718,408,408,1.0,0.9763974828695718,0.0
GSM4138110,22,2,cDC2_CD33,specific,0.9088770738935599,274,15,0.05474452554744526,0.9772050463188249,0.068327972425265
GSM4138110,22,3,Mono_CD16,specific,0.9731326953344075,130,78,0.6,0.97761328954427,0.004480594209862465
GSM4138110,22,6,DC_pDC,specific,0.9697106021963595,20,20,1.0,0.9697106021963595,0.0
GSM4138111,22,1,Monocyte_family,family,0.892451634193166,37,28,0.7567567567567568,0.8863396009087792,-0.006112033284386809
GSM4138111,22,10,DC_family,family,0.9766287025940531,21,21,1.0,0.9766287025940531,0.0
GSM4138111,22,15,DC_family,family,0.951095297448468,15,15,1.0,0.951095297448468,0.0
GSM4138111,22,16,Mast,specific,0.876493661763317,29,28,0.9655172413793104,0.9050661191766445,0.02857245741332748
GSM4138111,22,2,cDC2_CD33,specific,0.8107934137799956,100,19,0.19,0.9661711939494996,0.155377780169504
GSM4138111,22,3,Mono_CD16,specific,0.8885866333733339,39,28,0.717948717948718,0.909342322893809,0.02075568952047513
GSM4138111,22,4,Macrophage_family,family,0.8792435367510999,26,26,1.0,0.8792435367510999,0.0
GSM4138111,22,6,DC_pDC,specific,0.9379035647628986,68,65,0.9558823529411765,0.939827935372745,0.0019243706098464042
GSM4138112,22,1,Monocyte_family,family,0.9861985702420116,177,177,1.0,0.9861985702420116,0.0
GSM4138112,22,2,cDC2_CD33,specific,0.8814344028153696,109,23,0.21100917431192662,0.9670038724911083,0.08556946967573875
GSM4138112,22,3,Mono_CD16,specific,0.9474339568167893,138,95,0.6884057971014492,0.9618001923997429,0.01436623558295358
GSM4138112,22,6,DC_pDC,specific,0.9670409840078681,25,25,1.0,0.9670409840078681,0.0
GSM4138113,22,1,Monocyte_family,family,0.9654997162046114,37,36,0.972972972972973,0.9715483611885298,0.006048644983918439
GSM4138113,22,2,cDC2_CD33,specific,0.858864869981895,51,11,0.21568627450980393,,
GSM4138113,22,3,Mono_CD16,specific,0.9167032913674197,23,12,0.5217391304347826,,
GSM4138113,22,4,Macrophage_family,family,0.9753202242165435,16,12,0.75,,
GSM4138113,22,6,DC_pDC,specific,0.9515624001258797,35,35,1.0,0.9515624001258797,0.0
GSM4138114,22,1,Monocyte_family,family,0.979597225403059,195,194,0.9948717948717949,0.9826420165677867,0.003044791164727667
GSM4138114,22,2,cDC2_CD33,specific,0.8725953783304021,151,39,0.2582781456953642,0.9667106404153469,0.0941152620849448
GSM4138114,22,3,Mono_CD16,specific,0.9607435105168223,84,60,0.7142857142857143,0.9638175783207804,0.003074067803958136
GSM4138115,22,10,DC_family,family,0.9727089567307853,18,18,1.0,0.9727089567307853,0.0
GSM4138115,22,15,DC_family,family,0.9715914688500271,22,21,0.9545454545454546,0.9715512163742203,-4.025247580685676e-05
GSM4138115,22,2,cDC2_CD33,specific,0.8857545436601119,71,16,0.22535211267605634,0.9766807675507357,0.09092622389062388
GSM4138115,22,4,Macrophage_family,family,0.971152789651237,18,14,0.7777777777777778,,
GSM4138115,22,6,DC_pDC,specific,0.96780551371186,20,19,0.95,0.9816087420119992,0.013803228300139248
GSM4138116,22,1,Monocyte_family,family,0.9490972465135221,682,681,0.998533724340176,0.9503298127571586,0.0012325662436364349
GSM4138116,22,3,Mono_CD16,specific,0.98452947272547,23,15,0.6521739130434783,0.9836055443637416,-0.0009239283617283878
GSM4138117,22,1,Monocyte_family,family,0.8271757547903476,128,87,0.6796875,0.9126344591102983,0.08545870431995073
GSM4138117,22,16,Mast,specific,0.9848958966969695,15,15,1.0,0.9848958966969695,0.0
GSM4138117,22,2,cDC2_CD33,specific,0.834573045216841,65,14,0.2153846153846154,,
GSM4138117,22,4,Macrophage_family,family,0.8222691583838297,76,76,1.0,0.8222691583838297,0.0
GSM4138117,22,6,DC_pDC,specific,0.9528621852287787,15,13,0.8666666666666667,,
GSM4138117,22,8,Macrophage_family,family,0.9466934999822223,16,16,1.0,0.9466934999822223,0.0
GSM4138118,22,1,Monocyte_family,family,0.9657043072775559,143,143,1.0,0.9657043072775559,0.0
GSM4138118,22,2,cDC2_CD33,specific,0.8955946810317531,222,15,0.06756756756756757,1.0,0.1044053189682469
GSM4138119,22,1,Monocyte_family,family,0.9561685441530254,20,20,1.0,0.9561685441530254,0.0
GSM4138119,22,2,cDC2_CD33,specific,0.9351219881293589,21,3,0.14285714285714285,,
GSM4138119,22,8,Macrophage_family,family,0.8775038515054845,24,24,1.0,0.8775038515054845,0.0
GSM4138120,22,1,Monocyte_family,family,0.944352630480145,288,288,1.0,0.944352630480145,0.0
GSM4138120,22,2,cDC2_CD33,specific,0.8543823796268601,479,41,0.08559498956158663,0.922151553350892,0.0677691737240319
GSM4138120,22,3,Mono_CD16,specific,0.9294675663438754,42,24,0.5714285714285714,0.9596757142031672,0.030208147859291823
GSM4138121,22,1,Monocyte_family,family,0.8965087479570316,45,36,0.8,0.9489367264059815,0.052427978448949863
GSM4138121,22,2,cDC2_CD33,specific,0.987072595650257,17,2,0.11764705882352941,,
GSM4138121,22,4,Macrophage_family,family,0.9099412949687631,21,18,0.8571428571428571,0.9147595910072535,0.004818296038490377
GSM4138121,22,6,DC_pDC,specific,0.9563212481891016,16,12,0.75,,
GSM4138122,22,1,Monocyte_family,family,0.9953750184156761,155,155,1.0,0.9953750184156761,0.0
GSM4138122,22,2,cDC2_CD33,specific,0.8902864359414805,272,74,0.27205882352941174,0.9458228944772827,0.05553645853580225
GSM4138122,22,3,Mono_CD16,specific,0.9647425551882811,226,139,0.6150442477876106,0.9776116977859656,0.012869142597684458
GSM4138122,22,6,DC_pDC,specific,0.9782659584116306,20,20,1.0,0.9782659584116306,0.0
GSM4138123,22,1,Monocyte_family,family,0.9637288149165377,19,15,0.7894736842105263,0.9778942586636044,0.01416544374706663
GSM4138123,22,15,DC_family,family,0.9594328907026213,27,26,0.9629629629629629,0.9594869594834776,5.406878085634226e-05
GSM4138123,22,2,cDC2_CD33,specific,0.8654515395628561,45,2,0.044444444444444446,,
GSM4138123,22,4,Macrophage_family,family,0.7327250145673538,449,442,0.9844097995545658,0.7387669484952655,0.006041933927911636
GSM4138123,22,6,DC_pDC,specific,0.9223107797302584,50,48,0.96,0.9508575041839805,0.028546724453722083
GSM4138124,22,1,Monocyte_family,family,0.9813836487281196,232,232,1.0,0.9813836487281196,0.0
GSM4138124,22,2,cDC2_CD33,specific,0.9202171007247264,112,8,0.07142857142857142,,
GSM4138124,22,3,Mono_CD16,specific,0.9486863036620123,98,48,0.4897959183673469,0.969665210227224,0.02097890656521162
GSM4138125,22,1,Monocyte_family,family,0.9365929819884736,82,74,0.9024390243902439,0.9722369248242562,0.03564394283578254
GSM4138125,22,2,cDC2_CD33,specific,0.8072624559400682,93,3,0.03225806451612903,,
GSM4138125,22,4,Macrophage_family,family,0.8513034336216547,57,57,1.0,0.8513034336216547,0.0
GSM4138125,22,8,Macrophage_family,family,0.7748646646331528,320,316,0.9875,0.7748630671090257,-1.597524127094907e-06
GSM4138126,22,1,Monocyte_family,family,0.9812371995261565,636,634,0.9968553459119497,0.9825134139580035,0.0012762144318470003
GSM4138126,22,2,cDC2_CD33,specific,0.9376568840953472,235,19,0.08085106382978724,0.9796119788439297,0.0419550947485825
GSM4138126,22,3,Mono_CD16,specific,0.9641385071486877,89,23,0.25842696629213485,1.0,0.03586149285131235
GSM4138127,22,1,Monocyte_family,family,0.8990144585216473,136,113,0.8308823529411765,0.9335062965188025,0.03449183799715516
GSM4138127,22,2,cDC2_CD33,specific,0.9517479949865022,34,2,0.058823529411764705,,
GSM4138127,22,4,Macrophage_family,family,0.9515958397699219,17,17,1.0,0.9515958397699219,0.0
GSM4138127,22,6,DC_pDC,specific,0.9214506120950497,32,29,0.90625,0.9444607535101854,0.023010141415135688
GSM4138128,22,1,Monocyte_family,family,0.9953750184156761,155,155,1.0,0.9953750184156761,0.0
GSM4138128,22,2,cDC2_CD33,specific,0.8902864359414805,272,74,0.27205882352941174,0.9458228944772827,0.05553645853580225
GSM4138128,22,3,Mono_CD16,specific,0.9647425551882811,226,139,0.6150442477876106,0.9776116977859656,0.012869142597684458
GSM4138128,22,6,DC_pDC,specific,0.9782659584116306,20,20,1.0,0.9782659584116306,0.0
GSM4138129,22,1,Monocyte_family,family,0.959440112983915,61,55,0.9016393442622951,0.9467161383631149,-0.012723974620800105
GSM4138129,22,2,cDC2_CD33,specific,0.8335124619969159,87,10,0.11494252873563218,,
GSM4138129,22,4,Macrophage_family,family,0.8776685555114004,45,42,0.9333333333333333,0.8847279861780074,0.0070594306666069695
GSM4138129,22,6,DC_pDC,specific,0.9868286715955322,25,25,1.0,0.9868286715955322,0.0
GSM4138129,22,8,Macrophage_family,family,0.8673083738109,39,39,1.0,0.8673083738109,0.0
GSM4138130,22,1,Monocyte_family,family,0.9794273397505783,262,259,0.9885496183206107,0.9840729893119893,0.004645649561411003
GSM4138130,22,2,cDC2_CD33,specific,0.934901234518007,224,24,0.10714285714285714,0.9689703249118781,0.03406909039387107
GSM4138130,22,3,Mono_CD16,specific,0.9714585514835028,266,116,0.43609022556390975,0.9812775037239836,0.009818952240480794
GSM4138130,22,6,DC_pDC,specific,0.9639490407838097,19,19,1.0,0.9639490407838097,0.0
GSM4138131,22,1,Monocyte_family,family,0.9212777698505384,58,46,0.7931034482758621,0.944584784438913,0.023307014588374586
GSM4138131,22,10,DC_family,family,0.94515282663131,18,18,1.0,0.94515282663131,0.0
GSM4138131,22,15,DC_family,family,0.8174738248202695,71,69,0.971830985915493,0.8155985898042324,-0.0018752350160371467
GSM4138131,22,16,Mast,specific,0.9764376533440459,18,18,1.0,0.9764376533440459,0.0
GSM4138131,22,2,cDC2_CD33,specific,0.900559159788676,87,5,0.05747126436781609,,
GSM4138131,22,3,Mono_CD16,specific,0.9135847148531174,44,5,0.11363636363636363,,
GSM4138131,22,4,Macrophage_family,family,0.8146189820703166,134,97,0.7238805970149254,0.8322969964486504,0.01767801437833383
GSM4138131,22,6,DC_pDC,specific,0.9046789059634622,112,106,0.9464285714285714,0.9185940501920142,0.013915144228552001
GSM4138132,22,1,Monocyte_family,family,0.9922121107599794,321,321,1.0,0.9922121107599794,0.0
GSM4138132,22,2,cDC2_CD33,specific,0.9327763534924359,360,18,0.05,0.9677474499420015,0.03497109644956553
GSM4138132,22,3,Mono_CD16,specific,0.9700714604624749,154,58,0.37662337662337664,0.9814133723188372,0.011341911856362241
GSM4138133,22,1,Monocyte_family,family,0.969489430125945,24,11,0.4583333333333333,,
GSM4138133,22,10,DC_family,family,0.9531686941267189,21,20,0.9523809523809523,0.9611680749166367,0.007999380789917798
GSM4138133,22,15,DC_family,family,0.8754742261603823,26,25,0.9615384615384616,0.8734856154880325,-0.0019886106723497887
GSM4138133,22,2,cDC2_CD33,specific,0.886917233126647,92,7,0.07608695652173914,,
GSM4138133,22,4,Macrophage_family,family,0.7994379718346447,97,92,0.9484536082474226,0.8072054847163345,0.007767512881689753
GSM4138133,22,6,DC_pDC,specific,0.9840886463775538,22,21,0.9545454545454546,0.9780104357713506,-0.0060782106062031716
GSM4138133,22,8,Macrophage_family,family,0.9484941887975544,20,20,1.0,0.9484941887975544,0.0
GSM4138134,22,1,Monocyte_family,family,0.9872844570865963,741,739,0.9973009446693657,0.9879243692681862,0.0006399121815898745
GSM4138134,22,2,cDC2_CD33,specific,0.9469297291554846,511,12,0.023483365949119372,,
GSM4138134,22,3,Mono_CD16,specific,0.9621656599937608,354,132,0.3728813559322034,0.9695591587489021,0.007393498755141281
GSM4138134,22,6,DC_pDC,specific,0.9856991785152992,15,15,1.0,0.9856991785152992,0.0
GSM4138135,22,1,Monocyte_family,family,0.9179588928279663,108,55,0.5092592592592593,0.9699483358198506,0.05198944299188435
GSM4138135,22,15,DC_family,family,0.940655802958229,31,31,1.0,0.940655802958229,0.0
GSM4138135,22,16,Mast,specific,1.0,21,21,1.0,1.0,0.0
GSM4138135,22,2,cDC2_CD33,specific,0.8465538643959045,132,1,0.007575757575757576,,
GSM4138135,22,3,Mono_CD16,specific,0.9642369276118379,31,3,0.0967741935483871,,
GSM4138135,22,4,Macrophage_family,family,0.7912331199386252,355,349,0.9830985915492958,0.7901522675321143,-0.0010808524065109015
GSM4138135,22,6,DC_pDC,specific,0.9592348250153161,19,17,0.8947368421052632,0.9787886250594097,0.019553800044093572
GSM4138135,22,8,Macrophage_family,family,0.8563196511029036,42,42,1.0,0.8563196511029036,0.0
GSM4138136,22,1,Monocyte_family,family,0.978651336849768,348,345,0.9913793103448276,0.9815965123453231,0.0029451754955550635
GSM4138136,22,2,cDC2_CD33,specific,0.899645053152692,240,35,0.14583333333333334,0.9575949318499146,0.05794987869722257
GSM4138136,22,3,Mono_CD16,specific,0.9535814796446249,217,110,0.5069124423963134,0.978914746972955,0.025333267328330078
GSM4138137,22,1,Monocyte_family,family,0.8897344823283116,120,48,0.4,0.9660849189764835,0.07635043664817187
GSM4138137,22,15,DC_family,family,0.952252074348237,18,18,1.0,0.952252074348237,0.0
GSM4138137,22,2,cDC2_CD33,specific,0.9436261125501252,60,0,0.0,,
GSM4138137,22,3,Mono_CD16,specific,0.9916202443857763,24,2,0.08333333333333333,,
GSM4138137,22,4,Macrophage_family,family,0.8089858421494146,283,279,0.9858657243816255,0.8060186060442187,-0.0029672361051958918
GSM4138137,22,8,Macrophage_family,family,0.8431509821181065,95,95,1.0,0.8431509821181065,0.0
GSM4138138,22,1,Monocyte_family,family,0.9840682186060477,338,335,0.9911242603550295,0.9850395485136357,0.000971329907588081
GSM4138138,22,2,cDC2_CD33,specific,0.905874063961128,186,18,0.0967741935483871,0.985426890190095,0.07955282622896698
GSM4138138,22,3,Mono_CD16,specific,0.9623254796588037,180,111,0.6166666666666667,0.9673376266505388,0.0050121469917351336
GSM4138139,22,1,Monocyte_family,family,0.8952545049460217,106,71,0.6698113207547169,0.9505373473364072,0.0552828423903855
GSM4138139,22,10,DC_family,family,0.954042143517002,25,24,0.96,0.976678295398629,0.022636151881627042
GSM4138139,22,15,DC_family,family,0.9439413382638153,24,23,0.9583333333333334,0.9424067231791787,-0.0015346150846365925
GSM4138139,22,16,Mast,specific,0.9658315628046693,60,60,1.0,0.9658315628046693,0.0
GSM4138139,22,2,cDC2_CD33,specific,0.8180394779511582,119,2,0.01680672268907563,,
GSM4138139,22,3,Mono_CD16,specific,0.9769828253790106,25,10,0.4,,
GSM4138139,22,4,Macrophage_family,family,0.8043465184074583,124,121,0.9758064516129032,0.8049697596468035,0.0006232412393452069
GSM4138139,22,6,DC_pDC,specific,0.9810740223900477,24,22,0.9166666666666666,0.9506174967437965,-0.03045652564625123
GSM4138139,22,8,Macrophage_family,family,0.8112575962038888,94,87,0.925531914893617,0.8138644646662403,0.002606868462351475
GSM4138140,22,1,Monocyte_family,family,0.9853258063492859,353,353,1.0,0.9853258063492859,0.0
GSM4138140,22,2,cDC2_CD33,specific,0.8990706812433066,397,35,0.08816120906801007,0.9755490876823467,0.07647840643904014
GSM4138140,22,3,Mono_CD16,specific,0.9571082285942927,150,77,0.5133333333333333,0.9699730019986887,0.012864773404396068
GSM4138141,22,1,Monocyte_family,family,0.9596463892287399,152,149,0.9802631578947368,0.95864915456547,-0.0009972346632699525
GSM4138141,22,10,DC_family,family,0.9153859644333171,31,30,0.967741935483871,0.9189830370329309,0.0035970725996138375
GSM4138141,22,15,DC_family,family,0.8767400460493109,58,58,1.0,0.8767400460493109,0.0
GSM4138141,22,2,cDC2_CD33,specific,0.8176524280816979,193,28,0.14507772020725387,0.9571857832827753,0.13953335520107735
GSM4138141,22,3,Mono_CD16,specific,0.9501038690936938,53,29,0.5471698113207547,0.9795622594124764,0.029458390318782612
GSM4138141,22,4,Macrophage_family,family,0.8681278043960273,69,61,0.8840579710144928,0.8715901677794408,0.003462363383413436
GSM4138141,22,6,DC_pDC,specific,0.9060166482044781,77,71,0.922077922077922,0.9214094894610956,0.01539284125661744
GSM4138142,22,1,Monocyte_family,family,0.9728400476919165,410,407,0.9926829268292683,0.9726191839766161,-0.00022086371530039006
GSM4138142,22,2,cDC2_CD33,specific,0.9093267009098093,281,31,0.1103202846975089,0.9473976527957454,0.03807095188593612
GSM4138142,22,3,Mono_CD16,specific,0.9567910411827214,153,107,0.6993464052287581,0.9664121570647094,0.009621115881987996
GSM4138143,22,1,Monocyte_family,family,0.9058598634006161,59,51,0.864406779661017,0.9213275632958148,0.015467699895198694
GSM4138143,22,10,DC_family,family,0.957734080310738,25,24,0.96,0.9573370707025411,-0.00039700960819688547
GSM4138143,22,15,DC_family,family,0.8606367091665914,46,46,1.0,0.8606367091665914,0.0
GSM4138143,22,16,Mast,specific,0.9748135904112316,31,31,1.0,0.9748135904112316,0.0
GSM4138143,22,2,cDC2_CD33,specific,0.762711924357501,133,30,0.22556390977443608,0.9474889657095148,0.18477704135201378
GSM4138143,22,3,Mono_CD16,specific,1.0,22,13,0.5909090909090909,,
GSM4138143,22,4,Macrophage_family,family,0.9193849422073633,31,31,1.0,0.9193849422073633,0.0
GSM4138143,22,6,DC_pDC,specific,0.9210099960453577,49,46,0.9387755102040817,0.9295762244202338,0.008566228374876084
GSM4138144,22,1,Monocyte_family,family,0.9694050156301905,129,124,0.9612403100775194,0.9771540712808833,0.007749055650692727
GSM4138144,22,2,cDC2_CD33,specific,0.8383343570422911,151,57,0.37748344370860926,0.8857225642654714,0.04738820722318027
GSM4138144,22,3,Mono_CD16,specific,0.9718053318769447,89,64,0.7191011235955056,0.9749122264211482,0.0031068945442034313
GSM4138145,22,1,Monocyte_family,family,0.8579028603978113,153,125,0.8169934640522876,0.9228850528893067,0.0649821924914954
GSM4138145,22,10,DC_family,family,0.8743171540222618,78,77,0.9871794871794872,0.8737772181981491,-0.0005399358241127139
GSM4138145,22,15,DC_family,family,0.894943894669749,24,24,1.0,0.894943894669749,0.0
GSM4138145,22,2,cDC2_CD33,specific,0.8303084023349481,155,76,0.49032258064516127,0.8930326393424898,0.0627242370075417
GSM4138145,22,3,Mono_CD16,specific,0.9718186202327592,38,12,0.3157894736842105,,
GSM4138145,22,4,Macrophage_family,family,0.961495144963144,23,22,0.9565217391304348,0.9577339466971353,-0.003761198266008736
GSM4138145,22,6,DC_pDC,specific,0.957709996143703,47,46,0.9787234042553191,0.9472622152517468,-0.010447780891956193
GSM4138146,22,1,Monocyte_family,family,0.9704955758080591,152,151,0.993421052631579,0.9727503164252269,0.002254740617167794
GSM4138146,22,2,cDC2_CD33,specific,0.8768291850826017,103,29,0.2815533980582524,0.9535751433901899,0.07674595830758824
GSM4138146,22,3,Mono_CD16,specific,0.9492426774671053,269,200,0.7434944237918215,0.9622686828921565,0.013026005425051168
GSM4138147,22,6,DC_pDC,specific,0.925292417692126,32,31,0.96875,0.935324749011505,0.010032331319378973
GSM4138148,22,1,Monocyte_family,family,0.9819489427690179,93,92,0.989247311827957,0.9819796126020807,3.06698330627686e-05
GSM4138148,22,2,cDC2_CD33,specific,0.8576231096075307,80,30,0.375,0.9694416070410731,0.11181849743354233
GSM4138148,22,3,Mono_CD16,specific,0.9564436063819731,43,34,0.7906976744186046,0.9692635348384981,0.01281992845652502
GSM4138150,22,1,Monocyte_family,family,0.9760684034000428,91,91,1.0,0.9760684034000428,0.0
GSM4138150,22,2,cDC2_CD33,specific,0.9141194661724527,101,14,0.13861386138613863,,
GSM4138150,22,3,Mono_CD16,specific,0.9718601087156616,49,35,0.7142857142857143,0.9785444665693842,0.006684357853722567
GSM4138151,22,6,DC_pDC,specific,0.9806392337550041,15,15,1.0,0.9806392337550041,0.0
GSM4138152,22,1,Monocyte_family,family,0.9628649045722812,195,194,0.9948717948717949,0.9642984771227964,0.0014335725505151276
GSM4138152,22,2,cDC2_CD33,specific,0.8639193909752895,279,37,0.13261648745519714,0.9422903143010685,0.078370923325779
GSM4138152,22,3,Mono_CD16,specific,0.9371256723630621,119,89,0.7478991596638656,0.9413199538988823,0.0041942815358202434
GSM4138153,22,2,cDC2_CD33,specific,0.9572187314567729,20,5,0.25,,
GSM4138154,22,1,Monocyte_family,family,0.9539756653334293,223,222,0.9955156950672646,0.9542296151196253,0.00025394978619608377
GSM4138154,22,2,cDC2_CD33,specific,0.845090785150868,166,33,0.19879518072289157,0.9300654096595982,0.08497462450873017
GSM4138154,22,3,Mono_CD16,specific,0.9410212512083078,42,29,0.6904761904761905,0.949913386237432,0.008892135029124226
GSM4138155,22,1,Monocyte_family,family,0.8287349718969055,148,139,0.9391891891891891,0.8607514958695998,0.03201652397269428
GSM4138155,22,15,DC_family,family,0.8777958385584954,30,30,1.0,0.8777958385584954,0.0
GSM4138155,22,16,Mast,specific,0.9252378509283148,20,19,0.95,0.9381206978557273,0.012882846927412483
GSM4138155,22,2,cDC2_CD33,specific,0.8123869863370078,90,20,0.2222222222222222,0.9531661558641759,0.14077916952716807
GSM4138155,22,4,Macrophage_family,family,0.8602733662149447,54,50,0.9259259259259259,0.861059928704578,0.00078656248963338
GSM4138155,22,6,DC_pDC,specific,0.8979761845396674,53,50,0.9433962264150944,0.9062361607604512,0.008259976220783782
GSM4138155,22,8,Macrophage_family,family,0.7778204151466145,80,78,0.975,0.77625764020209,-0.0015627749445245032
GSM4138156,22,1,Monocyte_family,family,0.9602067494817963,641,635,0.9906396255850234,0.9628311395432404,0.002624390061444104
GSM4138156,22,2,cDC2_CD33,specific,0.9027177969653115,115,51,0.4434782608695652,0.9624988783810021,0.05978108141569061
GSM4138156,22,3,Mono_CD16,specific,0.9470803224746402,244,150,0.6147540983606558,0.9674540600296433,0.020373737555003046
GSM4138156,22,6,DC_pDC,specific,0.9539837451128743,15,15,1.0,0.9539837451128743,0.0
GSM4138157,22,1,Monocyte_family,family,0.9761145268633765,25,18,0.72,0.9829075776941423,0.006793050830765757
GSM4138157,22,2,cDC2_CD33,specific,0.8788855688387147,47,8,0.1702127659574468,,
GSM4138157,22,3,Mono_CD16,specific,0.9767218201578413,16,4,0.25,,
GSM4138157,22,4,Macrophage_family,family,0.9701349026621015,18,17,0.9444444444444444,0.9683351226356409,-0.001799780026460529
GSM4138157,22,6,DC_pDC,specific,0.9480389776479722,17,16,0.9411764705882353,0.978093154163344,0.03005417651537179
GSM4138158,22,1,Monocyte_family,family,0.979819684647001,193,193,1.0,0.979819684647001,0.0
GSM4138158,22,2,cDC2_CD33,specific,0.9168693880246546,109,21,0.1926605504587156,0.9728171800182522,0.05594779199359767
GSM4138158,22,3,Mono_CD16,specific,0.9812799881440535,32,19,0.59375,0.9852479955603701,0.0039680074163166434
GSM4138159,22,1,Monocyte_family,family,0.94087878454965,33,26,0.7878787878787878,0.9755948187410608,0.03471603419141078
GSM4138159,22,10,DC_family,family,0.9655068520757327,15,15,1.0,0.9655068520757327,0.0
GSM4138159,22,2,cDC2_CD33,specific,0.9215725087454022,29,0,0.0,,
GSM4138159,22,3,Mono_CD16,specific,0.986800890816294,17,2,0.11764705882352941,,
GSM4138159,22,4,Macrophage_family,family,0.9515039854636607,25,22,0.88,0.9854088468810064,0.03390486141734572
GSM4138160,22,1,Monocyte_family,family,0.9592488699474822,389,384,0.987146529562982,0.9675959772763544,0.008347107328872228
GSM4138160,22,2,cDC2_CD33,specific,0.8983912667445355,137,22,0.16058394160583941,0.9625059869198346,0.06411472017529907
GSM4138160,22,3,Mono_CD16,specific,0.9645356308130693,65,36,0.5538461538461539,0.9900033659049698,0.02546773509190059
GSM4138160,22,6,DC_pDC,specific,0.980833886723325,23,23,1.0,0.980833886723325,0.0
GSM4138161,22,1,Monocyte_family,family,0.9425897135689268,80,73,0.9125,0.9347988269997011,-0.0077908865692257745
GSM4138161,22,2,cDC2_CD33,specific,0.786671189253324,100,21,0.21,0.9620672189136887,0.17539602966036472
GSM4138161,22,3,Mono_CD16,specific,0.9886847520899732,18,9,0.5,,
GSM4138161,22,6,DC_pDC,specific,0.8635289127307408,113,107,0.9469026548672567,0.8583215645301789,-0.005207348200561901
GSM4138162,22,1,Monocyte_family,family,0.9784386439829986,232,231,0.9956896551724138,0.9785648723043631,0.00012622832136444107
GSM4138162,22,2,cDC2_CD33,specific,0.8872892992013802,277,42,0.15162454873646208,0.9565826886013326,0.06929338939995233
GSM4138162,22,3,Mono_CD16,specific,0.9306412060485294,111,63,0.5675675675675675,0.9689990847188696,0.03835787867034024
GSM4138162,22,6,DC_pDC,specific,0.9897606953288196,17,17,1.0,0.9897606953288196,0.0
GSM4138163,22,1,Monocyte_family,family,0.9739473602342263,244,244,1.0,0.9739473602342263,0.0
GSM4138163,22,2,cDC2_CD33,specific,0.8966389752985103,257,31,0.12062256809338522,0.9662642696443162,0.06962529434580589
GSM4138163,22,3,Mono_CD16,specific,0.9797051913415996,45,23,0.5111111111111111,0.9838436758508947,0.004138484509295104
GSM4138163,22,6,DC_pDC,specific,0.9941087355013785,16,16,1.0,0.9941087355013785,0.0
GSM4138164,22,1,Monocyte_family,family,0.9743344306844509,84,83,0.9880952380952381,0.9816308158596049,0.007296385175153963
GSM4138164,22,2,cDC2_CD33,specific,0.8659935566801344,58,23,0.39655172413793105,0.9689070127254621,0.10291345604532764
GSM4138164,22,3,Mono_CD16,specific,0.9582334807566119,37,21,0.5675675675675675,0.9829393430119403,0.024705862255328448
GSM4138165,22,1,Monocyte_family,family,0.9769035566318648,260,258,0.9923076923076923,0.9786292521705608,0.0017256955386960593
GSM4138165,22,2,cDC2_CD33,specific,0.8751363491616962,119,22,0.18487394957983194,0.9656538084529618,0.09051745929126553
GSM4138165,22,3,Mono_CD16,specific,0.9252495956810298,154,93,0.6038961038961039,0.9446544771791544,0.019404881498124582
GSM4138166,22,1,Monocyte_family,family,0.9846068914322351,205,203,0.9902439024390244,0.9844816021542244,-0.00012528927801069845
GSM4138166,22,2,cDC2_CD33,specific,0.8804295023010821,204,45,0.22058823529411764,0.9526519052078193,0.0722224029067372
GSM4138166,22,3,Mono_CD16,specific,0.9546378927049542,153,117,0.7647058823529411,0.9621941145544404,0.007556221849486122
GSM4138167,22,1,Monocyte_family,family,0.9882729941492904,158,158,1.0,0.9882729941492904,0.0
GSM4138167,22,2,cDC2_CD33,specific,0.8788935393265418,206,34,0.1650485436893204,0.9791664161417739,0.10027287681523211
GSM4138167,22,3,Mono_CD16,specific,0.9683324845720925,80,29,0.3625,0.9625303423920475,-0.0058021421800450446
GSM4138168,22,6,DC_pDC,specific,0.9457890908623999,20,20,1.0,0.9457890908623999,0.0
GSM4138110,23,1,Monocyte_family,family,0.9765470778056083,408,408,1.0,0.9765470778056083,0.0
GSM4138110,23,2,cDC2_CD33,specific,0.9079185412581681,272,15,0.05514705882352941,0.9772050463188249,0.06928650506065681
GSM4138110,23,3,Mono_CD16,specific,0.9560461549575099,131,78,0.5954198473282443,0.97761328954427,0.021567134586760073
GSM4138110,23,6,DC_pDC,specific,0.9697106021963595,20,20,1.0,0.9697106021963595,0.0
GSM4138111,23,1,Monocyte_family,family,0.889368591177173,35,28,0.8,0.8863396009087792,-0.003028990268393872
GSM4138111,23,10,DC_family,family,0.9766287025940531,21,21,1.0,0.9766287025940531,0.0
GSM4138111,23,15,DC_family,family,0.951095297448468,15,15,1.0,0.951095297448468,0.0
GSM4138111,23,17,Mast,specific,0.876493661763317,29,28,0.9655172413793104,0.9050661191766445,0.02857245741332748
GSM4138111,23,2,cDC2_CD33,specific,0.8298192597220369,104,21,0.20192307692307693,0.980197172253828,0.1503779125317911
GSM4138111,23,3,Mono_CD16,specific,0.8996939293108359,38,28,0.7368421052631579,0.909342322893809,0.009648393582973092
GSM4138111,23,4,Macrophage_family,family,0.8930190440032405,26,26,1.0,0.8930190440032405,0.0
GSM4138111,23,6,DC_pDC,specific,0.9379035647628986,68,65,0.9558823529411765,0.939827935372745,0.0019243706098464042
GSM4138112,23,1,Monocyte_family,family,0.9862101281807911,178,178,1.0,0.9862101281807911,0.0
GSM4138112,23,2,cDC2_CD33,specific,0.8812738175071528,108,23,0.21296296296296297,0.9670038724911083,0.08573005498395547
GSM4138112,23,3,Mono_CD16,specific,0.9474339568167893,138,95,0.6884057971014492,0.9618001923997429,0.01436623558295358
GSM4138112,23,6,DC_pDC,specific,0.9670409840078681,25,25,1.0,0.9670409840078681,0.0
GSM4138113,23,1,Monocyte_family,family,0.9651504881371246,35,34,0.9714285714285714,0.9722254264483907,0.007074938311266155
GSM4138113,23,2,cDC2_CD33,specific,0.8815477410148063,54,11,0.2037037037037037,,
GSM4138113,23,3,Mono_CD16,specific,0.9167032913674197,23,12,0.5217391304347826,,
GSM4138113,23,4,Macrophage_family,family,0.9753202242165435,16,12,0.75,,
GSM4138113,23,6,DC_pDC,specific,0.9515624001258797,35,35,1.0,0.9515624001258797,0.0
GSM4138114,23,1,Monocyte_family,family,0.9798469942273205,197,196,0.9949238578680203,0.9827323156247931,0.002885321397472662
GSM4138114,23,2,cDC2_CD33,specific,0.8729482575647707,152,39,0.2565789473684211,0.9667106404153469,0.09376238285057625
GSM4138114,23,3,Mono_CD16,specific,0.9607435105168223,84,60,0.7142857142857143,0.9638175783207804,0.003074067803958136
GSM4138115,23,10,DC_family,family,0.982915445159658,17,17,1.0,0.982915445159658,0.0
GSM4138115,23,15,DC_family,family,0.9715914688500271,22,21,0.9545454545454546,0.9715512163742203,-4.025247580685676e-05
GSM4138115,23,2,cDC2_CD33,specific,0.8839718899384736,71,16,0.22535211267605634,0.9766807675507357,0.0927088776122621
GSM4138115,23,4,Macrophage_family,family,0.9705110080090872,17,13,0.7647058823529411,,
GSM4138115,23,6,DC_pDC,specific,0.96780551371186,20,19,0.95,0.9816087420119992,0.013803228300139248
GSM4138116,23,1,Monocyte_family,family,0.9483284320976427,682,681,0.998533724340176,0.9495587585148926,0.0012303264172498496
GSM4138116,23,3,Mono_CD16,specific,0.98452947272547,23,15,0.6521739130434783,0.9836055443637416,-0.0009239283617283878
GSM4138117,23,1,Monocyte_family,family,0.817342664211758,126,87,0.6904761904761905,0.9126344591102983,0.09529179489854023
GSM4138117,23,17,Mast,specific,0.9848958966969695,15,15,1.0,0.9848958966969695,0.0
GSM4138117,23,2,cDC2_CD33,specific,0.8344292428259962,66,14,0.21212121212121213,,
GSM4138117,23,3,Mono_CD16,specific,1.0,16,5,0.3125,,
GSM4138117,23,4,Macrophage_family,family,0.8180598888388473,77,77,1.0,0.8180598888388473,0.0
GSM4138117,23,6,DC_pDC,specific,0.9528621852287787,15,13,0.8666666666666667,,
GSM4138118,23,1,Monocyte_family,family,0.9680043178613562,142,142,1.0,0.9680043178613562,0.0
GSM4138118,23,2,cDC2_CD33,specific,0.8938900373887809,224,15,0.06696428571428571,1.0,0.10610996261121908
GSM4138119,23,1,Monocyte_family,family,0.9561685441530254,20,20,1.0,0.9561685441530254,0.0
GSM4138119,23,11,Macrophage_family,family,0.8692286910321275,23,23,1.0,0.8692286910321275,0.0
GSM4138119,23,2,cDC2_CD33,specific,0.9111963027753575,22,3,0.13636363636363635,,
GSM4138120,23,1,Monocyte_family,family,0.9446457964829765,280,280,1.0,0.9446457964829765,0.0
GSM4138120,23,2,cDC2_CD33,specific,0.8539603757687197,476,41,0.0861344537815126,0.922151553350892,0.0681911775821723
GSM4138120,23,3,Mono_CD16,specific,0.9367150707572373,45,24,0.5333333333333333,0.9596757142031672,0.022960643445929962
GSM4138121,23,1,Monocyte_family,family,0.9460688018592853,34,31,0.9117647058823529,0.9745782314560811,0.02850942959679581
GSM4138121,23,16,Macrophage_family,family,0.8539860101190889,35,35,1.0,0.8539860101190889,0.0
GSM4138121,23,2,cDC2_CD33,specific,0.9848314780854704,16,2,0.125,,
GSM4138121,23,4,Macrophage_family,family,0.9095393778239007,20,18,0.9,0.9176131893363265,0.00807381151242581
GSM4138121,23,6,DC_pDC,specific,0.9563212481891016,16,12,0.75,,
GSM4138122,23,1,Monocyte_family,family,0.9906234399141954,159,159,1.0,0.9906234399141954,0.0
GSM4138122,23,2,cDC2_CD33,specific,0.890707454252755,269,74,0.275092936802974,0.9458228944772827,0.055115440224527745
GSM4138122,23,3,Mono_CD16,specific,0.9740789776168535,224,139,0.6205357142857143,0.9776116977859656,0.0035327201691121024
GSM4138122,23,6,DC_pDC,specific,0.9782659584116306,20,20,1.0,0.9782659584116306,0.0
GSM4138123,23,15,DC_family,family,0.9594328907026213,27,26,0.9629629629629629,0.9594869594834776,5.406878085634226e-05
GSM4138123,23,16,Macrophage_family,family,0.9328985739017068,16,16,1.0,0.9328985739017068,0.0
GSM4138123,23,2,cDC2_CD33,specific,0.885466538797107,40,2,0.05,,
GSM4138123,23,4,Macrophage_family,family,0.7384509600931322,448,442,0.9866071428571429,0.7387669484952655,0.0003159884021333159
GSM4138123,23,6,DC_pDC,specific,0.9223107797302584,50,48,0.96,0.9508575041839805,0.028546724453722083
GSM4138124,23,1,Monocyte_family,family,0.9813601978427102,233,233,1.0,0.9813601978427102,0.0
GSM4138124,23,2,cDC2_CD33,specific,0.9207379725980782,111,8,0.07207207207207207,,
GSM4138124,23,3,Mono_CD16,specific,0.9476251025296409,96,48,0.5,0.969665210227224,0.022040107697583022
GSM4138125,23,1,Monocyte_family,family,0.9736145858836046,76,72,0.9473684210526315,0.9857963662218308,0.012181780338226145
GSM4138125,23,11,Macrophage_family,family,0.7686991170587116,310,307,0.9903225806451613,0.7679542088129538,-0.0007449082457577916
GSM4138125,23,2,cDC2_CD33,specific,0.8033883802152466,95,3,0.031578947368421054,,
GSM4138125,23,4,Macrophage_family,family,0.8572600599966198,58,57,0.9827586206896551,0.8513034336216547,-0.005956626374965079
GSM4138126,23,1,Monocyte_family,family,0.9810533461630278,638,636,0.9968652037617555,0.9818147641672555,0.0007614180042277985
GSM4138126,23,2,cDC2_CD33,specific,0.9398038916090015,230,19,0.08260869565217391,0.9796119788439297,0.039808087234928236
GSM4138126,23,3,Mono_CD16,specific,0.9636848594677732,82,23,0.2804878048780488,1.0,0.03631514053222684
GSM4138127,23,1,Monocyte_family,family,0.8940918528410948,111,89,0.8018018018018018,0.9394429366769749,0.045351083835880046
GSM4138127,23,16,Macrophage_family,family,0.9334470116568021,34,34,1.0,0.9334470116568021,0.0
GSM4138127,23,2,cDC2_CD33,specific,0.9583468804610522,29,2,0.06896551724137931,,
GSM4138127,23,3,Mono_CD16,specific,1.0,15,1,0.06666666666666667,,
GSM4138127,23,4,Macrophage_family,family,0.9524602643351533,18,18,1.0,0.9524602643351533,0.0
GSM4138127,23,6,DC_pDC,specific,0.9214506120950497,32,29,0.90625,0.9444607535101854,0.023010141415135688
GSM4138128,23,1,Monocyte_family,family,0.9906234399141954,159,159,1.0,0.9906234399141954,0.0
GSM4138128,23,2,cDC2_CD33,specific,0.890707454252755,269,74,0.275092936802974,0.9458228944772827,0.055115440224527745
GSM4138128,23,3,Mono_CD16,specific,0.9740789776168535,224,139,0.6205357142857143,0.9776116977859656,0.0035327201691121024
GSM4138128,23,6,DC_pDC,specific,0.9782659584116306,20,20,1.0,0.9782659584116306,0.0
GSM4138129,23,1,Monocyte_family,family,0.9385777118985204,48,44,0.9166666666666666,0.9695067502787929,0.0309290383802725
GSM4138129,23,11,Macrophage_family,family,0.8719469019062986,37,37,1.0,0.8719469019062986,0.0
GSM4138129,23,2,cDC2_CD33,specific,0.8358339102777452,77,10,0.12987012987012986,,
GSM4138129,23,4,Macrophage_family,family,0.8800255981514928,44,42,0.9545454545454546,0.8788222462309498,-0.0012033519205429943
GSM4138129,23,6,DC_pDC,specific,0.9868286715955322,25,25,1.0,0.9868286715955322,0.0
GSM4138130,23,1,Monocyte_family,family,0.9782380985741489,266,262,0.9849624060150376,0.9811061176076276,0.0028680190334786637
GSM4138130,23,2,cDC2_CD33,specific,0.934901234518007,224,24,0.10714285714285714,0.9689703249118781,0.03406909039387107
GSM4138130,23,3,Mono_CD16,specific,0.9473768053541365,258,116,0.4496124031007752,0.9812775037239836,0.033900698369847104
GSM4138130,23,6,DC_pDC,specific,0.9639490407838097,19,19,1.0,0.9639490407838097,0.0
GSM4138131,23,1,Monocyte_family,family,0.9331497721042696,49,39,0.7959183673469388,0.9585807597242503,0.02543098761998064
GSM4138131,23,10,DC_family,family,0.94515282663131,18,18,1.0,0.94515282663131,0.0
GSM4138131,23,15,DC_family,family,0.8157545841814113,72,70,0.9722222222222222,0.8135155696340882,-0.002239014547323115
GSM4138131,23,16,Macrophage_family,family,0.9042616865801174,29,19,0.6551724137931034,0.9786666211520268,0.07440493457190944
GSM4138131,23,17,Mast,specific,0.9764376533440459,18,18,1.0,0.9764376533440459,0.0
GSM4138131,23,2,cDC2_CD33,specific,0.8952591304562524,89,5,0.056179775280898875,,
GSM4138131,23,3,Mono_CD16,specific,0.9182609360065442,42,5,0.11904761904761904,,
GSM4138131,23,4,Macrophage_family,family,0.8074742624606023,137,99,0.7226277372262774,0.8194899213350616,0.012015658874459323
GSM4138131,23,6,DC_pDC,specific,0.9046789059634622,112,106,0.9464285714285714,0.9185940501920142,0.013915144228552001
GSM4138132,23,1,Monocyte_family,family,0.9922180657127679,323,323,1.0,0.9922180657127679,0.0
GSM4138132,23,2,cDC2_CD33,specific,0.9331846016967152,360,18,0.05,0.9677474499420015,0.034562848245286215
GSM4138132,23,3,Mono_CD16,specific,0.9688481585671896,144,58,0.4027777777777778,0.9814133723188372,0.012565213751647542
GSM4138133,23,1,Monocyte_family,family,0.9679350444558215,22,10,0.45454545454545453,,
GSM4138133,23,10,DC_family,family,0.9531686941267189,21,20,0.9523809523809523,0.9611680749166367,0.007999380789917798
GSM4138133,23,11,Macrophage_family,family,0.9506664936975905,19,19,1.0,0.9506664936975905,0.0
GSM4138133,23,15,DC_family,family,0.8754742261603823,26,25,0.9615384615384616,0.8734856154880325,-0.0019886106723497887
GSM4138133,23,2,cDC2_CD33,specific,0.8808614325955515,95,7,0.07368421052631578,,
GSM4138133,23,4,Macrophage_family,family,0.8002196790503107,98,93,0.9489795918367347,0.8067362507558143,0.006516571705503682
GSM4138133,23,6,DC_pDC,specific,0.9840886463775538,22,21,0.9545454545454546,0.9780104357713506,-0.0060782106062031716
GSM4138134,23,1,Monocyte_family,family,0.9867951795168779,746,744,0.9973190348525469,0.9886745380929272,0.0018793585760492615
GSM4138134,23,2,cDC2_CD33,specific,0.9460576799813052,512,12,0.0234375,,
GSM4138134,23,3,Mono_CD16,specific,0.9641555994688236,338,132,0.3905325443786982,0.9695591587489021,0.005403559280078518
GSM4138134,23,6,DC_pDC,specific,0.9856991785152992,15,15,1.0,0.9856991785152992,0.0
GSM4138135,23,1,Monocyte_family,family,0.9274548276266135,71,34,0.4788732394366197,0.9873755382904135,0.0599207106638
GSM4138135,23,11,Macrophage_family,family,0.8460962019772378,44,44,1.0,0.8460962019772378,0.0
GSM4138135,23,15,DC_family,family,0.940655802958229,31,31,1.0,0.940655802958229,0.0
GSM4138135,23,16,Macrophage_family,family,0.7924039181263862,124,123,0.9919354838709677,0.7854527095367256,-0.006951208589660585
GSM4138135,23,17,Mast,specific,1.0,21,21,1.0,1.0,0.0
GSM4138135,23,2,cDC2_CD33,specific,0.8611088403261413,119,1,0.008403361344537815,,
GSM4138135,23,3,Mono_CD16,specific,0.962834925666235,29,3,0.10344827586206896,,
GSM4138135,23,4,Macrophage_family,family,0.781545067327,363,357,0.9834710743801653,0.7805310272198829,-0.0010140401071171423
GSM4138135,23,6,DC_pDC,specific,0.9592348250153161,19,17,0.8947368421052632,0.9787886250594097,0.019553800044093572
GSM4138136,23,1,Monocyte_family,family,0.9791093018264506,350,346,0.9885714285714285,0.9814021677889463,0.0022928659624956715
GSM4138136,23,2,cDC2_CD33,specific,0.9003019289044754,238,35,0.14705882352941177,0.9575949318499146,0.057293002945439264
GSM4138136,23,3,Mono_CD16,specific,0.9535814796446249,217,110,0.5069124423963134,0.978914746972955,0.025333267328330078
GSM4138137,23,1,Monocyte_family,family,0.9096064559217807,94,41,0.43617021276595747,0.983947331485998,0.07434087556421731
GSM4138137,23,11,Macrophage_family,family,0.8937268579092716,68,68,1.0,0.8937268579092716,0.0
GSM4138137,23,15,DC_family,family,0.952252074348237,18,18,1.0,0.952252074348237,0.0
GSM4138137,23,16,Macrophage_family,family,0.928207127573353,20,19,0.95,0.9282921397086626,8.50121353096478e-05
GSM4138137,23,2,cDC2_CD33,specific,0.9462462005696418,54,0,0.0,,
GSM4138137,23,3,Mono_CD16,specific,0.9817217106469575,25,2,0.08,,
GSM4138137,23,4,Macrophage_family,family,0.8029335582585898,281,277,0.9857651245551602,0.8030887710955286,0.0001552128369387562
GSM4138138,23,1,Monocyte_family,family,0.9840682186060477,338,335,0.9911242603550295,0.9850395485136357,0.000971329907588081
GSM4138138,23,2,cDC2_CD33,specific,0.9066072657346645,185,18,0.0972972972972973,0.985426890190095,0.07881962445543045
GSM4138138,23,3,Mono_CD16,specific,0.9608262961989531,176,111,0.6306818181818182,0.9673376266505388,0.006511330451585695
GSM4138139,23,1,Monocyte_family,family,0.8699355658306884,74,48,0.6486486486486487,0.9506446228210613,0.0807090569903729
GSM4138139,23,10,DC_family,family,0.954042143517002,25,24,0.96,0.976678295398629,0.022636151881627042
GSM4138139,23,11,Macrophage_family,family,0.8223233302678338,82,81,0.9878048780487805,0.8235342422565906,0.0012109119887567799
GSM4138139,23,15,DC_family,family,0.9439413382638153,24,23,0.9583333333333334,0.9424067231791787,-0.0015346150846365925
GSM4138139,23,16,Macrophage_family,family,0.9027513867646444,70,70,1.0,0.9027513867646444,0.0
GSM4138139,23,17,Mast,specific,0.9658315628046693,60,60,1.0,0.9658315628046693,0.0
GSM4138139,23,2,cDC2_CD33,specific,0.801490079366439,109,2,0.01834862385321101,,
GSM4138139,23,3,Mono_CD16,specific,0.9689740670565485,26,10,0.38461538461538464,,
GSM4138139,23,4,Macrophage_family,family,0.7899795896745085,123,121,0.983739837398374,0.7885346244671148,-0.001444965207393789
GSM4138139,23,6,DC_pDC,specific,0.9810740223900477,24,22,0.9166666666666666,0.9506174967437965,-0.03045652564625123
GSM4138140,23,1,Monocyte_family,family,0.9852285885567063,355,355,1.0,0.9852285885567063,0.0
GSM4138140,23,2,cDC2_CD33,specific,0.9008294478715793,392,35,0.08928571428571429,0.9755490876823467,0.07471963981076746
GSM4138140,23,3,Mono_CD16,specific,0.9570773109601871,148,77,0.5202702702702703,0.9699730019986887,0.012895691038501633
GSM4138141,23,1,Monocyte_family,family,0.9712200959236647,148,146,0.9864864864864865,0.9735592687472855,0.0023391728236208387
GSM4138141,23,10,DC_family,family,0.9153859644333171,31,30,0.967741935483871,0.9189830370329309,0.0035970725996138375
GSM4138141,23,15,DC_family,family,0.8767400460493109,58,58,1.0,0.8767400460493109,0.0
GSM4138141,23,2,cDC2_CD33,specific,0.8165277237040627,197,28,0.14213197969543148,0.9571857832827753,0.14065805957871258
GSM4138141,23,3,Mono_CD16,specific,0.9727211681947272,51,29,0.5686274509803921,0.9795622594124764,0.006841091217749229
GSM4138141,23,4,Macrophage_family,family,0.8609478869914453,69,61,0.8840579710144928,0.8787780146270184,0.017830127635573123
GSM4138141,23,6,DC_pDC,specific,0.9045655934932223,76,71,0.9342105263157895,0.9214094894610956,0.01684389596787328
GSM4138142,23,1,Monocyte_family,family,0.970950645085596,412,409,0.9927184466019418,0.9757268395628201,0.004776194477224105
GSM4138142,23,2,cDC2_CD33,specific,0.9093695828258601,276,31,0.11231884057971014,0.9473976527957454,0.03802806996988528
GSM4138142,23,3,Mono_CD16,specific,0.9567653474724475,152,107,0.7039473684210527,0.9664121570647094,0.00964680959226194
GSM4138143,23,1,Monocyte_family,family,0.9140725544733787,57,50,0.8771929824561403,0.9285680639558257,0.014495509482447044
GSM4138143,23,10,DC_family,family,0.957456380021505,24,23,0.9583333333333334,0.9568206429289859,-0.0006357370925190731
GSM4138143,23,15,DC_family,family,0.8606367091665914,46,46,1.0,0.8606367091665914,0.0
GSM4138143,23,17,Mast,specific,0.9748135904112316,31,31,1.0,0.9748135904112316,0.0
GSM4138143,23,2,cDC2_CD33,specific,0.7616027686095176,136,31,0.22794117647058823,0.948026582072502,0.18642381346298442
GSM4138143,23,3,Mono_CD16,specific,1.0,21,13,0.6190476190476191,,
GSM4138143,23,4,Macrophage_family,family,0.9040742119971444,31,31,1.0,0.9040742119971444,0.0
GSM4138143,23,6,DC_pDC,specific,0.9208449012477619,48,46,0.9583333333333334,0.9295762244202338,0.008731323172471939
GSM4138144,23,1,Monocyte_family,family,0.9673274193487837,126,122,0.9682539682539683,0.9783245801480024,0.010997160799218642
GSM4138144,23,2,cDC2_CD33,specific,0.8383343570422911,151,57,0.37748344370860926,0.8857225642654714,0.04738820722318027
GSM4138144,23,3,Mono_CD16,specific,0.9718053318769447,89,64,0.7191011235955056,0.9749122264211482,0.0031068945442034313
GSM4138145,23,1,Monocyte_family,family,0.8590854636032837,144,121,0.8402777777777778,0.9227631377822156,0.06367767417893189
GSM4138145,23,10,DC_family,family,0.8743171540222618,78,77,0.9871794871794872,0.8737772181981491,-0.0005399358241127139
GSM4138145,23,15,DC_family,family,0.886267098860127,25,25,1.0,0.886267098860127,0.0
GSM4138145,23,16,Macrophage_family,family,0.9657001006497695,16,15,0.9375,0.9837588059536424,0.01805870530387288
GSM4138145,23,2,cDC2_CD33,specific,0.8378436245168418,157,78,0.4968152866242038,0.8894641674139652,0.05162054289712337
GSM4138145,23,3,Mono_CD16,specific,0.9722772853050057,41,12,0.2926829268292683,,
GSM4138145,23,4,Macrophage_family,family,0.961495144963144,23,22,0.9565217391304348,0.9577339466971353,-0.003761198266008736
GSM4138145,23,6,DC_pDC,specific,0.957709996143703,47,46,0.9787234042553191,0.9472622152517468,-0.010447780891956193
GSM4138146,23,1,Monocyte_family,family,0.9679663369438753,152,151,0.993421052631579,0.9690889485246474,0.0011226115807720927
GSM4138146,23,2,cDC2_CD33,specific,0.8802026613495311,104,29,0.27884615384615385,0.9535751433901899,0.07337248204065883
GSM4138146,23,3,Mono_CD16,specific,0.949283389391905,269,200,0.7434944237918215,0.9622686828921565,0.01298529350025146
GSM4138147,23,6,DC_pDC,specific,0.925292417692126,32,31,0.96875,0.935324749011505,0.010032331319378973
GSM4138148,23,1,Monocyte_family,family,0.9824685648930324,92,91,0.9891304347826086,0.9818887891547097,-0.0005797757383226854
GSM4138148,23,2,cDC2_CD33,specific,0.8549154390386335,81,30,0.37037037037037035,0.9694416070410731,0.11452616800243953
GSM4138148,23,3,Mono_CD16,specific,0.9683296849104478,41,34,0.8292682926829268,0.9692635348384981,0.0009338499280503454
GSM4138150,23,1,Monocyte_family,family,0.9758891412077277,92,92,1.0,0.9758891412077277,0.0
GSM4138150,23,2,cDC2_CD33,specific,0.9138847656051129,98,14,0.14285714285714285,,
GSM4138150,23,3,Mono_CD16,specific,0.9675340031663556,48,35,0.7291666666666666,0.9785444665693842,0.01101046340302858
GSM4138151,23,2,cDC2_CD33,specific,0.9824141155797756,15,4,0.26666666666666666,,
GSM4138151,23,6,DC_pDC,specific,0.9806392337550041,15,15,1.0,0.9806392337550041,0.0
GSM4138152,23,1,Monocyte_family,family,0.9627683729356203,191,190,0.9947643979057592,0.9629546538173759,0.00018628088175554058
GSM4138152,23,2,cDC2_CD33,specific,0.8639358717074755,277,37,0.13357400722021662,0.9422903143010685,0.07835444259359292
GSM4138152,23,3,Mono_CD16,specific,0.9438140398878013,118,89,0.7542372881355932,0.9413199538988823,-0.0024940859889189815
GSM4138153,23,2,cDC2_CD33,specific,0.9145132745396667,23,5,0.21739130434782608,,
GSM4138154,23,1,Monocyte_family,family,0.9579455896773648,220,219,0.9954545454545455,0.9583153512090818,0.00036976153171708326
GSM4138154,23,2,cDC2_CD33,specific,0.8520439843307794,163,33,0.20245398773006135,0.9300654096595982,0.07802142532881873
GSM4138154,23,3,Mono_CD16,specific,0.9410212512083078,42,29,0.6904761904761905,0.949913386237432,0.008892135029124226
GSM4138155,23,1,Monocyte_family,family,0.8884562312079226,119,114,0.957983193277311,0.9118592294007024,0.0234029981927798
GSM4138155,23,11,Macrophage_family,family,0.7712696697432391,70,69,0.9857142857142858,0.7782437610419533,0.00697409129871418
GSM4138155,23,15,DC_family,family,0.8797621083573528,30,29,0.9666666666666667,0.8775198621343853,-0.0022422462229675366
GSM4138155,23,16,Macrophage_family,family,0.8198184672138386,63,63,1.0,0.8198184672138386,0.0
GSM4138155,23,17,Mast,specific,0.9252378509283148,20,19,0.95,0.9381206978557273,0.012882846927412483
GSM4138155,23,2,cDC2_CD33,specific,0.8108404378694746,82,20,0.24390243902439024,0.9531661558641759,0.14232571799470128
GSM4138155,23,3,Mono_CD16,specific,0.9843755457858799,15,6,0.4,,
GSM4138155,23,4,Macrophage_family,family,0.8471238500609768,59,55,0.9322033898305084,0.8643383956742637,0.017214545613286947
GSM4138155,23,6,DC_pDC,specific,0.8979761845396674,53,50,0.9433962264150944,0.9062361607604512,0.008259976220783782
GSM4138156,23,1,Monocyte_family,family,0.9625632658319234,641,635,0.9906396255850234,0.9642834114138412,0.001720145581917798
GSM4138156,23,2,cDC2_CD33,specific,0.9029639016237574,115,51,0.4434782608695652,0.9624988783810021,0.05953497675724473
GSM4138156,23,3,Mono_CD16,specific,0.9480449151030351,243,150,0.6172839506172839,0.9674540600296433,0.01940914492660817
GSM4138156,23,6,DC_pDC,specific,0.9539837451128743,15,15,1.0,0.9539837451128743,0.0
GSM4138157,23,1,Monocyte_family,family,0.9753436845105863,21,16,0.7619047619047619,0.9829242033539676,0.00758051884338129
GSM4138157,23,2,cDC2_CD33,specific,0.8818817671068924,47,8,0.1702127659574468,,
GSM4138157,23,3,Mono_CD16,specific,0.9760627719612862,18,4,0.2222222222222222,,
GSM4138157,23,4,Macrophage_family,family,0.9716224910552409,19,18,0.9473684210526315,0.9696940634790427,-0.001928427576198155
GSM4138157,23,6,DC_pDC,specific,0.9480389776479722,17,16,0.9411764705882353,0.978093154163344,0.03005417651537179
GSM4138158,23,1,Monocyte_family,family,0.9819270161703979,193,193,1.0,0.9819270161703979,0.0
GSM4138158,23,2,cDC2_CD33,specific,0.9168693880246546,109,21,0.1926605504587156,0.9728171800182522,0.05594779199359767
GSM4138158,23,3,Mono_CD16,specific,0.9812799881440535,32,19,0.59375,0.9852479955603701,0.0039680074163166434
GSM4138159,23,1,Monocyte_family,family,0.9677046399818123,23,20,0.8695652173913043,0.9792464014544152,0.011541761472602885
GSM4138159,23,10,DC_family,family,0.9655068520757327,15,15,1.0,0.9655068520757327,0.0
GSM4138159,23,2,cDC2_CD33,specific,0.9366061174494407,27,0,0.0,,
GSM4138159,23,3,Mono_CD16,specific,0.9871860494303,16,2,0.125,,
GSM4138159,23,4,Macrophage_family,family,0.9515039854636607,25,22,0.88,0.9854088468810064,0.03390486141734572
GSM4138160,23,1,Monocyte_family,family,0.9592488699474822,389,384,0.987146529562982,0.9675959772763544,0.008347107328872228
GSM4138160,23,2,cDC2_CD33,specific,0.8983912667445355,137,22,0.16058394160583941,0.9625059869198346,0.06411472017529907
GSM4138160,23,3,Mono_CD16,specific,0.9638061025077418,63,36,0.5714285714285714,0.9900033659049698,0.026197263397228054
GSM4138160,23,6,DC_pDC,specific,0.980833886723325,23,23,1.0,0.980833886723325,0.0
GSM4138161,23,1,Monocyte_family,family,0.9420710400871564,70,64,0.9142857142857143,0.9587334325316117,0.016662392444455332
GSM4138161,23,16,Macrophage_family,family,0.9219348110052906,21,17,0.8095238095238095,0.9510189181400635,0.02908410713477283
GSM4138161,23,2,cDC2_CD33,specific,0.7970112147352733,96,21,0.21875,0.9620672189136887,0.16505600417841548
GSM4138161,23,3,Mono_CD16,specific,1.0,17,9,0.5294117647058824,,
GSM4138161,23,6,DC_pDC,specific,0.8635289127307408,113,107,0.9469026548672567,0.8583215645301789,-0.005207348200561901
GSM4138162,23,1,Monocyte_family,family,0.978479425897573,234,233,0.9957264957264957,0.9778885157253202,-0.0005909101722527677
GSM4138162,23,2,cDC2_CD33,specific,0.8871491467910185,280,42,0.15,0.9565826886013326,0.06943354181031403
GSM4138162,23,3,Mono_CD16,specific,0.9491243383056595,102,63,0.6176470588235294,0.9689990847188696,0.019874746413210187
GSM4138162,23,6,DC_pDC,specific,0.9897606953288196,17,17,1.0,0.9897606953288196,0.0
GSM4138163,23,1,Monocyte_family,family,0.9752659413265645,245,245,1.0,0.9752659413265645,0.0
GSM4138163,23,2,cDC2_CD33,specific,0.8965684615933596,256,31,0.12109375,0.9662642696443162,0.06969580805095665
GSM4138163,23,3,Mono_CD16,specific,0.981109065510054,41,23,0.5609756097560976,0.9838436758508947,0.0027346103408407707
GSM4138163,23,6,DC_pDC,specific,0.9941087355013785,16,16,1.0,0.9941087355013785,0.0
GSM4138164,23,1,Monocyte_family,family,0.9743344306844509,84,83,0.9880952380952381,0.9816308158596049,0.007296385175153963
GSM4138164,23,2,cDC2_CD33,specific,0.8659935566801344,58,23,0.39655172413793105,0.9689070127254621,0.10291345604532764
GSM4138164,23,3,Mono_CD16,specific,0.9582334807566119,37,21,0.5675675675675675,0.9829393430119403,0.024705862255328448
GSM4138165,23,1,Monocyte_family,family,0.9769035566318648,260,258,0.9923076923076923,0.9786292521705608,0.0017256955386960593
GSM4138165,23,2,cDC2_CD33,specific,0.8761394808771673,118,22,0.1864406779661017,0.9656538084529618,0.08951432757579447
GSM4138165,23,3,Mono_CD16,specific,0.9312484024943126,147,93,0.6326530612244898,0.9446544771791544,0.013406074684841784
GSM4138166,23,1,Monocyte_family,family,0.9816994728768309,206,204,0.9902912621359223,0.9806283580409195,-0.0010711148359113798
GSM4138166,23,2,cDC2_CD33,specific,0.8812012698998917,202,45,0.22277227722772278,0.9526519052078193,0.07145063530792761
GSM4138166,23,3,Mono_CD16,specific,0.9543287087731223,152,117,0.7697368421052632,0.9621941145544404,0.007865405781318113
GSM4138167,23,1,Monocyte_family,family,0.9882903900680826,163,163,1.0,0.9882903900680826,0.0
GSM4138167,23,2,cDC2_CD33,specific,0.8772038548846299,213,34,0.1596244131455399,0.9791664161417739,0.10196256125714398
GSM4138167,23,3,Mono_CD16,specific,0.964772617482797,77,29,0.37662337662337664,0.9625303423920475,-0.0022422750907494793
GSM4138168,23,6,DC_pDC,specific,0.9457890908623999,20,20,1.0,0.9457890908623999,0.0
GSM4138110,24,1,Mono_CD16,specific,0.9100856564927842,624,78,0.125,0.97761328954427,0.06752763305148579
GSM4138110,24,4,DC_pDC,specific,0.9697106021963595,20,20,1.0,0.9697106021963595,0.0
GSM4138111,24,1,Mono_CD16,specific,0.7533745206558117,228,35,0.15350877192982457,0.891739170315181,0.13836464965936934
GSM4138111,24,4,DC_pDC,specific,0.9229912886156358,66,66,1.0,0.9229912886156358,0.0
GSM4138111,24,8,DC_family,family,0.9828161585973858,16,16,1.0,0.9828161585973858,0.0
GSM4138112,24,1,Mono_CD16,specific,0.891575734297846,356,95,0.26685393258426965,0.9618001923997429,0.07022445810189692
GSM4138112,24,4,DC_pDC,specific,0.9667725941103172,24,24,1.0,0.9667725941103172,0.0
GSM4138113,24,1,Mono_CD16,specific,0.7728031424946878,115,12,0.10434782608695652,,
GSM4138113,24,4,DC_pDC,specific,0.9465068627521626,33,33,1.0,0.9465068627521626,0.0
GSM4138114,24,1,Mono_CD16,specific,0.8759992642350304,350,60,0.17142857142857143,0.9638175783207804,0.08781831408575003
GSM4138115,24,1,Mono_CD16,specific,0.8290061530287998,99,0,0.0,,
GSM4138115,24,4,DC_pDC,specific,0.9811781413927627,17,17,1.0,0.9811781413927627,0.0
GSM4138115,24,7,DC_family,family,0.9522553190739903,21,21,1.0,0.9522553190739903,0.0
GSM4138116,24,1,Mono_CD16,specific,0.924055954856394,702,15,0.021367521367521368,0.9836055443637416,0.05954958950734757
GSM4138117,24,1,Mono_CD16,specific,0.7758105319212911,187,5,0.026737967914438502,,
GSM4138118,24,1,Mono_CD16,specific,0.8768403025725471,290,6,0.020689655172413793,,
GSM4138119,24,1,Mono_CD16,specific,0.6949499683406332,78,0,0.0,,
GSM4138120,24,1,Mono_CD16,specific,0.8473820463215724,609,24,0.03940886699507389,0.9596757142031672,0.11229366788159478
GSM4138121,24,1,Mono_CD16,specific,0.6944410730726724,115,0,0.0,,
GSM4138122,24,1,Mono_CD16,specific,0.88176761480127,545,139,0.25504587155963304,0.9776116977859656,0.0958440829846956
GSM4138122,24,4,DC_pDC,specific,0.9782659584116306,20,20,1.0,0.9782659584116306,0.0
GSM4138123,24,1,Mono_CD16,specific,0.7403145952812129,87,0,0.0,,
GSM4138123,24,4,DC_pDC,specific,0.9508575041839805,48,48,1.0,0.9508575041839805,0.0
GSM4138123,24,7,DC_family,family,0.9688438319173417,21,21,1.0,0.9688438319173417,0.0
GSM4138124,24,1,Mono_CD16,specific,0.9156908552946471,340,48,0.1411764705882353,0.969665210227224,0.05397435493257685
GSM4138125,24,1,Mono_CD16,specific,0.7208488054725468,382,6,0.015706806282722512,,
GSM4138126,24,1,Mono_CD16,specific,0.9529039457285877,758,23,0.030343007915567283,1.0,0.04709605427141228
GSM4138127,24,1,Mono_CD16,specific,0.7683219455775725,246,1,0.0040650406504065045,,
GSM4138127,24,4,DC_pDC,specific,0.9463005809032675,28,28,1.0,0.9463005809032675,0.0
GSM4138128,24,1,Mono_CD16,specific,0.88176761480127,545,139,0.25504587155963304,0.9776116977859656,0.0958440829846956
GSM4138128,24,4,DC_pDC,specific,0.9782659584116306,20,20,1.0,0.9782659584116306,0.0
GSM4138129,24,1,Mono_CD16,specific,0.744486994306687,166,3,0.018072289156626505,,
GSM4138129,24,4,DC_pDC,specific,0.9821933620190335,24,24,1.0,0.9821933620190335,0.0
GSM4138130,24,1,Mono_CD16,specific,0.9156188827213053,587,116,0.19761499148211242,0.9812775037239836,0.06565862100267827
GSM4138130,24,4,DC_pDC,specific,0.9639490407838097,19,19,1.0,0.9639490407838097,0.0
GSM4138131,24,1,Mono_CD16,specific,0.7460978181941786,235,5,0.02127659574468085,,
GSM4138131,24,4,DC_pDC,specific,0.906954756417147,110,107,0.9727272727272728,0.9179857890881354,0.011031032670988483
GSM4138131,24,7,DC_family,family,0.9096175866684704,53,52,0.9811320754716981,0.9073432086292588,-0.0022743780392115998
GSM4138131,24,8,DC_family,family,0.8351506558227596,34,28,0.8235294117647058,0.8770659994985002,0.04191534367574057
GSM4138132,24,1,Mono_CD16,specific,0.9314836713014649,642,58,0.09034267912772585,0.9814133723188372,0.04992970101737226
GSM4138133,24,1,Mono_CD16,specific,0.8097286000543511,163,1,0.006134969325153374,,
GSM4138133,24,4,DC_pDC,specific,0.9780104357713506,21,21,1.0,0.9780104357713506,0.0
GSM4138133,24,7,DC_family,family,0.8766445152724772,16,16,1.0,0.8766445152724772,0.0
GSM4138133,24,8,DC_family,family,0.9684312831288996,18,17,0.9444444444444444,0.9680691849288849,-0.0003620982000146489
GSM4138134,24,1,Mono_CD16,specific,0.9559789264910936,1212,132,0.10891089108910891,0.9695591587489021,0.013580232257808467
GSM4138134,24,4,DC_pDC,specific,0.9856991785152992,15,15,1.0,0.9856991785152992,0.0
GSM4138135,24,1,Mono_CD16,specific,0.7460152277503133,326,3,0.009202453987730062,,
GSM4138135,24,4,DC_pDC,specific,0.9714275620812333,18,17,0.9444444444444444,0.9787886250594097,0.0073610629781764025
GSM4138135,24,7,DC_family,family,0.8199344528375154,27,26,0.9629629629629629,0.9742457856626293,0.1543113328251139
GSM4138135,24,8,DC_family,family,0.9700693052339514,15,9,0.6,,
GSM4138136,24,1,Mono_CD16,specific,0.897545671138613,641,110,0.17160686427457097,0.978914746972955,0.08136907583434194
GSM4138137,24,1,Mono_CD16,specific,0.7793846687326241,245,2,0.00816326530612245,,
GSM4138137,24,7,DC_family,family,0.9521718756827698,16,16,1.0,0.9521718756827698,0.0
GSM4138138,24,1,Mono_CD16,specific,0.8849403803495279,575,111,0.19304347826086957,0.9673376266505388,0.08239724630101086
GSM4138139,24,1,Mono_CD16,specific,0.6725817521548991,352,10,0.028409090909090908,,
GSM4138139,24,4,DC_pDC,specific,0.968251105479663,20,20,1.0,0.968251105479663,0.0
GSM4138139,24,7,DC_family,family,0.9530890125913944,16,16,1.0,0.9530890125913944,0.0
GSM4138139,24,8,DC_family,family,0.9244487880669114,17,13,0.7647058823529411,,
GSM4138140,24,1,Mono_CD16,specific,0.907097896578541,700,77,0.11,0.9699730019986887,0.06287510542014774
GSM4138141,24,1,Mono_CD16,specific,0.7561171627639389,388,30,0.07731958762886598,0.9724074031211091,0.21629024035717015
GSM4138141,24,4,DC_pDC,specific,0.921628957275999,70,70,1.0,0.921628957275999,0.0
GSM4138141,24,7,DC_family,family,0.8678705568162228,37,37,1.0,0.8678705568162228,0.0
GSM4138141,24,8,DC_family,family,0.8830034744816175,34,34,1.0,0.8830034744816175,0.0
GSM4138142,24,1,Mono_CD16,specific,0.909983469471532,686,108,0.15743440233236153,0.9665257719433304,0.05654230247179848
GSM4138143,24,1,Mono_CD16,specific,0.7206411579858607,236,13,0.05508474576271186,,
GSM4138143,24,4,DC_pDC,specific,0.9295762244202338,46,46,1.0,0.9295762244202338,0.0
GSM4138143,24,7,DC_family,family,0.8397345831382712,38,38,1.0,0.8397345831382712,0.0
GSM4138144,24,1,Mono_CD16,specific,0.8455049299862669,295,64,0.21694915254237288,0.9749122264211482,0.12940729643488125
GSM4138145,24,1,Mono_CD16,specific,0.7302051494930839,411,12,0.029197080291970802,,
GSM4138145,24,4,DC_pDC,specific,0.9442288794945704,42,42,1.0,0.9442288794945704,0.0
GSM4138145,24,7,DC_family,family,0.9855746406760973,16,16,1.0,0.9855746406760973,0.0
GSM4138145,24,8,DC_family,family,0.7820830511449666,51,45,0.8823529411764706,0.8128390708320457,0.030756019687079084
GSM4138146,24,1,Mono_CD16,specific,0.8890286325827184,461,200,0.43383947939262474,0.9622686828921565,0.07324005030943814
GSM4138147,24,1,Mono_CD16,specific,0.9581274084583246,18,0,0.0,,
GSM4138147,24,4,DC_pDC,specific,0.9551302400191756,29,29,1.0,0.9551302400191756,0.0
GSM4138148,24,1,Mono_CD16,specific,0.8487694660039073,177,34,0.192090395480226,0.9692635348384981,0.1204940688345908
GSM4138150,24,1,Mono_CD16,specific,0.898024798914653,189,35,0.18518518518518517,0.9785444665693842,0.08051966765473118
GSM4138151,24,1,Mono_CD16,specific,0.9732530846343233,20,0,0.0,,
GSM4138151,24,4,DC_pDC,specific,0.9806392337550041,15,15,1.0,0.9806392337550041,0.0
GSM4138152,24,1,Mono_CD16,specific,0.8568259520075167,462,89,0.19264069264069264,0.9413199538988823,0.08449400189136569
GSM4138152,24,4,DC_pDC,specific,0.9775928259929391,15,15,1.0,0.9775928259929391,0.0
GSM4138153,24,1,Mono_CD16,specific,0.8869547881941624,37,0,0.0,,
GSM4138154,24,1,Mono_CD16,specific,0.828703408821198,358,30,0.08379888268156424,0.951042806610867,0.12233939778966907
GSM4138155,24,1,Mono_CD16,specific,0.6091440588801872,442,6,0.013574660633484163,,
GSM4138155,24,4,DC_pDC,specific,0.9073759210517618,45,45,1.0,0.9073759210517618,0.0
GSM4138155,24,8,DC_family,family,0.732680029589951,65,55,0.8461538461538461,0.8395287196957673,0.10684869010581621
GSM4138156,24,1,Mono_CD16,specific,0.8959901183533219,918,150,0.16339869281045752,0.9674540600296433,0.07146394167632142
GSM4138156,24,4,DC_pDC,specific,0.9580308234589141,16,15,0.9375,0.9539837451128743,-0.00404707834603979
GSM4138157,24,1,Mono_CD16,specific,0.735548470553274,112,4,0.03571428571428571,,
GSM4138157,24,4,DC_pDC,specific,0.9775028854566601,15,15,1.0,0.9775028854566601,0.0
GSM4138158,24,1,Mono_CD16,specific,0.894812964041232,275,19,0.06909090909090909,0.9852479955603701,0.09043503151913812
GSM4138159,24,1,Mono_CD16,specific,0.7525203362789844,97,2,0.020618556701030927,,
GSM4138160,24,1,Mono_CD16,specific,0.8959725888490746,483,36,0.07453416149068323,0.9900033659049698,0.09403077705589524
GSM4138160,24,4,DC_pDC,specific,0.980833886723325,23,23,1.0,0.980833886723325,0.0
GSM4138161,24,1,Mono_CD16,specific,0.6985648212777175,227,9,0.039647577092511016,,
GSM4138161,24,4,DC_pDC,specific,0.860987372919607,107,106,0.9906542056074766,0.8596047261624251,-0.0013826467571819157
GSM4138161,24,8,DC_family,family,0.8618460602530921,31,27,0.8709677419354839,0.8953214415431922,0.03347538129010008
GSM4138162,24,1,Mono_CD16,specific,0.8911671709487927,485,63,0.12989690721649486,0.9689990847188696,0.07783191377007692
GSM4138162,24,4,DC_pDC,specific,0.9897606953288196,17,17,1.0,0.9897606953288196,0.0
GSM4138163,24,1,Mono_CD16,specific,0.9068843248799564,421,23,0.05463182897862233,0.9838436758508947,0.07695935097093831
GSM4138163,24,4,DC_pDC,specific,0.9941087355013785,16,16,1.0,0.9941087355013785,0.0
GSM4138164,24,1,Mono_CD16,specific,0.8359159780743531,156,21,0.1346153846153846,0.9829393430119403,0.14702336493758716
GSM4138165,24,1,Mono_CD16,specific,0.8950278170839294,436,93,0.21330275229357798,0.9446544771791544,0.049626660095224984
GSM4138166,24,1,Mono_CD16,specific,0.8863711479392558,464,117,0.2521551724137931,0.9621941145544404,0.07582296661518462
GSM4138167,24,1,Mono_CD16,specific,0.8835093241984291,339,29,0.0855457227138643,0.9625303423920475,0.0790210181936184
GSM4138168,24,4,DC_pDC,specific,0.9457890908623999,20,20,1.0,0.9457890908623999,0.0
GSM4138171,24,1,Mono_CD16,specific,0.9868309544909396,20,0,0.0,,
GSM4138172,24,1,Mono_CD16,specific,0.9294041706670209,24,0,0.0,,
GSM4138110,25,2,DC_family,family,0.9089583075996279,363,11,0.030303030303030304,,
GSM4138110,25,4,DC_pDC,specific,0.9385975545300778,310,14,0.04516129032258064,,
GSM4138111,25,2,DC_family,family,0.7302402640948276,203,80,0.39408866995073893,0.7733279022514363,0.043087638156608765
GSM4138111,25,4,DC_pDC,specific,0.7933889861894653,112,43,0.38392857142857145,0.9331341688187966,0.13974518262933133
GSM4138111,25,5,Mac_IL1B,specific,0.9071337930853518,30,1,0.03333333333333333,,
GSM4138111,25,7,Mast,specific,0.8912897669047957,33,29,0.8787878787878788,0.9059125026497903,0.01462273574499462
GSM4138112,25,2,DC_family,family,0.8678363815076855,112,11,0.09821428571428571,,
GSM4138112,25,4,DC_pDC,specific,0.8787451118753115,123,19,0.15447154471544716,0.9797995220787967,0.10105441020348527
GSM4138113,25,2,DC_family,family,0.7659972322329549,72,23,0.3194444444444444,0.8994994244227528,0.13350219218979786
GSM4138113,25,4,DC_pDC,specific,0.8737473584583347,87,24,0.27586206896551724,0.9660512822048538,0.09230392374651908
GSM4138113,25,5,Mac_IL1B,specific,0.9822341535354359,24,0,0.0,,
GSM4138114,25,2,DC_family,family,0.8906048829450022,153,21,0.13725490196078433,0.974843472056343,0.08423858911134086
GSM4138114,25,4,DC_pDC,specific,0.9458483341027301,174,5,0.028735632183908046,,
GSM4138115,25,2,DC_family,family,0.8132249426334298,88,66,0.75,0.8648004968566549,0.05157555422322513
GSM4138115,25,4,DC_pDC,specific,0.9579830165463646,17,12,0.7058823529411765,,
GSM4138116,25,2,DC_family,family,0.9194024026406034,563,3,0.0053285968028419185,,
GSM4138116,25,4,DC_pDC,specific,0.9565850945595771,172,0,0.0,,
GSM4138117,25,2,DC_family,family,0.7272373333562179,192,29,0.15104166666666666,0.9289991643830405,0.20176183102682266
GSM4138117,25,4,DC_pDC,specific,0.9419912644365198,31,6,0.1935483870967742,,
GSM4138117,25,5,Mac_IL1B,specific,0.9278899735877029,19,0,0.0,,
GSM4138117,25,7,Mast,specific,0.9848958966969695,15,15,1.0,0.9848958966969695,0.0
GSM4138118,25,2,DC_family,family,0.9139197986327738,47,8,0.1702127659574468,,
GSM4138118,25,4,DC_pDC,specific,0.9089947190179852,262,2,0.007633587786259542,,
GSM4138119,25,2,DC_family,family,0.7387797792429205,53,19,0.3584905660377358,0.9306482279482239,0.1918684487053034
GSM4138119,25,4,DC_pDC,specific,0.8806213423150511,37,2,0.05405405405405406,,
GSM4138119,25,5,Mac_IL1B,specific,0.7371056169981363,52,1,0.019230769230769232,,
GSM4138120,25,2,DC_family,family,0.8389702736286563,59,22,0.3728813559322034,0.9586286089902234,0.11965833536156711
GSM4138120,25,4,DC_pDC,specific,0.8842067540828543,523,7,0.01338432122370937,,
GSM4138121,25,2,DC_family,family,0.8489962379505003,43,14,0.32558139534883723,,
GSM4138121,25,4,DC_pDC,specific,0.9504052330312343,20,6,0.3,,
GSM4138121,25,5,Mac_IL1B,specific,0.7354267286981051,97,72,0.7422680412371134,0.7786556058359714,0.04322887713786627
GSM4138122,25,2,DC_family,family,0.8724032679353471,150,36,0.24,0.9691450333104636,0.09674176537511658
GSM4138122,25,4,DC_pDC,specific,0.9255677326315371,255,14,0.054901960784313725,,
GSM4138123,25,2,DC_family,family,0.7257999025886006,438,44,0.1004566210045662,0.8152054751826548,0.08940557259405424
GSM4138123,25,4,DC_pDC,specific,0.7932225353982695,52,26,0.5,0.954754337203979,0.16153180180570947
GSM4138123,25,5,Mac_IL1B,specific,0.7307244497189239,111,32,0.2882882882882883,0.8800216475828482,0.14929719786392426
GSM4138124,25,2,DC_family,family,0.9201730851557072,197,4,0.02030456852791878,,
GSM4138124,25,4,DC_pDC,specific,0.9761655867979852,102,1,0.00980392156862745,,
GSM4138125,25,2,DC_family,family,0.7286669120455287,328,17,0.051829268292682924,0.9589457139016676,0.23027880185613891
GSM4138125,25,4,DC_pDC,specific,0.8199511603251654,97,7,0.07216494845360824,,
GSM4138125,25,5,Mac_IL1B,specific,0.8427119607318699,52,0,0.0,,
GSM4138126,25,2,DC_family,family,0.9545761188634708,217,6,0.027649769585253458,,
GSM4138126,25,4,DC_pDC,specific,0.9715362874632174,525,1,0.0019047619047619048,,
GSM4138127,25,2,DC_family,family,0.8411287839026487,85,27,0.3176470588235294,0.9237072535498274,0.08257846964717874
GSM4138127,25,4,DC_pDC,specific,0.9284789183099952,25,9,0.36,,
GSM4138127,25,5,Mac_IL1B,specific,0.8352262827106397,147,94,0.6394557823129252,0.8480902398236186,0.012863957112978941
GSM4138128,25,2,DC_family,family,0.8724032679353471,150,36,0.24,0.9691450333104636,0.09674176537511658
GSM4138128,25,4,DC_pDC,specific,0.9255677326315371,255,14,0.054901960784313725,,
GSM4138129,25,2,DC_family,family,0.7737585896705615,142,35,0.24647887323943662,0.8706434131759372,0.09688482350537564
GSM4138129,25,4,DC_pDC,specific,0.9348287459036694,43,7,0.16279069767441862,,
GSM4138129,25,5,Mac_IL1B,specific,0.8152107052981404,75,11,0.14666666666666667,,
GSM4138130,25,2,DC_family,family,0.9257646468078996,184,10,0.05434782608695652,,
GSM4138130,25,4,DC_pDC,specific,0.9201607017637248,272,12,0.04411764705882353,,
GSM4138131,25,2,DC_family,family,0.7894355407802124,126,71,0.5634920634920635,0.8125571820071092,0.02312164122689686
GSM4138131,25,4,DC_pDC,specific,0.8965071054808711,87,62,0.7126436781609196,0.9055358291893029,0.009028723708431774
GSM4138131,25,5,Mac_IL1B,specific,0.8517209071365325,78,28,0.358974358974359,0.9140704371947057,0.06234953005817323
GSM4138131,25,7,Mast,specific,0.9764376533440459,18,18,1.0,0.9764376533440459,0.0
GSM4138132,25,2,DC_family,family,0.9276626001670214,189,12,0.06349206349206349,,
GSM4138132,25,4,DC_pDC,specific,0.9645365182013379,314,2,0.006369426751592357,,
GSM4138133,25,2,DC_family,family,0.7278316783408426,211,88,0.41706161137440756,0.7831934673271375,0.055361788986294846
GSM4138133,25,4,DC_pDC,specific,0.8820274305201967,39,19,0.48717948717948717,0.9802520181920918,0.09822458767189512
GSM4138133,25,5,Mac_IL1B,specific,0.9767547773048618,15,1,0.06666666666666667,,
GSM4138134,25,2,DC_family,family,0.9369198295826874,453,7,0.01545253863134658,,
GSM4138134,25,4,DC_pDC,specific,0.9651710481005304,570,12,0.021052631578947368,,
GSM4138134,25,7,Mast,specific,1.0,15,0,0.0,,
GSM4138135,25,2,DC_family,family,0.7860101646931453,359,31,0.08635097493036212,0.9040385692484121,0.11802840455526675
GSM4138135,25,4,DC_pDC,specific,0.8504630446459268,68,12,0.17647058823529413,,
GSM4138135,25,5,Mac_IL1B,specific,0.7318160017043955,353,162,0.45892351274787535,0.7709412719937794,0.03912527028938384
GSM4138135,25,7,Mast,specific,0.9788038112231259,23,21,0.9130434782608695,1.0,0.021196188776874125
GSM4138136,25,2,DC_family,family,0.9038033393864505,334,17,0.05089820359281437,0.9734232172735026,0.06961987788705204
GSM4138136,25,4,DC_pDC,specific,0.9412538714093769,283,2,0.007067137809187279,,
GSM4138137,25,2,DC_family,family,0.7977419122836622,267,24,0.0898876404494382,0.8990350070215583,0.10129309473789605
GSM4138137,25,4,DC_pDC,specific,0.9194655422097114,44,2,0.045454545454545456,,
GSM4138137,25,5,Mac_IL1B,specific,0.7640161004322816,252,50,0.1984126984126984,0.9130982663711621,0.14908216593888046
GSM4138138,25,2,DC_family,family,0.8822497631550248,272,13,0.04779411764705882,,
GSM4138138,25,4,DC_pDC,specific,0.9468251776753596,271,8,0.02952029520295203,,
GSM4138139,25,2,DC_family,family,0.7442677117091665,251,50,0.199203187250996,0.8951628734671608,0.15089516175799433
GSM4138139,25,4,DC_pDC,specific,0.8928910608722991,46,8,0.17391304347826086,,
GSM4138139,25,5,Mac_IL1B,specific,0.7561234275717417,168,101,0.6011904761904762,0.8555990583028833,0.09947563073114163
GSM4138139,25,7,Mast,specific,0.8883910491740585,69,60,0.8695652173913043,0.9658315628046693,0.07744051363061077
GSM4138140,25,2,DC_family,family,0.896260879241953,247,23,0.0931174089068826,0.9724341958148913,0.07617331657293835
GSM4138140,25,4,DC_pDC,specific,0.9545883800389923,408,2,0.004901960784313725,,
GSM4138141,25,2,DC_family,family,0.7814387417163007,229,100,0.4366812227074236,0.7950724834350779,0.013633741718777181
GSM4138141,25,4,DC_pDC,specific,0.8440808931446031,252,47,0.1865079365079365,0.9350798511769809,0.09099895803237779
GSM4138141,25,5,Mac_IL1B,specific,0.9416455135365851,30,9,0.3,,
GSM4138142,25,2,DC_family,family,0.9031914958197966,241,11,0.04564315352697095,,
GSM4138142,25,4,DC_pDC,specific,0.9472625451238091,388,3,0.007731958762886598,,
GSM4138143,25,2,DC_family,family,0.7126689170198914,198,100,0.5050505050505051,0.7813531383423996,0.06868422132250818
GSM4138143,25,4,DC_pDC,specific,0.8769813538690105,81,25,0.30864197530864196,0.9615884009978606,0.08460704712885003
GSM4138143,25,7,Mast,specific,0.9729090944742861,33,31,0.9393939393939394,0.9748135904112316,0.0019044959369455272
GSM4138144,25,2,DC_family,family,0.8432143016055746,192,45,0.234375,0.9092642756443409,0.06604997403876622
GSM4138144,25,4,DC_pDC,specific,0.9272756804917576,137,3,0.021897810218978103,,
GSM4138145,25,2,DC_family,family,0.7146121728120038,376,196,0.5212765957446809,0.7627065276694541,0.04809435485745028
GSM4138145,25,4,DC_pDC,specific,0.9170919062892975,105,9,0.08571428571428572,,
GSM4138145,25,5,Mac_IL1B,specific,0.837360275726846,122,30,0.2459016393442623,0.9472795976060506,0.10991932187920461
GSM4138146,25,2,DC_family,family,0.8919918205095974,192,11,0.057291666666666664,,
GSM4138146,25,4,DC_pDC,specific,0.9607035075575046,134,1,0.007462686567164179,,
GSM4138147,25,4,DC_pDC,specific,0.9584142450968292,21,20,0.9523809523809523,0.9575036494695232,-0.000910595627305999
GSM4138148,25,2,DC_family,family,0.8431907381359343,77,19,0.24675324675324675,0.977079116337456,0.13388837820152177
GSM4138148,25,4,DC_pDC,specific,0.9553824274967783,89,7,0.07865168539325842,,
GSM4138150,25,2,DC_family,family,0.9391114155294767,42,7,0.16666666666666666,,
GSM4138150,25,4,DC_pDC,specific,0.9503397224783507,132,6,0.045454545454545456,,
GSM4138151,25,2,DC_family,family,1.0,15,12,0.8,,
GSM4138152,25,2,DC_family,family,0.8541618703906818,145,22,0.15172413793103448,0.9582282101193943,0.10406633972871249
GSM4138152,25,4,DC_pDC,specific,0.8904114418525567,351,13,0.037037037037037035,,
GSM4138153,25,2,DC_family,family,0.8385959085699053,36,18,0.5,0.9657285814691382,0.1271326728992329
GSM4138153,25,4,DC_pDC,specific,0.9493889948669963,20,4,0.2,,
GSM4138154,25,2,DC_family,family,0.8028114409050089,80,23,0.2875,0.9536458212872951,0.15083438038228625
GSM4138154,25,4,DC_pDC,specific,0.9017933063683545,272,10,0.03676470588235294,,
GSM4138155,25,2,DC_family,family,0.6879823293594715,358,156,0.43575418994413406,0.7263279251633961,0.038345595803924604
GSM4138155,25,4,DC_pDC,specific,0.864275898258577,61,10,0.16393442622950818,,
GSM4138155,25,5,Mac_IL1B,specific,0.6513114651148191,267,88,0.3295880149812734,0.7946287795248808,0.14331731441006168
GSM4138155,25,7,Mast,specific,0.9276458513283667,21,19,0.9047619047619048,0.9381206978557273,0.010474846527360526
GSM4138156,25,2,DC_family,family,0.8894491175222792,474,25,0.052742616033755275,0.9638831027655205,0.0744339852432413
GSM4138156,25,4,DC_pDC,specific,0.9454258824247638,288,7,0.024305555555555556,,
GSM4138157,25,2,DC_family,family,0.8598844654360256,60,27,0.45,0.945998962340743,0.0861144969047174
GSM4138157,25,4,DC_pDC,specific,0.9504802928060426,20,7,0.35,,
GSM4138157,25,5,Mac_IL1B,specific,0.9210824734241385,27,12,0.4444444444444444,,
GSM4138158,25,2,DC_family,family,0.9141249757916806,125,15,0.12,0.9710015025629715,0.05687652677129085
GSM4138158,25,4,DC_pDC,specific,0.9593656947007313,144,3,0.020833333333333332,,
GSM4138159,25,2,DC_family,family,0.7590043912867319,82,34,0.4146341463414634,0.7962180277311347,0.03721363644440279
GSM4138159,25,5,Mac_IL1B,specific,0.9261640948837142,33,9,0.2727272727272727,,
GSM4138160,25,2,DC_family,family,0.895099747992707,335,20,0.05970149253731343,0.9774824205133842,0.08238267252067721
GSM4138160,25,4,DC_pDC,specific,0.9115546716030745,178,9,0.05056179775280899,,
GSM4138161,25,2,DC_family,family,0.7290372592134097,182,93,0.510989010989011,0.7352845938935189,0.0062473346801091845
GSM4138161,25,4,DC_pDC,specific,0.8903569379804452,81,27,0.3333333333333333,0.969451347389535,0.07909440940908974
GSM4138161,25,5,Mac_IL1B,specific,0.8319370835480995,65,24,0.36923076923076925,0.9143416827923283,0.08240459924422883
GSM4138162,25,2,DC_family,family,0.8707270086929605,217,24,0.11059907834101383,0.9725669158344687,0.10183990714150826
GSM4138162,25,4,DC_pDC,specific,0.9306182954505413,342,14,0.04093567251461988,,
GSM4138163,25,2,DC_family,family,0.8894174221387178,158,26,0.16455696202531644,0.9722225134969182,0.08280509135820047
GSM4138163,25,4,DC_pDC,specific,0.9308588823510171,337,12,0.03560830860534125,,
GSM4138164,25,2,DC_family,family,0.8709473185944419,66,9,0.13636363636363635,,
GSM4138164,25,4,DC_pDC,specific,0.9692990310118582,48,0,0.0,,
GSM4138165,25,2,DC_family,family,0.9175998889100045,160,6,0.0375,,
GSM4138165,25,4,DC_pDC,specific,0.9551470142935194,136,1,0.007352941176470588,,
GSM4138166,25,2,DC_family,family,0.8578533942792905,128,25,0.1953125,0.9734779980207342,0.11562460374144368
GSM4138166,25,4,DC_pDC,specific,0.9523948560609605,228,4,0.017543859649122806,,
GSM4138167,25,2,DC_family,family,0.9009356402064663,130,19,0.14615384615384616,0.9793929022809301,0.0784572620744638
GSM4138167,25,4,DC_pDC,specific,0.9619348747721058,131,5,0.03816793893129771,,
GSM4138171,25,2,DC_family,family,1.0,16,14,0.875,,
GSM4138172,25,2,DC_family,family,0.9277907024239263,24,14,0.5833333333333334,,
GSM4138111,26,5,Mast,specific,0.8821324152056755,31,29,0.9354838709677419,0.9059125026497903,0.02378008744411475
GSM4138117,26,5,Mast,specific,0.9794135107125147,16,15,0.9375,0.9848958966969695,0.0054823859844548295
GSM4138123,26,5,Mast,specific,0.9525732258038361,19,12,0.631578947368421,,
GSM4138131,26,5,Mast,specific,0.9015331798472666,24,18,0.75,0.9764376533440459,0.07490447349677931
GSM4138135,26,5,Mast,specific,0.8038115890432367,40,21,0.525,1.0,0.19618841095676331
GSM4138137,26,5,Mast,specific,0.9638813783107745,15,6,0.4,,
GSM4138139,26,5,Mast,specific,0.7683014573968083,95,60,0.631578947368421,0.9658315628046693,0.19753010540786098
GSM4138141,26,5,Mast,specific,0.9358388265879254,16,10,0.625,,
GSM4138143,26,5,Mast,specific,0.9729090944742861,33,31,0.9393939393939394,0.9748135904112316,0.0019044959369455272
GSM4138155,26,5,Mast,specific,0.8569735702202878,32,19,0.59375,0.9381206978557273,0.08114712763543952
GSM4138111,27,4,Mast,specific,0.8772200899755831,30,29,0.9666666666666667,0.9059125026497903,0.02869241267420719
GSM4138117,27,4,Mast,specific,0.9794135107125147,16,15,0.9375,0.9848958966969695,0.0054823859844548295
GSM4138123,27,4,Mast,specific,1.0,18,12,0.6666666666666666,,
GSM4138131,27,4,Mast,specific,0.9694234254549938,22,18,0.8181818181818182,0.9764376533440459,0.007014227889052038
GSM4138135,27,4,Mast,specific,0.8476800905623043,42,21,0.5,1.0,0.1523199094376957
GSM4138137,27,4,Mast,specific,0.956659778048153,18,6,0.3333333333333333,,
GSM4138139,27,4,Mast,specific,0.84819046588794,78,60,0.7692307692307693,0.9658315628046693,0.1176410969167293
GSM4138143,27,4,Mast,specific,0.9615409723823874,32,31,0.96875,0.9748135904112316,0.013272618028844163
GSM4138155,27,4,Mast,specific,0.8427786354796625,31,19,0.6129032258064516,0.9381206978557273,0.0953420623760648
GSM4138111,28,2,DC_family,family,0.8332398632166129,21,21,1.0,0.8332398632166129,0.0
GSM4138115,28,2,DC_family,family,0.9530437502624415,24,23,0.9583333333333334,0.9527151132985826,-0.00032863696385887486
GSM4138123,28,2,DC_family,family,0.8203274178766444,33,29,0.8787878787878788,0.9216774632382736,0.10135004536162917
GSM4138127,28,2,DC_family,family,0.9584103065280769,19,16,0.8421052631578947,0.9614804237020731,0.0030701171739961897
GSM4138131,28,2,DC_family,family,0.7723207552607372,83,76,0.9156626506024096,0.7918196138272063,0.019498858566469157
GSM4138133,28,2,DC_family,family,0.8794577840043529,29,29,1.0,0.8794577840043529,0.0
GSM4138135,28,2,DC_family,family,0.811571834572713,41,34,0.8292682926829268,0.9098995795800958,0.09832774500738284
GSM4138137,28,2,DC_family,family,0.854452335354697,23,20,0.8695652173913043,0.9545353875703949,0.10008305221569791
GSM4138139,28,2,DC_family,family,0.9335447883645476,27,25,0.9259259259259259,0.9285898005438835,-0.0049549878206640585
GSM4138141,28,2,DC_family,family,0.8783506186538675,65,64,0.9846153846153847,0.8704223542193492,-0.007928264434518328
GSM4138143,28,2,DC_family,family,0.8208046282538631,48,48,1.0,0.8208046282538631,0.0
GSM4138145,28,2,DC_family,family,0.8424717018573793,46,41,0.8913043478260869,0.8263485149413419,-0.016123186916037424
GSM4138155,28,2,DC_family,family,0.7972693887495862,55,50,0.9090909090909091,0.8458113561202919,0.04854196737070571
GSM4138161,28,2,DC_family,family,0.8737690136585982,24,22,0.9166666666666666,0.904458720249537,0.030689706590938837
GSM4138110,29,3,DC_family,family,0.948933205949651,144,2,0.013888888888888888,,
GSM4138111,29,3,DC_family,family,0.7346739725363716,122,62,0.5081967213114754,0.7931421739887234,0.058468201452351876
GSM4138112,29,3,DC_family,family,0.9146131911535993,78,3,0.038461538461538464,,
GSM4138113,29,3,DC_family,family,0.8933662047735401,34,9,0.2647058823529412,,
GSM4138114,29,3,DC_family,family,0.9428442803772846,53,3,0.05660377358490566,,
GSM4138115,29,3,DC_family,family,0.8701813621423955,47,36,0.7659574468085106,0.8892585668928228,0.01907720475042729
GSM4138116,29,3,DC_family,family,0.966181068999819,58,0,0.0,,
GSM4138117,29,3,DC_family,family,0.8812482604714538,32,10,0.3125,,
GSM4138118,29,3,DC_family,family,0.9023160543462078,89,3,0.033707865168539325,,
GSM4138119,29,3,DC_family,family,0.8027166798093532,57,17,0.2982456140350877,0.9459524412670576,0.14323576145770434
GSM4138120,29,3,DC_family,family,0.8569345122463792,144,9,0.0625,,
GSM4138121,29,3,DC_family,family,0.8703855557954167,28,13,0.4642857142857143,,
GSM4138122,29,3,DC_family,family,0.9108402677558012,125,14,0.112,,
GSM4138123,29,3,DC_family,family,0.6975786304042959,265,45,0.16981132075471697,0.837806990959911,0.14022836055561505
GSM4138124,29,3,DC_family,family,0.9801414715572805,31,0,0.0,,
GSM4138125,29,3,DC_family,family,0.7516823487530818,285,15,0.05263157894736842,0.9740378790595419,0.22235553030646005
GSM4138126,29,3,DC_family,family,0.9704791157578277,115,4,0.034782608695652174,,
GSM4138127,29,3,DC_family,family,0.8025068826021203,121,24,0.19834710743801653,0.9817924228118542,0.17928554020973386
GSM4138128,29,3,DC_family,family,0.9108402677558012,125,14,0.112,,
GSM4138129,29,3,DC_family,family,0.8245175492585124,89,20,0.2247191011235955,0.9678769443284777,0.1433593950699653
GSM4138130,29,3,DC_family,family,0.9402787857185313,101,6,0.0594059405940594,,
GSM4138131,29,3,DC_family,family,0.706860246378413,232,94,0.4051724137931034,0.772383150009312,0.06552290363089897
GSM4138132,29,3,DC_family,family,0.9623717144181116,145,2,0.013793103448275862,,
GSM4138133,29,3,DC_family,family,0.800348025366161,99,49,0.494949494949495,0.8560846382420882,0.05573661287592724
GSM4138134,29,3,DC_family,family,0.9434007849950211,326,4,0.012269938650306749,,
GSM4138135,29,3,DC_family,family,0.6872043801565586,364,39,0.10714285714285714,0.8892809772119348,0.20207659705537617
GSM4138136,29,3,DC_family,family,0.9162251504221354,207,5,0.024154589371980676,,
GSM4138137,29,3,DC_family,family,0.7659476174317021,334,28,0.08383233532934131,0.8820635563639255,0.11611593893222338
GSM4138138,29,3,DC_family,family,0.9082024586490022,191,6,0.031413612565445025,,
GSM4138139,29,3,DC_family,family,0.6491884197366106,270,51,0.18888888888888888,0.9085230573575553,0.2593346376209448
GSM4138140,29,3,DC_family,family,0.9358272722646839,201,13,0.06467661691542288,,
GSM4138141,29,3,DC_family,family,0.7231385378558713,261,116,0.4444444444444444,0.7843747729107351,0.06123623505486375
GSM4138142,29,3,DC_family,family,0.9220571945499453,190,9,0.04736842105263158,,
GSM4138143,29,3,DC_family,family,0.7579856305418656,104,60,0.5769230769230769,0.864831763588088,0.10684613304622237
GSM4138144,29,3,DC_family,family,0.8624264703349162,117,24,0.20512820512820512,0.948512190978336,0.0860857206434198
GSM4138145,29,3,DC_family,family,0.7139246621459743,287,149,0.519163763066202,0.7685000028157585,0.0545753406697842
GSM4138146,29,3,DC_family,family,0.9060547304483787,86,8,0.09302325581395349,,
GSM4138148,29,3,DC_family,family,0.9412799489171417,22,4,0.18181818181818182,,
GSM4138150,29,3,DC_family,family,0.9678495117217223,45,2,0.044444444444444446,,
GSM4138152,29,3,DC_family,family,0.9051279945367863,91,9,0.0989010989010989,,
GSM4138153,29,3,DC_family,family,0.9788844719282667,18,7,0.3888888888888889,,
GSM4138154,29,3,DC_family,family,0.8725080251276394,105,9,0.08571428571428572,,
GSM4138155,29,3,DC_family,family,0.6589675977433922,163,76,0.4662576687116564,0.7675327914809349,0.1085651937375427
GSM4138156,29,3,DC_family,family,0.8998202151827591,144,6,0.041666666666666664,,
GSM4138157,29,3,DC_family,family,0.8996447414045377,50,14,0.28,,
GSM4138158,29,3,DC_family,family,0.9218597965656655,77,8,0.1038961038961039,,
GSM4138159,29,3,DC_family,family,0.8431941040904263,64,28,0.4375,0.8793992306409283,0.03620512655050201
GSM4138160,29,3,DC_family,family,0.9081853632101995,110,7,0.06363636363636363,,
GSM4138161,29,3,DC_family,family,0.6797784520655825,183,77,0.4207650273224044,0.7134707322100751,0.03369228014449255
GSM4138162,29,3,DC_family,family,0.9069919836084733,92,4,0.043478260869565216,,
GSM4138163,29,3,DC_family,family,0.9417025170156552,96,5,0.052083333333333336,,
GSM4138164,29,3,DC_family,family,0.9720036562128073,24,0,0.0,,
GSM4138165,29,3,DC_family,family,0.9489784021038205,59,1,0.01694915254237288,,
GSM4138166,29,3,DC_family,family,0.8884321683093045,128,15,0.1171875,0.9793324868109452,0.09090031850164071
GSM4138167,29,3,DC_family,family,0.9165559246197749,61,8,0.13114754098360656,,
GSM4138110,31,1,DC_family,family,0.9391549609018949,227,0,0.0,,
GSM4138111,31,1,DC_family,family,0.7231782100912819,117,29,0.24786324786324787,0.8554960094887454,0.13231779939746346
GSM4138111,31,7,Mast,specific,0.8839187902148973,29,26,0.896551724137931,0.9016725405300549,0.01775375031515758
GSM4138112,31,1,DC_family,family,0.9301603320109684,99,5,0.050505050505050504,,
GSM4138113,31,1,DC_family,family,0.8827765010736449,48,9,0.1875,,
GSM4138114,31,1,DC_family,family,0.9346528128602101,107,6,0.056074766355140186,,
GSM4138115,31,1,DC_family,family,0.9029184180849771,41,27,0.6585365853658537,0.957341932145021,0.054423514060043865
GSM4138116,31,1,DC_family,family,0.9362733474162004,277,0,0.0,,
GSM4138117,31,1,DC_family,family,0.7897761090038765,113,3,0.02654867256637168,,
GSM4138117,31,7,Mast,specific,0.9446179276400792,18,15,0.8333333333333334,0.9848958966969695,0.040277969056890295
GSM4138118,31,1,DC_family,family,0.9360133304989654,67,2,0.029850746268656716,,
GSM4138119,31,1,DC_family,family,0.8983570811408051,30,3,0.1,,
GSM4138119,31,4,Mac_SPP1,specific,0.9057109331111304,29,19,0.6551724137931034,0.9347002285178102,0.028989295406679827
GSM4138120,31,1,DC_family,family,0.8948129954501585,140,4,0.02857142857142857,,
GSM4138121,31,1,DC_family,family,0.7465408705988972,74,1,0.013513513513513514,,
GSM4138121,31,4,Mac_SPP1,specific,0.794497173479941,49,0,0.0,,
GSM4138122,31,1,DC_family,family,0.9243307095368953,141,10,0.07092198581560284,,
GSM4138123,31,1,DC_family,family,0.6816775254622434,263,24,0.09125475285171103,0.8844707354820021,0.2027932100197587
GSM4138123,31,4,Mac_SPP1,specific,0.8587799518635997,43,1,0.023255813953488372,,
GSM4138123,31,7,Mast,specific,1.0,15,12,0.8,,
GSM4138124,31,1,DC_family,family,0.9383450339915828,105,1,0.009523809523809525,,
GSM4138125,31,1,DC_family,family,0.7354993686524853,140,6,0.04285714285714286,,
GSM4138125,31,4,Mac_SPP1,specific,0.7583168279040096,247,223,0.902834008097166,0.7618247031657674,0.0035078752617578868
GSM4138126,31,1,DC_family,family,0.9603657905682638,236,7,0.029661016949152543,,
GSM4138127,31,1,DC_family,family,0.7535570943137385,201,24,0.11940298507462686,0.9120169813436944,0.15845988702995584
GSM4138127,31,4,Mac_SPP1,specific,0.9056964204823352,38,0,0.0,,
GSM4138128,31,1,DC_family,family,0.9243307095368953,141,10,0.07092198581560284,,
GSM4138129,31,1,DC_family,family,0.8347750547435954,80,7,0.0875,,
GSM4138129,31,4,Mac_SPP1,specific,0.8137322440586773,44,20,0.45454545454545453,0.9525440569742493,0.13881181291557199
GSM4138130,31,1,DC_family,family,0.9306395171317998,204,6,0.029411764705882353,,
GSM4138131,31,1,DC_family,family,0.6954755522629137,262,66,0.25190839694656486,0.7400106741615085,0.044535121898594765
GSM4138131,31,4,Mac_SPP1,specific,1.0,20,0,0.0,,
GSM4138131,31,7,Mast,specific,0.9539226280752979,21,18,0.8571428571428571,0.9764376533440459,0.022515025268747935
GSM4138132,31,1,DC_family,family,0.9554350726171585,195,3,0.015384615384615385,,
GSM4138133,31,1,DC_family,family,0.78464184992663,117,42,0.358974358974359,0.8171420855661821,0.032500235639552066
GSM4138133,31,4,Mac_SPP1,specific,0.9334569900080291,20,2,0.1,,
GSM4138134,31,1,DC_family,family,0.9603212453166714,402,6,0.014925373134328358,,
GSM4138134,31,4,Mac_SPP1,specific,0.9944100418258657,33,0,0.0,,
GSM4138135,31,1,DC_family,family,0.7002737367785571,347,19,0.05475504322766571,0.9192686514484213,0.2189949146698642
GSM4138135,31,4,Mac_SPP1,specific,0.7320473384248705,171,1,0.005847953216374269,,
GSM4138135,31,7,Mast,specific,0.8221523579948481,41,21,0.5121951219512195,1.0,0.1778476420051519
GSM4138136,31,1,DC_family,family,0.9392803639081109,224,6,0.026785714285714284,,
GSM4138136,31,4,Mac_SPP1,specific,0.979934575883533,19,0,0.0,,
GSM4138137,31,1,DC_family,family,0.7437244087374018,293,14,0.04778156996587031,,
GSM4138137,31,4,Mac_SPP1,specific,0.7765852510503161,129,2,0.015503875968992248,,
GSM4138137,31,7,Mast,specific,0.926736993234498,16,6,0.375,,
GSM4138138,31,1,DC_family,family,0.919016652630009,174,5,0.028735632183908046,,
GSM4138139,31,1,DC_family,family,0.6667664712155283,270,23,0.08518518518518518,0.9423803731099359,0.2756139018944076
GSM4138139,31,4,Mac_SPP1,specific,0.7038899957723109,159,36,0.22641509433962265,0.8640161611648285,0.16012616539251756
GSM4138139,31,7,Mast,specific,0.8484293511304951,76,60,0.7894736842105263,0.9658315628046693,0.1174022116741742
GSM4138140,31,1,DC_family,family,0.938549660769697,202,6,0.0297029702970297,,
GSM4138141,31,1,DC_family,family,0.7238736833989782,165,30,0.18181818181818182,0.8846539336058508,0.1607802502068726
GSM4138141,31,7,Mast,specific,0.9428844701845771,17,10,0.5882352941176471,,
GSM4138142,31,1,DC_family,family,0.9403627490903098,225,4,0.017777777777777778,,
GSM4138143,31,1,DC_family,family,0.8033575853475089,83,37,0.4457831325301205,0.8891211306288639,0.08576354528135499
GSM4138143,31,7,Mast,specific,0.9706579382089502,35,31,0.8857142857142857,0.9748135904112316,0.0041556522022814235
GSM4138144,31,1,DC_family,family,0.9113702211134582,76,11,0.14473684210526316,,
GSM4138145,31,1,DC_family,family,0.7490512173469953,140,39,0.2785714285714286,0.8530791848419635,0.10402796749496823
GSM4138145,31,4,Mac_SPP1,specific,0.9771155514116332,32,1,0.03125,,
GSM4138146,31,1,DC_family,family,0.9158632138565344,121,6,0.049586776859504134,,
GSM4138148,31,1,DC_family,family,0.9409229189199095,49,3,0.061224489795918366,,
GSM4138150,31,1,DC_family,family,0.9635187654707905,50,2,0.04,,
GSM4138152,31,1,DC_family,family,0.9278246280419115,111,3,0.02702702702702703,,
GSM4138154,31,1,DC_family,family,0.9192540753361528,93,4,0.043010752688172046,,
GSM4138155,31,1,DC_family,family,0.6165500876774639,194,35,0.18041237113402062,0.8756961925632372,0.2591461048857733
GSM4138155,31,4,Mac_SPP1,specific,0.6667442711221321,164,17,0.10365853658536585,0.9029137828124282,0.2361695116902961
GSM4138155,31,7,Mast,specific,0.9066932983596591,27,18,0.6666666666666666,0.9484026808588523,0.041709382499193204
GSM4138156,31,1,DC_family,family,0.9325231595857129,228,5,0.021929824561403508,,
GSM4138157,31,1,DC_family,family,0.9477957914399764,40,10,0.25,,
GSM4138158,31,1,DC_family,family,0.9566439627377376,94,3,0.031914893617021274,,
GSM4138159,31,1,DC_family,family,0.8770943320194884,43,11,0.2558139534883721,,
GSM4138160,31,1,DC_family,family,0.9491267403395532,145,4,0.027586206896551724,,
GSM4138161,31,1,DC_family,family,0.696012847934452,140,36,0.2571428571428571,0.8391341888047738,0.1431213408703218
GSM4138161,31,4,Mac_SPP1,specific,0.9669031995032347,19,0,0.0,,
GSM4138162,31,1,DC_family,family,0.9428216866452348,139,5,0.03597122302158273,,
GSM4138163,31,1,DC_family,family,0.9500044400486654,134,2,0.014925373134328358,,
GSM4138164,31,1,DC_family,family,0.9373550609968435,37,3,0.08108108108108109,,
GSM4138165,31,1,DC_family,family,0.9332155670367116,137,5,0.0364963503649635,,
GSM4138166,31,1,DC_family,family,0.9263358175914576,128,5,0.0390625,,
GSM4138167,31,1,DC_family,family,0.9369179810610313,97,7,0.07216494845360824,,
GSM4138110,32,1,DC_pDC,specific,0.9061037200504528,646,21,0.032507739938080496,0.9555193703185515,0.04941565026809869
GSM4138111,32,1,DC_pDC,specific,0.7050953378150349,338,59,0.17455621301775148,0.9242410903626005,0.21914575254756563
GSM4138112,32,1,DC_pDC,specific,0.877141977839018,380,26,0.06842105263157895,0.9672228106134714,0.09008083277445333
GSM4138113,32,1,DC_pDC,specific,0.7237964848715835,165,31,0.18787878787878787,0.9376610194554272,0.2138645345838437
GSM4138114,32,1,DC_pDC,specific,0.8841317404542876,359,7,0.019498607242339833,,
GSM4138115,32,1,DC_pDC,specific,0.7511221420693615,159,19,0.11949685534591195,0.9816087420119992,0.23048659994263776
GSM4138116,32,1,DC_pDC,specific,0.9218872648235008,704,0,0.0,,
GSM4138117,32,1,DC_pDC,specific,0.7205056040711777,324,13,0.040123456790123455,,
GSM4138118,32,1,DC_pDC,specific,0.8773301794443379,293,2,0.006825938566552901,,
GSM4138119,32,1,DC_pDC,specific,0.6361081080595898,107,2,0.018691588785046728,,
GSM4138120,32,1,DC_pDC,specific,0.8443855490090679,615,7,0.011382113821138212,,
GSM4138121,32,1,DC_pDC,specific,0.6342738956925265,194,11,0.05670103092783505,,
GSM4138122,32,1,DC_pDC,specific,0.8827860002399385,564,20,0.03546099290780142,0.9782659584116306,0.09547995817169208
GSM4138123,32,1,DC_pDC,specific,0.6788442840649804,651,46,0.0706605222734255,0.9439674063062626,0.2651231222412822
GSM4138124,32,1,DC_pDC,specific,0.9157287729037532,341,1,0.002932551319648094,,
GSM4138125,32,1,DC_pDC,specific,0.7096950788919419,514,8,0.01556420233463035,,
GSM4138126,32,1,DC_pDC,specific,0.9541666610576849,759,2,0.002635046113306983,,
GSM4138127,32,1,DC_pDC,specific,0.7236018561063431,416,27,0.06490384615384616,0.9445280030382996,0.22092614693195656
GSM4138128,32,1,DC_pDC,specific,0.8827860002399385,564,20,0.03546099290780142,0.9782659584116306,0.09547995817169208
GSM4138129,32,1,DC_pDC,specific,0.7059899993894038,255,23,0.09019607843137255,0.9866047845138954,0.2806147851244917
GSM4138130,32,1,DC_pDC,specific,0.9002581337717243,602,19,0.03156146179401993,0.9639490407838097,0.06369090701208546
GSM4138131,32,1,DC_pDC,specific,0.700513986662565,721,101,0.14008321775312066,0.9170737476977704,0.21655976103520536
GSM4138132,32,1,DC_pDC,specific,0.9356477354116384,647,4,0.0061823802163833074,,
GSM4138133,32,1,DC_pDC,specific,0.7541796741465607,308,21,0.06818181818181818,0.9780104357713506,0.22383076162478988
GSM4138134,32,1,DC_pDC,specific,0.9514629092725457,1226,15,0.012234910277324634,0.9856991785152992,0.03423626924275347
GSM4138135,32,1,DC_pDC,specific,0.6886632745956914,822,16,0.019464720194647202,0.9841163679064456,0.2954530933107542
GSM4138136,32,1,DC_pDC,specific,0.8989259515805395,644,4,0.006211180124223602,,
GSM4138137,32,1,DC_pDC,specific,0.7516772995388238,707,10,0.014144271570014143,,
GSM4138138,32,1,DC_pDC,specific,0.9044558304431688,584,10,0.017123287671232876,,
GSM4138139,32,1,DC_pDC,specific,0.6422606009145719,579,16,0.027633851468048358,0.9849297756513473,0.3426691747367754
GSM4138140,32,1,DC_pDC,specific,0.9086395522672303,705,4,0.005673758865248227,,
GSM4138141,32,1,DC_pDC,specific,0.701497519935012,607,62,0.10214168039538715,0.9190016383160433,0.21750411838103134
GSM4138142,32,1,DC_pDC,specific,0.9091202315601054,689,4,0.005805515239477504,,
GSM4138143,32,1,DC_pDC,specific,0.7174144827538593,353,43,0.12181303116147309,0.9318575422603245,0.21444305950646514
GSM4138144,32,1,DC_pDC,specific,0.8410605888263032,303,5,0.0165016501650165,,
GSM4138145,32,1,DC_pDC,specific,0.6919177433458104,520,38,0.07307692307692308,0.9391843195988675,0.24726657625305715
GSM4138146,32,1,DC_pDC,specific,0.8857931167125466,470,10,0.02127659574468085,,
GSM4138147,32,1,DC_pDC,specific,0.8001443249451339,57,31,0.543859649122807,0.935324749011505,0.1351804240663711
GSM4138148,32,1,DC_pDC,specific,0.8488234114698443,186,8,0.043010752688172046,,
GSM4138149,32,1,DC_pDC,specific,0.884129069640535,26,1,0.038461538461538464,,
GSM4138150,32,1,DC_pDC,specific,0.8961811886435664,199,9,0.04522613065326633,,
GSM4138151,32,1,DC_pDC,specific,0.959274516187753,36,15,0.4166666666666667,0.9806392337550041,0.021364717567251112
GSM4138152,32,1,DC_pDC,specific,0.8512375935489739,474,14,0.029535864978902954,,
GSM4138153,32,1,DC_pDC,specific,0.7529867139718938,64,9,0.140625,,
GSM4138154,32,1,DC_pDC,specific,0.8216471289339982,368,10,0.02717391304347826,,
GSM4138155,32,1,DC_pDC,specific,0.6088692486768764,649,35,0.053929121725731895,0.9433303193116795,0.3344610706348031
GSM4138156,32,1,DC_pDC,specific,0.8922387955369508,934,15,0.016059957173447537,0.9539837451128743,0.06174494957592347
GSM4138157,32,1,DC_pDC,specific,0.6943104625100848,164,17,0.10365853658536585,0.9771060119735836,0.28279554946349883
GSM4138158,32,1,DC_pDC,specific,0.8912206710721485,284,6,0.02112676056338028,,
GSM4138159,32,1,DC_pDC,specific,0.7272305800783054,140,7,0.05,,
GSM4138160,32,1,DC_pDC,specific,0.8630991922073459,505,20,0.039603960396039604,0.9802444305526764,0.11714523834533053
GSM4138161,32,1,DC_pDC,specific,0.663354000000978,397,77,0.19395465994962216,0.8724008209903189,0.2090468209893409
GSM4138162,32,1,DC_pDC,specific,0.8844187646025132,501,16,0.031936127744510975,0.988954209018227,0.10453544441571372
GSM4138163,32,1,DC_pDC,specific,0.8955276855752983,440,17,0.038636363636363635,0.9858316108356697,0.09030392526037145
GSM4138164,32,1,DC_pDC,specific,0.8359879957592602,160,4,0.025,,
GSM4138165,32,1,DC_pDC,specific,0.8982065784364345,443,6,0.013544018058690745,,
GSM4138166,32,1,DC_pDC,specific,0.8917594320515815,474,6,0.012658227848101266,,
GSM4138167,32,1,DC_pDC,specific,0.8912462263814899,347,8,0.023054755043227664,,
GSM4138168,32,1,DC_pDC,specific,0.9794534377312539,20,7,0.35,,
GSM4138169,32,1,DC_pDC,specific,0.9816188142445328,19,2,0.10526315789473684,,
GSM4138170,32,1,DC_pDC,specific,0.9280163729777795,25,3,0.12,,
GSM4138171,32,1,DC_pDC,specific,0.9752929584185731,32,7,0.21875,,
GSM4138172,32,1,DC_pDC,specific,0.9124123358316193,35,4,0.11428571428571428,,
GSM4138110,33,3,DC_pDC,specific,0.9373110149297923,265,17,0.06415094339622641,0.9704828875415543,0.03317187261176202
GSM4138111,33,3,DC_pDC,specific,0.7948698800767792,74,26,0.35135135135135137,0.9468143709199535,0.1519444908431743
GSM4138112,33,3,DC_pDC,specific,0.8742830131539494,226,24,0.10619469026548672,0.9667725941103172,0.09248958095636783
GSM4138113,33,3,DC_pDC,specific,0.7917457728283922,74,26,0.35135135135135137,0.958230095632944,0.16648432280455183
GSM4138114,33,3,DC_pDC,specific,0.908481243710278,193,7,0.03626943005181347,,
GSM4138115,33,3,DC_pDC,specific,0.9038342851104572,46,4,0.08695652173913043,,
GSM4138116,33,3,DC_pDC,specific,0.950103484403284,370,0,0.0,,
GSM4138117,33,3,DC_pDC,specific,0.7670003395580437,120,9,0.075,,
GSM4138118,33,3,DC_pDC,specific,0.9783491290320936,52,1,0.019230769230769232,,
GSM4138120,33,3,DC_pDC,specific,0.9265626636721204,135,4,0.02962962962962963,,
GSM4138121,33,3,DC_pDC,specific,0.8544503804565596,36,5,0.1388888888888889,,
GSM4138122,33,3,DC_pDC,specific,0.9079836867501391,201,18,0.08955223880597014,0.9964353857630138,0.08845169901287475
GSM4138123,33,3,DC_pDC,specific,0.6894292535852902,113,13,0.11504424778761062,,
GSM4138124,33,3,DC_pDC,specific,0.9502178384810808,187,1,0.0053475935828877,,
GSM4138125,33,3,DC_pDC,specific,0.7398502338527002,117,4,0.03418803418803419,,
GSM4138126,33,3,DC_pDC,specific,0.9665514013096372,479,2,0.0041753653444676405,,
GSM4138127,33,3,DC_pDC,specific,0.806625275808899,135,17,0.1259259259259259,0.9605907035525957,0.1539654277436967
GSM4138128,33,3,DC_pDC,specific,0.9079836867501391,201,18,0.08955223880597014,0.9964353857630138,0.08845169901287475
GSM4138129,33,3,DC_pDC,specific,0.7897580755934275,92,15,0.16304347826086957,0.992532492515182,0.20277441692175457
GSM4138130,33,3,DC_pDC,specific,0.8974932522724753,400,19,0.0475,0.9639490407838097,0.06645578851133438
GSM4138131,33,3,DC_pDC,specific,0.7412146502145254,254,72,0.28346456692913385,0.9269759414564998,0.18576129124197438
GSM4138132,33,3,DC_pDC,specific,0.9399839956108247,464,3,0.00646551724137931,,
GSM4138133,33,3,DC_pDC,specific,0.7585174279835349,166,17,0.10240963855421686,0.9838271712771687,0.22530974329363374
GSM4138134,33,3,DC_pDC,specific,0.9542550359152949,748,14,0.01871657754010695,,
GSM4138135,33,3,DC_pDC,specific,0.7287593681542941,383,13,0.033942558746736295,,
GSM4138136,33,3,DC_pDC,specific,0.9423554453852899,287,4,0.013937282229965157,,
GSM4138137,33,3,DC_pDC,specific,0.7751969244427741,315,5,0.015873015873015872,,
GSM4138138,33,3,DC_pDC,specific,0.913811702329337,285,10,0.03508771929824561,,
GSM4138139,33,3,DC_pDC,specific,0.7188517301902277,152,7,0.046052631578947366,,
GSM4138140,33,3,DC_pDC,specific,0.9378883209186243,362,4,0.011049723756906077,,
GSM4138141,33,3,DC_pDC,specific,0.7789162457824766,190,35,0.18421052631578946,0.9521972300667846,0.17328098428430794
GSM4138142,33,3,DC_pDC,specific,0.9355988575479052,339,3,0.008849557522123894,,
GSM4138143,33,3,DC_pDC,specific,0.7396349164127511,131,36,0.2748091603053435,0.9433866215566493,0.20375170514389818
GSM4138144,33,3,DC_pDC,specific,0.9362041593795223,79,5,0.06329113924050633,,
GSM4138145,33,3,DC_pDC,specific,0.8932090420805076,68,18,0.2647058823529412,0.9675641767983106,0.07435513471780308
GSM4138146,33,3,DC_pDC,specific,0.9037333123932054,227,8,0.03524229074889868,,
GSM4138147,33,3,DC_pDC,specific,0.9230820493662968,38,26,0.6842105263157895,0.9657056682511259,0.04262361888482913
GSM4138148,33,3,DC_pDC,specific,0.9267888079599853,99,7,0.0707070707070707,,
GSM4138150,33,3,DC_pDC,specific,0.9437267738935128,89,8,0.0898876404494382,,
GSM4138151,33,3,DC_pDC,specific,0.9619238690156452,20,14,0.7,,
GSM4138152,33,3,DC_pDC,specific,0.9182628164829285,97,7,0.07216494845360824,,
GSM4138154,33,3,DC_pDC,specific,0.9287921122514501,65,8,0.12307692307692308,,
GSM4138155,33,3,DC_pDC,specific,0.6546384060757018,179,23,0.12849162011173185,0.9806871238582836,0.3260487177825818
GSM4138156,33,3,DC_pDC,specific,0.9172949413473033,624,15,0.02403846153846154,0.9539837451128743,0.03668880376557104
GSM4138157,33,3,DC_pDC,specific,0.8473722803869786,55,8,0.14545454545454545,,
GSM4138158,33,3,DC_pDC,specific,0.956879439419568,118,6,0.05084745762711865,,
GSM4138159,33,3,DC_pDC,specific,0.8975227834404789,39,6,0.15384615384615385,,
GSM4138160,33,3,DC_pDC,specific,0.8654547946449456,230,23,0.1,0.980833886723325,0.11537909207837949
GSM4138161,33,3,DC_pDC,specific,0.7946084027653733,99,54,0.5454545454545454,0.9174875288862638,0.12287912612089058
GSM4138162,33,3,DC_pDC,specific,0.896373079637665,184,17,0.09239130434782608,0.9897606953288196,0.09338761569115461
GSM4138163,33,3,DC_pDC,specific,0.9164702069069777,150,16,0.10666666666666667,0.9941087355013785,0.07763852859440079
GSM4138164,33,3,DC_pDC,specific,0.8806717961967381,103,3,0.02912621359223301,,
GSM4138165,33,3,DC_pDC,specific,0.9270097258184572,301,6,0.019933554817275746,,
GSM4138166,33,3,DC_pDC,specific,0.9379477492241766,241,6,0.024896265560165973,,
GSM4138167,33,3,DC_pDC,specific,0.9490942405919769,227,8,0.03524229074889868,,
GSM4138171,33,3,DC_pDC,specific,0.9866303251307885,15,5,0.3333333333333333,,
GSM4138110,34,2,DC_family,family,0.9414777272987244,267,1,0.003745318352059925,,
GSM4138111,34,2,DC_family,family,0.6984520117049412,138,39,0.2826086956521739,0.7949702064086259,0.09651819470368472
GSM4138111,34,3,Mac_IL1B,specific,0.9287919236022996,27,1,0.037037037037037035,,
GSM4138111,34,6,Mast,specific,0.9672405212494054,20,18,0.9,0.9596601249964262,-0.007580396252979238
GSM4138112,34,2,DC_family,family,0.9295373310340425,133,3,0.022556390977443608,,
GSM4138113,34,2,DC_family,family,0.8811686229248091,45,7,0.15555555555555556,,
GSM4138113,34,3,Mac_IL1B,specific,0.9803469621206742,20,0,0.0,,
GSM4138114,34,2,DC_family,family,0.9390166724943433,133,7,0.05263157894736842,,
GSM4138115,34,2,DC_family,family,0.8511333397288657,56,41,0.7321428571428571,0.8839384889287762,0.03280514919991051
GSM4138116,34,2,DC_family,family,0.9250113490187306,365,1,0.0027397260273972603,,
GSM4138117,34,2,DC_family,family,0.7782733776183186,131,8,0.061068702290076333,,
GSM4138117,34,3,Mac_IL1B,specific,0.9056925525295498,20,1,0.05,,
GSM4138118,34,2,DC_family,family,0.9373689518655954,86,5,0.05813953488372093,,
GSM4138119,34,2,DC_family,family,0.8781536450931413,27,5,0.18518518518518517,,
GSM4138119,34,3,Mac_IL1B,specific,0.7647939065680138,51,1,0.0196078431372549,,
GSM4138120,34,2,DC_family,family,0.9017279508851681,187,2,0.0106951871657754,,
GSM4138121,34,2,DC_family,family,0.958598056449824,23,3,0.13043478260869565,,
GSM4138121,34,3,Mac_IL1B,specific,0.721373658027457,106,72,0.6792452830188679,0.7786556058359714,0.057281947808514366
GSM4138122,34,2,DC_family,family,0.9288277374423213,160,7,0.04375,,
GSM4138123,34,2,DC_family,family,0.7144573565164865,302,28,0.09271523178807947,0.8700942117201529,0.15563685520366644
GSM4138123,34,3,Mac_IL1B,specific,0.6802449611321616,139,31,0.22302158273381295,0.8918652835571954,0.2116203224250338
GSM4138124,34,2,DC_family,family,0.9643100603498429,137,0,0.0,,
GSM4138125,34,2,DC_family,family,0.7174271365237652,194,6,0.030927835051546393,,
GSM4138125,34,3,Mac_IL1B,specific,0.9310582230539435,23,0,0.0,,
GSM4138126,34,2,DC_family,family,0.9663273240615831,313,7,0.022364217252396165,,
GSM4138127,34,2,DC_family,family,0.7759481165366233,167,30,0.17964071856287425,0.9485624701467676,0.17261435361014432
GSM4138127,34,3,Mac_IL1B,specific,0.7887762958767968,190,97,0.5105263157894737,0.8499913883112878,0.06121509243449108
GSM4138128,34,2,DC_family,family,0.9288277374423213,160,7,0.04375,,
GSM4138129,34,2,DC_family,family,0.8223337877980805,67,8,0.11940298507462686,,
GSM4138129,34,3,Mac_IL1B,specific,0.8462543722365056,69,11,0.15942028985507245,,
GSM4138130,34,2,DC_family,family,0.9276204106747324,231,4,0.017316017316017316,,
GSM4138131,34,2,DC_family,family,0.7221691706756496,258,73,0.28294573643410853,0.7772803587556203,0.05511118807997073
GSM4138131,34,3,Mac_IL1B,specific,0.7251486803760422,163,33,0.20245398773006135,0.9432664263422355,0.21811774596619327
GSM4138132,34,2,DC_family,family,0.9637605268689757,253,1,0.003952569169960474,,
GSM4138133,34,2,DC_family,family,0.7749449706720392,145,49,0.33793103448275863,0.8077837054691597,0.03283873479712052
GSM4138134,34,2,DC_family,family,0.9533026540806749,522,4,0.007662835249042145,,
GSM4138135,34,2,DC_family,family,0.7955296539366051,228,16,0.07017543859649122,0.9515263041969613,0.15599665026035614
GSM4138135,34,3,Mac_IL1B,specific,0.7275327854981714,388,175,0.45103092783505155,0.7699114615871874,0.04237867608901602
GSM4138136,34,2,DC_family,family,0.9472687782043936,273,5,0.018315018315018316,,
GSM4138137,34,2,DC_family,family,0.7843896748202712,261,17,0.06513409961685823,0.9280875819756487,0.14369790715537745
GSM4138137,34,3,Mac_IL1B,specific,0.7449743855985758,305,55,0.18032786885245902,0.9155976603663873,0.17062327476781158
GSM4138138,34,2,DC_family,family,0.9274578989054529,249,4,0.01606425702811245,,
GSM4138139,34,2,DC_family,family,0.7345690247983897,201,25,0.12437810945273632,0.9580669887266693,0.22349796392827959
GSM4138139,34,3,Mac_IL1B,specific,0.7620405355601079,206,102,0.49514563106796117,0.8546232415108339,0.09258270595072604
GSM4138139,34,6,Mast,specific,0.9317843925092446,35,27,0.7714285714285715,0.9732943895543724,0.04150999704512781
GSM4138140,34,2,DC_family,family,0.9428027374748504,276,6,0.021739130434782608,,
GSM4138141,34,2,DC_family,family,0.7287157742405415,209,36,0.1722488038277512,0.8633409239004787,0.13462514965993722
GSM4138141,34,3,Mac_IL1B,specific,0.8533153844461618,49,8,0.16326530612244897,,
GSM4138142,34,2,DC_family,family,0.9502978307872348,307,7,0.02280130293159609,,
GSM4138143,34,2,DC_family,family,0.7882312909623355,95,42,0.4421052631578947,0.84505797805261,0.0568266870902745
GSM4138143,34,3,Mac_IL1B,specific,0.9801179078768616,18,3,0.16666666666666666,,
GSM4138144,34,2,DC_family,family,0.9348385615417953,113,13,0.11504424778761062,,
GSM4138145,34,2,DC_family,family,0.7879321601588312,135,47,0.34814814814814815,0.8785131466771253,0.09058098651829416
GSM4138145,34,3,Mac_IL1B,specific,0.7924367800862875,139,30,0.2158273381294964,0.9472795976060506,0.15484281751976314
GSM4138146,34,2,DC_family,family,0.9176300464056446,168,4,0.023809523809523808,,
GSM4138148,34,2,DC_family,family,0.9549498031008292,56,2,0.03571428571428571,,
GSM4138150,34,2,DC_family,family,0.9645840973383903,68,1,0.014705882352941176,,
GSM4138152,34,2,DC_family,family,0.9291356482601482,150,4,0.02666666666666667,,
GSM4138154,34,2,DC_family,family,0.9212606251092481,132,6,0.045454545454545456,,
GSM4138155,34,2,DC_family,family,0.6540033621563361,149,40,0.2684563758389262,0.8068743487908829,0.1528709866345468
GSM4138155,34,3,Mac_IL1B,specific,0.6398285543203586,245,87,0.3551020408163265,0.7926819532985426,0.15285339897818406
GSM4138156,34,2,DC_family,family,0.9294929632414849,365,7,0.019178082191780823,,
GSM4138157,34,2,DC_family,family,0.9496520025078709,38,10,0.2631578947368421,,
GSM4138157,34,3,Mac_IL1B,specific,0.9081663615699729,35,14,0.4,,
GSM4138158,34,2,DC_family,family,0.9675689606903826,129,3,0.023255813953488372,,
GSM4138159,34,2,DC_family,family,0.9197648568033457,38,12,0.3157894736842105,,
GSM4138159,34,3,Mac_IL1B,specific,0.9138751975170296,36,9,0.25,,
GSM4138160,34,2,DC_family,family,0.9543102688029417,198,2,0.010101010101010102,,
GSM4138161,34,2,DC_family,family,0.7299184314124298,107,34,0.3177570093457944,0.8145444683221073,0.0846260369096774
GSM4138161,34,3,Mac_IL1B,specific,0.7976370566331938,87,24,0.27586206896551724,0.9143416827923283,0.11670462615913446
GSM4138162,34,2,DC_family,family,0.9584295195850405,161,3,0.018633540372670808,,
GSM4138163,34,2,DC_family,family,0.9476012602798775,166,8,0.04819277108433735,,
GSM4138164,34,2,DC_family,family,0.9150724569351901,53,1,0.018867924528301886,,
GSM4138165,34,2,DC_family,family,0.9445744878541817,184,3,0.016304347826086956,,
GSM4138166,34,2,DC_family,family,0.9067601870606035,165,7,0.04242424242424243,,
GSM4138167,34,2,DC_family,family,0.943437954705023,133,7,0.05263157894736842,,
GSM4138110,35,1,DC_pDC,specific,0.902606074456494,526,20,0.03802281368821293,0.9572778716733782,0.0546717972168842
GSM4138111,35,1,DC_pDC,specific,0.7721903500586031,233,51,0.21888412017167383,0.9192969109343105,0.1471065608757074
GSM4138111,35,9,Mast,specific,0.9706281107170167,19,16,0.8421052631578947,0.9494437498589041,-0.021184360858112594
GSM4138112,35,1,DC_pDC,specific,0.8592493940809568,332,26,0.0783132530120482,0.9672228106134714,0.10797341653251458
GSM4138113,35,1,DC_pDC,specific,0.7898220247946659,123,31,0.25203252032520324,0.9372914807810773,0.14746945598641137
GSM4138114,35,1,DC_pDC,specific,0.8814120290123549,313,7,0.022364217252396165,,
GSM4138115,35,1,DC_pDC,specific,0.8233666312313701,64,13,0.203125,,
GSM4138116,35,1,DC_pDC,specific,0.9202425714846678,577,0,0.0,,
GSM4138117,35,1,DC_pDC,specific,0.7136838372653357,226,12,0.05309734513274336,,
GSM4138118,35,1,DC_pDC,specific,0.8684746624335382,268,2,0.007462686567164179,,
GSM4138119,35,1,DC_pDC,specific,0.7239540895553414,65,2,0.03076923076923077,,
GSM4138120,35,1,DC_pDC,specific,0.8441090552747651,562,7,0.012455516014234875,,
GSM4138121,35,1,DC_pDC,specific,0.9055869853897712,57,8,0.14035087719298245,,
GSM4138122,35,1,DC_pDC,specific,0.8819290414724644,494,20,0.04048582995951417,0.9782659584116306,0.09633691693916613
GSM4138123,35,1,DC_pDC,specific,0.7160210252395498,389,30,0.07712082262210797,0.9643121669199598,0.24829114168041
GSM4138124,35,1,DC_pDC,specific,0.9116233269272791,292,1,0.003424657534246575,,
GSM4138125,35,1,DC_pDC,specific,0.7124422300068103,295,7,0.023728813559322035,,
GSM4138126,35,1,DC_pDC,specific,0.9516939851384367,624,2,0.003205128205128205,,
GSM4138127,35,1,DC_pDC,specific,0.7804692755104852,184,23,0.125,0.9625316123945864,0.18206233688410123
GSM4138128,35,1,DC_pDC,specific,0.8819290414724644,494,20,0.04048582995951417,0.9782659584116306,0.09633691693916613
GSM4138129,35,1,DC_pDC,specific,0.7824373722372475,144,22,0.1527777777777778,0.9813970976704769,0.19895972543322937
GSM4138130,35,1,DC_pDC,specific,0.8998011709721365,494,19,0.038461538461538464,0.9639490407838097,0.0641478698116732
GSM4138131,35,1,DC_pDC,specific,0.7346416007934229,463,97,0.20950323974082075,0.9237397910997464,0.18909819030632347
GSM4138132,35,1,DC_pDC,specific,0.9267965381826706,434,3,0.0069124423963133645,,
GSM4138133,35,1,DC_pDC,specific,0.7973880729958316,146,19,0.13013698630136986,0.9777534631838048,0.18036539018797326
GSM4138134,35,1,DC_pDC,specific,0.9310602503441671,850,15,0.01764705882352941,0.9856991785152992,0.05463892817113214
GSM4138135,35,1,DC_pDC,specific,0.7792384345493322,254,14,0.05511811023622047,,
GSM4138136,35,1,DC_pDC,specific,0.8981158765453607,501,4,0.007984031936127744,,
GSM4138137,35,1,DC_pDC,specific,0.7850111115361004,230,10,0.043478260869565216,,
GSM4138138,35,1,DC_pDC,specific,0.8794553619664077,429,11,0.02564102564102564,,
GSM4138139,35,1,DC_pDC,specific,0.7231388655980444,280,17,0.060714285714285714,0.9789125839465902,0.2557737183485458
GSM4138139,35,9,Mast,specific,0.8819663991594889,36,26,0.7222222222222222,0.9723547120006147,0.0903883128411258
GSM4138140,35,1,DC_pDC,specific,0.901516730504453,566,3,0.00530035335689046,,
GSM4138141,35,1,DC_pDC,specific,0.7588582498402807,426,65,0.15258215962441316,0.9227054616127374,0.16384721177245665
GSM4138142,35,1,DC_pDC,specific,0.9079841257732325,556,4,0.007194244604316547,,
GSM4138143,35,1,DC_pDC,specific,0.7434510365104079,258,42,0.16279069767441862,0.9431701989424686,0.19971916243206067
GSM4138144,35,1,DC_pDC,specific,0.8500506396613583,270,5,0.018518518518518517,,
GSM4138145,35,1,DC_pDC,specific,0.7722494907686133,346,38,0.10982658959537572,0.9493652323870115,0.17711574161839827
GSM4138146,35,1,DC_pDC,specific,0.8846989372762676,416,10,0.02403846153846154,,
GSM4138147,35,1,DC_pDC,specific,0.8587730156065294,46,28,0.6086956521739131,0.9551566953896844,0.09638367978315499
GSM4138148,35,1,DC_pDC,specific,0.8491959900379448,163,8,0.049079754601226995,,
GSM4138150,35,1,DC_pDC,specific,0.8966877270258061,173,9,0.05202312138728324,,
GSM4138151,35,1,DC_pDC,specific,0.9719272833769027,27,13,0.48148148148148145,,
GSM4138152,35,1,DC_pDC,specific,0.8462689284698017,443,16,0.03611738148984198,0.992154406195808,0.14588547772600624
GSM4138153,35,1,DC_pDC,specific,0.820837346721019,45,9,0.2,,
GSM4138154,35,1,DC_pDC,specific,0.814812695590035,329,11,0.03343465045592705,,
GSM4138155,35,1,DC_pDC,specific,0.6695543343544528,362,26,0.0718232044198895,0.9572056417501075,0.2876513073956547
GSM4138156,35,1,DC_pDC,specific,0.8784896415868686,698,14,0.02005730659025788,,
GSM4138157,35,1,DC_pDC,specific,0.8196552136874267,78,14,0.1794871794871795,,
GSM4138158,35,1,DC_pDC,specific,0.8866471413552101,224,5,0.022321428571428572,,
GSM4138159,35,1,DC_pDC,specific,0.7858013900987928,68,9,0.1323529411764706,,
GSM4138160,35,1,DC_pDC,specific,0.8520010605754634,447,23,0.05145413870246085,0.980833886723325,0.12883282614786162
GSM4138161,35,1,DC_pDC,specific,0.7533308944031714,255,75,0.29411764705882354,0.924691486463506,0.1713605920603346
GSM4138162,35,1,DC_pDC,specific,0.8822912008204636,453,15,0.033112582781456956,0.9886457791263835,0.10635457830591988
GSM4138163,35,1,DC_pDC,specific,0.8989962529063112,409,16,0.039119804400977995,0.986218353423299,0.08722210051698776
GSM4138164,35,1,DC_pDC,specific,0.8327904044315386,138,4,0.028985507246376812,,
GSM4138165,35,1,DC_pDC,specific,0.8897094348714258,358,5,0.013966480446927373,,
GSM4138166,35,1,DC_pDC,specific,0.8901021387794129,400,6,0.015,,
GSM4138167,35,1,DC_pDC,specific,0.8874717914450465,279,7,0.025089605734767026,,
GSM4138168,35,1,DC_pDC,specific,0.9505465548798788,27,18,0.6666666666666666,0.9533986534279785,0.0028520985480996464
GSM4138169,35,1,DC_pDC,specific,0.9830644954951915,17,5,0.29411764705882354,,
GSM4138170,35,1,DC_pDC,specific,1.0,15,4,0.26666666666666666,,
GSM4138171,35,1,DC_pDC,specific,0.9853860403770444,15,2,0.13333333333333333,,
GSM4138172,35,1,DC_pDC,specific,0.9422612454848202,25,4,0.16,,
