sample,K,gep,n_cells,competition_frac,consensus_frac,mean_GPCI,mean_conflict,ROGUE,baseline_ROGUE,delta_ROGUE,recommendation,contamination_delta
GSM4138110,3,1,628,0.0,0.0015923566878980893,0.24444498476108154,0.05952960053216223,0.9119283262748428,,,ambiguous,
GSM4138110,3,3,21,0.047619047619047616,0.0,-0.40895596851443483,0.17546414684666117,0.9555193703185516,,,ambiguous,
GSM4138110,4,1,628,0.0,0.004777070063694267,0.4608213925404072,0.056891204644287485,0.9119283262748428,,,ambiguous,
GSM4138110,4,3,21,0.09523809523809523,0.0,-0.32747330512134304,0.1709632581794269,0.9555193703185516,,,ambiguous,
GSM4138110,5,1,628,0.0,0.004777070063694267,0.3569505279311012,0.0632385530736358,0.9119283262748428,,,ambiguous,
GSM4138110,5,3,21,0.09523809523809523,0.0,-0.2656059142670599,0.17231085501177254,0.9555193703185516,,,ambiguous,
GSM4138110,6,1,627,0.0,0.02073365231259968,0.27191488376908124,0.06943616752612626,0.9110540960137424,,,ambiguous,
GSM4138110,6,5,20,0.05,0.0,-0.3340009579068793,0.239347437779043,0.9697106021963596,0.9555193703185516,0.014191231877808,tie,0.0
GSM4138110,7,1,625,0.0016,0.016,0.232760060188447,0.07604965835735586,0.9166625949074731,,,no_baseline,
GSM4138110,7,6,20,0.05,0.0,-0.2518325319562398,0.2265251190458395,0.9697106021963596,0.9555193703185516,0.014191231877808,tie,0.0
GSM4138110,8,1,625,0.0016,0.016,0.20274593096183605,0.07808030953011452,0.9166625949074731,,,no_baseline,
GSM4138110,8,6,21,0.09523809523809523,0.0,-0.19322896616881574,0.2010087760232066,0.9555193703185516,0.9555193703185516,0.0,tie,0.0
GSM4138110,9,1,621,0.001610305958132045,0.017713365539452495,0.16454444545970806,0.08406360759033496,0.916596574176536,,,no_baseline,
GSM4138110,9,6,21,0.09523809523809523,0.0,-0.15086529060055576,0.19599504295592407,0.9555193703185516,0.9555193703185516,0.0,tie,0.0
GSM4138110,10,1,463,0.06047516198704104,0.0734341252699784,-0.0046050198255651945,0.14018777494319068,0.9646955391952554,0.9347650824919556,0.0299304567032998,tie,0.0024674473022409
GSM4138110,10,2,157,0.06369426751592357,0.09554140127388536,0.0020648311203495385,0.15201480364322517,0.9189740352638536,0.97761328954427,-0.0586392542804163,less_pure,0.0586392542804163
GSM4138110,10,7,20,0.05,0.0,-0.14777860260266376,0.21263827576983876,0.9697106021963596,0.9555193703185516,0.014191231877808,tie,0.0
GSM4138110,11,1,625,0.0016,0.0176,0.11529250926398135,0.0838270654679191,0.9109487623685144,,,ambiguous,
GSM4138110,11,6,20,0.05,0.0,-0.1563431992984247,0.21121546225879304,0.9697106021963596,0.9555193703185516,0.014191231877808,tie,0.0
GSM4138110,12,1,460,0.06086956521739131,0.07608695652173914,0.0033313896111797727,0.137471003333765,0.9638236131614044,0.9347650824919556,0.0290585306694488,tie,0.0027500790962324
GSM4138110,12,2,161,0.09316770186335403,0.10559006211180125,0.021807962106140513,0.14266964507746588,0.922202846461696,0.97761328954427,-0.0554104430825739,less_pure,0.055410443082574
GSM4138110,12,7,20,0.05,0.0,-0.14818929385745555,0.2247688539348376,0.9697106021963596,0.9555193703185516,0.014191231877808,tie,0.0
GSM4138110,13,1,460,0.06304347826086956,0.0782608695652174,0.008763199601669627,0.13676275164117857,0.9638236131614044,0.9347650824919556,0.0290585306694488,tie,0.0027500790962324
GSM4138110,13,2,161,0.08695652173913043,0.11180124223602485,0.02077639004799186,0.1426509899415447,0.922202846461696,0.97761328954427,-0.0554104430825739,less_pure,0.055410443082574
GSM4138110,13,6,20,0.05,0.0,-0.1260461878673271,0.21686686420263906,0.9697106021963596,0.9555193703185516,0.014191231877808,tie,0.0
GSM4138110,14,1,460,0.06521739130434782,0.08478260869565217,0.007881065504658303,0.1365449280866614,0.9638236131614044,0.9347650824919556,0.0290585306694488,tie,0.0027500790962324
GSM4138110,14,2,161,0.08695652173913043,0.11801242236024845,0.020128553934683675,0.14031289932600388,0.922202846461696,0.97761328954427,-0.0554104430825739,less_pure,0.055410443082574
GSM4138110,14,7,20,0.05,0.0,-0.10957801808717933,0.2072762435765582,0.9697106021963596,0.9555193703185516,0.014191231877808,tie,0.0
GSM4138110,15,1,497,0.026156941649899398,0.06237424547283702,0.06215368476566646,0.11448132749559131,0.937253789097756,,,no_baseline,
GSM4138110,15,2,131,0.05343511450381679,0.08396946564885496,0.02725131668683348,0.13771292390564982,0.9289190928721144,0.97761328954427,-0.0486941966721555,tie,0.0486941966721555
GSM4138110,15,4,21,0.0,0.0,0.051481751213978244,0.09173088948358916,0.9555193703185516,0.9555193703185516,0.0,tie,0.0
GSM4138110,16,1,625,0.0352,0.0944,0.233518931119755,0.043607469467598595,0.9116126366769164,,,ambiguous,
GSM4138110,16,2,22,0.0,0.045454545454545456,-0.008051775303703518,0.12094430400686726,0.958640519336226,,,ambiguous,
GSM4138110,17,1,625,0.0544,0.1808,0.5584019375210162,0.012310190910358213,0.9116126366769164,,,ambiguous,
GSM4138110,17,2,23,0.0,0.043478260869565216,0.14235538981729445,0.0454550599689532,0.957927971353203,0.9555193703185516,0.0024086010346513,tie,-0.0024086010346514
GSM4138110,18,1,625,0.0208,0.0944,0.4595944324539123,0.011181850621900372,0.9116126366769164,,,ambiguous,
GSM4138110,18,2,23,0.0,0.043478260869565216,0.11077773937249204,0.0714793224244439,0.957927971353203,0.9555193703185516,0.0024086010346513,tie,-0.0024086010346514
GSM4138110,19,1,122,0.08196721311475409,0.20491803278688525,0.5109796978307747,0.05624823046896149,0.941125664850768,,,no_baseline,
GSM4138110,19,2,42,0.09523809523809523,0.19047619047619047,0.345886139030637,0.08479082849853192,0.9751074267048492,0.9555193703185516,0.0195880563862975,tie,-0.0195880563862976
GSM4138110,19,3,299,0.07357859531772576,0.23411371237458195,0.5047796871404587,0.048818630238383835,0.9246646211569468,,,ambiguous,
GSM4138110,19,4,184,0.09239130434782608,0.17391304347826086,0.42542313528152775,0.0594166864549222,0.9378017808675172,,,ambiguous,
GSM4138110,20,1,317,0.08201892744479496,0.08201892744479496,0.029072055427520692,0.1209568467964456,0.9821427103081376,0.9347650824919556,0.047377627816182,tie,0.0
GSM4138110,20,2,199,0.1457286432160804,0.1708542713567839,0.031032395412568674,0.12740786198008128,0.9080224799843732,0.9772050463188248,-0.0691825663344515,less_pure,0.0691825663344516
GSM4138110,20,3,113,0.12389380530973451,0.04424778761061947,-0.055071365115321576,0.1687127104971439,0.9664971257805566,0.97761328954427,-0.0111161637637133,tie,0.0111161637637133
GSM4138110,20,8,20,0.05,0.0,-0.08843204687697692,0.17528608598616946,0.9697106021963596,,,ambiguous,
GSM4138110,21,1,318,0.14779874213836477,0.22641509433962265,0.09424686801136224,0.10588188605268903,0.9116591688620462,0.9772050463188248,-0.0655458774567785,less_pure,
GSM4138110,21,2,303,0.10561056105610561,0.08250825082508251,0.03674754010666898,0.1199296972228889,0.9815947992344036,0.9347650824919556,0.046829716742448,tie,
GSM4138110,21,5,20,0.05,0.0,-0.09620979300126349,0.20135859621876953,0.9697106021963596,0.9555193703185516,0.014191231877808,tie,
GSM4138110,22,1,318,0.08490566037735849,0.08490566037735849,0.026419296024140764,0.12165238950827073,0.9821791518985028,0.9347650824919556,0.0474140694065472,tie,
GSM4138110,22,2,192,0.171875,0.16666666666666666,0.01865415059189251,0.13087542590175383,0.903709423778008,0.9772050463188248,-0.0734956225408167,less_pure,
GSM4138110,22,3,112,0.15178571428571427,0.044642857142857144,-0.06130995852666222,0.17180083939779683,0.977919701622262,0.97761328954427,0.000306412077992,tie,
GSM4138110,22,6,20,0.0,0.0,-0.07599369824994458,0.17371758450144964,0.9697106021963596,0.9555193703185516,0.014191231877808,tie,
GSM4138110,23,1,318,0.09433962264150944,0.08176100628930817,0.02447795262381068,0.12236573375541929,0.9843830033277212,0.9347650824919556,0.0496179208357656,tie,
GSM4138110,23,2,192,0.18229166666666666,0.16145833333333334,0.015997017926035077,0.132356275109921,0.9039145607670432,0.9772050463188248,-0.0732904855517815,less_pure,
GSM4138110,23,3,112,0.15178571428571427,0.03571428571428571,-0.05731587637266724,0.1692229682665533,0.977919701622262,0.97761328954427,0.000306412077992,tie,
GSM4138110,23,6,20,0.05,0.0,-0.07411415472056222,0.17473435669791101,0.9697106021963596,0.9555193703185516,0.014191231877808,tie,
GSM4138110,24,1,622,0.008038585209003215,0.13504823151125403,0.3127701226437036,0.034447852741383046,0.9106837920587753,0.97761328954427,-0.0669294974854947,less_pure,
GSM4138110,24,4,20,0.05,0.0,-0.004864377577114635,0.12639497457285134,0.9697106021963596,0.9555193703185516,0.014191231877808,tie,
GSM4138110,25,1,15,0.0,0.06666666666666667,0.2627162286313448,0.07295924191598599,0.9892815618711224,,,ambiguous,
GSM4138110,25,2,164,0.18902439024390244,0.06097560975609756,0.2226639462482812,0.0867704555247207,0.9456510593247244,0.978529942536888,-0.0328788832121635,tie,
GSM4138110,25,3,191,0.1256544502617801,0.16753926701570682,0.29863200515980975,0.0709777094789641,0.8877508748664152,,,ambiguous,
GSM4138110,25,4,214,0.16822429906542055,0.08878504672897196,0.23779878766467044,0.09742645590143614,0.9375606119150752,0.9555193703185516,-0.0179587584034763,tie,
GSM4138110,25,6,47,0.1702127659574468,0.0851063829787234,0.2544150296005051,0.08771303127349046,0.9740415374150612,,,ambiguous,
GSM4138110,26,1,274,0.145985401459854,0.145985401459854,0.07218294686508331,0.08993149001501007,0.8898226440257999,,,ambiguous,
GSM4138110,26,2,250,0.156,0.084,0.06548327167376153,0.09696883652518093,0.9480772308295576,,,ambiguous,
GSM4138110,26,4,103,0.18446601941747573,0.08737864077669903,0.0337462906310945,0.1105139799161451,0.9400277597322144,,,ambiguous,
GSM4138110,27,1,405,0.13580246913580246,0.17777777777777778,0.09622356523201298,0.07913800492154593,0.8981152578857714,,,ambiguous,
GSM4138110,27,11,35,0.17142857142857143,0.0,-0.04631043826488844,0.1641610019270599,0.9595436851670894,,,ambiguous,
GSM4138110,27,3,184,0.21195652173913043,0.07608695652173914,0.051289804968597294,0.10154023232416215,0.9639188837822552,,,ambiguous,
GSM4138110,28,1,629,0.001589825119236884,0.003179650238473768,0.13568630709272012,0.04247454049639634,0.9114773114976726,,,ambiguous,
GSM4138110,29,1,433,0.10161662817551963,0.2471131639722864,0.1952160615006415,0.062130210485203084,0.9015034841428492,,,ambiguous,
GSM4138110,29,2,113,0.035398230088495575,0.26548672566371684,0.21649763303031894,0.04388601159614029,0.9511516286366214,,,ambiguous,
GSM4138110,29,3,51,0.0392156862745098,0.058823529411764705,0.09389906839281026,0.08075610203549778,0.968501457171536,0.978529942536888,-0.0100284853653519,tie,
GSM4138110,30,1,589,0.0933786078098472,0.13582342954159593,0.2957764959288319,0.022808658645367946,0.9126175053890224,,,ambiguous,
GSM4138110,30,2,28,0.03571428571428571,0.10714285714285714,0.24831435828879983,0.026173854841691154,1.0,,,ambiguous,
GSM4138110,30,6,21,0.38095238095238093,0.0,-0.039331886946152896,0.19104245292270738,0.9682768671231304,,,ambiguous,
GSM4138110,31,1,65,0.15384615384615385,0.06153846153846154,0.2306928231833804,0.0635318161494171,0.9735548806561836,0.978529942536888,-0.0049750618807044,tie,
GSM4138110,31,2,208,0.10576923076923077,0.15384615384615385,0.25008188617466864,0.0483572789921323,0.95527444845142,,,ambiguous,
GSM4138110,31,3,227,0.13656387665198239,0.1277533039647577,0.22773666339870002,0.053784388721933876,0.8826319370274078,,,ambiguous,
GSM4138110,31,5,142,0.15492957746478872,0.035211267605633804,0.16991864871848947,0.07749259777351573,0.9172566616579272,,,ambiguous,
GSM4138110,32,1,646,0.09442724458204334,0.16253869969040247,0.13524537867010866,0.052215051782838987,0.9061037200504528,0.9555193703185516,-0.0494156502680988,tie,
GSM4138110,33,1,80,0.175,0.075,0.1701753785274596,0.0661725391209141,0.9839087588006312,,,ambiguous,
GSM4138110,33,2,317,0.14826498422712933,0.12618296529968454,0.1572502649288324,0.06060878424677601,0.8943131613838601,,,ambiguous,
GSM4138110,33,3,239,0.08786610878661087,0.09623430962343096,0.14748663503067783,0.05855295806771196,0.9328298513077836,0.9555193703185516,-0.0226895190107679,tie,
GSM4138110,34,1,441,0.061224489795918366,0.2789115646258503,0.31699467756922356,0.04115526958653631,0.9050623476000128,,,ambiguous,
GSM4138110,34,2,84,0.047619047619047616,0.10714285714285714,0.2581062485240231,0.05448845678537,0.9790876510396048,0.978529942536888,0.0005577085027168,tie,
GSM4138110,34,5,63,0.15873015873015872,0.0,0.06557505324059028,0.11914875953556316,0.9536494670727552,,,ambiguous,
GSM4138110,34,9,52,0.19230769230769232,0.038461538461538464,0.0997741114133732,0.12353460567092155,0.9719975336312162,,,ambiguous,
GSM4138110,35,1,452,0.061946902654867256,0.252212389380531,0.3517291752600195,0.04857879165863631,0.8959293439413938,0.9555193703185516,-0.0595900263771578,less_pure,
GSM4138110,35,2,81,0.06172839506172839,0.12345679012345678,0.31067467967466333,0.051701202995668966,0.958516930707438,,,ambiguous,
GSM4138110,35,3,49,0.04081632653061224,0.12244897959183673,0.2630537450611021,0.050796149938248776,0.976422584205594,,,ambiguous,
GSM4138110,35,5,53,0.16981132075471697,0.0,0.14909987066076572,0.08354639177550544,0.9913740255507332,,,ambiguous,
GSM4138111,3,1,148,0.0945945945945946,0.25,1.4591137517608155,0.0576329377538803,0.7937313677904575,,,ambiguous,
GSM4138111,3,2,162,0.14814814814814814,0.3148148148148148,1.5432043518694103,0.08997574041695026,0.6872974766967419,,,ambiguous,
GSM4138111,3,3,72,0.041666666666666664,0.05555555555555555,0.25890038182943376,0.07403231094104509,0.7401745210894772,,,ambiguous,
GSM4138111,4,1,127,0.10236220472440945,0.1889763779527559,0.9422154633602097,0.06522136739187723,0.7956338605493564,,,ambiguous,
GSM4138111,4,2,179,0.13966480446927373,0.2011173184357542,0.9195661861477109,0.08596180096857203,0.6797673916355189,,,ambiguous,
GSM4138111,4,3,71,0.028169014084507043,0.056338028169014086,0.23390544018362122,0.09912918586322869,0.7677110639005599,,,ambiguous,
GSM4138111,5,1,137,0.0948905109489051,0.2116788321167883,0.7948086608656909,0.06890212968830871,0.7870366832080937,,,ambiguous,
GSM4138111,5,2,139,0.17985611510791366,0.2949640287769784,0.8646125863741295,0.09007037984150197,0.683383729891532,,,ambiguous,
GSM4138111,5,3,71,0.028169014084507043,0.056338028169014086,0.19174962189591743,0.10674921133557867,0.7677110639005599,,,ambiguous,
GSM4138111,5,5,30,0.0,0.1,0.3436126768164995,0.07070735667251395,0.8772200899755831,0.9059125026497904,-0.0286924126742073,tie,0.0286924126742071
GSM4138111,6,1,120,0.125,0.15833333333333333,0.544036141583589,0.07798789105482191,0.8249797611535536,,,ambiguous,
GSM4138111,6,2,142,0.11267605633802817,0.24647887323943662,0.5335645395033255,0.07729019643205044,0.6929328846732705,0.7139188135165719,-0.0209859288433014,tie,0.0225206521222577
GSM4138111,6,3,20,0.2,0.25,0.24440191368278605,0.11847066712342325,0.9091338002589118,0.7348820353100064,0.1742517649489053,purer,0.0
GSM4138111,6,5,63,0.0,0.07936507936507936,0.1705896651387403,0.11347068088894627,0.8921496096643795,0.8980982837036952,-0.0059486740393156,tie,0.0
GSM4138111,6,6,29,0.0,0.10344827586206896,0.2672261738543538,0.07197069974822104,0.876493661763317,0.9059125026497904,-0.0294188408864733,tie,0.0285724574133274
GSM4138111,7,1,125,0.096,0.2,0.47001438992334305,0.08069062356856557,0.8126364816381839,,,no_baseline,
GSM4138111,7,2,65,0.15384615384615385,0.2,0.17880572984527995,0.11037157336268553,0.7985522767019447,0.7139188135165719,0.0846334631853727,purer,0.0262729844319761
GSM4138111,7,3,21,0.2857142857142857,0.19047619047619047,0.11464619397854722,0.1351175713128027,0.9111643394169278,0.7348820353100064,0.1762823041069213,purer,0.0
GSM4138111,7,4,72,0.08333333333333333,0.3194444444444444,0.5259203999478586,0.0682718760891746,0.6910729566112408,,,ambiguous,
GSM4138111,7,6,64,0.0,0.078125,0.2109639619045689,0.08474105876153322,0.8947421105721687,0.8980982837036952,-0.0033561731315264,tie,0.0
GSM4138111,7,7,28,0.0,0.03571428571428571,0.17243184633420516,0.08547427549283894,0.9050661191766444,0.9059125026497904,-0.000846383473146,tie,0.0
GSM4138111,8,1,128,0.09375,0.2109375,0.43827395788424245,0.08028481794900463,0.7818085462619073,,,no_baseline,
GSM4138111,8,2,64,0.109375,0.203125,0.15081464866235525,0.10867652312813188,0.8054061025372734,0.7139188135165719,0.0914872890207014,purer,0.0194191585966474
GSM4138111,8,3,16,0.1875,0.375,0.28618569256140103,0.08658877168216826,0.919421976232868,0.7348820353100064,0.1845399409228616,purer,0.0
GSM4138111,8,4,71,0.08450704225352113,0.352112676056338,0.447073748098908,0.06746169777789002,0.7048259016756835,,,ambiguous,
GSM4138111,8,6,64,0.0,0.078125,0.16891161087204068,0.08837115085166165,0.8947421105721687,0.8980982837036952,-0.0033561731315264,tie,0.0
GSM4138111,8,8,28,0.0,0.03571428571428571,0.19635384598966338,0.08383906459214567,0.9050661191766444,0.9059125026497904,-0.000846383473146,tie,0.0
GSM4138111,9,1,112,0.08035714285714286,0.16964285714285715,0.3383947383373642,0.08276897049207842,0.8283303328153239,,,no_baseline,
GSM4138111,9,2,64,0.125,0.1875,0.1863664029058723,0.09921143232877054,0.7995402764022453,0.7139188135165719,0.0856214628856734,purer,0.0180762710510827
GSM4138111,9,4,78,0.07692307692307693,0.32051282051282054,0.4272866497449242,0.07403289958482108,0.7228005835745206,,,ambiguous,
GSM4138111,9,6,63,0.0,0.06349206349206349,0.11781804341396125,0.09839652912887976,0.8937358526096312,0.8980982837036952,-0.0043624310940639,tie,0.0
GSM4138111,9,9,28,0.0,0.03571428571428571,0.2128927873142517,0.06983160995482016,0.9050661191766444,0.9059125026497904,-0.000846383473146,tie,0.0
GSM4138111,10,1,53,0.07547169811320754,0.41509433962264153,0.29630686835781517,0.08883892740527749,0.9137878662227188,0.8259886433998749,0.0877992228228439,purer,0.0100476473800631
GSM4138111,10,10,28,0.0,0.07142857142857142,0.20731218699785178,0.06583383850157756,0.9050661191766444,0.9059125026497904,-0.000846383473146,tie,0.0
GSM4138111,10,2,46,0.06521739130434782,0.2391304347826087,0.11785001431113917,0.1445828671594957,0.8998732598878716,0.891739170315181,0.0081340895726905,tie,0.0094690630059374
GSM4138111,10,3,65,0.046153846153846156,0.27692307692307694,0.17601474059406708,0.09956926270695467,0.8003291879787784,0.7139188135165719,0.0864103744622064,purer,0.0194437521252118
GSM4138111,10,6,86,0.023255813953488372,0.45348837209302323,0.46631280276439574,0.0717657690919499,0.7287151232234346,,,ambiguous,
GSM4138111,10,7,64,0.0,0.109375,0.15830079655933751,0.09756883457279672,0.8970584604838131,0.8980982837036952,-0.001039823219882,tie,0.0
GSM4138111,11,1,127,0.06299212598425197,0.25196850393700787,0.294809129272899,0.07936553161428911,0.8073855178040594,,,ambiguous,
GSM4138111,11,10,28,0.0,0.07142857142857142,0.20206059168447596,0.057521655223974386,0.9050661191766444,0.9059125026497904,-0.000846383473146,tie,0.0
GSM4138111,11,2,59,0.13559322033898305,0.2033898305084746,0.1434367946488128,0.0967301126359046,0.8109318576584398,0.7139188135165719,0.0970130441418678,purer,0.0050658019008921
GSM4138111,11,5,69,0.13043478260869565,0.30434782608695654,0.38279700185115517,0.07264170749822396,0.7282007715829016,,,ambiguous,
GSM4138111,11,6,63,0.0,0.07936507936507936,0.10663776213387734,0.10492664875629325,0.8937358526096312,0.8980982837036952,-0.0043624310940639,tie,0.0
GSM4138111,12,1,53,0.09433962264150944,0.4339622641509434,0.2677025471188913,0.08569945755603198,0.8859511733910015,0.8259886433998749,0.0599625299911266,purer,-0.0071858154428696
GSM4138111,12,11,28,0.0,0.07142857142857142,0.17938279354578102,0.061418095709962546,0.9050661191766444,0.9059125026497904,-0.000846383473146,tie,0.0
GSM4138111,12,2,47,0.06382978723404255,0.2127659574468085,0.13279210230002225,0.1250764307721845,0.8863581359224489,0.891739170315181,-0.005381034392732,tie,0.02298418697136
GSM4138111,12,3,67,0.05970149253731343,0.2835820895522388,0.14820349681652298,0.09972152633831749,0.7916917692613848,0.7139188135165719,0.0777729557448129,purer,0.0280811708426054
GSM4138111,12,4,15,0.06666666666666667,0.3333333333333333,0.25503437686285163,0.09108948509789516,0.9138229407468664,0.7348820353100064,0.17894090543686,purer,0.0
GSM4138111,12,5,84,0.047619047619047616,0.4523809523809524,0.40852977865841467,0.07213940131873608,0.7336139091041234,,,ambiguous,
GSM4138111,12,7,64,0.0,0.09375,0.1315634965915869,0.09653312427167535,0.8970584604838131,0.8980982837036952,-0.001039823219882,tie,0.0
GSM4138111,13,1,50,0.08,0.42,0.2567982932729066,0.08080177408467072,0.8835545445269479,0.8259886433998749,0.057565901127073,purer,-0.0047891865788161
GSM4138111,13,11,28,0.0,0.07142857142857142,0.1752594240859077,0.060810646688717676,0.9050661191766444,0.9059125026497904,-0.000846383473146,tie,0.0
GSM4138111,13,2,47,0.06382978723404255,0.19148936170212766,0.12255291308474495,0.12517536307487415,0.8863581359224489,0.891739170315181,-0.005381034392732,tie,0.02298418697136
GSM4138111,13,3,77,0.06493506493506493,0.3246753246753247,0.15248970863015016,0.09854551423628341,0.8052502457668066,0.7139188135165719,0.0913314322502346,purer,0.0276012740243631
GSM4138111,13,5,83,0.024096385542168676,0.4819277108433735,0.3893782803545506,0.07181000170269006,0.7344999366425704,,,ambiguous,
GSM4138111,13,6,64,0.0,0.109375,0.11975608075477745,0.0977876354557223,0.8970584604838131,0.8980982837036952,-0.001039823219882,tie,0.0
GSM4138111,14,1,51,0.058823529411764705,0.4117647058823529,0.2323640466703028,0.08295847741134499,0.8790383290658708,0.8259886433998749,0.0530496856659958,purer,-0.000975322220251
GSM4138111,14,12,29,0.0,0.10344827586206896,0.16909235782481816,0.06429927696607889,0.876493661763317,0.9059125026497904,-0.0294188408864733,tie,0.0285724574133274
GSM4138111,14,2,47,0.06382978723404255,0.2127659574468085,0.14199330096823665,0.1282543924451284,0.87507637671568,0.891739170315181,-0.016662793599501,tie,0.034265946178129
GSM4138111,14,3,54,0.037037037037037035,0.37037037037037035,0.179365064259529,0.09099947508732499,0.833659577353786,0.7139188135165719,0.1197407638372141,purer,-0.0030956039474669
GSM4138111,14,5,19,0.05263157894736842,0.5263157894736842,0.2173015830750289,0.09543305401719782,0.9715023217374776,,,ambiguous,
GSM4138111,14,6,85,0.023529411764705882,0.5058823529411764,0.369326094479989,0.07263475113545428,0.7224753197870872,,,ambiguous,
GSM4138111,14,7,65,0.0,0.12307692307692308,0.11571184112858919,0.09848905620848354,0.8960059329860938,0.8980982837036952,-0.0020923507176013,tie,0.0010525274977193
GSM4138111,15,1,122,0.03278688524590164,0.5901639344262295,0.5691271356991118,0.05354228857176844,0.773416602598239,,,no_baseline,
GSM4138111,15,10,30,0.0,0.1,0.1712780184498481,0.06759373616901636,0.8772200899755831,0.9059125026497904,-0.0286924126742073,tie,0.0286924126742071
GSM4138111,15,2,87,0.022988505747126436,0.5632183908045977,0.5734452469378761,0.07884868640268448,0.76385589541915,0.891739170315181,-0.127883274896031,less_pure,0.127883274896031
GSM4138111,15,3,25,0.0,0.8,0.7822626538145336,0.04432251657176327,0.9020788138197636,,,ambiguous,
GSM4138111,15,4,71,0.028169014084507043,0.18309859154929578,0.1640971199017276,0.10359561070915019,0.898958625160936,0.8980982837036952,0.0008603414572408,tie,-0.0017000383014129
GSM4138111,15,8,17,0.058823529411764705,0.47058823529411764,0.533808864078115,0.03533137598495209,0.8612226703829133,0.7139188135165719,0.1473038568663414,purer,0.0
GSM4138111,16,1,274,0.08759124087591241,0.28102189781021897,0.3215471298454083,0.044245377777128454,0.703687980420933,,,ambiguous,
GSM4138111,16,2,32,0.1875,0.0625,0.003092831953959204,0.1708397532826445,0.9235173489195422,,,ambiguous,
GSM4138111,16,4,39,0.10256410256410256,0.05128205128205128,-0.02291557109695262,0.16476786398943336,0.7055408889903342,,,ambiguous,
GSM4138111,16,5,19,0.3684210526315789,0.0,-0.14763879322091297,0.25192509216103603,0.9776396373839984,0.9059125026497904,0.071727134734208,purer,0.0
GSM4138111,17,1,273,0.13186813186813187,0.4249084249084249,0.6101624325016171,0.018168063765300505,0.7033283095234525,,,ambiguous,
GSM4138111,17,2,75,0.06666666666666667,0.05333333333333334,0.17468524309314112,0.09575880152217447,0.7585732705976863,0.8980982837036952,-0.1395250131060088,less_pure,0.167755042194404
GSM4138111,17,4,24,0.2916666666666667,0.0,-0.05096181950974762,0.14783121521617512,0.9777467774819784,0.9059125026497904,0.0718342748321879,purer,0.0
GSM4138111,18,1,275,0.06545454545454546,0.31636363636363635,0.5051035530745741,0.011986755348392532,0.7112116343796204,,,ambiguous,
GSM4138111,18,2,53,0.1320754716981132,0.05660377358490566,0.051318445561357125,0.22511461928500687,0.726245334007056,0.8980982837036952,-0.1718529496966391,less_pure,0.1825473153031684
GSM4138111,18,3,21,0.47619047619047616,0.0,-0.13081772132338468,0.21981404429215393,0.9783986715882724,0.9059125026497904,0.072486168938482,purer,0.0
GSM4138111,18,5,22,0.3181818181818182,0.0,-0.25513281674127,0.43465995232628907,0.963595514687048,,,ambiguous,
GSM4138111,19,1,18,0.16666666666666666,0.3333333333333333,0.4936190128256124,0.05180613413929176,0.9815858887964104,,,no_baseline,
GSM4138111,19,10,29,0.0,0.034482758620689655,0.07196988185991403,0.11089659844377465,0.876493661763317,0.9059125026497904,-0.0294188408864733,tie,0.0285724574133274
GSM4138111,19,2,99,0.030303030303030304,0.20202020202020202,0.3311849042103078,0.07896509600582545,0.8082554378275997,0.8980982837036952,-0.0898428458760954,less_pure,0.0898428458760954
GSM4138111,19,3,97,0.08247422680412371,0.5876288659793815,0.7843688285185204,0.03780844555718653,0.7628099892196228,,,ambiguous,
GSM4138111,19,4,79,0.20253164556962025,0.35443037974683544,0.4508006641005449,0.0648961874729093,0.7663808457465211,,,ambiguous,
GSM4138111,19,5,31,0.25806451612903225,0.3870967741935484,0.4998952612058814,0.06295269409146195,0.745925888203504,0.7139188135165719,0.032007074686932,tie,0.0111571486654522
GSM4138111,19,7,17,0.4117647058823529,0.17647058823529413,0.23034583469205241,0.08788085570729716,0.9296863377800996,,,ambiguous,
GSM4138111,20,1,29,0.10344827586206896,0.3103448275862069,0.10523258152062916,0.09891563218208779,0.8817332444296805,0.8259886433998749,0.0557446010298056,purer,0.015927184489181
GSM4138111,20,11,15,0.0,0.3333333333333333,0.20715202723761342,0.06981171084527746,0.7795758304461559,0.7139188135165719,0.0656570169295839,purer,0.0
GSM4138111,20,13,29,0.0,0.06896551724137931,0.11955742149397026,0.0594189693591835,0.9059125026497904,0.9059125026497904,0.0,tie,0.0
GSM4138111,20,2,83,0.024096385542168676,0.5421686746987951,0.2685735263230853,0.0785397243223909,0.816848023262245,0.94454824991462,-0.127700226652375,less_pure,0.149476475584476
GSM4138111,20,3,36,0.08333333333333333,0.2222222222222222,0.03371618077758557,0.13166999762717638,0.9206457999414346,0.891739170315181,0.0289066296262535,tie,-0.0113034770476255
GSM4138111,20,4,17,0.058823529411764705,0.5294117647058824,0.23359459430229013,0.08845555526298308,0.8976404713768388,0.7348820353100064,0.1627584360668323,purer,0.0
GSM4138111,20,6,65,0.046153846153846156,0.6,0.2949316985032177,0.07215497850513723,0.735220932675889,,,ambiguous,
GSM4138111,20,7,28,0.03571428571428571,0.39285714285714285,0.14271408919227493,0.1123729328002222,0.9421729141564512,0.7139188135165719,0.2282541006398792,purer,0.0
GSM4138111,20,8,57,0.14035087719298245,0.07017543859649122,-0.05097115414882196,0.1751734750950723,0.9492311765503008,,,ambiguous,
GSM4138111,21,1,108,0.10185185185185185,0.42592592592592593,0.23289390174156385,0.0836355089243301,0.827821652179185,0.94454824991462,-0.116726597735435,less_pure,
GSM4138111,21,10,20,0.15,0.2,0.019743051270184064,0.1320080473614139,0.9750025144305824,0.7139188135165719,0.2610837009140104,purer,
GSM4138111,21,16,28,0.0,0.07142857142857142,0.12563143914065603,0.053196530790091526,0.9050661191766444,0.9059125026497904,-0.000846383473146,tie,
GSM4138111,21,2,30,0.2,0.23333333333333334,0.10628741849571542,0.09983430479311549,0.8822670765104086,0.8259886433998749,0.0562784331105337,purer,
GSM4138111,21,3,15,0.2,0.3333333333333333,0.16592584432454419,0.09540100121584322,0.9163641333151296,0.7348820353100064,0.1814820980051231,purer,
GSM4138111,21,4,17,0.058823529411764705,0.4117647058823529,0.13513490125818298,0.09132258593375778,0.9433771233153594,,,ambiguous,
GSM4138111,21,5,66,0.0,0.12121212121212122,0.10767168550196711,0.09775717825168924,0.9410196367658644,0.8980982837036952,0.0429213530621692,tie,
GSM4138111,21,7,54,0.07407407407407407,0.5,0.2813949032580327,0.07849765765211421,0.7485292890765616,,,ambiguous,
GSM4138111,22,1,30,0.1,0.3,0.12208308017985853,0.09569186667149317,0.8819744366030925,0.8259886433998749,0.0559857932032176,purer,
GSM4138111,22,10,20,0.2,0.2,0.023124969174978516,0.12946059659216094,0.9750025144305824,0.7139188135165719,0.2610837009140104,purer,
GSM4138111,22,16,28,0.0,0.07142857142857142,0.11983585101821008,0.05604046087689973,0.9050661191766444,0.9059125026497904,-0.000846383473146,tie,
GSM4138111,22,2,68,0.08823529411764706,0.5441176470588235,0.26370206689687736,0.08287783502400538,0.8692170941529939,0.94454824991462,-0.0753311557616261,less_pure,
GSM4138111,22,3,35,0.11428571428571428,0.11428571428571428,-0.013492906827102904,0.14541121806928264,0.9685107787701348,0.891739170315181,0.0767716084549537,purer,
GSM4138111,22,4,16,0.0625,0.4375,0.16408184837296755,0.09343704187186418,0.9173767534594924,0.7348820353100064,0.182494718149486,purer,
GSM4138111,22,5,17,0.058823529411764705,0.47058823529411764,0.11581990525999927,0.09589519106306295,0.9567213350879248,,,ambiguous,
GSM4138111,22,6,67,0.0,0.14925373134328357,0.10448401377180977,0.09278578562499862,0.9285703659121162,0.8980982837036952,0.030472082208421,tie,
GSM4138111,22,9,56,0.017857142857142856,0.6071428571428571,0.27045217289864637,0.07468455036162161,0.7716925800329008,,,ambiguous,
GSM4138111,23,1,27,0.1111111111111111,0.37037037037037035,0.12069636088306393,0.09505849800077798,0.9044814899722026,0.8259886433998749,0.0784928465723276,purer,
GSM4138111,23,10,20,0.2,0.2,0.02090937860247778,0.12739246855106862,0.9750025144305824,0.7139188135165719,0.2610837009140104,purer,
GSM4138111,23,17,28,0.0,0.07142857142857142,0.11518221895070858,0.05914937271295506,0.9050661191766444,0.9059125026497904,-0.000846383473146,tie,
GSM4138111,23,2,70,0.05714285714285714,0.5285714285714286,0.23918249212898154,0.08671938368582262,0.8723076785731994,0.94454824991462,-0.0722405713414207,less_pure,
GSM4138111,23,3,34,0.11764705882352941,0.11764705882352941,-0.008003484463057157,0.14362365905111835,0.9678586209876202,0.891739170315181,0.0761194506724391,purer,
GSM4138111,23,4,15,0.06666666666666667,0.4,0.177279009037344,0.09340541131107187,0.9402474386223946,0.7348820353100064,0.2053654033123881,purer,
GSM4138111,23,6,67,0.0,0.14925373134328357,0.10149260518349633,0.09303563656298577,0.9285703659121162,0.8980982837036952,0.030472082208421,tie,
GSM4138111,23,8,56,0.03571428571428571,0.5892857142857143,0.2616384067112747,0.07529250279952193,0.7716925800329008,,,ambiguous,
GSM4138111,24,1,195,0.1282051282051282,0.4512820512820513,0.5023020072084019,0.04194908871503172,0.7438838815239219,0.891739170315181,-0.1478552887912591,less_pure,
GSM4138111,24,10,29,0.034482758620689655,0.034482758620689655,0.14364774157931265,0.047309855581414026,0.876493661763317,,,ambiguous,
GSM4138111,24,2,43,0.32558139534883723,0.3023255813953488,0.2818725478011148,0.06939850557736955,0.8154257458599979,,,ambiguous,
GSM4138111,24,3,19,0.15789473684210525,0.3157894736842105,0.40813925730383155,0.039653137414033,0.9306639768920756,,,ambiguous,
GSM4138111,24,4,65,0.03076923076923077,0.03076923076923077,0.06431047678132223,0.11698971795313229,0.9269964673952712,0.8980982837036952,0.028898183691576,tie,
GSM4138111,25,14,20,0.4,0.0,-0.17939147359518043,0.30077350521440965,0.9612814069506188,,,ambiguous,
GSM4138111,25,2,107,0.1308411214953271,0.4672897196261682,0.5505806208159479,0.05484238669354643,0.7596753891634573,0.7139188135165719,0.0457565756468854,tie,
GSM4138111,25,3,94,0.06382978723404255,0.6276595744680851,0.6523172008209975,0.04661581366790776,0.7908857471307154,,,ambiguous,
GSM4138111,25,4,72,0.2777777777777778,0.125,0.11644912858736427,0.16673965306686359,0.8907263137578776,0.8980982837036952,-0.0073719699458175,tie,
GSM4138111,25,5,15,0.06666666666666667,0.3333333333333333,0.35874349207085465,0.044474053181060375,0.9656900361250892,,,no_baseline,
GSM4138111,25,6,25,0.2,0.08,0.18191137243262706,0.11018392210997968,0.9137133289470633,,,ambiguous,
GSM4138111,25,7,30,0.06666666666666667,0.0,0.07020898292110336,0.05422175769711311,0.8772200899755831,0.9059125026497904,-0.0286924126742073,tie,
GSM4138111,26,1,173,0.12138728323699421,0.44508670520231214,0.19935447303082718,0.06810073887024191,0.7205552498043674,,,ambiguous,
GSM4138111,26,2,57,0.10526315789473684,0.22807017543859648,0.07236544230748239,0.11714281276274618,0.8578465218525142,,,ambiguous,
GSM4138111,26,4,102,0.23529411764705882,0.28431372549019607,0.10027226155620611,0.09568855967872708,0.7558475285173083,,,ambiguous,
GSM4138111,26,5,30,0.0,0.0,0.0460420118571135,0.08014745275728688,0.8772200899755831,0.9059125026497904,-0.0286924126742073,tie,
GSM4138111,27,1,240,0.1125,0.4708333333333333,0.20081986120788528,0.06087554523784214,0.7211614602162109,,,ambiguous,
GSM4138111,27,3,42,0.23809523809523808,0.2857142857142857,0.0938722276274359,0.1027718091101749,0.908547321955852,,,ambiguous,
GSM4138111,27,4,30,0.0,0.0,0.04537884531925448,0.053716451793473716,0.8772200899755831,0.9059125026497904,-0.0286924126742073,tie,
GSM4138111,27,8,29,0.10344827586206896,0.20689655172413793,0.09153483323804368,0.09965745855168676,0.906358365563374,,,ambiguous,
GSM4138111,28,1,264,0.045454545454545456,0.4318181818181818,0.3725063590601679,0.02554292182064872,0.7033548022529357,,,ambiguous,
GSM4138111,28,10,27,0.037037037037037035,0.07407407407407407,0.054454217278413895,0.09564410011387642,0.9358383956802732,,,ambiguous,
GSM4138111,28,2,15,0.0,0.2,0.1785206911033398,0.0726722629759098,0.941206141362841,0.7139188135165719,0.227287327846269,purer,
GSM4138111,28,4,36,0.25,0.05555555555555555,0.029925012166393063,0.1357905125310083,0.9629570488230076,,,ambiguous,
GSM4138111,28,9,24,0.4166666666666667,0.0,-0.046349062782305606,0.16938346643942148,0.9504023414207036,,,ambiguous,
GSM4138111,29,1,156,0.1282051282051282,0.5641025641025641,0.3213543228443969,0.05559348535251182,0.7542115907017827,,,ambiguous,
GSM4138111,29,12,38,0.42105263157894735,0.0,-0.07183104064488173,0.17552580860859593,0.9520749497527596,,,ambiguous,
GSM4138111,29,2,39,0.10256410256410256,0.5128205128205128,0.3505643963540142,0.0481842019936975,0.8373500850152752,,,ambiguous,
GSM4138111,29,3,77,0.14285714285714285,0.14285714285714285,0.09305992375839904,0.08949260620457437,0.746576898651078,0.7139188135165719,0.032658085134506,tie,
GSM4138111,29,9,30,0.0,0.0,0.06788029682519452,0.07217835160174317,0.8772200899755831,,,ambiguous,
GSM4138111,30,1,228,0.21929824561403508,0.38596491228070173,0.35099119547358626,0.034766852094295614,0.7085263512863207,,,ambiguous,
GSM4138111,30,2,33,0.2727272727272727,0.42424242424242425,0.380196076284171,0.029990822653576422,0.8209473472485875,,,ambiguous,
GSM4138111,30,5,18,0.16666666666666666,0.0,-0.00691712056690413,0.15164894882717872,0.9788876267029504,,,ambiguous,
GSM4138111,30,6,68,0.29411764705882354,0.08823529411764706,0.08491736348947962,0.10343505432238521,0.8201725075451367,,,ambiguous,
GSM4138111,31,1,44,0.06818181818181818,0.6136363636363636,0.5548242859425453,0.03117969176463302,0.7884093860967029,0.7139188135165719,0.0744905725801309,purer,
GSM4138111,31,2,53,0.2830188679245283,0.39622641509433965,0.30660753979460303,0.058079156256294354,0.7767886906459127,,,ambiguous,
GSM4138111,31,3,174,0.10344827586206896,0.5517241379310345,0.42790328751155315,0.03419369853382981,0.7766417408799292,,,ambiguous,
GSM4138111,31,5,63,0.15873015873015872,0.20634920634920634,0.13940121301630498,0.10683697123703391,0.8744776995705692,,,ambiguous,
GSM4138111,31,7,27,0.07407407407407407,0.0,0.01513447920581397,0.11974168495066592,0.872494775074525,0.9059125026497904,-0.0334177275752654,tie,
GSM4138111,32,1,336,0.10416666666666667,0.35714285714285715,0.19393985608752762,0.05066228541019528,0.7040411301811786,0.8980982837036952,-0.1940571535225165,less_pure,
GSM4138111,33,1,60,0.08333333333333333,0.5,0.32690704655598146,0.044016332428263215,0.7769543821957062,,,ambiguous,
GSM4138111,33,10,27,0.14814814814814814,0.037037037037037035,0.0024393708667721542,0.12463339924777406,0.8733823930161899,,,ambiguous,
GSM4138111,33,2,221,0.06334841628959276,0.45701357466063347,0.26897034994713936,0.055513352756341804,0.7244537651047254,,,ambiguous,
GSM4138111,33,3,58,0.27586206896551724,0.25862068965517243,0.1220449391639957,0.12049657516519131,0.871859756275257,0.8980982837036952,-0.0262385274284381,tie,
GSM4138111,34,1,199,0.09547738693467336,0.5125628140703518,0.4043012173687933,0.04421688486768972,0.7760816943417078,,,ambiguous,
GSM4138111,34,2,53,0.1509433962264151,0.5849056603773585,0.5167235284290617,0.0420791964963358,0.7953089803457987,0.7139188135165719,0.0813901668292267,purer,
GSM4138111,34,3,15,0.06666666666666667,0.06666666666666667,0.29338763196005646,0.04101184184956384,1.0,,,no_baseline,
GSM4138111,34,5,49,0.2653061224489796,0.02040816326530612,0.07342175159692453,0.1531846440816698,0.8176370045025159,,,ambiguous,
GSM4138111,34,6,17,0.058823529411764705,0.0,0.028516304945227663,0.1253777914089638,0.9584239805784904,0.9059125026497904,0.0525114779287,purer,
GSM4138111,34,9,18,0.6111111111111112,0.0,-0.04492565377946938,0.20442639345232455,0.9797490891374716,,,ambiguous,
GSM4138111,35,1,191,0.1256544502617801,0.387434554973822,0.36191112668680675,0.06650578370298732,0.7822938623046839,0.8980982837036952,-0.1158044213990112,less_pure,
GSM4138111,35,18,37,0.40540540540540543,0.0,0.07536092687988773,0.14724832817045172,0.9319152077783406,,,ambiguous,
GSM4138111,35,2,56,0.16071428571428573,0.5357142857142857,0.5598393557968275,0.043716417086627234,0.7838642537313353,,,ambiguous,
GSM4138111,35,5,20,0.4,0.2,0.24465890621783645,0.07871920976341899,0.9705932917958466,,,ambiguous,
GSM4138111,35,9,16,0.1875,0.0,0.05311368629590982,0.1316175356387247,0.949443749858904,0.9059125026497904,0.0435312472091136,tie,
GSM4138112,3,1,355,0.0028169014084507044,0.005633802816901409,0.33307508077624026,0.06194115129191029,0.8908101549354115,,,ambiguous,
GSM4138112,3,3,25,0.0,0.0,-0.36407569144948293,0.16915675909570127,0.967040984007868,,,ambiguous,
GSM4138112,4,1,354,0.002824858757062147,0.011299435028248588,0.3651744093261012,0.07683489726150378,0.8964559322265603,,,ambiguous,
GSM4138112,4,3,25,0.0,0.0,-0.3441718399043106,0.19686826903558743,0.967040984007868,,,ambiguous,
GSM4138112,5,1,354,0.002824858757062147,0.011299435028248588,0.2920803799012657,0.07760930639027783,0.8964559322265603,,,ambiguous,
GSM4138112,5,3,25,0.0,0.0,-0.25046213737983813,0.19478713490816968,0.967040984007868,,,ambiguous,
GSM4138112,6,1,353,0.0028328611898017,0.019830028328611898,0.2437644259066486,0.08117386590247387,0.8954083411534985,,,ambiguous,
GSM4138112,6,5,25,0.04,0.04,-0.2632725138160875,0.22881260596019154,0.967040984007868,0.9672228106134714,-0.0001818266056033,tie,0.0
GSM4138112,7,1,349,0.008595988538681949,0.02005730659025788,0.2033697580104799,0.08602657672478416,0.9047463027850868,,,no_baseline,
GSM4138112,7,6,25,0.0,0.08,-0.17921051874010485,0.2279685063305554,0.967040984007868,0.9672228106134714,-0.0001818266056033,tie,0.0
GSM4138112,8,1,349,0.0057306590257879654,0.022922636103151862,0.17773540387054748,0.08536055447850992,0.9047463027850868,,,no_baseline,
GSM4138112,8,6,25,0.0,0.08,-0.15462720701407337,0.2258427623815194,0.967040984007868,0.9672228106134714,-0.0001818266056033,tie,0.0
GSM4138112,9,1,349,0.0057306590257879654,0.025787965616045846,0.16037162186133408,0.08472117135069611,0.9047463027850868,,,no_baseline,
GSM4138112,9,6,25,0.0,0.08,-0.1187503805337004,0.21910714638816056,0.967040984007868,0.9672228106134714,-0.0001818266056033,tie,0.0
GSM4138112,10,1,185,0.03783783783783784,0.032432432432432434,-0.08950705720813382,0.16450665136308268,0.956065604291944,0.919079365211798,0.0369862390801459,tie,0.0342239928085986
GSM4138112,10,2,164,0.042682926829268296,0.10975609756097561,0.042515913430942014,0.1277845455623919,0.915962741039282,0.9618001923997428,-0.0458374513604608,tie,0.045837451360461
GSM4138112,10,7,25,0.0,0.08,-0.15692778089077453,0.2314901326245214,0.967040984007868,0.9672228106134714,-0.0001818266056033,tie,0.0
GSM4138112,11,1,352,0.005681818181818182,0.02556818181818182,0.09579037446397347,0.08797805421822529,0.8960687168604251,,,ambiguous,
GSM4138112,11,6,25,0.0,0.08,-0.11736593764962024,0.22052304013061236,0.967040984007868,0.9672228106134714,-0.0001818266056033,tie,0.0
GSM4138112,12,1,184,0.043478260869565216,0.03804347826086957,-0.05953302231632603,0.1602590342933777,0.9587812895740636,0.919079365211798,0.0397019243622656,tie,0.0315083075264792
GSM4138112,12,2,165,0.06060606060606061,0.10303030303030303,0.05422646412419759,0.11695712512146846,0.914159614990162,0.9618001923997428,-0.0476405774095808,tie,0.0476405774095809
GSM4138112,12,7,25,0.0,0.08,-0.1392870235364817,0.23596347053669534,0.967040984007868,0.9672228106134714,-0.0001818266056033,tie,0.0
GSM4138112,13,1,184,0.03804347826086957,0.03260869565217391,-0.05079503768217482,0.1568293741385806,0.9587812895740636,0.919079365211798,0.0397019243622656,tie,0.0315083075264792
GSM4138112,13,2,165,0.06060606060606061,0.10909090909090909,0.05227092280563436,0.11894075591689111,0.914159614990162,0.9618001923997428,-0.0476405774095808,tie,0.0476405774095809
GSM4138112,13,6,25,0.0,0.08,-0.10329882699387032,0.2174699156560088,0.967040984007868,0.9672228106134714,-0.0001818266056033,tie,0.0
GSM4138112,14,1,185,0.04864864864864865,0.032432432432432434,-0.050730768164866796,0.1574468631302883,0.956065604291944,0.919079365211798,0.0369862390801459,tie,0.0342239928085986
GSM4138112,14,2,163,0.06748466257668712,0.09202453987730061,0.04365416891304958,0.11859764543755152,0.9199645630310206,0.9618001923997428,-0.0418356293687222,tie,0.0418356293687223
GSM4138112,14,7,25,0.0,0.08,-0.06731233133638964,0.1960332722837188,0.967040984007868,0.9672228106134714,-0.0001818266056033,tie,0.0
GSM4138112,15,1,213,0.028169014084507043,0.07981220657276995,0.024015440643610504,0.1308232448013521,0.9053774449654513,,,no_baseline,
GSM4138112,15,2,141,0.06382978723404255,0.11347517730496454,0.039971450248562725,0.13226329658409147,0.9174183963292616,0.9618001923997428,-0.0443817960704812,tie,0.0443817960704813
GSM4138112,15,4,26,0.0,0.11538461538461539,0.0973510333855297,0.08914957011903701,0.9672228106134714,0.9672228106134714,0.0,tie,0.0
GSM4138112,16,1,353,0.07365439093484419,0.1388101983002833,0.24242765748966943,0.0475052408241674,0.8911251844670601,,,ambiguous,
GSM4138112,16,2,27,0.037037037037037035,0.037037037037037035,0.030857574022426303,0.11531207011399792,0.9602570049670208,,,ambiguous,
GSM4138112,17,1,353,0.12181303116147309,0.21813031161473087,0.5781867792109816,0.014979188102189003,0.8911251844670601,,,ambiguous,
GSM4138112,17,2,27,0.0,0.037037037037037035,0.13372328189041444,0.05423810614874229,0.9602570049670208,0.9672228106134714,-0.0069658056464505,tie,0.0069658056464505
GSM4138112,18,1,354,0.03672316384180791,0.1751412429378531,0.48685764156937256,0.01021964901321344,0.89109398562983,,,ambiguous,
GSM4138112,18,2,25,0.04,0.0,0.10198731980450462,0.11217289559971533,0.9612668359988714,0.9672228106134714,-0.0059559746145999,tie,0.0
GSM4138112,19,1,94,0.07446808510638298,0.2127659574468085,0.47669970928670813,0.05839116410187607,0.9144675784376712,,,no_baseline,
GSM4138112,19,2,39,0.07692307692307693,0.1282051282051282,0.19163885208561415,0.10399464414012694,0.9319754859049976,0.9672228106134714,-0.0352473247084738,tie,0.0352473247084736
GSM4138112,19,3,179,0.0670391061452514,0.3575418994413408,0.5432524595426171,0.04484357565720536,0.8980289083081134,,,ambiguous,
GSM4138112,19,4,65,0.1076923076923077,0.18461538461538463,0.4056805118363446,0.054384831071691,0.920364567188719,,,ambiguous,
GSM4138112,20,1,153,0.10457516339869281,0.11764705882352941,-0.0038622662871032392,0.13492541540306086,0.9866611022481244,0.919079365211798,0.0675817370363264,purer,0.0
GSM4138112,20,2,69,0.14492753623188406,0.18840579710144928,0.019367090548753272,0.13896077381929092,0.8815752265192545,0.9670038724911084,-0.0854286459718539,less_pure,0.0854286459718538
GSM4138112,20,3,132,0.09090909090909091,0.05303030303030303,-0.03158477369836307,0.14685108964719085,0.9453885703305626,0.9618001923997428,-0.0164116220691802,tie,0.0164116220691803
GSM4138112,20,8,23,0.13043478260869565,0.0,-0.1185697084917906,0.21945409403802432,0.965315551251236,,,ambiguous,
GSM4138112,21,1,199,0.06532663316582915,0.31155778894472363,0.1312806822970209,0.09380377254905851,0.880864191302398,0.9670038724911084,-0.0861396811887104,less_pure,
GSM4138112,21,2,153,0.10457516339869281,0.0784313725490196,0.006246090304840135,0.13126066373964565,0.9867225771134503,0.919079365211798,0.0676432119016523,purer,
GSM4138112,21,5,24,0.0,0.0,-0.08965039710560595,0.2092223512164163,0.9667725941103172,0.9672228106134714,-0.0004502165031541,tie,
GSM4138112,22,1,157,0.10191082802547771,0.09554140127388536,0.0027613605660698377,0.12825177826208872,0.9855182711314244,0.919079365211798,0.0664389059196264,purer,
GSM4138112,22,2,64,0.25,0.1875,0.016752842868130384,0.14077939820275104,0.8875944392135433,0.9670038724911084,-0.0794094332775651,less_pure,
GSM4138112,22,3,131,0.08396946564885496,0.04580152671755725,-0.026632003083978315,0.13817893302164788,0.9478378145334924,0.9618001923997428,-0.0139623778662504,tie,
GSM4138112,22,6,24,0.0,0.0,-0.07596853996598862,0.19734505230760832,0.9667725941103172,0.9672228106134714,-0.0004502165031541,tie,
GSM4138112,23,1,157,0.10828025477707007,0.10191082802547771,-0.0012148505395081428,0.1297743695458925,0.9855182711314244,0.919079365211798,0.0664389059196264,purer,
GSM4138112,23,2,65,0.24615384615384617,0.18461538461538463,0.017992064683792698,0.1369400819830974,0.8854547373420742,0.9670038724911084,-0.0815491351490341,less_pure,
GSM4138112,23,3,130,0.1076923076923077,0.046153846153846156,-0.026845389743509373,0.13726116998301802,0.9458624911744776,0.9618001923997428,-0.0159377012252651,tie,
GSM4138112,23,6,24,0.0,0.0,-0.07048920794191182,0.19422268527534983,0.9667725941103172,0.9672228106134714,-0.0004502165031541,tie,
GSM4138112,24,1,354,0.025423728813559324,0.11581920903954802,0.26047867850694134,0.0404903482147266,0.8908685340942096,0.9618001923997428,-0.0709316583055331,less_pure,
GSM4138112,24,4,24,0.041666666666666664,0.0,0.0139269018614633,0.11291051730943769,0.9667725941103172,0.9672228106134714,-0.0004502165031541,tie,
GSM4138112,25,1,18,0.16666666666666666,0.1111111111111111,0.26102728946163756,0.08798492741856541,1.0,,,ambiguous,
GSM4138112,25,2,39,0.07692307692307693,0.15384615384615385,0.2773797126786021,0.07268250216091983,0.9716310240355984,0.9631782563261828,0.0084527677094156,tie,
GSM4138112,25,3,180,0.2388888888888889,0.18333333333333332,0.2861425848858504,0.08507881997554717,0.8701417383920359,,,ambiguous,
GSM4138112,25,4,92,0.15217391304347827,0.14130434782608695,0.2375654683874222,0.09604302935512911,0.9248642928662631,0.9672228106134714,-0.0423585177472082,tie,
GSM4138112,25,6,48,0.10416666666666667,0.10416666666666667,0.24573889842179453,0.08225329657873512,0.9571255614395232,,,ambiguous,
GSM4138112,26,1,125,0.176,0.176,0.08160956613694585,0.09386763579160037,0.8618079936542123,,,ambiguous,
GSM4138112,26,2,169,0.22485207100591717,0.11242603550295859,0.049631390216224695,0.10512674577592088,0.8880847997593073,,,ambiguous,
GSM4138112,26,4,77,0.22077922077922077,0.16883116883116883,0.057604082721398255,0.1031603384861327,0.93620563777685,,,ambiguous,
GSM4138112,27,1,217,0.18433179723502305,0.16589861751152074,0.07763637652741671,0.08963452764575879,0.8827101361832276,,,ambiguous,
GSM4138112,27,11,25,0.16,0.04,-0.00021453719729236376,0.11214528178421174,0.9337594735414247,,,ambiguous,
GSM4138112,27,3,127,0.2047244094488189,0.12598425196850394,0.05206788925550179,0.090489564678462,0.950881982990242,,,ambiguous,
GSM4138112,28,1,356,0.0056179775280898875,0.008426966292134831,0.11596451125941971,0.05124522773762303,0.8911794956052645,,,ambiguous,
GSM4138112,28,9,21,0.23809523809523808,0.0,0.008735642567301392,0.09757179298462718,0.9860167666190666,,,ambiguous,
GSM4138112,29,1,260,0.1576923076923077,0.28846153846153844,0.19163938247699921,0.0663878321293688,0.8873259439682514,,,ambiguous,
GSM4138112,29,10,19,0.47368421052631576,0.0,-0.07201248062184987,0.1916227834948941,0.9484869374598964,,,ambiguous,
GSM4138112,29,2,47,0.10638297872340426,0.2553191489361702,0.18088399476868727,0.058436404154665306,0.9698598145881202,,,ambiguous,
GSM4138112,29,3,30,0.23333333333333334,0.03333333333333333,0.07133943710058409,0.08845082010632922,0.9731057138959696,0.9631782563261828,0.0099274575697867,tie,
GSM4138112,30,1,344,0.13372093023255813,0.1686046511627907,0.2947753041560866,0.025438496620741293,0.8958542059929032,,,ambiguous,
GSM4138112,30,6,15,0.4,0.0,-0.09780426554463993,0.28869671290232285,1.0,,,ambiguous,
GSM4138112,30,8,16,0.25,0.0,-0.10082778357603069,0.28593033241817445,0.9746629045941364,,,ambiguous,
GSM4138112,31,1,21,0.2857142857142857,0.0,0.17562298596074388,0.07953785785061597,0.9876976779662326,0.9631782563261828,0.0245194216400498,tie,
GSM4138112,31,2,139,0.1223021582733813,0.20863309352517986,0.25087330585803386,0.047236112170085845,0.934368985883813,,,ambiguous,
GSM4138112,31,3,108,0.2037037037037037,0.16666666666666666,0.22664757326873863,0.06267555975451951,0.8680272805966708,,,ambiguous,
GSM4138112,31,5,111,0.0990990990990991,0.06306306306306306,0.1679725807090517,0.06439038639647282,0.8817417856331464,,,ambiguous,
GSM4138112,32,1,380,0.11578947368421053,0.17894736842105263,0.13764310859650747,0.0527949518692602,0.877141977839018,0.9672228106134714,-0.0900808327744533,less_pure,
GSM4138112,33,1,19,0.3684210526315789,0.05263157894736842,0.1593127906552275,0.09431973985109574,0.9850974338147558,,,ambiguous,
GSM4138112,33,2,143,0.20279720279720279,0.11888111888111888,0.15439618645519412,0.06670854076041956,0.85457185117361,,,ambiguous,
GSM4138112,33,3,211,0.14691943127962084,0.13270142180094788,0.13867518278064314,0.06611835706157748,0.9012491850865176,0.9672228106134714,-0.0659736255269537,less_pure,
GSM4138112,34,1,270,0.05555555555555555,0.3111111111111111,0.32103985257136136,0.04066475478099715,0.8857397788680587,,,ambiguous,
GSM4138112,34,2,23,0.2608695652173913,0.08695652173913043,0.22269095936637665,0.08504013770719021,0.9773362108214324,0.9631782563261828,0.0141579544952495,tie,
GSM4138112,34,5,33,0.45454545454545453,0.0,0.055604979228720014,0.14743037254190944,0.9512327893263384,,,ambiguous,
GSM4138112,34,9,49,0.22448979591836735,0.04081632653061224,0.07251345226461281,0.13895254285210928,0.9230350409444422,,,ambiguous,
GSM4138112,35,1,307,0.06188925081433225,0.30618892508143325,0.3405193046790134,0.051700527239208434,0.8590232919483578,0.9672228106134714,-0.1081995186651135,less_pure,
GSM4138112,35,2,27,0.14814814814814814,0.18518518518518517,0.3364372223851944,0.05690291146930333,0.9884375734848752,,,ambiguous,
GSM4138112,35,3,17,0.17647058823529413,0.29411764705882354,0.29276848382503384,0.06300912806416326,0.962042091680264,,,ambiguous,
GSM4138112,35,5,27,0.3333333333333333,0.0,0.14370999173693894,0.08842123039917374,0.9751725707866185,,,ambiguous,
GSM4138113,3,1,93,0.021505376344086023,0.11827956989247312,0.8164562391152175,0.05701833582073849,0.8446778255034157,,,ambiguous,
GSM4138113,3,2,46,0.08695652173913043,0.3695652173913043,1.7737417335632737,0.044725564173610136,0.7992077243147964,,,ambiguous,
GSM4138113,3,3,38,0.0,0.05263157894736842,0.3503365642255279,0.07561753174993091,0.7785771275833526,,,ambiguous,
GSM4138113,4,1,92,0.0,0.09782608695652174,0.9777799205445027,0.03481218342524539,0.8526042396191641,,,ambiguous,
GSM4138113,4,2,47,0.1276595744680851,0.19148936170212766,1.0386715960707487,0.0631095408448894,0.8109563413655733,,,ambiguous,
GSM4138113,4,3,38,0.0,0.10526315789473684,0.2335947007436154,0.11561113856208698,0.7785771275833526,,,ambiguous,
GSM4138113,5,1,93,0.0,0.15053763440860216,0.8142022450627945,0.03481988675068601,0.8453409179734663,,,ambiguous,
GSM4138113,5,2,42,0.14285714285714285,0.23809523809523808,0.913876173251984,0.06958910601839356,0.8588035562353217,,,ambiguous,
GSM4138113,5,3,38,0.0,0.10526315789473684,0.19481816879855596,0.12380365518615073,0.7785771275833526,,,ambiguous,
GSM4138113,6,1,89,0.02247191011235955,0.07865168539325842,0.5725245846296423,0.05556952699609613,0.8471789908308671,,,ambiguous,
GSM4138113,6,2,40,0.075,0.25,0.7184774662088077,0.06309588966306245,0.7788455617675204,0.7632287255055046,0.0156168362620158,tie,-0.0072057017113681
GSM4138113,6,5,34,0.0,0.08823529411764706,0.010162410508227925,0.1646591063694077,0.9193607203971468,0.9211167331049516,-0.0017560127078047,tie,0.0
GSM4138113,7,1,86,0.023255813953488372,0.11627906976744186,0.4847764429302493,0.059883290233954736,0.8619256109051657,,,no_baseline,
GSM4138113,7,2,28,0.10714285714285714,0.25,0.22989839873666354,0.08854837478102262,0.8664178414200414,0.7632287255055046,0.1031891159145368,purer,-0.0013477574936109
GSM4138113,7,6,34,0.0,0.08823529411764706,0.016163226072869807,0.1444671068937092,0.9193607203971468,0.9211167331049516,-0.0017560127078047,tie,0.0
GSM4138113,8,1,88,0.03409090909090909,0.13636363636363635,0.42166232413055743,0.06423675864909083,0.8562169603041029,,,no_baseline,
GSM4138113,8,2,26,0.15384615384615385,0.19230769230769232,0.20923180305734684,0.10709701731033097,0.8629104195113271,0.7632287255055046,0.0996816940058225,purer,0.0
GSM4138113,8,6,34,0.0,0.08823529411764706,0.035526906556787974,0.13233772363162405,0.9193607203971468,0.9211167331049516,-0.0017560127078047,tie,0.0
GSM4138113,9,1,82,0.04878048780487805,0.13414634146341464,0.36526559043768475,0.06587528669848837,0.8605081610560863,,,no_baseline,
GSM4138113,9,2,26,0.15384615384615385,0.19230769230769232,0.17783619058982064,0.1078254419121735,0.8726883461069048,0.7632287255055046,0.1094596206014002,purer,0.0
GSM4138113,9,4,18,0.05555555555555555,0.3333333333333333,0.508669143758008,0.053553670479385765,0.7604918724852465,,,ambiguous,
GSM4138113,9,6,33,0.0,0.06060606060606061,0.01728147377526485,0.13400209894058224,0.9360748270364976,0.9211167331049516,0.014958093931546,tie,0.0
GSM4138113,10,1,56,0.017857142857142856,0.2857142857142857,0.33042091842723104,0.08045093073298841,0.9244230885146714,0.8906473359246847,0.0337757525899866,tie,0.0071712249328058
GSM4138113,10,2,23,0.0,0.30434782608695654,0.12839386589112284,0.12051201808001034,0.939604105750446,,,no_baseline,
GSM4138113,10,3,27,0.18518518518518517,0.37037037037037035,0.1757834538706355,0.1099203581222319,0.8740270758704553,0.7632287255055046,0.1107983503649506,purer,0.0
GSM4138113,10,6,17,0.0,0.7058823529411765,0.6183947650561513,0.04415752035578783,0.7622986286417504,,,ambiguous,
GSM4138113,10,7,33,0.0,0.09090909090909091,0.06328838030764071,0.139751241115603,0.9360748270364976,0.9211167331049516,0.014958093931546,tie,0.0
GSM4138113,11,1,84,0.03571428571428571,0.10714285714285714,0.3026986959852577,0.06882509989841482,0.8593254562717617,,,ambiguous,
GSM4138113,11,2,26,0.15384615384615385,0.3076923076923077,0.20392731809105458,0.0824643630050581,0.8726883461069048,0.7632287255055046,0.1094596206014002,purer,0.0
GSM4138113,11,5,17,0.058823529411764705,0.5294117647058824,0.49193705377261987,0.04115225834846218,0.7589274798265419,,,ambiguous,
GSM4138113,11,6,33,0.0,0.06060606060606061,0.02589765773554106,0.13282182440529727,0.9360748270364976,0.9211167331049516,0.014958093931546,tie,0.0
GSM4138113,12,1,56,0.017857142857142856,0.30357142857142855,0.2972254293379962,0.07878829497819846,0.9244230885146714,0.8906473359246847,0.0337757525899866,tie,0.0071712249328058
GSM4138113,12,2,24,0.0,0.2916666666666667,0.11283756880172573,0.11452251123442003,0.9317284283309728,,,no_baseline,
GSM4138113,12,3,26,0.19230769230769232,0.38461538461538464,0.17352930271717779,0.09882313085506299,0.8726883461069048,0.7632287255055046,0.1094596206014002,purer,0.0
GSM4138113,12,5,16,0.0,0.6875,0.5388826963976947,0.04399125359515824,0.7617852874300186,,,ambiguous,
GSM4138113,12,7,33,0.0,0.09090909090909091,0.055693375480906734,0.13406771206537663,0.9360748270364976,0.9211167331049516,0.014958093931546,tie,0.0
GSM4138113,13,1,55,0.01818181818181818,0.2727272727272727,0.26613969708851537,0.08028519645706025,0.9233613643979112,0.8906473359246847,0.0327140284732264,tie,0.0136132582461734
GSM4138113,13,2,23,0.0,0.2608695652173913,0.0999506845770802,0.11559019251337455,0.9417161774850462,,,no_baseline,
GSM4138113,13,3,28,0.17857142857142858,0.32142857142857145,0.1473522851982349,0.0976228587659719,0.8761140116452608,0.7632287255055046,0.1128852861397562,purer,0.0
GSM4138113,13,5,17,0.0,0.7058823529411765,0.4941220590691388,0.04949912844589458,0.7622986286417504,,,ambiguous,
GSM4138113,13,6,33,0.0,0.09090909090909091,0.06069905788551847,0.1284170891579616,0.9360748270364976,0.9211167331049516,0.014958093931546,tie,0.0
GSM4138113,14,1,48,0.041666666666666664,0.4166666666666667,0.24125476894854173,0.07735641908900613,0.9345598312228698,0.8906473359246847,0.043912495298185,tie,0.0045196579946771
GSM4138113,14,2,27,0.0,0.3333333333333333,0.16212622674612956,0.09117470707030353,0.9369498930845236,,,no_baseline,
GSM4138113,14,3,25,0.04,0.44,0.16865715987042496,0.0909454655635647,0.8869800552537673,0.7632287255055046,0.1237513297482627,purer,0.0
GSM4138113,14,6,17,0.0,0.6470588235294118,0.4731578615113579,0.054973664120007815,0.7622986286417504,,,ambiguous,
GSM4138113,14,7,33,0.0,0.06060606060606061,0.06684151433040901,0.10869090387942236,0.9360748270364976,0.9211167331049516,0.014958093931546,tie,0.0
GSM4138113,15,1,75,0.013333333333333334,0.41333333333333333,0.38747636789905754,0.061714990210463366,0.841459984742664,,,no_baseline,
GSM4138113,15,2,37,0.0,0.5675675675675675,0.5803916863450143,0.06025264288884274,0.8491532748363937,,,no_baseline,
GSM4138113,15,3,15,0.06666666666666667,0.8,0.7295360510604024,0.04534912419843049,0.9353668015720168,,,ambiguous,
GSM4138113,15,4,34,0.0,0.08823529411764706,0.1731650250274685,0.0843184723581191,0.919006132441017,0.9211167331049516,-0.0021106006639345,tie,0.0
GSM4138113,16,1,133,0.045112781954887216,0.17293233082706766,0.2391699277549997,0.04596320314669387,0.7530439545808126,,,ambiguous,
GSM4138113,16,2,21,0.0,0.0,0.023653329337812435,0.11601566159862266,0.9785979075224104,,,ambiguous,
GSM4138113,17,1,130,0.07692307692307693,0.4230769230769231,0.6228976466650509,0.01308382245387832,0.7517794469012833,,,ambiguous,
GSM4138113,17,2,39,0.05128205128205128,0.10256410256410256,0.19847177883234876,0.06933732170738174,0.7790241772949414,0.9211167331049516,-0.1420925558100101,less_pure,0.1411657196180791
GSM4138113,18,1,132,0.05303030303030303,0.2803030303030303,0.5038853282843636,0.017345592450845868,0.7502522802005268,,,ambiguous,
GSM4138113,18,2,32,0.25,0.0625,0.10533508389847059,0.1825608659485598,0.7700753603277702,0.9211167331049516,-0.1510413727771813,less_pure,0.1451981529411328
GSM4138113,19,2,47,0.0851063829787234,0.14893617021276595,0.2529782107394703,0.06900408018206491,0.832391248490668,0.9211167331049516,-0.0887254846142835,less_pure,0.0887254846142836
GSM4138113,19,3,46,0.08695652173913043,0.4782608695652174,0.6520301933479007,0.0472853928183213,0.8323220855295402,,,ambiguous,
GSM4138113,19,4,49,0.14285714285714285,0.40816326530612246,0.5002555328454868,0.04931853204499456,0.8220448890249386,,,ambiguous,
GSM4138113,20,1,31,0.06451612903225806,0.3870967741935484,0.1317116980198719,0.08227734199427493,0.9701506329879526,0.8906473359246847,0.0795032970632678,purer,0.0092680336106638
GSM4138113,20,2,51,0.0392156862745098,0.49019607843137253,0.21454178589560619,0.0823483428797421,0.8428013817696735,,,no_baseline,
GSM4138113,20,3,19,0.0,0.15789473684210525,-0.013321199963142882,0.13541066279201752,0.9391761103607916,,,no_baseline,
GSM4138113,20,8,35,0.17142857142857143,0.05714285714285714,-0.05322410524913368,0.1854915188210579,0.9515624001258796,,,ambiguous,
GSM4138113,21,1,58,0.05172413793103448,0.4482758620689655,0.20804303134973642,0.07353631288101554,0.869094166589778,,,no_baseline,
GSM4138113,21,2,23,0.08695652173913043,0.17391304347826086,0.09078758605672013,0.08506347261180162,0.98969967083247,0.8906473359246847,0.0990523349077853,purer,
GSM4138113,21,4,17,0.0,0.5294117647058824,0.1756502185268212,0.07331173558771177,1.0,,,ambiguous,
GSM4138113,21,5,34,0.029411764705882353,0.08823529411764706,0.04462711003178444,0.11102363110695812,0.951023468838916,0.9211167331049516,0.0299067357339644,tie,
GSM4138113,22,1,25,0.04,0.28,0.09111956622494816,0.08025989605535616,0.9785444004199756,0.8906473359246847,0.0878970644952908,purer,
GSM4138113,22,2,31,0.03225806451612903,0.4838709677419355,0.20835405732086068,0.07725228775913298,0.9311428402577764,,,no_baseline,
GSM4138113,22,3,19,0.05263157894736842,0.15789473684210525,0.0007736434842308945,0.12125170037483313,0.9391761103607916,,,no_baseline,
GSM4138113,22,5,19,0.05263157894736842,0.47368421052631576,0.15725121510200976,0.0810443919571944,0.9777722140370978,,,ambiguous,
GSM4138113,22,6,34,0.0,0.08823529411764706,0.04894160209365793,0.0996874179348595,0.951023468838916,0.9211167331049516,0.0299067357339644,tie,
GSM4138113,23,1,25,0.04,0.32,0.08769146122429966,0.08535412529547445,0.9785444004199756,0.8906473359246847,0.0878970644952908,purer,
GSM4138113,23,2,31,0.03225806451612903,0.5161290322580645,0.20717434217998776,0.07750402222530715,0.9311428402577764,,,no_baseline,
GSM4138113,23,3,20,0.05,0.15,0.0027668787530309687,0.12339136252560182,0.9427857363454508,,,no_baseline,
GSM4138113,23,5,17,0.0,0.4117647058823529,0.18412039185606363,0.07523767814478821,0.9746382730970488,,,ambiguous,
GSM4138113,23,6,34,0.0,0.08823529411764706,0.046467122517220114,0.10057502449058253,0.951023468838916,0.9211167331049516,0.0299067357339644,tie,
GSM4138113,24,1,102,0.0392156862745098,0.45098039215686275,0.47304557936757785,0.03714877859037433,0.7992784981834821,,,no_baseline,
GSM4138113,24,2,22,0.2727272727272727,0.2727272727272727,0.323677013226738,0.05297761306816091,0.8900743455534453,,,ambiguous,
GSM4138113,24,4,32,0.09375,0.03125,0.012439369782719811,0.1311828307481976,0.9460723733269472,0.9211167331049516,0.0249556402219955,tie,
GSM4138113,25,2,25,0.04,0.48,0.5135798429767144,0.04173667746584192,0.9247226433230632,0.7632287255055046,0.1614939178175586,purer,
GSM4138113,25,3,40,0.125,0.65,0.6268362756897375,0.060790102156341966,0.886113256862908,,,ambiguous,
GSM4138113,25,4,62,0.0967741935483871,0.3225806451612903,0.3352262196663643,0.0968174538649213,0.8845451826477433,0.9211167331049516,-0.0365715504572082,tie,
GSM4138113,26,1,47,0.23404255319148937,0.3829787234042553,0.14780163236272958,0.08835442994532476,0.8614863634858241,,,ambiguous,
GSM4138113,26,2,49,0.16326530612244897,0.16326530612244897,0.024988159971267146,0.13283257681668045,0.8829226624549807,,,ambiguous,
GSM4138113,26,4,63,0.19047619047619047,0.31746031746031744,0.1140222532580944,0.08288417565603746,0.8354135083269276,,,ambiguous,
GSM4138113,27,1,97,0.12371134020618557,0.3917525773195876,0.15835733683240852,0.06499201747162621,0.7900595003388148,,,ambiguous,
GSM4138113,27,3,33,0.30303030303030304,0.15151515151515152,0.05377496277996357,0.107150228373165,0.9135235914092452,,,ambiguous,
GSM4138113,28,1,131,0.007633587786259542,0.1984732824427481,0.28521710028465674,0.02932480487648326,0.7526531612784007,,,ambiguous,
GSM4138113,28,9,22,0.36363636363636365,0.0,0.0074375777715909195,0.1145852060690029,0.9510435379916816,,,ambiguous,
GSM4138113,29,1,86,0.13953488372093023,0.46511627906976744,0.27476975587734154,0.06703529776846487,0.7935261043336966,,,ambiguous,
GSM4138113,29,12,17,0.47058823529411764,0.0,-0.11188399040473934,0.21086561648825172,0.9629368355607568,,,ambiguous,
GSM4138113,29,2,28,0.14285714285714285,0.21428571428571427,0.15063661917205348,0.0695872678972486,0.8639891120820928,,,ambiguous,
GSM4138113,30,1,104,0.16346153846153846,0.40384615384615385,0.3616594807554477,0.03200154489009509,0.7804483242893294,,,ambiguous,
GSM4138113,30,6,41,0.34146341463414637,0.0,0.010866517306106181,0.14755862285256396,0.8886902881092114,,,ambiguous,
GSM4138113,31,2,45,0.17777777777777778,0.3333333333333333,0.33085867036799804,0.04787809744963211,0.8141542714713955,,,ambiguous,
GSM4138113,31,3,62,0.12903225806451613,0.4838709677419355,0.3568032107629614,0.05322943514837411,0.8053694597111275,,,ambiguous,
GSM4138113,31,5,47,0.1276595744680851,0.06382978723404255,0.0859346453922598,0.10689249252908743,0.8429394223694033,,,ambiguous,
GSM4138113,32,1,163,0.147239263803681,0.27607361963190186,0.1619441211880269,0.053816754686336184,0.7310596493366341,0.9211167331049516,-0.1900570837683174,less_pure,
GSM4138113,33,2,84,0.14285714285714285,0.42857142857142855,0.2440106296442006,0.06069471686459688,0.8086752078868671,,,ambiguous,
GSM4138113,33,3,69,0.18840579710144928,0.17391304347826086,0.10605852058649022,0.10365758007387281,0.8106235358326295,0.9211167331049516,-0.1104931972723221,less_pure,
GSM4138113,34,1,84,0.09523809523809523,0.4880952380952381,0.3661691413354281,0.03923613222471416,0.8095391303035079,,,ambiguous,
GSM4138113,34,5,41,0.2926829268292683,0.12195121951219512,0.11500303567238189,0.12776426620484346,0.8508603719012923,,,ambiguous,
GSM4138113,34,9,19,0.3157894736842105,0.05263157894736842,0.024012882575199665,0.22761789831946044,0.9226305767806586,,,ambiguous,
GSM4138113,35,1,106,0.09433962264150944,0.3490566037735849,0.32967194223423296,0.06458553066459732,0.8082761367139563,0.9211167331049516,-0.1128405963909953,less_pure,
GSM4138113,35,5,24,0.2916666666666667,0.25,0.3019948249266288,0.07678160391317945,0.8986976453016348,,,ambiguous,
GSM4138114,3,1,353,0.0,0.0,0.46598887627385854,0.03984613578744935,0.8769103836005709,,,ambiguous,
GSM4138114,4,1,352,0.0,0.017045454545454544,0.5106473426770376,0.05819948690966361,0.8848695210761265,,,ambiguous,
GSM4138114,5,1,352,0.0,0.017045454545454544,0.41069913413374554,0.06321211430622384,0.8848695210761265,,,ambiguous,
GSM4138114,6,1,351,0.0,0.03418803418803419,0.31890002473541995,0.06829706264907223,0.885230274258664,,,ambiguous,
GSM4138114,7,1,345,0.002898550724637681,0.034782608695652174,0.2694058360630112,0.0688720171623513,0.9041187622949814,,,no_baseline,
GSM4138114,8,1,344,0.0029069767441860465,0.040697674418604654,0.22861938409912105,0.07631373979279654,0.9085553567196336,,,no_baseline,
GSM4138114,9,1,341,0.002932551319648094,0.04985337243401759,0.20182838713655027,0.08059742290727316,0.905890416517625,,,no_baseline,
GSM4138114,10,1,234,0.0641025641025641,0.09401709401709402,-0.01103285077454776,0.14230467473355812,0.950444565028107,0.936754189234116,0.013690375793991,tie,0.0331416230650325
GSM4138114,10,2,102,0.058823529411764705,0.11764705882352941,0.06285563316922106,0.12717169638944692,0.8954024980192478,0.9638175783207804,-0.0684150803015326,less_pure,0.0684150803015326
GSM4138114,11,1,348,0.0028735632183908046,0.05172413793103448,0.1450912328713151,0.07823894978050372,0.8889788195008883,,,ambiguous,
GSM4138114,12,1,231,0.07792207792207792,0.09523809523809523,-0.001914353646698847,0.13864724522608277,0.9505665352214498,0.936754189234116,0.0138123459873338,tie,0.0334775138570191
GSM4138114,12,2,108,0.06481481481481481,0.14814814814814814,0.07621612697299801,0.11559230471407289,0.889533430250398,0.9638175783207804,-0.0742841480703824,less_pure,0.0742841480703824
GSM4138114,13,1,230,0.07391304347826087,0.1,0.0012987774180320542,0.13815695838291464,0.9509721115013868,0.936754189234116,0.0142179222672708,tie,0.0330719375770821
GSM4138114,13,2,107,0.06542056074766354,0.1308411214953271,0.07114574771250212,0.11571283977347342,0.8940695725077482,0.9638175783207804,-0.0697480058130322,less_pure,0.0697480058130322
GSM4138114,14,1,232,0.07758620689655173,0.10344827586206896,0.0021919475940209484,0.13782953025978273,0.9497760389103288,0.936754189234116,0.0130218496762127,tie,0.0342680101681402
GSM4138114,14,2,104,0.057692307692307696,0.14423076923076922,0.06902343156670171,0.1134184594581825,0.9027054335056078,0.9638175783207804,-0.0611121448151725,less_pure,0.0611121448151725
GSM4138114,15,1,269,0.03345724907063197,0.12639405204460966,0.08251841376785152,0.11735477257525395,0.8859099327449536,,,no_baseline,
GSM4138114,15,2,84,0.0,0.10714285714285714,0.07848994974723929,0.11496515079313416,0.8961167076793473,0.9638175783207804,-0.0677008706414331,less_pure,0.0677008706414331
GSM4138114,16,1,351,0.05413105413105413,0.20797720797720798,0.28160852333526626,0.04346352931954562,0.8780308440668321,,,ambiguous,
GSM4138114,17,1,349,0.09169054441260745,0.2693409742120344,0.5988666740460623,0.012477136019369676,0.8776525790581275,,,ambiguous,
GSM4138114,18,1,351,0.07122507122507123,0.1908831908831909,0.49056691506803035,0.013176620735563319,0.8780308440668321,,,ambiguous,
GSM4138114,19,1,87,0.11494252873563218,0.2988505747126437,0.5485533730125982,0.05238427570964497,0.9473865658198788,,,no_baseline,
GSM4138114,19,2,28,0.14285714285714285,0.25,0.43918718739719503,0.06349351819739749,0.9162577626276892,,,no_baseline,
GSM4138114,19,3,192,0.07291666666666667,0.3385416666666667,0.5330216475520617,0.04868856060957261,0.8997598352101934,,,ambiguous,
GSM4138114,19,4,52,0.09615384615384616,0.1346153846153846,0.3962357723067569,0.058640474084349095,0.8638585198983872,,,ambiguous,
GSM4138114,20,1,165,0.08484848484848485,0.12121212121212122,0.008908304402042303,0.12638718278317643,0.9808991784033996,0.936754189234116,0.0441449891692835,tie,0.0
GSM4138114,20,2,108,0.06481481481481481,0.12962962962962962,0.05731535614285022,0.12404435872220085,0.8801690892433789,0.9667106404153468,-0.0865415511719679,less_pure,0.086541551171968
GSM4138114,20,3,78,0.05128205128205128,0.0641025641025641,-0.025706994484491614,0.1453703281670348,0.963027052885596,0.9638175783207804,-0.0007905254351844,tie,0.0007905254351844
GSM4138114,21,1,188,0.07446808510638298,0.26595744680851063,0.12991249075092481,0.09163339158375633,0.856671198373546,0.9667106404153468,-0.1100394420418008,less_pure,
GSM4138114,21,2,159,0.14465408805031446,0.11949685534591195,0.018933825847190472,0.12090892017774628,0.9820719816524076,0.936754189234116,0.0453177924182915,tie,
GSM4138114,22,1,164,0.12804878048780488,0.13414634146341464,0.009089572035562314,0.1253790224206033,0.980917820947138,0.936754189234116,0.0441636317130219,tie,
GSM4138114,22,2,107,0.1308411214953271,0.14018691588785046,0.06290559573490358,0.1201680774377755,0.879698838796596,0.9667106404153468,-0.0870118016187507,less_pure,
GSM4138114,22,3,76,0.06578947368421052,0.05263157894736842,-0.02499444481867153,0.13449917324800295,0.9631793319853652,0.9638175783207804,-0.0006382463354152,tie,
GSM4138114,23,1,165,0.12727272727272726,0.13333333333333333,0.007321722211094228,0.12481689833568606,0.9809596331178402,0.936754189234116,0.0442054438837241,tie,
GSM4138114,23,2,106,0.11320754716981132,0.14150943396226415,0.05614607207703134,0.1209314627206132,0.8787607036674518,0.9667106404153468,-0.0879499367478949,less_pure,
GSM4138114,23,3,76,0.07894736842105263,0.05263157894736842,-0.025467050488268222,0.13440610434898478,0.9631793319853652,0.9638175783207804,-0.0006382463354152,tie,
GSM4138114,24,1,349,0.025787965616045846,0.18911174785100288,0.30022217042108157,0.0368298950567899,0.8752534728556142,0.9638175783207804,-0.0885641054651662,less_pure,
GSM4138114,25,2,46,0.1956521739130435,0.06521739130434782,0.21805300706596192,0.08628596522743393,0.933805945408508,0.9550220117526697,-0.0212160663441616,tie,
GSM4138114,25,3,146,0.10273972602739725,0.2465753424657534,0.36559046747444185,0.06033923792294252,0.8574078696564285,,,ambiguous,
GSM4138114,25,4,134,0.1417910447761194,0.16417910447761194,0.2916632299713744,0.07878953789950567,0.9644958120329126,,,no_baseline,
GSM4138114,25,6,22,0.22727272727272727,0.045454545454545456,0.21716727446702525,0.0897108264387876,0.992482034685278,,,ambiguous,
GSM4138114,26,1,100,0.21,0.16,0.08593896254129034,0.09175181999546102,0.8878243341995339,,,ambiguous,
GSM4138114,26,2,196,0.20408163265306123,0.17346938775510204,0.07548282188967839,0.09492287962276659,0.9458936189224092,,,ambiguous,
GSM4138114,26,4,55,0.2545454545454545,0.03636363636363636,0.022244574996451643,0.11280908196452678,0.9344970866759126,,,ambiguous,
GSM4138114,27,1,175,0.2571428571428571,0.18857142857142858,0.07920063390947273,0.09206443910636841,0.8682590227341059,,,ambiguous,
GSM4138114,27,3,163,0.2147239263803681,0.12883435582822086,0.06217658672819047,0.09237095912172451,0.9603858480761857,,,ambiguous,
GSM4138114,28,1,353,0.0,0.0084985835694051,0.14301111978099026,0.042787383714964294,0.8769103836005709,,,ambiguous,
GSM4138114,29,1,271,0.13284132841328414,0.30996309963099633,0.2084974914596187,0.06167653638256957,0.8702997053932032,,,ambiguous,
GSM4138114,29,2,51,0.11764705882352941,0.35294117647058826,0.19861378830032017,0.051015029927513125,0.9356846826983032,,,ambiguous,
GSM4138114,30,1,338,0.12130177514792899,0.19230769230769232,0.30411211752823203,0.025006075001731826,0.8812516542222734,,,ambiguous,
GSM4138114,31,1,25,0.28,0.08,0.22710910469910053,0.06921295805243295,0.992000113009797,0.9550220117526697,0.0369781012571273,tie,
GSM4138114,31,2,96,0.16666666666666666,0.14583333333333334,0.2121237585008984,0.056824656675595296,0.9470501898809494,,,ambiguous,
GSM4138114,31,3,141,0.14184397163120568,0.2127659574468085,0.26334948904359334,0.05117239181151998,0.8610957305625843,,,ambiguous,
GSM4138114,31,5,98,0.2755102040816326,0.08163265306122448,0.17344920415717036,0.07058498268457045,0.8857804730472603,,,ambiguous,
GSM4138114,32,1,359,0.1309192200557103,0.2116991643454039,0.14703314108913895,0.04798581120116746,0.8841317404542876,,,no_baseline,
GSM4138114,33,1,26,0.2692307692307692,0.07692307692307693,0.11736767675745956,0.08582614007345588,0.9693141942652298,,,ambiguous,
GSM4138114,33,2,157,0.1464968152866242,0.20382165605095542,0.18312377763809104,0.05544755523830868,0.8629797621165235,,,ambiguous,
GSM4138114,33,3,175,0.15428571428571428,0.21714285714285714,0.1726099326194851,0.05659125213079572,0.9040156805693844,,,no_baseline,
GSM4138114,34,1,257,0.06614785992217899,0.3229571984435798,0.32584863613534887,0.03880513078862644,0.860725824703785,,,ambiguous,
GSM4138114,34,2,39,0.20512820512820512,0.1282051282051282,0.1987536743441322,0.07619102509272427,0.97782942206087,0.9550220117526697,0.0228074103082003,tie,
GSM4138114,34,5,18,0.3333333333333333,0.05555555555555555,0.10258364704007585,0.08044168909007682,0.9884171785600444,,,ambiguous,
GSM4138114,34,9,42,0.16666666666666666,0.023809523809523808,0.08440048007542147,0.10619863696163456,0.947659526523202,,,ambiguous,
GSM4138114,35,1,285,0.07017543859649122,0.35789473684210527,0.3755956199565863,0.04530042002840201,0.8783922103020605,,,no_baseline,
GSM4138114,35,2,21,0.14285714285714285,0.14285714285714285,0.31644586523541146,0.05384008264544974,1.0,,,ambiguous,
GSM4138114,35,3,27,0.1111111111111111,0.25925925925925924,0.2679857064985545,0.05809608870533136,0.966942850724782,,,ambiguous,
GSM4138114,35,5,24,0.20833333333333334,0.08333333333333333,0.17795123100509583,0.07641889737436365,0.9863453674048348,,,ambiguous,
GSM4138115,3,1,46,0.21739130434782608,0.2608695652173913,0.6089335486646885,0.11590646040519821,0.933153186366665,,,ambiguous,
GSM4138115,3,2,103,0.1941747572815534,0.27184466019417475,1.20990330997309,0.12077564014561358,0.7777086306394998,,,ambiguous,
GSM4138115,3,3,21,0.047619047619047616,0.09523809523809523,0.42503917392709134,0.08350890844687374,0.9659073582880786,,,ambiguous,
GSM4138115,4,1,28,0.2857142857142857,0.14285714285714285,-0.05400087277278947,0.16184237842604968,0.9687325166582296,,,ambiguous,
GSM4138115,4,2,122,0.18032786885245902,0.1557377049180328,0.6796987342338552,0.12307621159888019,0.7716281834695836,,,ambiguous,
GSM4138115,4,3,20,0.0,0.1,0.569893571179514,0.05366439219708104,0.96780551371186,,,ambiguous,
GSM4138115,5,1,30,0.3,0.13333333333333333,-0.04982005842559789,0.16101091823024494,0.9589018943170824,,,ambiguous,
GSM4138115,5,2,110,0.2,0.17272727272727273,0.6135219530906454,0.1282854477856673,0.7886697691484414,,,ambiguous,
GSM4138115,5,3,20,0.0,0.1,0.4336572127325883,0.06237376398968193,0.96780551371186,,,ambiguous,
GSM4138115,6,1,30,0.3,0.1,0.016167037862473355,0.12357653287916076,0.9531854121100908,,,ambiguous,
GSM4138115,6,2,98,0.1836734693877551,0.17346938775510204,0.3363435593970178,0.09025694050801246,0.7663447148541443,0.7727754744975728,-0.0064307596434284,tie,0.0474713358188381
GSM4138115,6,5,18,0.0,0.1111111111111111,0.4338845375059408,0.05514128050075369,0.9794161116049124,0.9816087420119992,-0.0021926304070868,tie,0.0
GSM4138115,7,1,31,0.2903225806451613,0.03225806451612903,-0.021192365087461303,0.1331441558783656,0.9575802705409976,,,no_baseline,
GSM4138115,7,2,75,0.17333333333333334,0.18666666666666668,0.22804693744659643,0.11591327138661181,0.8248290660188594,0.7727754744975728,0.0520535915212866,purer,0.0074570375364136
GSM4138115,7,4,23,0.043478260869565216,0.0,0.1526969537504609,0.09936452249472529,0.9567688038984894,,,ambiguous,
GSM4138115,7,6,19,0.0,0.15789473684210525,0.4233162119162486,0.05467857778955556,0.9816087420119992,0.9816087420119992,0.0,tie,0.0
GSM4138115,8,1,30,0.23333333333333334,0.06666666666666667,0.0003780085069235328,0.1321783997806103,0.9562078674963608,,,no_baseline,
GSM4138115,8,2,74,0.1891891891891892,0.21621621621621623,0.20814111997744858,0.1178164673504807,0.8311619777949616,0.7727754744975728,0.0583865032973888,purer,0.0011241257603115
GSM4138115,8,4,23,0.043478260869565216,0.043478260869565216,0.12535774360034663,0.10537894958138422,0.9567688038984894,,,ambiguous,
GSM4138115,8,6,19,0.0,0.10526315789473684,0.33749437843589475,0.06419478910879707,0.9816087420119992,0.9816087420119992,0.0,tie,0.0
GSM4138115,9,1,27,0.25925925925925924,0.07407407407407407,0.019112910065304894,0.1256490133357769,0.9697411579301204,,,no_baseline,
GSM4138115,9,2,77,0.16883116883116883,0.2727272727272727,0.23026210948507003,0.11256601919520433,0.820803083376346,0.7727754744975728,0.0480276088787732,tie,0.0118164587320939
GSM4138115,9,3,15,0.13333333333333333,0.2,0.13554765801727867,0.10051465521773077,0.9727088844047236,0.948953807941778,0.0237550764629456,tie,
GSM4138115,9,6,19,0.0,0.10526315789473684,0.2974404919906917,0.07390156842789905,0.9816087420119992,0.9816087420119992,0.0,tie,0.0
GSM4138115,9,8,19,0.0,0.05263157894736842,0.0758945473489167,0.10400207140842829,0.959043731436514,0.7727754744975728,0.1862682569389412,purer,0.0
GSM4138115,10,3,80,0.1125,0.3875,0.23992747528429742,0.11494905851785875,0.8243875521290319,0.7727754744975728,0.0516120776314591,purer,0.0091830480768684
GSM4138115,10,4,15,0.13333333333333333,0.26666666666666666,0.1765807712142711,0.08948559153453071,0.9727088844047236,0.948953807941778,0.0237550764629456,tie,
GSM4138115,10,7,19,0.0,0.3157894736842105,0.3157702124511794,0.07089285518042901,0.9816087420119992,0.9816087420119992,0.0,tie,0.0
GSM4138115,10,9,19,0.0,0.10526315789473684,0.058785306580124146,0.10458154489365033,0.959043731436514,0.7727754744975728,0.1862682569389412,purer,0.0
GSM4138115,11,1,38,0.18421052631578946,0.21052631578947367,0.09846481595364072,0.10720273716571929,0.9499191389603184,,,ambiguous,
GSM4138115,11,2,69,0.2028985507246377,0.2753623188405797,0.17616328684620977,0.12074632431115431,0.8371150762895367,0.7727754744975728,0.0643396017919639,purer,0.0091400498916961
GSM4138115,11,6,19,0.0,0.15789473684210525,0.27896195963478926,0.06834522824231433,0.9816087420119992,0.9816087420119992,0.0,tie,0.0
GSM4138115,11,9,20,0.0,0.1,0.04906784524404725,0.1312940210051177,0.9593305446031526,0.7727754744975728,0.1865550701055798,purer,-0.0002868131666385
GSM4138115,12,10,20,0.0,0.1,0.036699882352023205,0.13128071467464186,0.9593305446031526,0.7727754744975728,0.1865550701055798,purer,-0.0002868131666385
GSM4138115,12,3,80,0.1,0.3625,0.21488281921700708,0.11090454120507003,0.8269327831841607,0.7727754744975728,0.0541573086865879,purer,0.0081645631388049
GSM4138115,12,7,19,0.0,0.3684210526315789,0.2691799952540581,0.07128657076135894,0.9816087420119992,0.9816087420119992,0.0,tie,0.0
GSM4138115,13,10,20,0.0,0.1,0.05921805739641859,0.133074415385552,0.9593305446031526,0.7727754744975728,0.1865550701055798,purer,-0.0002868131666385
GSM4138115,13,3,83,0.0963855421686747,0.3614457831325301,0.2028201259039346,0.11043934171901502,0.8219879025377599,0.7727754744975728,0.0492124280401871,tie,0.0090820563695951
GSM4138115,13,6,19,0.0,0.3157894736842105,0.25093751199018893,0.06980713097746867,0.9816087420119992,0.9816087420119992,0.0,tie,0.0
GSM4138115,14,11,20,0.0,0.15,0.07382929412851938,0.1189355343461573,0.9593305446031526,0.7727754744975728,0.1865550701055798,purer,-0.0002868131666385
GSM4138115,14,2,16,0.0625,0.1875,0.036501735829757964,0.12361508091925032,0.9830586679183672,,,no_baseline,
GSM4138115,14,3,70,0.08571428571428572,0.42857142857142855,0.21261023729230324,0.10199456689801163,0.8492430013544527,0.7727754744975728,0.0764675268568799,purer,0.0074578238236678
GSM4138115,14,7,19,0.0,0.3157894736842105,0.1729846875543688,0.0771649831954651,0.9816087420119992,0.9816087420119992,0.0,tie,0.0
GSM4138115,15,1,39,0.05128205128205128,0.46153846153846156,0.29983726192181226,0.08988205225749912,0.9478152298604922,,,no_baseline,
GSM4138115,15,2,42,0.023809523809523808,0.6904761904761905,0.7207005029108361,0.04997467588427246,0.9249229518619904,,,no_baseline,
GSM4138115,15,3,24,0.0,0.6666666666666666,0.36549342434074933,0.0699575583188486,0.9634524055760888,,,ambiguous,
GSM4138115,15,4,18,0.0,0.16666666666666666,0.3119013825056534,0.06652682262776893,0.9804146303450614,0.9816087420119992,-0.0011941116669378,tie,0.0
GSM4138115,15,9,16,0.375,0.25,-0.06776401229312028,0.24210293493030202,0.9854410247076782,0.7727754744975728,0.2126655502101054,purer,0.0
GSM4138115,16,1,138,0.043478260869565216,0.2536231884057971,0.3135983333705172,0.04241553994969322,0.7824822361379724,,,ambiguous,
GSM4138115,17,1,136,0.08088235294117647,0.38235294117647056,0.5894790399549112,0.01749380534592496,0.7535062421395371,,,ambiguous,
GSM4138115,17,2,21,0.047619047619047616,0.047619047619047616,0.2365489832972218,0.08202272040674645,0.9691565220072408,0.9816087420119992,-0.0124522200047584,tie,0.0124522200047584
GSM4138115,18,1,136,0.029411764705882353,0.22794117647058823,0.4587459289796727,0.017428876043009356,0.7564160398142654,,,ambiguous,
GSM4138115,18,2,18,0.2777777777777778,0.05555555555555555,0.14851310264344694,0.15283170706583493,0.9690542205367334,0.9816087420119992,-0.0125545214752658,tie,0.0116454692341403
GSM4138115,19,2,29,0.10344827586206896,0.27586206896551724,0.4006273351931728,0.050211914128706764,0.9275603515791968,0.9816087420119992,-0.0540483904328024,less_pure,0.0540483904328024
GSM4138115,19,3,32,0.1875,0.25,0.42202547374023597,0.062133626048703865,0.9485328484551449,,,ambiguous,
GSM4138115,19,4,39,0.3333333333333333,0.1282051282051282,0.259252607272661,0.09142896227530074,0.899293140696299,,,ambiguous,
GSM4138115,19,8,20,0.15,0.0,-0.02861347658248408,0.18148664510450746,0.9683399487460728,0.7727754744975728,0.1955644742485,purer,0.0
GSM4138115,20,11,21,0.0,0.14285714285714285,0.03516527541158597,0.13175085042459309,0.9713539816532648,0.7727754744975728,0.198578507155692,purer,7.930262420108303e-05
GSM4138115,20,2,71,0.11267605633802817,0.43661971830985913,0.17547270366920603,0.11029919255676779,0.8634252962305127,0.9795744769176816,-0.1161491806871689,less_pure,0.1267329087368576
GSM4138115,20,4,15,0.0,0.4666666666666667,0.23545895853931062,0.06645395516103704,0.9627065891132408,0.948953807941778,0.0137527811714628,tie,
GSM4138115,20,7,24,0.16666666666666666,0.3333333333333333,0.11178759518676328,0.11277190954675605,0.9506077518841016,0.7727754744975728,0.1778322773865288,purer,0.0
GSM4138115,20,8,18,0.05555555555555555,0.2222222222222222,0.06963195822587824,0.07803953693238158,0.9663247726852616,,,ambiguous,
GSM4138115,21,1,60,0.16666666666666666,0.4166666666666667,0.17277212396750852,0.10672765486832299,0.9061832793788008,0.9795744769176816,-0.0733911975388807,less_pure,
GSM4138115,21,12,20,0.1,0.15,0.1291383554938102,0.11382101705528495,0.9537041217185432,,,ambiguous,
GSM4138115,21,13,21,0.047619047619047616,0.09523809523809523,0.07027723005907098,0.10054511926457865,0.9715512163742204,0.7727754744975728,0.1987757418766476,purer,
GSM4138115,21,5,19,0.05263157894736842,0.15789473684210525,0.10848629050571337,0.07260100203796953,0.9816087420119992,0.9816087420119992,0.0,tie,
GSM4138115,22,14,19,0.10526315789473684,0.3157894736842105,0.12019281871876518,0.11408621575067993,0.9788519339059856,,,ambiguous,
GSM4138115,22,15,21,0.0,0.14285714285714285,0.069167749530734,0.09204023404809268,0.9715512163742204,0.7727754744975728,0.1987757418766476,purer,
GSM4138115,22,2,55,0.16363636363636364,0.45454545454545453,0.1605594898596632,0.10644600323958361,0.9241158652194984,0.9795744769176816,-0.0554586116981832,less_pure,
GSM4138115,22,6,19,0.0,0.21052631578947367,0.11402901124810078,0.07373826108180172,0.9816087420119992,0.9816087420119992,0.0,tie,
GSM4138115,23,13,19,0.10526315789473684,0.3157894736842105,0.11355429784839784,0.11537424566447282,0.9788519339059856,,,ambiguous,
GSM4138115,23,15,21,0.0,0.14285714285714285,0.06968351779368007,0.08768786563527343,0.9715512163742204,0.7727754744975728,0.1987757418766476,purer,
GSM4138115,23,2,56,0.16071428571428573,0.44642857142857145,0.15723884375778646,0.10569198711476184,0.9241037072178035,0.9795744769176816,-0.055470769699878,less_pure,
GSM4138115,23,6,19,0.0,0.2631578947368421,0.10799683058794961,0.07461632746905023,0.9816087420119992,0.9816087420119992,0.0,tie,
GSM4138115,24,1,83,0.14457831325301204,0.3253012048192771,0.45983065003508145,0.04412969072105842,0.8220951918256015,,,no_baseline,
GSM4138115,24,2,26,0.34615384615384615,0.11538461538461539,0.17722561682647728,0.07798566420474946,0.9509459752568908,,,ambiguous,
GSM4138115,24,4,16,0.3125,0.0,0.08266957225613106,0.0703487811319873,0.9800331316832872,0.9816087420119992,-0.001575610328712,tie,
GSM4138115,24,7,21,0.14285714285714285,0.047619047619047616,0.046214229349968425,0.16311734848979645,0.9522553190739904,0.7727754744975728,0.1794798445764176,purer,
GSM4138115,25,1,25,0.0,0.64,0.6061445216001462,0.018889877157158466,0.9201168505177524,,,ambiguous,
GSM4138115,25,2,39,0.10256410256410256,0.358974358974359,0.38721143823846976,0.06689071944174606,0.9100552441890312,0.7727754744975728,0.1372797696914584,purer,
GSM4138115,25,3,39,0.07692307692307693,0.5384615384615384,0.5133301254878391,0.047224580229236764,0.9333137041959996,,,ambiguous,
GSM4138115,25,8,16,0.25,0.125,0.3235188374361891,0.05886161668433513,1.0,,,ambiguous,
GSM4138115,26,1,95,0.09473684210526316,0.45263157894736844,0.21107723496028322,0.05260693227768366,0.7876765318300311,,,ambiguous,
GSM4138115,26,2,23,0.17391304347826086,0.17391304347826086,0.037477255587817705,0.11911651913190545,0.9544646818209064,,,ambiguous,
GSM4138115,26,4,30,0.2,0.26666666666666666,0.05705684549797511,0.10503094049229487,0.9354238364101238,,,ambiguous,
GSM4138115,27,1,103,0.1553398058252427,0.44660194174757284,0.1673743007968372,0.05691970068566881,0.7795668074618154,,,ambiguous,
GSM4138115,27,13,15,0.2,0.13333333333333333,0.04426591807540682,0.08641960881445716,0.9729233592154988,,,ambiguous,
GSM4138115,27,3,19,0.15789473684210525,0.15789473684210525,0.041741074206871634,0.10114290874557784,0.950618052722172,,,ambiguous,
GSM4138115,28,1,120,0.058333333333333334,0.35,0.30740649930517,0.027909296413837454,0.8124201188999728,,,ambiguous,
GSM4138115,28,2,21,0.0,0.047619047619047616,0.04044210114069311,0.09279765444922251,0.9715512163742204,0.7727754744975728,0.1987757418766476,purer,
GSM4138115,29,1,52,0.19230769230769232,0.3076923076923077,0.2368536781007227,0.07039267266827734,0.8662032804738198,,,ambiguous,
GSM4138115,29,2,44,0.20454545454545456,0.29545454545454547,0.15565311156823805,0.0722822420201883,0.8915758985621475,,,ambiguous,
GSM4138115,29,3,36,0.05555555555555555,0.05555555555555555,0.009404575769267672,0.13760522792269256,0.8964894533619882,0.7727754744975728,0.1237139788644153,purer,
GSM4138115,30,1,104,0.125,0.38461538461538464,0.3492753874895777,0.025542385540145544,0.7819385648593566,,,ambiguous,
GSM4138115,30,12,15,0.26666666666666666,0.0,0.13697515743487385,0.05119738536704574,0.9841135603882252,,,ambiguous,
GSM4138115,30,6,26,0.2692307692307692,0.0,0.10851926535304023,0.06512855560827654,0.9477485786815936,,,ambiguous,
GSM4138115,31,2,90,0.1,0.3888888888888889,0.34434348282349275,0.040823706294245754,0.796256854802983,,,ambiguous,
GSM4138115,31,3,49,0.08163265306122448,0.5306122448979592,0.37438593909918233,0.03921237835960938,0.8610973374013018,,,ambiguous,
GSM4138115,32,1,158,0.08227848101265822,0.31645569620253167,0.20041315735448564,0.03631125850153126,0.7529885941819717,0.9816087420119992,-0.2286201478300275,less_pure,
GSM4138115,33,1,19,0.2631578947368421,0.47368421052631576,0.2639644037291075,0.06384576961216207,0.9868754027508316,,,ambiguous,
GSM4138115,33,12,20,0.3,0.25,0.12231426674306385,0.0780575746901738,0.9799295298988858,,,ambiguous,
GSM4138115,33,2,80,0.0625,0.4625,0.29357468657132,0.04497342821695949,0.7763938394452983,,,ambiguous,
GSM4138115,33,3,41,0.17073170731707318,0.3902439024390244,0.21872005151810378,0.04303475304824755,0.9055495501029106,0.9816087420119992,-0.0760591919090886,less_pure,
GSM4138115,34,1,77,0.14285714285714285,0.37662337662337664,0.36369290042141117,0.04943352840630593,0.8157046612188983,,,ambiguous,
GSM4138115,34,5,66,0.2727272727272727,0.12121212121212122,0.17833707181970415,0.07385946873704508,0.8364551344281534,,,ambiguous,
GSM4138115,35,1,48,0.125,0.3333333333333333,0.3275235172801369,0.0543357440927301,0.8795301156887617,0.9816087420119992,-0.1020786263232375,less_pure,
GSM4138115,35,4,42,0.23809523809523808,0.2619047619047619,0.307108283679517,0.05984605342987305,0.8877305571995041,,,ambiguous,
GSM4138115,35,5,40,0.175,0.225,0.32434170522572897,0.05552351463918611,0.8838807852554061,,,ambiguous,
GSM4138116,3,1,704,0.0,0.0014204545454545455,0.15509819093315802,0.017450595102425057,0.9218872648235008,,,ambiguous,
GSM4138116,4,1,703,0.0,0.001422475106685633,0.8794894991834689,0.019376577136590484,0.9242507542572168,,,ambiguous,
GSM4138116,5,1,703,0.0,0.001422475106685633,0.6922767393757239,0.023001359186059125,0.9242507542572168,,,ambiguous,
GSM4138116,6,1,701,0.0,0.0014265335235378032,0.5549365477789396,0.029489981115385106,0.9303430193458324,,,ambiguous,
GSM4138116,7,1,701,0.0,0.0014265335235378032,0.4608154018526712,0.035280303991386486,0.9303430193458324,,,no_baseline,
GSM4138116,8,1,701,0.0,0.0014265335235378032,0.3974874068950035,0.03680540797625479,0.9303430193458324,,,no_baseline,
GSM4138116,9,1,701,0.0,0.0028530670470756064,0.3316788806999554,0.04258573641017013,0.9303430193458324,,,no_baseline,
GSM4138116,10,1,680,0.004411764705882353,0.014705882352941176,0.07916192733631024,0.0994349169226264,0.9471155441026594,0.934787068928812,0.0123284751738473,tie,0.004325894497887
GSM4138116,10,2,21,0.09523809523809523,0.14285714285714285,0.24507011681287563,0.0758344470898444,0.9842694746206084,0.9836055443637416,0.0006639302568668,tie,-0.0006639302568667
GSM4138116,11,1,701,0.0,0.0014265335235378032,0.21977599545257934,0.05011972903711351,0.9303430193458324,,,ambiguous,
GSM4138116,12,1,680,0.0058823529411764705,0.014705882352941176,0.07362670936928307,0.0970130708030959,0.9471155441026594,0.934787068928812,0.0123284751738473,tie,0.004325894497887
GSM4138116,12,2,21,0.047619047619047616,0.14285714285714285,0.2065913973507293,0.07055171832149898,0.9842694746206084,0.9836055443637416,0.0006639302568668,tie,-0.0006639302568667
GSM4138116,13,1,680,0.007352941176470588,0.014705882352941176,0.08621024364237707,0.09214420753422818,0.9471155441026594,0.934787068928812,0.0123284751738473,tie,0.004325894497887
GSM4138116,13,2,21,0.047619047619047616,0.14285714285714285,0.19341523790794188,0.0697534053287589,0.9842694746206084,0.9836055443637416,0.0006639302568668,tie,-0.0006639302568667
GSM4138116,14,1,679,0.007363770250368188,0.016200294550810016,0.07945029527873514,0.09382330733216841,0.9471869857456008,0.934787068928812,0.0123999168167887,tie,0.0042881011973562
GSM4138116,14,2,22,0.045454545454545456,0.13636363636363635,0.16759750963035153,0.07122516534376606,0.9773247650154988,0.9836055443637416,-0.0062807793482427,tie,0.0062807793482427
GSM4138116,15,1,682,0.002932551319648094,0.008797653958944282,0.06866617441167734,0.09372225768869386,0.94684115470606,,,no_baseline,
GSM4138116,15,2,21,0.14285714285714285,0.09523809523809523,0.029357893891462167,0.11242812706176694,0.9466202432328203,0.9836055443637416,-0.0369853011309212,tie,0.0369853011309212
GSM4138116,16,1,704,0.03835227272727273,0.07528409090909091,0.2714591574627876,0.041338161279633294,0.9218872648235008,,,ambiguous,
GSM4138116,17,1,703,0.06827880512091039,0.4238975817923186,0.6645986695299586,0.01053919822148517,0.921859063942928,,,ambiguous,
GSM4138116,18,1,703,0.034139402560455195,0.08250355618776671,0.5038821247315556,0.01270794685089565,0.9217166910356251,,,ambiguous,
GSM4138116,19,1,165,0.06666666666666667,0.46060606060606063,0.6407204794684632,0.05132789149663198,0.9591360026228491,,,no_baseline,
GSM4138116,19,3,217,0.07373271889400922,0.48847926267281105,0.6518846833524874,0.047086401241012966,0.9407367246806824,,,ambiguous,
GSM4138116,19,4,310,0.08387096774193549,0.47096774193548385,0.6332748692005321,0.04332131235106867,0.9172208979363252,,,ambiguous,
GSM4138116,20,1,677,0.03249630723781388,0.03545051698670606,0.03616513790611773,0.10644609451868024,0.9476862889648212,0.934787068928812,0.0128992200360091,tie,0.0055132703393588
GSM4138116,20,3,19,0.10526315789473684,0.10526315789473684,0.07906350931703673,0.09494974421006312,0.983849744355374,0.9836055443637416,0.0002441999916323,tie,-0.0002441999916323
GSM4138116,21,1,17,0.11764705882352941,0.4117647058823529,0.20050939404963145,0.09077241703746919,1.0,,,no_baseline,
GSM4138116,21,2,684,0.029239766081871343,0.06140350877192982,0.07896939465008725,0.0926674033153398,0.9391590237013754,0.934787068928812,0.0043719547725633,tie,
GSM4138116,22,1,676,0.03698224852071006,0.05325443786982249,0.056227904089728026,0.10183893167232251,0.9477537038871636,0.934787068928812,0.0129666349583515,tie,
GSM4138116,22,3,18,0.1111111111111111,0.16666666666666666,0.058506985348602575,0.09435528987905346,0.9852291305752504,0.9836055443637416,0.0016235862115088,tie,
GSM4138116,23,1,676,0.03254437869822485,0.05325443786982249,0.055904229670357235,0.10144710505645525,0.9477537038871636,0.934787068928812,0.0129666349583515,tie,
GSM4138116,23,3,19,0.10526315789473684,0.15789473684210525,0.05591249683964776,0.09537752506062676,0.9855163184886122,0.9836055443637416,0.0019107741248706,tie,
GSM4138116,24,1,698,0.01862464183381089,0.4699140401146132,0.4443093284315694,0.01968378583311943,0.922149247444937,0.9836055443637416,-0.0614562969188046,less_pure,
GSM4138116,25,1,71,0.07042253521126761,0.28169014084507044,0.38521298913937396,0.05747245885067857,0.9492926939140568,,,ambiguous,
GSM4138116,25,2,235,0.15319148936170213,0.2425531914893617,0.34121747514230244,0.06776043350213418,0.9027454680028684,,,no_baseline,
GSM4138116,25,3,283,0.0636042402826855,0.37809187279151946,0.4073758549097384,0.04958272400100002,0.9354816026715244,,,ambiguous,
GSM4138116,25,4,111,0.35135135135135137,0.11711711711711711,0.27355381552126073,0.09821434122409166,0.9560706281492876,,,no_baseline,
GSM4138116,26,1,519,0.0789980732177264,0.3737957610789981,0.13732542961573282,0.06549926611207066,0.9136720479042332,,,ambiguous,
GSM4138116,26,14,15,0.0,0.13333333333333333,0.08292649996193664,0.04622584555783701,1.0,,,ambiguous,
GSM4138116,26,2,152,0.17105263157894737,0.2236842105263158,0.09476534559399764,0.08505235923440506,0.9704199867541032,,,ambiguous,
GSM4138116,27,1,475,0.09473684210526316,0.42526315789473684,0.15760905950391144,0.05995387171025553,0.9169870013386968,,,ambiguous,
GSM4138116,27,11,123,0.04878048780487805,0.13821138211382114,0.06771745483103428,0.04356169467928602,0.9733170529688322,,,ambiguous,
GSM4138116,27,3,90,0.3111111111111111,0.06666666666666667,0.039075614418278004,0.10684931313862732,0.984012490349884,,,ambiguous,
GSM4138116,28,1,703,0.0,0.002844950213371266,0.18177192128575329,0.030658415600785794,0.9242507542572168,,,ambiguous,
GSM4138116,29,1,495,0.06060606060606061,0.4909090909090909,0.2697081421592044,0.045438724148705,0.9309368216347704,,,ambiguous,
GSM4138116,29,2,173,0.017341040462427744,0.49710982658959535,0.2766431050281408,0.03354074704585637,0.9184920636622036,,,ambiguous,
GSM4138116,29,3,22,0.22727272727272727,0.18181818181818182,0.09892062972343765,0.09351867915941052,1.0,,,no_baseline,
GSM4138116,30,1,684,0.1067251461988304,0.391812865497076,0.35535722128984637,0.020669388291898103,0.9210070651843548,,,ambiguous,
GSM4138116,30,2,18,0.0,0.16666666666666666,0.28552020080568624,0.03300747537700899,0.9946937100302098,,,ambiguous,
GSM4138116,31,1,66,0.22727272727272727,0.19696969696969696,0.3156289907947371,0.06198024228644692,0.9427945483774948,,,no_baseline,
GSM4138116,31,2,362,0.0718232044198895,0.40331491712707185,0.35275247613141186,0.033775537944221404,0.940286467751552,,,ambiguous,
GSM4138116,31,3,154,0.15584415584415584,0.2597402597402597,0.28283730957543585,0.05106973318987282,0.8783942416288885,,,ambiguous,
GSM4138116,31,5,120,0.15833333333333333,0.18333333333333332,0.25041605332715483,0.05281581268621839,0.9644657706523684,,,ambiguous,
GSM4138116,32,1,704,0.13210227272727273,0.3494318181818182,0.17883989117325425,0.04544579584282525,0.9218872648235008,,,no_baseline,
GSM4138116,33,1,77,0.35064935064935066,0.06493506493506493,0.18582291751664273,0.07427467156474697,0.9462547558950668,,,ambiguous,
GSM4138116,33,2,290,0.1206896551724138,0.3,0.21669015631241648,0.0497932598738734,0.9055293279789338,,,ambiguous,
GSM4138116,33,3,331,0.17220543806646527,0.2688821752265861,0.19118425002981895,0.05485722054154167,0.95289299601607,,,no_baseline,
GSM4138116,34,1,506,0.05138339920948617,0.5019762845849802,0.40193833186352124,0.035491628632697746,0.9144965260686696,,,ambiguous,
GSM4138116,34,2,72,0.18055555555555555,0.2222222222222222,0.30438911512550565,0.06005735467951831,0.9816876274694551,,,no_baseline,
GSM4138116,34,5,67,0.3880597014925373,0.029850746268656716,0.14932956526359223,0.0892911599592714,0.9541169964710504,,,ambiguous,
GSM4138116,34,9,48,0.3125,0.041666666666666664,0.16527576857506374,0.07586715367343642,0.9733359472500912,,,ambiguous,
GSM4138116,35,1,500,0.094,0.462,0.4363120356499409,0.04514253256471086,0.915521843120256,,,no_baseline,
GSM4138116,35,2,66,0.06060606060606061,0.2878787878787879,0.3794784620691068,0.05003018740504745,0.9756905974122984,,,ambiguous,
GSM4138116,35,3,61,0.06557377049180328,0.32786885245901637,0.36073624715612945,0.048149145607162214,0.9622786382486296,,,ambiguous,
GSM4138116,35,5,66,0.2727272727272727,0.07575757575757576,0.20391090043602605,0.07419694413413605,0.9628063144280236,,,ambiguous,
GSM4138117,3,1,143,0.09090909090909091,0.09090909090909091,0.5029873605516811,0.09721952463151856,0.8229053590293018,,,ambiguous,
GSM4138117,3,2,182,0.10989010989010989,0.24175824175824176,0.8701826192160452,0.10870517662399506,0.729412107435792,,,ambiguous,
GSM4138117,3,3,15,0.0,0.0,-0.21761981497179578,0.12766114906222478,0.9528621852287787,,,ambiguous,
GSM4138117,4,1,145,0.11724137931034483,0.0896551724137931,0.569570813944738,0.08580403602318061,0.824572933666172,,,ambiguous,
GSM4138117,4,2,178,0.0898876404494382,0.20224719101123595,0.7011692094402845,0.10115221341905312,0.7366321479260738,,,ambiguous,
GSM4138117,5,1,150,0.12,0.12666666666666668,0.5268199199402607,0.0867351983943207,0.8190179174955012,,,ambiguous,
GSM4138117,5,2,157,0.12101910828025478,0.24203821656050956,0.5589704600230011,0.10916648036415416,0.7467085033841926,,,ambiguous,
GSM4138117,5,5,15,0.0,0.06666666666666667,0.29732250854115827,0.0576545467081544,0.9848958966969696,0.9848958966969696,0.0,tie,0.0
GSM4138117,6,1,157,0.12101910828025478,0.10191082802547771,0.33313899032514926,0.08937885973536704,0.806622726491546,,,ambiguous,
GSM4138117,6,2,74,0.12162162162162163,0.3918918918918919,0.8494259181625591,0.08063627057611612,0.7752928290882938,0.8983178908723612,-0.1230250617840674,less_pure,0.160470741062387
GSM4138117,6,3,78,0.15384615384615385,0.24358974358974358,0.32853229354467645,0.1109365069204112,0.798808416088053,0.7420397036679759,0.056768712420077,purer,0.0
GSM4138117,6,6,15,0.0,0.06666666666666667,0.21977716167678604,0.05339693995082816,0.9848958966969696,0.9848958966969696,0.0,tie,0.0
GSM4138117,7,1,158,0.13291139240506328,0.11392405063291139,0.293168330508659,0.09376636875932153,0.8152954804919879,,,no_baseline,
GSM4138117,7,2,21,0.2857142857142857,0.14285714285714285,0.11524723341908695,0.1121395623802485,0.9676818198729328,0.8983178908723612,0.0693639290005715,purer,-0.0096789081817842
GSM4138117,7,3,79,0.17721518987341772,0.25316455696202533,0.2881510715205236,0.10762766257439689,0.797906075580249,0.7420397036679759,0.055866371912273,purer,0.0
GSM4138117,7,4,51,0.0784313725490196,0.5882352941176471,0.9532763726110682,0.0579451951546108,0.7908580170175339,,,ambiguous,
GSM4138117,7,7,15,0.0,0.06666666666666667,0.22851469319882678,0.04636417503129117,0.9848958966969696,0.9848958966969696,0.0,tie,0.0
GSM4138117,8,1,168,0.13095238095238096,0.13690476190476192,0.2909870501375308,0.0906409301080872,0.8090615254089843,,,no_baseline,
GSM4138117,8,2,21,0.2857142857142857,0.14285714285714285,0.08254939631809795,0.11441756096421789,0.9669669483132934,0.8983178908723612,0.0686490574409321,purer,-0.0089640366221448
GSM4138117,8,3,67,0.29850746268656714,0.26865671641791045,0.1520201037276869,0.13089846471287378,0.8300092981748416,0.7420397036679759,0.0879695945068657,purer,0.0
GSM4138117,8,4,46,0.06521739130434782,0.6304347826086957,0.9552329284841169,0.058030403426193915,0.8056814834217488,,,ambiguous,
GSM4138117,8,8,15,0.0,0.06666666666666667,0.2012198047375863,0.05235740950225909,0.9848958966969696,0.9848958966969696,0.0,tie,0.0
GSM4138117,9,1,160,0.14375,0.1375,0.21564735017564668,0.09569685582974298,0.8190730185217348,,,no_baseline,
GSM4138117,9,2,20,0.3,0.15,0.06051638136949624,0.11854410111241105,0.9606103889526072,0.8983178908723612,0.0622924980802459,purer,-0.0026074772614587
GSM4138117,9,3,59,0.288135593220339,0.2542372881355932,0.13294516779318993,0.12920088191329293,0.8380295268636176,0.7420397036679759,0.0959898231956417,purer,0.0
GSM4138117,9,4,57,0.10526315789473684,0.5614035087719298,0.6786940849673193,0.06974171376114684,0.7759617660472025,,,ambiguous,
GSM4138117,9,9,15,0.0,0.06666666666666667,0.2154081426974829,0.05200800048870331,0.9848958966969696,0.9848958966969696,0.0,tie,0.0
GSM4138117,10,1,124,0.024193548387096774,0.1774193548387097,0.1614277435645621,0.09441959975993724,0.8583848740528922,0.8607567303204385,-0.0023718562675463,tie,0.0380812902076992
GSM4138117,10,10,15,0.0,0.06666666666666667,0.13234566582968477,0.06142845192241976,0.9848958966969696,0.9848958966969696,0.0,tie,0.0
GSM4138117,10,2,16,0.125,0.125,-0.07183688875665024,0.15910982267058724,0.9751299018820724,,,no_baseline,
GSM4138117,10,3,28,0.03571428571428571,0.32142857142857145,0.13326534054512743,0.10379035103951184,0.9294505281939937,0.8983178908723612,0.0311326373216324,tie,0.0025514890195551
GSM4138117,10,4,64,0.09375,0.359375,0.1946772434995542,0.11980599468827753,0.8404572429924667,0.7420397036679759,0.0984175393244908,purer,0.0059776798309278
GSM4138117,10,6,63,0.015873015873015872,0.6825396825396826,0.7288259803231346,0.06499296954389645,0.7761901128602449,,,ambiguous,
GSM4138117,11,1,171,0.13450292397660818,0.13450292397660818,0.19493998139371854,0.09514585190584815,0.8155928625024109,,,ambiguous,
GSM4138117,11,10,15,0.0,0.13333333333333333,0.19935291190465626,0.04970191302471397,0.9848958966969696,0.9848958966969696,0.0,tie,0.0
GSM4138117,11,2,17,0.35294117647058826,0.11764705882352941,0.05002196073391052,0.11890993218539032,0.9674629250066582,0.8983178908723612,0.0691450341342969,purer,-0.0024315190745372
GSM4138117,11,3,52,0.3269230769230769,0.21153846153846154,0.09504574686002726,0.1296545466002637,0.8497763908647045,0.7420397036679759,0.1077366871967285,purer,0.0
GSM4138117,11,5,52,0.11538461538461539,0.5576923076923077,0.6127481542194038,0.06701134033008337,0.7820889072115804,,,ambiguous,
GSM4138117,12,1,124,0.024193548387096774,0.20161290322580644,0.14568747030500345,0.09281488553793858,0.8439776538915225,0.8607567303204385,-0.016779076428916,tie,0.0737074616331625
GSM4138117,12,11,15,0.0,0.13333333333333333,0.12992947600234933,0.061510484242386934,0.9848958966969696,0.9848958966969696,0.0,tie,0.0
GSM4138117,12,2,15,0.2,0.13333333333333333,-0.04164538403188009,0.1558148224749735,0.9877302514675108,,,no_baseline,
GSM4138117,12,3,27,0.037037037037037035,0.2962962962962963,0.09657216653497548,0.10598914542784622,0.9267430252279544,0.8983178908723612,0.0284251343555931,tie,0.0052589919855942
GSM4138117,12,4,58,0.08620689655172414,0.3620689655172414,0.1396447165291298,0.1197987111075642,0.8464430332194695,0.7420397036679759,0.1044033295514935,purer,0.0
GSM4138117,12,5,62,0.016129032258064516,0.7258064516129032,0.642795489164792,0.06353950005428154,0.7762236581522801,,,ambiguous,
GSM4138117,13,1,127,0.03937007874015748,0.2204724409448819,0.1541756841085639,0.08926629327925438,0.8461506283902052,0.8607567303204385,-0.0146061019302333,tie,0.0647784859328626
GSM4138117,13,11,15,0.0,0.13333333333333333,0.12857813452072653,0.0622753489917642,0.9848958966969696,0.9848958966969696,0.0,tie,0.0
GSM4138117,13,2,15,0.2,0.06666666666666667,-0.05398433143049723,0.15806143401740724,0.9877302514675108,,,no_baseline,
GSM4138117,13,3,27,0.07407407407407407,0.3333333333333333,0.10936704393230386,0.10289611299371838,0.9267430252279544,0.8983178908723612,0.0284251343555931,tie,0.0052589919855942
GSM4138117,13,4,57,0.08771929824561403,0.3508771929824561,0.12921745492454184,0.11974787758659153,0.8524544297806724,0.7420397036679759,0.1104147261126965,purer,0.0
GSM4138117,13,5,62,0.016129032258064516,0.7258064516129032,0.6112503432650509,0.06384899330658025,0.7762236581522801,,,ambiguous,
GSM4138117,14,1,121,0.049586776859504134,0.2066115702479339,0.13592516119490358,0.09178221167585018,0.8507830429510881,0.8607567303204385,-0.0099736873693504,tie,0.0657945846270243
GSM4138117,14,12,15,0.0,0.13333333333333333,0.10315965430066407,0.07151198324545943,0.9848958966969696,0.9848958966969696,0.0,tie,0.0
GSM4138117,14,2,19,0.10526315789473684,0.3157894736842105,0.035945176793009945,0.13592164696277884,0.9608984320562703,,,no_baseline,
GSM4138117,14,3,23,0.043478260869565216,0.30434782608695654,0.11215707821210578,0.10756376503447097,0.9349126503210536,0.8983178908723612,0.0365947594486923,tie,-0.0035117654728258
GSM4138117,14,4,54,0.09259259259259259,0.3333333333333333,0.1122694882327169,0.11965381621716852,0.8436281837511679,0.7420397036679759,0.1015884800831919,purer,0.0
GSM4138117,14,6,61,0.01639344262295082,0.7540983606557377,0.6154092109093452,0.059783671931061655,0.7751922531358543,,,ambiguous,
GSM4138117,15,1,184,0.043478260869565216,0.41304347826086957,0.4003456961500864,0.06972991179020742,0.7339134326136113,,,no_baseline,
GSM4138117,15,10,15,0.0,0.0,0.1176852122607403,0.056993088661159354,0.9848958966969696,0.9848958966969696,0.0,tie,0.0
GSM4138117,15,2,32,0.03125,0.71875,0.7239454755624831,0.059124419915414415,0.944820643715046,,,no_baseline,
GSM4138117,15,3,32,0.125,0.5,0.44628096913722176,0.08859136664731997,0.9116638258022216,,,ambiguous,
GSM4138117,15,4,15,0.0,0.26666666666666666,0.27969562916107954,0.05995002680699536,0.9528621852287787,,,no_baseline,
GSM4138117,15,7,47,0.14893617021276595,0.3191489361702128,0.16575071224232588,0.12200451443632912,0.8474351617925726,0.7420397036679759,0.1053954581245967,purer,-0.0003119568545354
GSM4138117,16,1,309,0.038834951456310676,0.09385113268608414,0.2525251704079199,0.052484395372275,0.7288872645835497,,,ambiguous,
GSM4138117,17,1,299,0.0802675585284281,0.34782608695652173,0.5838711861700575,0.02109496326916793,0.731579950083016,,,ambiguous,
GSM4138117,17,2,15,0.0,0.0,0.20727588403728625,0.041197507728676516,0.9528621852287787,,,no_baseline,
GSM4138117,17,4,15,0.26666666666666666,0.0,0.05272993938559935,0.1227168106228296,0.9848958966969696,0.9848958966969696,0.0,tie,0.0
GSM4138117,18,1,305,0.029508196721311476,0.12459016393442623,0.4714943691424766,0.015207363158876665,0.7148884226245824,,,ambiguous,
GSM4138117,18,2,15,0.0,0.0,0.21983655796689025,0.04866201938707826,0.9528621852287787,,,no_baseline,
GSM4138117,19,1,42,0.19047619047619047,0.2619047619047619,0.4753043196055829,0.06270353397730043,0.9185613292930044,,,no_baseline,
GSM4138117,19,2,18,0.0,0.1111111111111111,0.20630161315368448,0.07055603871946438,0.9554653812586306,,,no_baseline,
GSM4138117,19,3,123,0.16260162601626016,0.5203252032520326,0.6912851954678917,0.04843986230642858,0.7580851716451514,,,ambiguous,
GSM4138117,19,4,101,0.27722772277227725,0.26732673267326734,0.3844308470477502,0.0673473483227396,0.7617904857174008,,,ambiguous,
GSM4138117,20,1,114,0.07017543859649122,0.2543859649122807,0.11621918191636897,0.09419052195631174,0.8470303555817504,0.8607567303204385,-0.013726374738688,tie,0.0550832855777542
GSM4138117,20,13,15,0.0,0.2,0.1017334629408877,0.06829005324750104,0.9848958966969696,0.9848958966969696,0.0,tie,0.0
GSM4138117,20,2,62,0.016129032258064516,0.6129032258064516,0.3229704079015134,0.08713262608675304,0.8186178406601066,0.9663640660735294,-0.1477462254134228,less_pure,
GSM4138117,20,4,69,0.043478260869565216,0.4492753623188406,0.1704969957779929,0.10219111307472192,0.7997388777233599,0.7420397036679759,0.057699174055384,purer,0.0058933017729498
GSM4138117,20,6,27,0.037037037037037035,0.8518518518518519,0.5933377517774661,0.06159190063417524,0.8824831942655167,,,ambiguous,
GSM4138117,21,1,44,0.11363636363636363,0.3181818181818182,0.13218859907073818,0.10841615330340702,0.8754472481322618,0.9663640660735294,-0.0909168179412676,less_pure,
GSM4138117,21,16,15,0.0,0.13333333333333333,0.07945466329019311,0.06926595036717842,0.9848958966969696,0.9848958966969696,0.0,tie,
GSM4138117,21,2,117,0.11965811965811966,0.1794871794871795,0.12313070298627113,0.09453733206241721,0.8460185874741278,0.8607567303204385,-0.0147381428463106,tie,
GSM4138117,21,3,56,0.08928571428571429,0.30357142857142855,0.11757860448418642,0.10278058729744773,0.8467890762587089,0.7420397036679759,0.104749372590733,purer,
GSM4138117,21,9,50,0.02,0.66,0.511033515712196,0.060530351167974956,0.7899998554169916,,,ambiguous,
GSM4138117,22,1,115,0.09565217391304348,0.2608695652173913,0.12306360837301594,0.0936756611909533,0.8525234503337684,0.8607567303204385,-0.0082332799866701,tie,
GSM4138117,22,11,52,0.019230769230769232,0.7692307692307693,0.4805654454270561,0.06299854538277043,0.7657716136326259,,,ambiguous,
GSM4138117,22,16,15,0.0,0.2,0.07512454639403368,0.07099800514418265,0.9848958966969696,0.9848958966969696,0.0,tie,
GSM4138117,22,2,31,0.0967741935483871,0.3548387096774194,0.1001977378348986,0.11262568987302314,0.929157049652938,0.9663640660735294,-0.0372070164205914,tie,
GSM4138117,22,4,61,0.03278688524590164,0.39344262295081966,0.10969881499079909,0.1059923776103625,0.8444600756550943,0.7420397036679759,0.1024203719871184,purer,
GSM4138117,23,1,112,0.08928571428571429,0.25,0.12138630182630863,0.09256166964930002,0.8643403121553901,0.8607567303204385,0.0035835818349515,tie,
GSM4138117,23,12,53,0.0,0.7735849056603774,0.4609633741701867,0.06362316199531504,0.7810092654831452,,,ambiguous,
GSM4138117,23,17,15,0.0,0.2,0.073507068775591,0.06951694880897157,0.9848958966969696,0.9848958966969696,0.0,tie,
GSM4138117,23,2,33,0.09090909090909091,0.3333333333333333,0.08595332721066026,0.11504023787173466,0.9340233963870884,0.9663640660735294,-0.032340669686441,tie,
GSM4138117,23,4,61,0.01639344262295082,0.39344262295081966,0.11330609650054727,0.10535761634130238,0.8511632698898972,0.7420397036679759,0.1091235662219213,purer,
GSM4138117,24,1,145,0.07586206896551724,0.4896551724137931,0.5022810380147102,0.032560245155803406,0.8030796147134897,,,no_baseline,
GSM4138117,24,10,15,0.0,0.0,0.12683984670174084,0.0421224708751783,0.9848958966969696,,,ambiguous,
GSM4138117,24,2,90,0.3,0.2,0.2658592138039478,0.07012612146936105,0.7776166465493578,,,ambiguous,
GSM4138117,24,3,61,0.03278688524590164,0.5081967213114754,0.5726598760786978,0.02379046320195849,0.7687008805218849,,,ambiguous,
GSM4138117,25,1,82,0.036585365853658534,0.5975609756097561,0.6409947125205083,0.029388804192222086,0.8127545198296892,,,ambiguous,
GSM4138117,25,10,32,0.03125,0.59375,0.5656322219514556,0.04017972532508149,0.8824042336718072,,,ambiguous,
GSM4138117,25,2,89,0.033707865168539325,0.7191011235955056,0.7166976508583023,0.03168740644090462,0.7634900226596795,0.8983178908723612,-0.1348278682126817,less_pure,
GSM4138117,25,3,85,0.03529411764705882,0.8,0.8458951072420918,0.021484336723333535,0.7502991005613512,,,ambiguous,
GSM4138117,25,4,20,0.25,0.25,0.2328054343042357,0.1100712971615119,0.9492948564149972,,,no_baseline,
GSM4138117,25,7,15,0.06666666666666667,0.0,0.06658352933031111,0.07160762849497508,0.9848958966969696,0.9848958966969696,0.0,tie,
GSM4138117,26,1,249,0.06827309236947791,0.6265060240963856,0.2802737739273378,0.048692307726651805,0.7188974106085702,,,ambiguous,
GSM4138117,26,2,30,0.13333333333333333,0.2,0.07814092679612,0.11279736220864785,0.9091466586701276,,,ambiguous,
GSM4138117,26,4,29,0.3103448275862069,0.20689655172413793,0.10458585522121894,0.11195564830795321,0.8854066581680874,,,ambiguous,
GSM4138117,27,1,243,0.07407407407407407,0.5967078189300411,0.2563727342641554,0.04872679687205296,0.7233364081687751,,,ambiguous,
GSM4138117,27,11,20,0.05,0.15,0.07587531949513333,0.09112946333760821,0.9358931053049268,,,ambiguous,
GSM4138117,27,13,15,0.4,0.13333333333333333,0.04381340816748859,0.09848523297537876,0.9885294400093544,,,ambiguous,
GSM4138117,27,3,20,0.15,0.3,0.11438257527479197,0.08297580652858456,0.9231252606018152,,,ambiguous,
GSM4138117,27,8,22,0.13636363636363635,0.13636363636363635,0.06377451534723187,0.07588268822932048,0.91008068856648,,,ambiguous,
GSM4138117,28,1,306,0.05228758169934641,0.2908496732026144,0.33329873930090853,0.030764356241618752,0.7239802035487051,,,ambiguous,
GSM4138117,29,1,192,0.06770833333333333,0.640625,0.3592203119250173,0.0437434274073788,0.7247427763240866,,,ambiguous,
GSM4138117,29,2,96,0.08333333333333333,0.6041666666666666,0.32672338931156114,0.04629209293726668,0.778968864606352,,,ambiguous,
GSM4138117,29,3,16,0.375,0.1875,0.07057188505214843,0.13094936989678482,0.9583750054215668,0.8983178908723612,0.0600571145492055,purer,
GSM4138117,30,1,296,0.16554054054054054,0.5101351351351351,0.4004797604685694,0.0258504656099132,0.7159646900492633,,,ambiguous,
GSM4138117,31,1,32,0.09375,0.34375,0.44477648542103215,0.04791008449138999,0.840891148534937,0.8983178908723612,-0.0574267423374242,less_pure,
GSM4138117,31,2,102,0.11764705882352941,0.39215686274509803,0.3692061779736022,0.038839803084040316,0.7350400597856399,,,ambiguous,
GSM4138117,31,3,128,0.078125,0.6484375,0.5251288977077826,0.024418411889471962,0.7628444272983049,,,ambiguous,
GSM4138117,31,5,61,0.11475409836065574,0.4098360655737705,0.3307555401787283,0.04606448805681133,0.8518052973135988,,,ambiguous,
GSM4138117,32,1,324,0.09876543209876543,0.4783950617283951,0.23543781434795816,0.03921686079155864,0.7205056040711777,,,no_baseline,
GSM4138117,33,1,28,0.39285714285714285,0.2857142857142857,0.2528959637368607,0.0702711806013438,0.939295478959931,,,ambiguous,
GSM4138117,33,2,181,0.07734806629834254,0.6464088397790055,0.36426951992853823,0.03377356631444041,0.7372261421011251,,,ambiguous,
GSM4138117,33,3,109,0.13761467889908258,0.27522935779816515,0.2127498504111465,0.0653904074024078,0.770792072875349,,,no_baseline,
GSM4138117,34,1,219,0.1004566210045662,0.5662100456621004,0.4522924188872935,0.03976973352419372,0.7262272068210285,,,ambiguous,
GSM4138117,34,2,27,0.2222222222222222,0.3333333333333333,0.37976137620499234,0.05413458750955564,0.9331038121716402,0.8983178908723612,0.0347859212992789,tie,
GSM4138117,34,5,50,0.24,0.24,0.23279321685219645,0.07994455667614105,0.8384944276336252,,,ambiguous,
GSM4138117,34,9,16,0.1875,0.25,0.17958327411852865,0.09803629689461771,0.962540553586732,,,ambiguous,
GSM4138117,35,1,192,0.06770833333333333,0.5364583333333334,0.4872585726058644,0.04242386625115099,0.7343014175268329,,,no_baseline,
GSM4138117,35,2,28,0.10714285714285714,0.5357142857142857,0.49900740386382075,0.043002242836699574,0.916620561861094,,,ambiguous,
GSM4138117,35,3,19,0.15789473684210525,0.3157894736842105,0.4179016218932268,0.056768912168056865,0.9218569182836466,,,ambiguous,
GSM4138117,35,4,48,0.08333333333333333,0.3333333333333333,0.4452028957931349,0.049120363815621786,0.8058463520722252,,,ambiguous,
GSM4138117,35,5,25,0.32,0.32,0.32288801387586075,0.07034469540878012,0.8838565993365076,,,ambiguous,
GSM4138118,3,1,292,0.0,0.00684931506849315,0.3039660547764769,0.08116751248891191,0.8770768667778066,,,ambiguous,
GSM4138118,4,1,292,0.0,0.00684931506849315,0.8537658928632171,0.05383444481815187,0.8770768667778066,,,ambiguous,
GSM4138118,5,1,292,0.0,0.003424657534246575,0.6797924866223487,0.05431377186648768,0.8770768667778066,,,ambiguous,
GSM4138118,6,1,290,0.0,0.013793103448275862,0.5283510230132413,0.06121236177145176,0.892680065325938,,,ambiguous,
GSM4138118,7,1,288,0.0,0.020833333333333332,0.44892876465375575,0.061237085242073656,0.9022237135692892,0.9335570118094064,-0.0313332982401172,tie,0.0313332982401173
GSM4138118,8,1,288,0.0,0.034722222222222224,0.38644275398037947,0.061691849638695416,0.9022237135692892,0.9335570118094064,-0.0313332982401172,tie,0.0313332982401173
GSM4138118,9,1,288,0.0,0.041666666666666664,0.33445071282652095,0.0675468254839064,0.9022237135692892,0.9335570118094064,-0.0313332982401172,tie,0.0313332982401173
GSM4138118,10,1,269,0.05947955390334572,0.22676579925650558,0.1413027876743065,0.11166996865127814,0.9135377571930902,0.9129088194689152,0.0006289377241749,tie,0.018676983471045
GSM4138118,10,2,17,0.11764705882352941,0.17647058823529413,0.15634813682534418,0.10418716162171526,0.986381416823375,,,no_baseline,
GSM4138118,11,1,288,0.0,0.03125,0.26690113411190625,0.063936431085702,0.9022237135692892,,,ambiguous,
GSM4138118,12,1,267,0.06367041198501873,0.23220973782771537,0.12092592322793357,0.11068737410467835,0.9127132672535798,0.9129088194689152,-0.0001955522153354,tie,0.0192419018511491
GSM4138118,12,2,19,0.21052631578947367,0.15789473684210525,0.056705369797308794,0.13282884665288802,0.989744282581234,,,no_baseline,
GSM4138118,13,1,266,0.06766917293233082,0.22180451127819548,0.10721009083724758,0.11174785097004812,0.9268749896654668,0.9129088194689152,0.0139661701965515,tie,0.005080179439262
GSM4138118,13,2,19,0.21052631578947367,0.15789473684210525,0.0421228481498336,0.13123797883955612,0.989744282581234,,,no_baseline,
GSM4138118,14,1,259,0.08494208494208494,0.2471042471042471,0.09530584305088843,0.1075489166169835,0.9234079626022532,0.9129088194689152,0.0104991431333379,tie,0.0081264861072912
GSM4138118,14,2,26,0.19230769230769232,0.23076923076923078,0.046005345862740146,0.12472352314600932,0.9700303841000276,,,no_baseline,
GSM4138118,15,1,281,0.02491103202846975,0.12099644128113879,0.12665933920139819,0.09557265863883933,0.8926136238708576,0.9335570118094064,-0.0409433879385487,tie,0.0409433879385489
GSM4138118,16,1,291,0.07216494845360824,0.11683848797250859,0.24302705017169848,0.04605776216094714,0.8806061203810139,,,ambiguous,
GSM4138118,17,1,291,0.13058419243986255,0.3539518900343643,0.6435923098738348,0.013884552505648094,0.8806061203810139,,,ambiguous,
GSM4138118,18,1,291,0.07903780068728522,0.12371134020618557,0.5010040022116874,0.016448726184049717,0.8806061203810139,,,ambiguous,
GSM4138118,19,1,125,0.056,0.584,0.7383122228628392,0.040669587014263944,0.9346031137448854,,,no_baseline,
GSM4138118,19,3,74,0.13513513513513514,0.4864864864864865,0.6977757706359135,0.04602885490562803,0.95796359412858,,,ambiguous,
GSM4138118,19,4,82,0.04878048780487805,0.6341463414634146,0.7668775165434167,0.02735849294911448,0.8921405511085614,,,ambiguous,
GSM4138118,20,1,99,0.16161616161616163,0.24242424242424243,0.03697444424781947,0.12499734135696346,0.972198703356298,0.9129088194689152,0.0592898838873827,purer,0.0
GSM4138118,20,2,185,0.12432432432432433,0.3027027027027027,0.10889974602970423,0.09849187776659941,0.881359906950026,1.0,-0.118640093049974,less_pure,0.118640093049974
GSM4138118,21,1,190,0.14736842105263157,0.2894736842105263,0.1177255036913901,0.09064480482971875,0.8826213988140195,1.0,-0.1173786011859805,less_pure,
GSM4138118,21,2,100,0.26,0.24,0.043792130145607205,0.11638148714787762,0.969086307899772,0.9129088194689152,0.0561774884308567,purer,
GSM4138118,22,1,101,0.19801980198019803,0.24752475247524752,0.04200804716281272,0.11754690962742097,0.9724824664987458,0.9129088194689152,0.0595736470298305,purer,
GSM4138118,22,2,181,0.143646408839779,0.3701657458563536,0.10608148598259678,0.09381218369766604,0.884496045253635,1.0,-0.1155039547463649,less_pure,
GSM4138118,23,1,98,0.17346938775510204,0.24489795918367346,0.05313898730688879,0.11769973228927647,0.9705651274975496,0.9129088194689152,0.0576563080286344,purer,
GSM4138118,23,2,184,0.14130434782608695,0.375,0.10303599447525638,0.10106798098997918,0.8850089943082576,1.0,-0.1149910056917423,less_pure,
GSM4138118,24,1,290,0.041379310344827586,0.49310344827586206,0.4880942621347392,0.02328291104357053,0.8768403025725471,,,no_baseline,
GSM4138118,25,4,199,0.135678391959799,0.4824120603015075,0.5098188534938498,0.05575161731891574,0.9181694290962874,,,no_baseline,
GSM4138118,25,6,62,0.016129032258064516,0.4032258064516129,0.4858089321661688,0.046604951084149325,0.9526135070145212,,,ambiguous,
GSM4138118,26,1,35,0.11428571428571428,0.37142857142857144,0.16105347336283046,0.06791077305580025,0.8843005382802321,,,ambiguous,
GSM4138118,26,2,77,0.22077922077922077,0.15584415584415584,0.06436277277116043,0.09958681198148825,0.9592864310495336,,,ambiguous,
GSM4138118,26,4,180,0.18888888888888888,0.24444444444444444,0.08194213667635421,0.09209852213263052,0.9258977276933992,,,ambiguous,
GSM4138118,27,1,244,0.0942622950819672,0.45081967213114754,0.16558155550053522,0.059902184506938315,0.8663608105873769,,,ambiguous,
GSM4138118,27,3,46,0.2826086956521739,0.10869565217391304,0.045938981422173605,0.1009532122938323,0.9661837383561224,,,ambiguous,
GSM4138118,28,1,292,0.0,0.02054794520547945,0.21290072070116503,0.034089047434730874,0.8770768667778066,,,ambiguous,
GSM4138118,29,1,201,0.13930348258706468,0.36318407960199006,0.23402757667655535,0.059865192048439195,0.8584665649132799,,,ambiguous,
GSM4138118,29,2,31,0.0967741935483871,0.2903225806451613,0.21776543471630005,0.04641917160227064,0.9900489228106912,,,ambiguous,
GSM4138118,29,3,19,0.15789473684210525,0.3684210526315789,0.19500769307087887,0.06294756874063934,0.989769499265939,1.0,-0.0102305007340609,tie,
GSM4138118,29,8,40,0.275,0.125,0.09462026977032989,0.08969447323473811,0.9842751722224844,,,ambiguous,
GSM4138118,30,1,289,0.08304498269896193,0.46366782006920415,0.37178259353884413,0.019430696397192526,0.8763687126764237,,,ambiguous,
GSM4138118,31,2,95,0.1368421052631579,0.4421052631578947,0.36728949693216406,0.0365699446322217,0.9372371754698724,,,ambiguous,
GSM4138118,31,3,152,0.14473684210526316,0.2565789473684211,0.2904216165588363,0.04150411260561615,0.8775903708743628,,,ambiguous,
GSM4138118,31,5,36,0.19444444444444445,0.05555555555555555,0.2049988655153675,0.073599986370308,0.9670349974940672,,,ambiguous,
GSM4138118,32,1,293,0.13310580204778158,0.310580204778157,0.17113487778026923,0.048478019919280003,0.8773301794443379,,,no_baseline,
GSM4138118,33,1,16,0.3125,0.1875,0.16821869085840008,0.06814335892107455,0.9904583450345624,,,ambiguous,
GSM4138118,33,2,225,0.09333333333333334,0.32,0.2280664405198852,0.04222153709094315,0.8640355843191786,,,ambiguous,
GSM4138118,33,3,47,0.19148936170212766,0.14893617021276595,0.16932671096294405,0.061690532225105794,0.9778150692394104,,,no_baseline,
GSM4138118,34,1,243,0.03292181069958848,0.5967078189300411,0.4290527450185827,0.02900102814806381,0.868022353392852,,,ambiguous,
GSM4138118,34,9,24,0.3333333333333333,0.0,0.13716570316242815,0.08436125474804639,0.9878907450769964,,,ambiguous,
GSM4138118,35,1,236,0.029661016949152543,0.6059322033898306,0.5022940520903699,0.03402256054856127,0.868218317913086,,,no_baseline,
GSM4138118,35,3,34,0.08823529411764706,0.3235294117647059,0.42336897643248206,0.04095519887243346,0.9702007144358052,,,ambiguous,
GSM4138119,3,1,43,0.0,0.11627906976744186,1.3791757124358774,0.010596220532401694,0.9242055010078588,,,ambiguous,
GSM4138119,3,2,74,0.02702702702702703,0.05405405405405406,1.0851082610046703,0.07386312559952982,0.6799220000090034,,,ambiguous,
GSM4138119,4,1,50,0.04,0.24,1.24976330228609,0.03706461842673845,0.8313345310276647,,,ambiguous,
GSM4138119,4,2,60,0.1,0.16666666666666666,1.147506984015932,0.06835770002950009,0.7188119089065275,,,ambiguous,
GSM4138119,5,1,50,0.04,0.26,1.034108188115999,0.03810217260127757,0.8313345310276647,,,ambiguous,
GSM4138119,5,2,52,0.11538461538461539,0.21153846153846154,1.0116640553056593,0.06858309686024347,0.7084484697960387,,,ambiguous,
GSM4138119,6,1,49,0.04081632653061224,0.30612244897959184,0.867965732668722,0.04978611345952916,0.8828307620991742,,,ambiguous,
GSM4138119,6,2,28,0.07142857142857142,0.17857142857142858,0.635877632338789,0.0936896158812459,0.8667932022025296,0.903900009773125,-0.0371068075705953,tie,0.0643885467294803
GSM4138119,6,3,25,0.08,0.24,0.5685016680101435,0.07002697482755998,0.8443560073622928,0.7571052713504478,0.0872507360118449,purer,0.0096947612770542
GSM4138119,7,1,48,0.041666666666666664,0.3541666666666667,0.7722536364156337,0.03931312529795811,0.9465758877288,,,no_baseline,
GSM4138119,7,2,27,0.07407407407407407,0.2222222222222222,0.5591435375372057,0.06446435837552894,0.7973531841943233,0.903900009773125,-0.1065468255788016,less_pure,0.130410913873446
GSM4138119,7,3,24,0.041666666666666664,0.2916666666666667,0.4220995991636145,0.07110193327645724,0.8436462650752521,0.7571052713504478,0.0865409937248042,purer,0.0117816212972017
GSM4138119,8,1,47,0.0425531914893617,0.3404255319148936,0.6102043808614057,0.04670384911760523,0.9401620775585752,,,no_baseline,
GSM4138119,8,2,25,0.08,0.28,0.5226396006365395,0.06354696700830581,0.8219998400889794,0.903900009773125,-0.0819001696841456,less_pure,0.1057642579787899
GSM4138119,8,7,25,0.12,0.12,0.10233811886627472,0.10349505400847668,0.888582245209537,0.7571052713504478,0.1314769738590891,purer,0.0
GSM4138119,9,1,46,0.0,0.32608695652173914,0.514427403985782,0.051059670433473564,0.9222110917745824,,,no_baseline,
GSM4138119,9,2,25,0.08,0.28,0.5041799114636433,0.06140415916068278,0.8404484553596817,0.903900009773125,-0.0634515544134433,less_pure,0.0873156427080876
GSM4138119,9,7,24,0.16666666666666666,0.08333333333333333,0.07329434418336757,0.10429742533995089,0.8869751010903455,0.7571052713504478,0.1298698297398977,purer,0.0
GSM4138119,10,1,42,0.0,0.5476190476190477,0.5837610698878921,0.04682416993197865,0.8931867386069501,0.9283766587096818,-0.0351899201027317,tie,0.039711043604275
GSM4138119,10,3,28,0.03571428571428571,0.39285714285714285,0.4636558202039753,0.06375600701127719,0.7841669029157519,0.903900009773125,-0.1197331068573731,less_pure,0.1454007483673246
GSM4138119,10,8,25,0.08,0.16,0.1020290923776562,0.0991740096233416,0.8760046119891902,0.7571052713504478,0.1188993406387424,purer,0.0
GSM4138119,11,1,47,0.0,0.40425531914893614,0.47618654791107334,0.04646258563808138,0.8767652657457791,,,ambiguous,
GSM4138119,11,2,26,0.07692307692307693,0.34615384615384615,0.4122585787005544,0.06443107303796429,0.79903106034629,0.903900009773125,-0.104868949426835,less_pure,0.1287330377214793
GSM4138119,11,7,24,0.16666666666666666,0.125,0.08735681482413439,0.09939263186836733,0.8869751010903455,0.7571052713504478,0.1298698297398977,purer,0.0
GSM4138119,12,1,44,0.0,0.5227272727272727,0.5214028677317096,0.04824525402296416,0.8824380198829792,0.9283766587096818,-0.0459386388267025,tie,0.0491155995939649
GSM4138119,12,3,28,0.03571428571428571,0.39285714285714285,0.38384990007429154,0.06632537782919194,0.7841669029157519,0.903900009773125,-0.1197331068573731,less_pure,0.1454007483673246
GSM4138119,12,8,25,0.08,0.2,0.09530340474523405,0.0968423451155031,0.8760046119891902,0.7571052713504478,0.1188993406387424,purer,0.0
GSM4138119,13,1,44,0.0,0.5454545454545454,0.48540824797506144,0.046742394880976354,0.8824380198829792,0.9283766587096818,-0.0459386388267025,tie,0.0491155995939649
GSM4138119,13,3,31,0.03225806451612903,0.41935483870967744,0.3533327076620609,0.06195454823628556,0.7801946555881141,0.903900009773125,-0.1237053541850109,less_pure,0.1493729956949624
GSM4138119,13,8,24,0.08333333333333333,0.16666666666666666,0.08142781767927854,0.09517930739877199,0.8753207951473829,0.7571052713504478,0.1182155237969351,purer,0.0
GSM4138119,14,1,24,0.0,0.5416666666666666,0.30036090992655773,0.06270241114884113,0.95955388038283,0.9283766587096818,0.0311772216731481,tie,0.0
GSM4138119,14,5,41,0.0,0.5853658536585366,0.40328416302807324,0.06458472609033829,0.8362384063562901,,,ambiguous,
GSM4138119,14,8,24,0.125,0.20833333333333334,0.11572509288063372,0.0932015851214165,0.8884593019923989,0.7571052713504478,0.131354030641951,purer,0.0
GSM4138119,15,1,74,0.013513513513513514,0.4594594594594595,0.5817593804023591,0.052534184072894896,0.7098989120220291,,,no_baseline,
GSM4138119,16,1,109,0.06422018348623854,0.1743119266055046,0.35480824873813605,0.031247199250515802,0.6217358138676459,,,ambiguous,
GSM4138119,17,1,106,0.02830188679245283,0.4056603773584906,0.6546592165254997,0.013643073754855323,0.6315585732975253,,,ambiguous,
GSM4138119,18,1,107,0.056074766355140186,0.22429906542056074,0.5147718651127781,0.017347540816996247,0.645896949050301,,,ambiguous,
GSM4138119,19,1,51,0.1568627450980392,0.23529411764705882,0.4088436403454738,0.06271976664874554,0.7591360103117886,0.8901661361622865,-0.1310301258504979,less_pure,0.1452353593897084
GSM4138119,19,4,18,0.16666666666666666,0.3888888888888889,0.5062525655915845,0.05659689134181031,0.8884362987264645,,,ambiguous,
GSM4138119,19,7,25,0.08,0.64,0.6891310320740206,0.03302082652346396,0.9481198045113466,,,ambiguous,
GSM4138119,20,1,30,0.06666666666666667,0.6,0.2468085736534924,0.07526852457052176,0.8557867885678219,0.9283766587096818,-0.0725898701418599,less_pure,0.0772547702090408
GSM4138119,20,2,37,0.08108108108108109,0.6756756756756757,0.28450522489188923,0.07677834048558727,0.807851102246059,,,no_baseline,
GSM4138119,20,9,25,0.08,0.48,0.2782991783356854,0.07658968780324342,0.9064369292655692,0.7571052713504478,0.1493316579151213,purer,0.0
GSM4138119,21,4,46,0.13043478260869565,0.5652173913043478,0.2729132917252472,0.07635878119838005,0.7836482660273141,,,ambiguous,
GSM4138119,21,8,17,0.17647058823529413,0.23529411764705882,0.11759009393097927,0.10152201103808269,0.9774096210202272,0.7571052713504478,0.2203043496697794,purer,
GSM4138119,22,5,47,0.0425531914893617,0.5531914893617021,0.25376772723327795,0.07741740866174701,0.7677525910335907,,,ambiguous,
GSM4138119,22,8,18,0.16666666666666666,0.2777777777777778,0.11755238106737881,0.09912077222541293,0.9768685994074772,0.7571052713504478,0.2197633280570293,purer,
GSM4138119,23,11,16,0.0625,0.1875,0.06785080536810897,0.09998836351132472,0.9657591487909146,0.7571052713504478,0.2086538774404668,purer,
GSM4138119,23,5,42,0.047619047619047616,0.6428571428571429,0.3017972685887037,0.07285172913253933,0.7951105693715087,,,ambiguous,
GSM4138119,24,1,60,0.13333333333333333,0.6,0.6104055266383709,0.030418481345345368,0.7968573123301994,,,no_baseline,
GSM4138119,24,2,30,0.16666666666666666,0.4666666666666667,0.47312507530616493,0.05380159234217998,0.7788541866077745,,,ambiguous,
GSM4138119,25,2,30,0.06666666666666667,0.5666666666666667,0.564601891053499,0.04775167924627978,0.7995300445601988,0.903900009773125,-0.1043699652129261,less_pure,
GSM4138119,25,4,19,0.05263157894736842,0.5263157894736842,0.5293704474422348,0.06685904699051887,0.9394237974378478,,,no_baseline,
GSM4138119,25,5,30,0.06666666666666667,0.6666666666666666,0.5746872270290285,0.04570156208932296,0.920820551254382,,,no_baseline,
GSM4138119,26,1,22,0.3181818181818182,0.5,0.20514787330814216,0.10180152793127083,0.8862418076177169,,,ambiguous,
GSM4138119,26,2,18,0.1111111111111111,0.3333333333333333,0.1008272776461874,0.08179225074910831,0.9664643841794396,,,ambiguous,
GSM4138119,26,4,62,0.16129032258064516,0.5161290322580645,0.16509679013082282,0.0766073523699762,0.7844458056569155,,,ambiguous,
GSM4138119,27,1,84,0.05952380952380952,0.5714285714285714,0.24798494664485893,0.04965800433223877,0.6956743115418488,,,ambiguous,
GSM4138119,28,1,104,0.04807692307692308,0.4326923076923077,0.39608670378517385,0.025581294495166676,0.6342854512657013,,,ambiguous,
GSM4138119,29,1,54,0.18518518518518517,0.46296296296296297,0.280315744441234,0.06987819738919969,0.7967761382748253,,,ambiguous,
GSM4138119,29,3,35,0.08571428571428572,0.34285714285714286,0.22209486512978185,0.07166143697796074,0.8414173292643216,0.903900009773125,-0.0624826805088034,less_pure,
GSM4138119,30,1,96,0.10416666666666667,0.6041666666666666,0.4621787651311251,0.020295340765153137,0.6361524742919096,,,ambiguous,
GSM4138119,31,3,78,0.05128205128205128,0.7307692307692307,0.5372020055320694,0.017086934950568605,0.6991860526190886,,,ambiguous,
GSM4138119,31,4,15,0.06666666666666667,0.5333333333333333,0.40444264933912155,0.049813393232908634,0.961406069723462,0.8901661361622865,0.0712399335611755,purer,
GSM4138119,32,1,104,0.14423076923076922,0.4326923076923077,0.205847744348796,0.048773383580576826,0.6361292356840942,,,no_baseline,
GSM4138119,33,2,101,0.04950495049504951,0.7128712871287128,0.38801520265422784,0.027305410268937926,0.6534337986273085,,,ambiguous,
GSM4138119,34,1,59,0.06779661016949153,0.576271186440678,0.4383270539158889,0.031080827610817388,0.7886404531663351,,,ambiguous,
GSM4138119,34,3,34,0.11764705882352941,0.5,0.3890465350233283,0.04379350046983405,0.8532626595537713,,,no_baseline,
GSM4138119,34,4,15,0.0,0.4,0.33854589161547816,0.035597629238435485,0.980441086271006,,,ambiguous,
GSM4138119,35,1,41,0.14634146341463414,0.5609756097560976,0.48695659130824837,0.04449845662068589,0.8230948926188748,,,no_baseline,
GSM4138119,35,6,17,0.0,0.5882352941176471,0.4785980883259912,0.03850664255404405,0.950944054200078,,,ambiguous,
GSM4138120,3,1,609,0.0,0.013136288998357963,0.4936973284896109,0.04953890371633546,0.8473820463215724,,,ambiguous,
GSM4138120,4,1,609,0.003284072249589491,0.026272577996715927,0.9356104152527428,0.038482790405751054,0.8473820463215724,,,ambiguous,
GSM4138120,5,1,609,0.0016420361247947454,0.024630541871921183,0.7486229982678303,0.038878093255017475,0.8473820463215724,,,ambiguous,
GSM4138120,6,1,606,0.0016501650165016502,0.024752475247524754,0.5697559565024344,0.050253443231240855,0.852327674382433,,,ambiguous,
GSM4138120,7,1,591,0.001692047377326565,0.01353637901861252,0.46801138256142716,0.05149507361508826,0.8739225499269356,0.9143636094168758,-0.0404410594899401,tie,0.0404410594899401
GSM4138120,7,2,18,0.0,0.5555555555555556,0.7148271979471065,0.028424150472540273,0.98111596387296,0.9218733376798663,0.0592426261930936,purer,0.0
GSM4138120,8,1,591,0.001692047377326565,0.015228426395939087,0.3992754824718774,0.05364305392556966,0.8739225499269356,0.9143636094168758,-0.0404410594899401,tie,0.0404410594899401
GSM4138120,8,2,18,0.0,0.5555555555555556,0.6262995801630087,0.030982752170560107,0.98111596387296,0.9218733376798663,0.0592426261930936,purer,0.0
GSM4138120,9,1,591,0.001692047377326565,0.025380710659898477,0.34985703234411136,0.056768566993905416,0.8739225499269356,0.9143636094168758,-0.0404410594899401,tie,0.0404410594899401
GSM4138120,9,2,18,0.0,0.5,0.5562072032791904,0.03589953105024261,0.98111596387296,0.9218733376798663,0.0592426261930936,purer,0.0
GSM4138120,10,1,512,0.072265625,0.1484375,0.07742476419650117,0.12589570268166836,0.8982835326407963,0.8913061766587369,0.0069773559820593,tie,0.0163528924786824
GSM4138120,10,2,74,0.12162162162162163,0.14864864864864866,0.044595480716649906,0.11598909865631027,0.9175520391918406,0.9596757142031672,-0.0421236750113266,tie,0.0421236750113266
GSM4138120,10,3,22,0.045454545454545456,0.6363636363636364,0.48926751734446844,0.0436635301020696,0.9628306238385708,0.9218733376798663,0.0409572861587044,tie,0.0
GSM4138120,11,1,594,0.0016835016835016834,0.015151515151515152,0.2704631023640058,0.05531359695083029,0.8700638234745288,,,ambiguous,
GSM4138120,11,2,15,0.06666666666666667,0.6666666666666666,0.48790192358782236,0.02345064749577953,0.9793670964346196,0.9218733376798663,0.0574937587547532,purer,0.0
GSM4138120,12,1,511,0.07827788649706457,0.15264187866927592,0.07517132260617272,0.123571711437396,0.898753974517315,0.8913061766587369,0.007447797858578,tie,0.0164259507264984
GSM4138120,12,2,76,0.13157894736842105,0.18421052631578946,0.07083813325051384,0.1119859174769104,0.9172179113831987,0.9596757142031672,-0.0424578028199684,tie,0.0424578028199683
GSM4138120,12,3,21,0.047619047619047616,0.6190476190476191,0.38792456829733946,0.044912310631828344,0.9675202675594768,0.9218733376798663,0.0456469298796105,tie,0.0
GSM4138120,13,1,511,0.08023483365949119,0.15459882583170254,0.07678154932554877,0.12198939334510023,0.898753974517315,0.8913061766587369,0.007447797858578,tie,0.0164259507264984
GSM4138120,13,2,76,0.13157894736842105,0.17105263157894737,0.0663230046179408,0.1123617168380773,0.9172179113831987,0.9596757142031672,-0.0424578028199684,tie,0.0424578028199683
GSM4138120,13,3,21,0.047619047619047616,0.5714285714285714,0.36524156592324114,0.04354166395917125,0.9675202675594768,0.9218733376798663,0.0456469298796105,tie,0.0
GSM4138120,14,1,511,0.08806262230919765,0.16634050880626222,0.06674076978408647,0.12187649593214452,0.898753974517315,0.8913061766587369,0.007447797858578,tie,0.0164259507264984
GSM4138120,14,2,77,0.15584415584415584,0.2077922077922078,0.06593981820304437,0.11621201087081941,0.9133193309747936,0.9596757142031672,-0.0463563832283736,tie,0.0463563832283737
GSM4138120,14,3,20,0.05,0.7,0.37150917821530827,0.05111323627439477,0.9610025843212462,0.9218733376798663,0.0391292466413798,tie,0.0
GSM4138120,15,1,557,0.04129263913824058,0.09694793536804308,0.12529191850282426,0.10087464733922155,0.859593754998591,0.9143636094168758,-0.0547698544182847,less_pure,0.0552854386770814
GSM4138120,15,2,52,0.09615384615384616,0.17307692307692307,0.14245820147336377,0.09175703971417232,0.9156765116050406,0.9596757142031672,-0.0439992025981266,tie,0.0439992025981266
GSM4138120,16,1,608,0.07072368421052631,0.12828947368421054,0.2783660276642815,0.049104234810459585,0.8473069186100034,,,ambiguous,
GSM4138120,17,1,606,0.11716171617161716,0.528052805280528,0.7216481190049222,0.010817391967290623,0.846890588209144,,,ambiguous,
GSM4138120,18,1,608,0.03125,0.10526315789473684,0.5540995811077785,0.011376614270212547,0.8473069186100034,,,ambiguous,
GSM4138120,19,1,224,0.05357142857142857,0.5625,0.7859035886199136,0.0452468912800584,0.8867662447632656,,,no_baseline,
GSM4138120,19,2,23,0.13043478260869565,0.21739130434782608,0.4666233139174864,0.06549951590703099,1.0,,,no_baseline,
GSM4138120,19,3,192,0.06770833333333333,0.6458333333333334,0.779799153110608,0.0378161488765831,0.886194449371568,,,ambiguous,
GSM4138120,19,4,168,0.08333333333333333,0.6428571428571429,0.7830747618436882,0.035674959580409726,0.832770227046979,,,ambiguous,
GSM4138120,20,1,190,0.1631578947368421,0.3,0.08091700308123548,0.10268433093350111,0.956521864841108,0.8913061766587369,0.0652156881823711,purer,0.0
GSM4138120,20,2,388,0.15721649484536082,0.2551546391752577,0.10189661417946193,0.10707627431389355,0.8658641610661272,0.922151553350892,-0.0562873922847648,less_pure,0.0562873922847648
GSM4138120,20,3,31,0.12903225806451613,0.1935483870967742,0.06310365315214919,0.1066986148919643,0.9526705053867544,0.9596757142031672,-0.0070052088164128,tie,0.0062042748149689
GSM4138120,21,1,417,0.1510791366906475,0.23741007194244604,0.1307560353888019,0.09383185376488144,0.8493017464634651,0.922151553350892,-0.0728498068874269,less_pure,
GSM4138120,21,2,190,0.18947368421052632,0.24736842105263157,0.06914113245805462,0.10851454585130901,0.958304390042689,0.8913061766587369,0.066998213383952,purer,
GSM4138120,22,1,191,0.17277486910994763,0.3036649214659686,0.06983697485636414,0.10395997653698447,0.9586231258013844,0.8913061766587369,0.0673169491426475,purer,
GSM4138120,22,2,386,0.20207253886010362,0.2694300518134715,0.09834932461373246,0.10745306149983308,0.8653780173901487,0.922151553350892,-0.0567735359607433,less_pure,
GSM4138120,22,3,30,0.13333333333333333,0.2,0.04921924436409212,0.108002890328418,0.9842696943832396,0.9596757142031672,0.0245939801800724,tie,
GSM4138120,23,1,189,0.164021164021164,0.3333333333333333,0.09092324016984517,0.10045520165494774,0.9633511878750156,0.8913061766587369,0.0720450112162787,purer,
GSM4138120,23,2,386,0.18911917098445596,0.30569948186528495,0.11610281697790285,0.10925652825930403,0.8651313318190761,0.922151553350892,-0.0570202215318159,less_pure,
GSM4138120,23,3,32,0.1875,0.21875,0.039377605095848166,0.11284715635499214,0.9845237843193024,0.9596757142031672,0.0248480701161352,tie,
GSM4138120,24,1,606,0.02145214521452145,0.49504950495049505,0.48387780027742483,0.02298544417376283,0.8481868872167306,0.9596757142031672,-0.1114888269864365,less_pure,
GSM4138120,25,1,56,0.07142857142857142,0.3392857142857143,0.46586867836867835,0.05697979683334116,0.9158228413113912,,,ambiguous,
GSM4138120,25,3,51,0.29411764705882354,0.45098039215686275,0.5161617211205469,0.07097983035888059,0.8367480618185454,,,ambiguous,
GSM4138120,25,4,411,0.072992700729927,0.5888077858880778,0.5615355439699559,0.043374752321050876,0.8853464064379782,,,no_baseline,
GSM4138120,25,6,84,0.10714285714285714,0.5595238095238095,0.5633675985580954,0.046094640056757015,0.9088858831311668,,,ambiguous,
GSM4138120,26,1,148,0.17567567567567569,0.20945945945945946,0.10551258886893262,0.08923279983328271,0.8235400679121996,,,ambiguous,
GSM4138120,26,2,119,0.23529411764705882,0.24369747899159663,0.07935732760588103,0.10008139250679948,0.938209564430492,,,ambiguous,
GSM4138120,26,4,346,0.20809248554913296,0.3092485549132948,0.10420724034929278,0.0878982223232701,0.8865700843809649,,,ambiguous,
GSM4138120,27,1,546,0.13553113553113552,0.47435897435897434,0.1681230814632825,0.059792915433639716,0.8550035882772007,,,ambiguous,
GSM4138120,27,3,59,0.3050847457627119,0.22033898305084745,0.0721403674395327,0.10194292493307372,0.9464788528260828,,,ambiguous,
GSM4138120,28,1,609,0.0016420361247947454,0.008210180623973728,0.19806516161859203,0.0333973588434736,0.8473820463215724,,,ambiguous,
GSM4138120,29,1,374,0.16042780748663102,0.43315508021390375,0.24273046980255825,0.061297697532510534,0.8321299514095765,,,ambiguous,
GSM4138120,29,2,62,0.06451612903225806,0.45161290322580644,0.23348240461067063,0.05402217395744698,0.9380810316879876,,,ambiguous,
GSM4138120,29,3,42,0.35714285714285715,0.19047619047619047,0.10897311240391487,0.08964210817104887,0.9398008075216956,0.9218733376798663,0.0179274698418292,tie,
GSM4138120,29,8,128,0.2109375,0.1328125,0.11979159390512205,0.07531764688097518,0.9115996398752676,,,ambiguous,
GSM4138120,30,1,608,0.10032894736842106,0.506578947368421,0.38941794464427043,0.018461280434682526,0.8458736619186866,,,ambiguous,
GSM4138120,31,1,28,0.2857142857142857,0.14285714285714285,0.3537018160760054,0.07365147499851057,0.9741236846901964,0.9218733376798663,0.05225034701033,purer,
GSM4138120,31,2,340,0.1411764705882353,0.4470588235294118,0.366273349130726,0.035958910570584396,0.8984664295947677,,,ambiguous,
GSM4138120,31,3,208,0.125,0.3557692307692308,0.3315132279720006,0.04275110601383218,0.8138048693613708,,,ambiguous,
GSM4138120,31,5,39,0.3076923076923077,0.15384615384615385,0.17851990458425884,0.09800780633800307,0.9564838302548276,,,ambiguous,
GSM4138120,32,1,615,0.16260162601626016,0.32682926829268294,0.17316103977178987,0.048356478096789744,0.8443855490090679,,,no_baseline,
GSM4138120,33,1,29,0.41379310344827586,0.06896551724137931,0.19309655513461205,0.08903747439251808,0.9823405614141174,,,ambiguous,
GSM4138120,33,2,460,0.11521739130434783,0.40869565217391307,0.23996054704865255,0.046570290666042444,0.8370249780056713,,,ambiguous,
GSM4138120,33,3,122,0.2540983606557377,0.1721311475409836,0.15117329794480308,0.0771146708919384,0.9255633713026664,,,no_baseline,
GSM4138120,34,1,520,0.06346153846153846,0.5788461538461539,0.4379564564930281,0.03275983442271199,0.8455460296717137,,,ambiguous,
GSM4138120,34,2,28,0.2857142857142857,0.2857142857142857,0.3055826122354723,0.06356639943866145,0.9811576866621649,0.9218733376798663,0.0592843489822985,purer,
GSM4138120,34,5,50,0.42,0.06,0.14498624385355866,0.1081541564879839,0.9183322301848068,,,ambiguous,
GSM4138120,34,9,15,0.2,0.13333333333333333,0.1922100634299008,0.08016579057394119,0.9897444198537884,,,ambiguous,
GSM4138120,35,1,533,0.04878048780487805,0.5853658536585366,0.5050472003528343,0.03748165338983981,0.84225800454873,,,no_baseline,
GSM4138120,35,2,28,0.35714285714285715,0.2857142857142857,0.355824745145038,0.06931756543679304,0.9880631066595306,,,ambiguous,
GSM4138120,35,5,38,0.4473684210526316,0.13157894736842105,0.22213130986189408,0.08950982687097503,0.946189290092021,,,ambiguous,
GSM4138121,3,1,37,0.02702702702702703,0.10810810810810811,0.4394162536015673,0.10510757325004255,0.9311597608180692,,,ambiguous,
GSM4138121,3,2,147,0.061224489795918366,0.08163265306122448,0.189013487073162,0.1267673420653811,0.633270551820251,,,ambiguous,
GSM4138121,3,3,16,0.0625,0.0625,0.5243564051131521,0.04347919280638587,0.9563212481891016,,,ambiguous,
GSM4138121,4,1,43,0.09302325581395349,0.046511627906976744,0.938548389402764,0.07293419424412634,0.905249073117885,,,ambiguous,
GSM4138121,4,2,57,0.10526315789473684,0.15789473684210525,0.9901315219631058,0.08096995090206376,0.7410901946360482,,,ambiguous,
GSM4138121,4,3,15,0.0,0.06666666666666667,0.37084292701452265,0.04402830031906412,0.966326387069566,,,ambiguous,
GSM4138121,4,4,85,0.047058823529411764,0.09411764705882353,0.0860756834437629,0.08646649980491815,0.7637491234209671,,,ambiguous,
GSM4138121,5,1,43,0.09302325581395349,0.046511627906976744,0.7625319324410819,0.07271788991559743,0.905249073117885,,,ambiguous,
GSM4138121,5,2,57,0.10526315789473684,0.19298245614035087,0.8222448344243919,0.08170140167840835,0.7410901946360482,,,ambiguous,
GSM4138121,5,3,15,0.0,0.06666666666666667,0.30048966094763496,0.04303064752448639,0.966326387069566,,,ambiguous,
GSM4138121,5,4,85,0.047058823529411764,0.09411764705882353,0.09099370432262537,0.08450404085542859,0.7637491234209671,,,ambiguous,
GSM4138121,6,1,47,0.1276595744680851,0.06382978723404255,0.6346146241449395,0.07821977713015232,0.8949538442297315,,,ambiguous,
GSM4138121,6,2,35,0.11428571428571428,0.2,0.34943561038767734,0.08226488943907061,0.8014687944220541,0.85151969778944,-0.0500509033673859,less_pure,0.0600811576249727
GSM4138121,6,3,16,0.375,0.125,0.05346158661445139,0.1272567929028724,0.954341197235705,0.7061923152542848,0.2481488819814201,purer,0.0
GSM4138121,6,4,89,0.0449438202247191,0.10112359550561797,0.11123664748366717,0.0895051809978703,0.7573701648026191,,,ambiguous,
GSM4138121,7,1,45,0.08888888888888889,0.15555555555555556,0.5479414169905417,0.0776383228835657,0.9064324696355014,,,no_baseline,
GSM4138121,7,2,19,0.2631578947368421,0.3684210526315789,0.288009483342607,0.10998727125030362,0.9262283701585734,0.85151969778944,0.0747086723691333,purer,0.0126674530339092
GSM4138121,7,3,15,0.2,0.06666666666666667,0.004922503279810712,0.1292703969180933,0.9498235871955446,0.7061923152542848,0.2436312719412597,purer,0.0
GSM4138121,7,4,17,0.0,0.29411764705882354,0.2526698756798642,0.09834630829237827,0.9284928531867128,,,ambiguous,
GSM4138121,7,5,90,0.044444444444444446,0.08888888888888889,0.10383039169156726,0.09313220142347062,0.7492306807912367,,,ambiguous,
GSM4138121,8,1,46,0.10869565217391304,0.17391304347826086,0.49063889003636657,0.07521557996604948,0.9002369222190056,,,no_baseline,
GSM4138121,8,2,18,0.2777777777777778,0.3333333333333333,0.22182617998335194,0.10928247003064682,0.9276452427329016,0.85151969778944,0.0761255449434615,purer,0.0110374139913647
GSM4138121,8,4,16,0.0,0.25,0.23311350953844936,0.0926158473879172,0.9496042034723612,,,ambiguous,
GSM4138121,8,5,91,0.07692307692307693,0.07692307692307693,0.06864833364281166,0.09173335897384578,0.7601871038288299,,,ambiguous,
GSM4138121,8,6,15,0.06666666666666667,0.06666666666666667,0.07450705039061983,0.11699818034446005,0.9751570211532646,,,no_baseline,
GSM4138121,9,1,47,0.1276595744680851,0.1276595744680851,0.4160616305770602,0.08064936417807747,0.9079435356569352,,,no_baseline,
GSM4138121,9,2,17,0.23529411764705882,0.29411764705882354,0.20909297392127935,0.10276928971974231,0.9282525272686812,0.85151969778944,0.0767328294792412,purer,-0.0040044949225905
GSM4138121,9,5,92,0.05434782608695652,0.09782608695652174,0.09020021494818777,0.09270777033995485,0.744474069933011,,,ambiguous,
GSM4138121,9,6,16,0.0625,0.125,0.11009765040521342,0.1115631548238622,0.975345479450801,,,no_baseline,
GSM4138121,10,1,40,0.1,0.275,0.15768395812678293,0.12883277036538193,0.9041062020513686,0.8716042571522686,0.0325019448990999,tie,0.0655059627031761
GSM4138121,10,3,19,0.05263157894736842,0.3684210526315789,0.19544457181153274,0.10274507802739456,0.912430869184902,0.85151969778944,0.0609111713954619,purer,0.0118171631611884
GSM4138121,10,5,93,0.043010752688172046,0.1827956989247312,0.1544750932360447,0.07964499745747698,0.7434526981896218,,,ambiguous,
GSM4138121,10,7,16,0.0,0.125,0.09062226993919147,0.12118464721544268,0.975345479450801,,,no_baseline,
GSM4138121,11,1,46,0.08695652173913043,0.17391304347826086,0.32984560495079096,0.08408340866530785,0.9181991390840688,,,ambiguous,
GSM4138121,11,2,17,0.23529411764705882,0.35294117647058826,0.18390761557522722,0.11293929167318804,0.928225873077911,0.85151969778944,0.076706175288471,purer,0.019696703582591
GSM4138121,11,4,88,0.06818181818181818,0.11363636363636363,0.08455511206642342,0.08741740573777755,0.7582979889497458,,,ambiguous,
GSM4138121,11,6,16,0.0625,0.1875,0.07846751121968329,0.11957417489335889,0.975345479450801,,,no_baseline,
GSM4138121,12,1,41,0.12195121951219512,0.24390243902439024,0.15040136488585348,0.11662686792172638,0.9055673942400309,0.8716042571522686,0.0339631370877622,tie,0.061358771603763
GSM4138121,12,3,18,0.05555555555555555,0.3333333333333333,0.14693353066552797,0.11140496868439263,0.9275368904569636,0.85151969778944,0.0760171926675236,purer,0.0203856862035385
GSM4138121,12,6,89,0.033707865168539325,0.1797752808988764,0.12215409356155804,0.07758511833242587,0.7581664616825258,,,ambiguous,
GSM4138121,12,7,16,0.0,0.125,0.06385862430887868,0.12554549194075665,0.975345479450801,,,no_baseline,
GSM4138121,13,1,46,0.10869565217391304,0.30434782608695654,0.1843825340384353,0.10734407723340006,0.925261617228091,0.8716042571522686,0.0536573600758223,purer,0.0171495547521991
GSM4138121,13,3,21,0.09523809523809523,0.38095238095238093,0.20595550413251903,0.10459611040682351,0.9265345689753284,0.85151969778944,0.0750148711858883,purer,0.0213880076851735
GSM4138121,13,6,16,0.0,0.125,0.076008037558847,0.11963430347459417,0.975345479450801,,,no_baseline,
GSM4138121,13,7,82,0.024390243902439025,0.1951219512195122,0.12034452893486537,0.08586395014013647,0.771777865180371,,,ambiguous,
GSM4138121,14,1,46,0.08695652173913043,0.2608695652173913,0.18138036639853153,0.09858835632256611,0.912769380604889,0.8716042571522686,0.0411651234526203,tie,0.0287839112280564
GSM4138121,14,5,15,0.0,0.4666666666666667,0.18343371533070435,0.09033513261725126,1.0,,,ambiguous,
GSM4138121,14,9,77,0.025974025974025976,0.24675324675324675,0.16643581126982568,0.0739856033693224,0.764872091943517,,,ambiguous,
GSM4138121,15,1,57,0.07017543859649122,0.2982456140350877,0.21252277663935165,0.09128890323879235,0.8425185483447477,,,no_baseline,
GSM4138121,15,11,17,0.11764705882352941,0.058823529411764705,-0.06464150708824178,0.16610693093467577,0.9497587627003916,,,ambiguous,
GSM4138121,15,3,15,0.06666666666666667,0.7333333333333333,0.4943337236914565,0.06315453704117834,1.0,,,ambiguous,
GSM4138121,15,4,16,0.125,0.125,0.06653708391271261,0.1451492738810467,0.9571565953493264,,,no_baseline,
GSM4138121,15,5,63,0.07936507936507936,0.1746031746031746,0.15533430107961033,0.07645695253705338,0.8013500972041663,,,ambiguous,
GSM4138121,16,1,181,0.03314917127071823,0.06077348066298342,0.3186690121268937,0.030902330489585756,0.6292695691444314,,,ambiguous,
GSM4138121,17,1,165,0.08484848484848485,0.4,0.5791674121404332,0.015731606051615294,0.637290501145087,,,ambiguous,
GSM4138121,17,3,18,0.1111111111111111,0.1111111111111111,0.23551223017466485,0.07335190936852815,0.915773313554004,,,ambiguous,
GSM4138121,18,1,175,0.04,0.08,0.39158234049462576,0.0201856289149904,0.632522224679964,,,ambiguous,
GSM4138121,19,2,16,0.125,0.0625,0.1573437208475578,0.07363590023720702,0.952078028574916,,,no_baseline,
GSM4138121,19,4,32,0.1875,0.3125,0.41634780659647186,0.06631151042449362,0.9004900872712811,,,ambiguous,
GSM4138121,19,7,97,0.061855670103092786,0.10309278350515463,0.20498136865447378,0.070443899739158,0.7318235626289475,,,ambiguous,
GSM4138121,20,1,34,0.11764705882352941,0.20588235294117646,0.07435944779720871,0.10525137760358116,0.9325439424259764,0.8716042571522686,0.0609396852737077,purer,0.0304382928355979
GSM4138121,20,5,85,0.03529411764705882,0.3058823529411765,0.15113600268051927,0.07355167857014755,0.7685058779850044,,,ambiguous,
GSM4138121,21,2,33,0.12121212121212122,0.18181818181818182,0.12744108996870454,0.09608466163913346,0.9392225262437044,0.8716042571522686,0.0676182690914357,purer,
GSM4138121,21,6,84,0.023809523809523808,0.2619047619047619,0.13711512169199125,0.07988019908466655,0.7805759527893096,,,ambiguous,
GSM4138121,22,1,34,0.11764705882352941,0.29411764705882354,0.1132663456079911,0.0992612111924759,0.9325439424259764,0.8716042571522686,0.0609396852737077,purer,
GSM4138121,22,7,84,0.023809523809523808,0.30952380952380953,0.13089129178707115,0.07970109523689738,0.7805759527893096,,,ambiguous,
GSM4138121,23,1,26,0.11538461538461539,0.23076923076923078,0.09914450623306549,0.09672886812162121,0.9280946511901774,0.8716042571522686,0.0564903940379087,purer,
GSM4138121,23,16,28,0.0,0.39285714285714285,0.12063126029532786,0.08919248900120114,0.898869753435728,0.7061923152542848,0.1926774381814431,purer,
GSM4138121,23,7,62,0.0967741935483871,0.3548387096774194,0.1598959417951685,0.08992039875586005,0.820378168718417,,,ambiguous,
GSM4138121,24,1,81,0.08641975308641975,0.654320987654321,0.6000454214552817,0.028137519088829614,0.7175663213314833,,,no_baseline,
GSM4138121,24,2,61,0.18032786885245902,0.5245901639344263,0.5114271551789564,0.03876917885990288,0.7326173484816276,,,ambiguous,
GSM4138121,24,6,21,0.42857142857142855,0.09523809523809523,0.21582584146298983,0.07665419474290129,0.8766388443684927,,,ambiguous,
GSM4138121,25,1,25,0.04,0.36,0.3643386334200413,0.05149383154139981,0.945969212739261,,,ambiguous,
GSM4138121,25,2,21,0.047619047619047616,0.47619047619047616,0.5042314629135672,0.0543396231626126,0.9184443300489664,0.85151969778944,0.0669246322595263,purer,
GSM4138121,25,4,15,0.2,0.3333333333333333,0.3227112747732214,0.11640403429381219,0.9514455073200822,,,no_baseline,
GSM4138121,25,5,89,0.011235955056179775,0.19101123595505617,0.29176899867399386,0.050576985306442585,0.7531655163714608,0.7786556058359714,-0.0254900894645105,tie,
GSM4138121,26,1,134,0.09701492537313433,0.5373134328358209,0.22632764338908054,0.06645094124926823,0.6710528765379722,,,ambiguous,
GSM4138121,26,4,29,0.06896551724137931,0.5172413793103449,0.14345858530189493,0.06373924957232865,0.7984512423379262,,,ambiguous,
GSM4138121,27,1,93,0.10752688172043011,0.5483870967741935,0.19364819196073504,0.06097000103054812,0.682444555467788,,,ambiguous,
GSM4138121,27,13,24,0.041666666666666664,0.16666666666666666,0.09562866037733803,0.06220446198083702,0.9165178013291352,,,ambiguous,
GSM4138121,27,16,42,0.19047619047619047,0.14285714285714285,0.06682084153180859,0.09872315000824014,0.7995425026654271,,,ambiguous,
GSM4138121,27,8,18,0.0,0.3888888888888889,0.14701754270321865,0.05761929255822721,0.8933741954990354,,,ambiguous,
GSM4138121,28,1,171,0.03508771929824561,0.40350877192982454,0.35283609851606834,0.02732773429230658,0.6256307978273364,,,ambiguous,
GSM4138121,29,1,47,0.0851063829787234,0.5319148936170213,0.2970621487526977,0.05484641834627207,0.8474330851318985,,,ambiguous,
GSM4138121,29,2,101,0.1188118811881188,0.32673267326732675,0.20331385682946854,0.0683573961770346,0.6970784792028337,,,ambiguous,
GSM4138121,29,3,21,0.2857142857142857,0.14285714285714285,0.06005279188649352,0.1176329058163694,0.9272596569679226,0.85151969778944,0.0757399591784825,purer,
GSM4138121,30,1,134,0.13432835820895522,0.5895522388059702,0.43223376948253084,0.024530235553547997,0.6638236759829277,,,ambiguous,
GSM4138121,30,2,18,0.16666666666666666,0.6111111111111112,0.4435140494635845,0.02245922236001377,0.9078623012486976,,,ambiguous,
GSM4138121,30,6,35,0.3142857142857143,0.0,0.06825692748920496,0.09788618424643099,0.7652641769141582,,,ambiguous,
GSM4138121,31,1,16,0.25,0.4375,0.4493940367921002,0.0523812159853505,0.9158778484658516,0.85151969778944,0.0643581506764116,purer,
GSM4138121,31,2,53,0.1320754716981132,0.49056603773584906,0.3940605548344765,0.03694675603182013,0.7728178627511468,,,ambiguous,
GSM4138121,31,3,81,0.07407407407407407,0.5679012345679012,0.44804581137730504,0.029962113330434664,0.6813273741342882,,,ambiguous,
GSM4138121,31,4,18,0.1111111111111111,0.5555555555555556,0.43791897390184353,0.032301376165034874,0.9228814636408244,,,no_baseline,
GSM4138121,31,5,26,0.07692307692307693,0.5,0.2997820868787399,0.07106437342905789,0.8509291869894117,,,ambiguous,
GSM4138121,32,1,191,0.1256544502617801,0.39790575916230364,0.18560466685715107,0.05202446206744469,0.6331990584483866,,,no_baseline,
GSM4138121,33,1,29,0.06896551724137931,0.27586206896551724,0.25003137362718475,0.053508965160341926,0.8469246243711814,,,ambiguous,
GSM4138121,33,2,121,0.05785123966942149,0.5702479338842975,0.30023036417695564,0.04531671319005016,0.6780553587963798,,,ambiguous,
GSM4138121,33,3,32,0.0,0.34375,0.2123431691331776,0.06474906472166421,0.8750536264265681,,,no_baseline,
GSM4138121,34,1,69,0.07246376811594203,0.4927536231884058,0.42396714921261414,0.03351129232815698,0.7585942885010604,,,ambiguous,
GSM4138121,34,3,96,0.11458333333333333,0.10416666666666667,0.17280348716006766,0.057154815912671124,0.7481647291482441,0.7786556058359714,-0.0304908766877273,tie,
GSM4138121,34,5,26,0.2692307692307692,0.15384615384615385,0.14464061100321327,0.11500682938876285,0.9090399540969872,,,ambiguous,
GSM4138121,35,1,39,0.05128205128205128,0.41025641025641024,0.3721824904515097,0.062223960738728185,0.9530205907171716,,,no_baseline,
GSM4138121,35,11,57,0.22807017543859648,0.08771929824561403,0.20775447314064302,0.07061245376873371,0.8059119267648343,,,ambiguous,
GSM4138121,35,15,23,0.391304347826087,0.043478260869565216,0.10245209617482749,0.10333777161134183,0.8934382676085307,,,ambiguous,
GSM4138121,35,4,45,0.28888888888888886,0.17777777777777778,0.24585222135857415,0.06934031779182394,0.7730867459116276,,,ambiguous,
GSM4138122,3,1,545,0.0,0.005504587155963303,0.4061067713576457,0.06939063752823621,0.8814912149219919,,,ambiguous,
GSM4138122,3,3,20,0.0,0.0,-0.6802257083437578,0.2766193252372731,0.9782659584116306,,,ambiguous,
GSM4138122,4,1,543,0.0,0.011049723756906077,0.3980113444443834,0.07584280742062136,0.8836217431693505,,,ambiguous,
GSM4138122,4,3,20,0.05,0.05,-0.39733732718198617,0.23729402203619002,0.9782659584116306,,,ambiguous,
GSM4138122,5,1,544,0.0,0.011029411764705883,0.3137565606961142,0.0793424576822161,0.8813609773768527,,,ambiguous,
GSM4138122,5,3,20,0.05,0.05,-0.32372388043950523,0.23345399943687833,0.9782659584116306,,,ambiguous,
GSM4138122,6,1,541,0.0,0.0166358595194085,0.2307762012406294,0.08905707739659202,0.8858123633540804,,,ambiguous,
GSM4138122,6,5,20,0.05,0.05,-0.21893075155066258,0.20733190282270159,0.9782659584116306,0.9782659584116306,0.0,tie,0.0
GSM4138122,7,1,535,0.001869158878504673,0.020560747663551402,0.2025489256085655,0.08927326810244339,0.8959558474415688,,,no_baseline,
GSM4138122,7,6,20,0.0,0.05,-0.13840976283245565,0.20072100428412787,0.9782659584116306,0.9782659584116306,0.0,tie,0.0
GSM4138122,8,1,535,0.007476635514018692,0.028037383177570093,0.15708602000579988,0.09357743610275795,0.8959558474415688,,,no_baseline,
GSM4138122,8,6,20,0.0,0.05,-0.11286153397461732,0.1958902996921408,0.9782659584116306,0.9782659584116306,0.0,tie,0.0
GSM4138122,9,1,534,0.009363295880149813,0.033707865168539325,0.1446494672440781,0.09470814700375112,0.8957742911300235,,,no_baseline,
GSM4138122,9,6,20,0.0,0.05,-0.08127725731076443,0.18370253112901727,0.9782659584116306,0.9782659584116306,0.0,tie,0.0
GSM4138122,10,1,216,0.11574074074074074,0.05555555555555555,-0.14338030890251996,0.18893426487853487,0.9692065393517582,0.9304728980531936,0.0387336412985646,tie,0.0242754296075464
GSM4138122,10,2,319,0.0877742946708464,0.08463949843260188,-0.010344172589779245,0.148795990132539,0.9075087563898492,0.9776116977859656,-0.0701029413961163,less_pure,0.0701029413961162
GSM4138122,10,7,20,0.0,0.05,-0.1821181029070546,0.20843507310236514,0.9782659584116306,0.9782659584116306,0.0,tie,0.0
GSM4138122,11,1,540,0.001851851851851852,0.02962962962962963,0.08803469383551717,0.09771102864023126,0.8901411878830076,,,ambiguous,
GSM4138122,11,6,20,0.0,0.05,-0.08256241675579626,0.1825428264873466,0.9782659584116306,0.9782659584116306,0.0,tie,0.0
GSM4138122,12,1,208,0.1201923076923077,0.04326923076923077,-0.1325399766370149,0.18900677468363242,0.9760949476629251,0.9304728980531936,0.0456220496097315,tie,0.0160433913586418
GSM4138122,12,2,328,0.08841463414634146,0.09146341463414634,0.017307300507153546,0.14323536808623252,0.9056794850748092,0.9776116977859656,-0.0719322127111563,less_pure,0.0719322127111564
GSM4138122,12,7,20,0.05,0.05,-0.15233052097291883,0.20620861749086977,0.9782659584116306,0.9782659584116306,0.0,tie,0.0
GSM4138122,13,1,211,0.12322274881516587,0.052132701421800945,-0.11354118700129494,0.18609782260003976,0.976940898473096,0.9304728980531936,0.0464680004199024,tie,0.014578206641082
GSM4138122,13,2,326,0.0950920245398773,0.0950920245398773,0.011972246873844962,0.1449408913888631,0.9057210148164984,0.9776116977859656,-0.0718906829694672,less_pure,0.0718906829694671
GSM4138122,13,6,20,0.05,0.05,-0.12124752175130196,0.19243665043339106,0.9782659584116306,0.9782659584116306,0.0,tie,0.0
GSM4138122,14,1,205,0.12682926829268293,0.03902439024390244,-0.11225066611841211,0.18483931142671042,0.975062028984046,0.9304728980531936,0.0445891309308524,tie,0.0177775127893723
GSM4138122,14,2,326,0.10429447852760736,0.08282208588957055,0.01186626570886963,0.14185807308896056,0.910869626641033,0.9776116977859656,-0.0667420711449325,less_pure,0.0667420711449325
GSM4138122,14,7,20,0.05,0.05,-0.09302313351108801,0.18007275435131637,0.9782659584116306,0.9782659584116306,0.0,tie,0.0
GSM4138122,15,1,305,0.10163934426229508,0.1180327868852459,-0.003546117589710056,0.1525839628274295,0.8866734913953728,,,no_baseline,
GSM4138122,15,2,239,0.04602510460251046,0.0794979079497908,0.028962711545376652,0.12975410984699154,0.92772269167377,0.9776116977859656,-0.0498890061121956,tie,0.0498890061121956
GSM4138122,15,4,20,0.0,0.05,0.07757117673659,0.08656040482864998,0.9782659584116306,0.9782659584116306,0.0,tie,0.0
GSM4138122,16,1,544,0.14705882352941177,0.19852941176470587,0.23582876711614265,0.059221038652452304,0.8831250478199913,,,ambiguous,
GSM4138122,16,2,20,0.0,0.05,0.024034080018690354,0.14717650505215737,0.9850627871621724,,,ambiguous,
GSM4138122,17,1,543,0.13443830570902393,0.18047882136279927,0.5458097598983448,0.017989322581257287,0.8778952522570448,,,ambiguous,
GSM4138122,17,2,21,0.0,0.0,0.10636176027644206,0.06501983420401707,0.9852221605078892,0.9782659584116306,0.0069562020962586,tie,-0.0069562020962585
GSM4138122,18,1,544,0.07904411764705882,0.19301470588235295,0.4686248740432377,0.01455792878535461,0.8831250478199913,,,ambiguous,
GSM4138122,18,2,21,0.047619047619047616,0.0,0.14499867384536283,0.059293145026704366,0.9852221605078892,0.9782659584116306,0.0069562020962586,tie,-0.0069562020962585
GSM4138122,19,1,220,0.07727272727272727,0.21818181818181817,0.4909767360617098,0.04887727208335081,0.8935515088190161,,,no_baseline,
GSM4138122,19,2,51,0.0392156862745098,0.0784313725490196,0.278116632973101,0.08572121194972603,0.97862911284565,0.9782659584116306,0.0003631544340194,tie,-0.0003631544340194
GSM4138122,19,3,206,0.10194174757281553,0.21844660194174756,0.4687403025833265,0.04913918582148001,0.8998896327212405,,,ambiguous,
GSM4138122,19,4,77,0.1038961038961039,0.14285714285714285,0.39894014531226524,0.054817030270492395,0.9120584568901012,,,ambiguous,
GSM4138122,20,1,119,0.15966386554621848,0.06722689075630252,-0.04182231905271011,0.15219292039371443,0.9946847967232948,0.9304728980531936,0.0642118986701012,purer,0.0
GSM4138122,20,2,227,0.13215859030837004,0.1277533039647577,0.015468591862050842,0.1390823148375532,0.8910320109713034,0.9458228944772828,-0.0547908835059794,less_pure,0.0547908835059793
GSM4138122,20,3,200,0.08,0.035,-0.05598929179772771,0.17155502325939362,0.978024375713038,0.9776116977859656,0.0004126779270724,tie,-0.0004126779270725
GSM4138122,20,8,17,0.29411764705882354,0.11764705882352941,-0.06269107887562927,0.16088446531637085,0.9885168000412012,,,ambiguous,
GSM4138122,21,1,434,0.07142857142857142,0.1382488479262673,0.09901901908767957,0.09807863350623582,0.8973927885623642,0.9458228944772828,-0.0484301059149187,tie,
GSM4138122,21,2,111,0.21621621621621623,0.06306306306306306,-0.03764374364003446,0.1588019672256677,0.9927226162334748,0.9304728980531936,0.0622497181802812,purer,
GSM4138122,21,5,18,0.05555555555555555,0.05555555555555555,-0.04423545937554775,0.1458627506206545,0.9893308387118064,0.9782659584116306,0.0110648803001758,tie,
GSM4138122,22,1,122,0.19672131147540983,0.09836065573770492,-0.034713940397093225,0.14533950266374293,0.992265753232818,0.9304728980531936,0.0617928551796244,purer,
GSM4138122,22,2,221,0.1583710407239819,0.1583710407239819,0.032639914462448766,0.13006489990217832,0.8994839454214073,0.9458228944772828,-0.0463389490558755,tie,
GSM4138122,22,3,201,0.07960199004975124,0.03980099502487562,-0.038558577440664585,0.15722976976426306,0.9781291181185994,0.9776116977859656,0.0005174203326338,tie,
GSM4138122,22,6,19,0.10526315789473684,0.05263157894736842,-0.04131686868610971,0.14551169734283678,0.9869208055190244,0.9782659584116306,0.0086548471073938,tie,
GSM4138122,23,1,125,0.192,0.08,-0.03439242752807086,0.14515962453194528,0.994110332017014,0.9304728980531936,0.0636374339638204,purer,
GSM4138122,23,2,221,0.1583710407239819,0.15384615384615385,0.02939468943000438,0.12836827178540092,0.9003234931373009,0.9458228944772828,-0.0454994013399819,tie,
GSM4138122,23,3,198,0.08585858585858586,0.04040404040404041,-0.035803079949298974,0.15560635045502394,0.9796358736359086,0.9776116977859656,0.002024175849943,tie,
GSM4138122,23,6,19,0.10526315789473684,0.05263157894736842,-0.03969777694969673,0.1436433861673491,0.9869208055190244,0.9782659584116306,0.0086548471073938,tie,
GSM4138122,24,1,544,0.01838235294117647,0.07352941176470588,0.2120167666185055,0.05434416838695734,0.8818471073408096,0.9776116977859656,-0.0957645904451559,less_pure,
GSM4138122,24,4,19,0.21052631578947367,0.05263157894736842,0.0029115991812324084,0.1436997175058025,0.9901112858560472,0.9782659584116306,0.0118453274444166,tie,
GSM4138122,25,2,51,0.0392156862745098,0.1568627450980392,0.3214925134128559,0.06147285868162464,0.9233528601326896,0.9508492071935304,-0.0274963470608408,tie,
GSM4138122,25,3,212,0.14622641509433962,0.2688679245283019,0.3328844515268718,0.07006809805960786,0.90347664338052,,,ambiguous,
GSM4138122,25,4,186,0.12903225806451613,0.16666666666666666,0.28040191394546105,0.07375884343474651,0.9128093891973116,0.9782659584116306,-0.0654565692143189,less_pure,
GSM4138122,25,6,98,0.21428571428571427,0.10204081632653061,0.22145153163893094,0.08190089910797801,0.9344769403500144,,,ambiguous,
GSM4138122,26,1,185,0.16216216216216217,0.24324324324324326,0.10129493576243861,0.07763216601978686,0.8762795946705502,,,ambiguous,
GSM4138122,26,2,241,0.12448132780082988,0.26141078838174275,0.10557309933281436,0.07223780298306776,0.9278020840175424,,,ambiguous,
GSM4138122,26,4,117,0.1452991452991453,0.20512820512820512,0.10294583747368932,0.07184688162965694,0.9238382128709522,,,ambiguous,
GSM4138122,27,1,303,0.1485148514851485,0.23432343234323433,0.10548863135873486,0.07302522516554466,0.8783702695033387,,,ambiguous,
GSM4138122,27,11,24,0.08333333333333333,0.125,0.006523281609346344,0.13284649458760825,0.9742482812978996,,,ambiguous,
GSM4138122,27,3,218,0.12385321100917432,0.22018348623853212,0.10566216408714148,0.068568156947288,0.9388893169466024,,,ambiguous,
GSM4138122,28,1,545,0.001834862385321101,0.003669724770642202,0.09833268444545724,0.0634208933325001,0.8818648309707752,,,ambiguous,
GSM4138122,29,1,391,0.10485933503836317,0.2813299232736573,0.19231643836881362,0.058596929771310535,0.8816963710338952,,,ambiguous,
GSM4138122,29,2,76,0.05263157894736842,0.42105263157894735,0.22238166469888512,0.04133007810485341,0.935085293372071,,,ambiguous,
GSM4138122,29,3,49,0.14285714285714285,0.08163265306122448,0.1066035918894915,0.07343250663775971,0.982350752927804,0.9508492071935304,0.0315015457342736,tie,
GSM4138122,30,1,516,0.17635658914728683,0.1182170542635659,0.2668866803002567,0.034031335531810855,0.8845762518443226,,,ambiguous,
GSM4138122,30,6,24,0.5833333333333334,0.0,0.016149478225127828,0.1322183698529655,0.976801445886326,,,ambiguous,
GSM4138122,31,1,36,0.1111111111111111,0.1388888888888889,0.2937839134500832,0.04154772358772177,0.978703729868792,0.9508492071935304,0.0278545226752615,tie,
GSM4138122,31,2,128,0.1015625,0.1796875,0.23081495393483512,0.047311250563779224,0.9396957386638436,,,ambiguous,
GSM4138122,31,3,263,0.18631178707224336,0.1634980988593156,0.22175157072411078,0.05716926543093765,0.8829819365135909,,,ambiguous,
GSM4138122,31,5,129,0.1937984496124031,0.06201550387596899,0.1609307798594784,0.0729689632096593,0.907223243775692,,,ambiguous,
GSM4138122,32,1,563,0.13854351687388988,0.17229129662522202,0.12997094064429623,0.05547095525150404,0.8828189720775563,0.9782659584116306,-0.0954469863340742,less_pure,
GSM4138122,33,1,38,0.13157894736842105,0.15789473684210525,0.1740279088961634,0.05445734936432473,0.9800277649681056,,,ambiguous,
GSM4138122,33,2,330,0.20303030303030303,0.14242424242424243,0.15712086472555326,0.0655554669273008,0.8830829414631507,,,ambiguous,
GSM4138122,33,3,185,0.14054054054054055,0.12972972972972974,0.14075621630699808,0.06545605974207236,0.9094499904858384,0.9782659584116306,-0.0688159679257921,less_pure,
GSM4138122,34,1,435,0.10574712643678161,0.25057471264367814,0.29281833841893584,0.04352708527680378,0.884102713646296,,,ambiguous,
GSM4138122,34,2,40,0.075,0.2,0.22429446582212087,0.05438475151544768,0.990982175591544,0.9508492071935304,0.0401329683980136,tie,
GSM4138122,34,5,34,0.3235294117647059,0.0,0.11667170766583779,0.1090361702809434,0.9698631610264364,,,ambiguous,
GSM4138122,34,9,41,0.2682926829268293,0.024390243902439025,0.10880949325932623,0.10745111639982204,0.9622349331421808,,,ambiguous,
GSM4138122,35,1,442,0.083710407239819,0.23755656108597284,0.3358677550679963,0.047919714031694795,0.8834359939780253,0.9782659584116306,-0.0948299644336052,less_pure,
GSM4138122,35,2,31,0.0,0.22580645161290322,0.29785726441178606,0.03943118646195039,0.9763685940478573,,,ambiguous,
GSM4138122,35,3,50,0.04,0.12,0.2994243854193106,0.04662048747970363,0.9788846986588124,,,ambiguous,
GSM4138122,35,5,28,0.10714285714285714,0.03571428571428571,0.20096113457282475,0.059434329608313026,0.983755449832054,,,ambiguous,
GSM4138123,3,1,24,0.08333333333333333,0.16666666666666666,0.3926044922095248,0.15949433337288915,0.969629969409368,,,ambiguous,
GSM4138123,3,2,597,0.008375209380234505,0.07035175879396985,0.6991419808346991,0.08457015693641096,0.675453301154537,,,ambiguous,
GSM4138123,3,3,50,0.02,0.0,-0.012418256465967037,0.10937580703010787,0.9495662265448336,,,ambiguous,
GSM4138123,4,1,27,0.14814814814814814,0.18518518518518517,0.4157383333671287,0.1275684149494335,0.9543318868316408,,,ambiguous,
GSM4138123,4,2,562,0.010676156583629894,0.05338078291814947,0.5336228267155304,0.0871043760094509,0.6968886543302559,,,ambiguous,
GSM4138123,4,3,50,0.04,0.0,0.11065086763585841,0.12718649063246582,0.9495662265448336,,,ambiguous,
GSM4138123,4,4,32,0.09375,0.0625,-0.3375525935117573,0.1814368814865565,0.8855966660914028,,,ambiguous,
GSM4138123,5,1,27,0.1111111111111111,0.18518518518518517,0.33860820038666417,0.1262980175246267,0.9543318868316408,,,ambiguous,
GSM4138123,5,2,550,0.00909090909090909,0.06,0.448759736786917,0.08719615396534726,0.7192679676561551,,,ambiguous,
GSM4138123,5,3,50,0.04,0.0,0.06228492476192485,0.13382418171657748,0.9495662265448336,,,ambiguous,
GSM4138123,5,4,32,0.09375,0.0625,-0.26064684472828925,0.17792661519776706,0.8855966660914028,,,ambiguous,
GSM4138123,6,1,31,0.0967741935483871,0.2903225806451613,0.24642381623590542,0.12803880905590453,0.940373709744404,,,ambiguous,
GSM4138123,6,2,140,0.05714285714285714,0.34285714285714286,0.8042639952516181,0.048616403364533156,0.6559064039345078,0.7694321137860433,-0.1135257098515354,less_pure,0.1231442349935889
GSM4138123,6,3,403,0.04962779156327544,0.1687344913151365,0.5975497087784729,0.07772540532013822,0.7424016288401483,0.7056844211043604,0.0367172077357879,tie,0.0028290344788788
GSM4138123,6,4,37,0.1891891891891892,0.10810810810810811,-0.1367023799401989,0.1960591505410391,0.8963457859742407,,,ambiguous,
GSM4138123,6,5,48,0.020833333333333332,0.041666666666666664,0.23893795238912252,0.1012704657042117,0.9508575041839804,0.9383997749472548,0.0124577292367256,tie,0.0
GSM4138123,7,1,31,0.12903225806451613,0.2903225806451613,0.24160864079502822,0.11486877613987827,0.9491042945264544,,,no_baseline,
GSM4138123,7,2,44,0.06818181818181818,0.20454545454545456,0.31770547109475233,0.07022409985334148,0.7793867648753902,0.7694321137860433,0.0099546510893469,tie,0.0436424802119085
GSM4138123,7,3,419,0.06205250596658711,0.23627684964200477,0.5732297003654041,0.07521323815709922,0.7433099985602454,0.7056844211043604,0.037625577455885,tie,0.0005942150359786
GSM4138123,7,4,79,0.0759493670886076,0.4430379746835443,0.7867957019495674,0.061746775972075035,0.7018885685829478,,,ambiguous,
GSM4138123,7,5,38,0.18421052631578946,0.13157894736842105,-0.010192645988164299,0.18505317361551915,0.8804590901647799,,,ambiguous,
GSM4138123,7,6,48,0.0,0.08333333333333333,0.20007893949360459,0.10289054515144498,0.9508575041839804,0.9383997749472548,0.0124577292367256,tie,0.0
GSM4138123,8,1,35,0.08571428571428572,0.34285714285714286,0.3610380170189875,0.09990028134477646,0.9288980802311448,,,no_baseline,
GSM4138123,8,2,41,0.07317073170731707,0.2682926829268293,0.25723620255851404,0.06652345832733157,0.8139693084802466,0.7694321137860433,0.0445371946942033,tie,0.009059936607052
GSM4138123,8,3,422,0.07819905213270142,0.23933649289099526,0.3925961408917604,0.09847155376305793,0.7498631647539007,0.7056844211043604,0.0441787436495403,tie,-0.0019963863174965
GSM4138123,8,4,71,0.07042253521126761,0.4507042253521127,0.7405344063201997,0.06347446435159149,0.7057607136177961,,,ambiguous,
GSM4138123,8,5,40,0.125,0.2,0.15760791913164898,0.16444218484041168,0.8787053633047521,,,ambiguous,
GSM4138123,8,6,48,0.020833333333333332,0.08333333333333333,0.1948333603122547,0.10449428809266369,0.9508575041839804,0.9383997749472548,0.0124577292367256,tie,0.0
GSM4138123,9,1,33,0.12121212121212122,0.30303030303030304,0.2253206370137976,0.11041029475758443,0.9316252202713934,,,no_baseline,
GSM4138123,9,2,41,0.07317073170731707,0.24390243902439024,0.21439000266326108,0.07017621590261779,0.8035181856217536,0.7694321137860433,0.0340860718357103,tie,0.0028606535455137
GSM4138123,9,3,388,0.08762886597938144,0.2268041237113402,0.33498899838166185,0.1019668805603775,0.7534395424864815,0.7056844211043604,0.0477551213821211,tie,7.809983398421316e-05
GSM4138123,9,4,86,0.05813953488372093,0.5581395348837209,0.8667503586719442,0.05678719689939332,0.6884863585475232,,,ambiguous,
GSM4138123,9,5,41,0.12195121951219512,0.21951219512195122,0.12071258956149748,0.1628288812713916,0.8813853407021823,,,ambiguous,
GSM4138123,9,6,48,0.041666666666666664,0.0625,0.15853390112441743,0.10309565196002372,0.9508575041839804,0.9383997749472548,0.0124577292367256,tie,0.0
GSM4138123,9,8,21,0.047619047619047616,0.23809523809523808,0.27829313015688506,0.09768238947265265,0.9565098966662946,0.7694321137860433,0.1870777828802513,purer,-0.0004706125975366
GSM4138123,10,1,23,0.08695652173913043,0.2608695652173913,0.1296658627355071,0.12554885042641556,0.9497458291067338,0.9278791004179824,0.0218667286887513,tie,-0.004873137164163
GSM4138123,10,3,42,0.047619047619047616,0.47619047619047616,0.2482965798512521,0.07023432283641817,0.7913500330632482,0.7694321137860433,0.0219179192772049,tie,0.0150288061040191
GSM4138123,10,4,396,0.022727272727272728,0.2878787878787879,0.33979193080666004,0.10072961391587379,0.7545476334101728,0.7056844211043604,0.0488632123058124,tie,0.0002791553732103
GSM4138123,10,5,42,0.09523809523809523,0.23809523809523808,0.13005103383666133,0.15357686980975072,0.8792451259647479,,,ambiguous,
GSM4138123,10,6,83,0.012048192771084338,0.7228915662650602,0.831796048568508,0.05868894928056169,0.6847617240530787,,,ambiguous,
GSM4138123,10,7,48,0.0,0.08333333333333333,0.16658241909246535,0.09683633912090873,0.9508575041839804,0.9383997749472548,0.0124577292367256,tie,0.0
GSM4138123,10,9,21,0.0,0.23809523809523808,0.25800283478000435,0.08967264445048827,0.9565098966662946,0.7694321137860433,0.1870777828802513,purer,-0.0004706125975366
GSM4138123,11,1,34,0.17647058823529413,0.3235294117647059,0.17615632136239615,0.1121328046176056,0.940338175512116,,,ambiguous,
GSM4138123,11,2,41,0.07317073170731707,0.36585365853658536,0.21953545938179855,0.07188407173488902,0.8054917767003741,0.7694321137860433,0.0360596629143308,tie,0.0072826439887615
GSM4138123,11,3,389,0.10025706940874037,0.2570694087403599,0.31582794961457594,0.09559140808648911,0.7546265596706583,0.7056844211043604,0.0489421385662979,tie,0.0003984672454093
GSM4138123,11,4,38,0.21052631578947367,0.18421052631578946,0.0485507706229869,0.1712132132123738,0.8810957309307015,,,ambiguous,
GSM4138123,11,5,83,0.060240963855421686,0.6385542168674698,0.7411118980633897,0.05803876051808208,0.6753849214012477,,,ambiguous,
GSM4138123,11,6,48,0.020833333333333332,0.10416666666666667,0.13876263550337634,0.10577705681792147,0.9508575041839804,0.9383997749472548,0.0124577292367256,tie,0.0
GSM4138123,11,9,21,0.0,0.23809523809523808,0.24131343762297655,0.0968552712888072,0.9565098966662946,0.7694321137860433,0.1870777828802513,purer,-0.0004706125975366
GSM4138123,12,1,23,0.08695652173913043,0.21739130434782608,0.03871869248497299,0.13234726487390922,0.9659202117288336,0.9278791004179824,0.0380411113108511,tie,5.5314075137036234e-05
GSM4138123,12,10,21,0.0,0.23809523809523808,0.21415465990609991,0.0914291063720483,0.9565098966662946,0.7694321137860433,0.1870777828802513,purer,-0.0004706125975366
GSM4138123,12,3,42,0.047619047619047616,0.5238095238095238,0.22957734670829671,0.07285612515735511,0.7940839318704487,0.7694321137860433,0.0246518180844054,tie,0.0186904888186869
GSM4138123,12,4,394,0.02284263959390863,0.29949238578680204,0.3165717899163994,0.09258272119186783,0.7546716853363291,0.7056844211043604,0.0489872642319687,tie,0.0005640737180725
GSM4138123,12,5,84,0.03571428571428571,0.7142857142857143,0.7184379434475365,0.057482998876062195,0.6937423267115566,,,ambiguous,
GSM4138123,12,6,38,0.15789473684210525,0.18421052631578946,0.05212146310712133,0.16459006438216087,0.8810957309307015,,,ambiguous,
GSM4138123,12,7,48,0.0,0.08333333333333333,0.1374026880945712,0.09812123815547787,0.9508575041839804,0.9383997749472548,0.0124577292367256,tie,0.0
GSM4138123,13,1,25,0.12,0.24,0.0579743689030458,0.12962943721275047,0.9686837321028408,0.9278791004179824,0.0408046316848583,tie,-0.0027082062988703
GSM4138123,13,10,21,0.0,0.23809523809523808,0.20412797231834306,0.09030421567947,0.9565098966662946,0.7694321137860433,0.1870777828802513,purer,-0.0004706125975366
GSM4138123,13,3,46,0.043478260869565216,0.4782608695652174,0.24319281955328947,0.07006881029496377,0.7535894312770938,0.7694321137860433,-0.0158426825089494,tie,0.0527894078901736
GSM4138123,13,4,396,0.030303030303030304,0.31313131313131315,0.3117650455979317,0.09125308937224995,0.7463504049327119,0.7056844211043604,0.0406659838283515,tie,0.0003809870103278
GSM4138123,13,5,83,0.024096385542168676,0.7349397590361446,0.6814091602730706,0.055670620726067675,0.6943293998053397,,,ambiguous,
GSM4138123,13,6,48,0.0,0.08333333333333333,0.12990293009892526,0.09603267713999082,0.9508575041839804,0.9383997749472548,0.0124577292367256,tie,0.0
GSM4138123,13,7,32,0.125,0.09375,-0.018878030338663407,0.14274691309063645,0.8809552510529364,,,ambiguous,
GSM4138123,14,1,23,0.13043478260869565,0.30434782608695654,0.15239832861653593,0.11282403763954461,0.9668302978472736,0.9278791004179824,0.0389511974292912,tie,-0.000854772043303
GSM4138123,14,11,22,0.0,0.22727272727272727,0.1864269119649298,0.08549356320189976,0.9587945902226078,0.7694321137860433,0.1893624764365645,purer,-0.0001128983940855
GSM4138123,14,3,37,0.02702702702702703,0.4864864864864865,0.21050129363134348,0.069996997834662,0.8408268867179173,0.7694321137860433,0.071394772931874,purer,-0.0236374039051052
GSM4138123,14,4,398,0.02763819095477387,0.32160804020100503,0.30239265935402404,0.08971548274826677,0.7477604622447382,0.7056844211043604,0.0420760411403778,tie,0.0003873461399482
GSM4138123,14,6,84,0.023809523809523808,0.7619047619047619,0.6499562641965604,0.05619555988424423,0.6937423267115566,,,ambiguous,
GSM4138123,14,7,49,0.0,0.10204081632653061,0.1191667685755548,0.09314334704710989,0.9416198516182992,0.9383997749472548,0.0032200766710444,tie,0.0092376525656812
GSM4138123,14,9,32,0.15625,0.15625,-0.06637589534077684,0.1482956540987046,0.8740544706586364,,,ambiguous,
GSM4138123,15,1,41,0.04878048780487805,0.4634146341463415,0.49986939106153877,0.07619936309657202,0.940221603230192,,,no_baseline,
GSM4138123,15,2,16,0.0,0.875,0.9994899101704109,0.038045444204978816,0.9723776559754016,,,no_baseline,
GSM4138123,15,3,306,0.049019607843137254,0.4869281045751634,0.5679812690463902,0.07368428659483973,0.7406658932514252,,,ambiguous,
GSM4138123,15,4,50,0.0,0.08,0.12303293469242366,0.1010635710947654,0.9393323689368632,0.9383997749472548,0.0009325939896084,tie,0.0115251352471171
GSM4138123,15,5,26,0.23076923076923078,0.2692307692307692,0.2095134854688236,0.12054052088809133,0.8995482116604081,,,ambiguous,
GSM4138123,15,7,174,0.14942528735632185,0.13218390804597702,0.06712924793779139,0.13939427957845354,0.7112088626681294,0.7056844211043604,0.005524441563769,tie,0.0
GSM4138123,15,8,21,0.09523809523809523,0.47619047619047616,0.4251017829708892,0.0728376949941049,0.9687224782754188,0.7694321137860433,0.1992903644893755,purer,0.0
GSM4138123,16,1,604,0.011589403973509934,0.0380794701986755,0.18595212774053965,0.05428049049409646,0.6928910748348291,,,ambiguous,
GSM4138123,16,2,34,0.14705882352941177,0.029411764705882353,-0.04371819927819243,0.19255927519179195,0.9405660049312512,,,ambiguous,
GSM4138123,16,4,19,0.15789473684210525,0.05263157894736842,-0.010362158738944227,0.1782379165948786,0.9472991367645632,,,ambiguous,
GSM4138123,17,1,594,0.026936026936026935,0.0707070707070707,0.3468111813899337,0.03780981476644296,0.69384250773175,,,ambiguous,
GSM4138123,17,2,55,0.09090909090909091,0.01818181818181818,0.16591792135321534,0.07437227377996057,0.9219823949716895,0.9383997749472548,-0.0164173799755652,tie,0.0164173799755653
GSM4138123,18,1,544,0.025735294117647058,0.03676470588235294,0.31388044799142645,0.03716024788144998,0.6877277364138019,,,ambiguous,
GSM4138123,18,2,41,0.17073170731707318,0.024390243902439025,0.0637476636833533,0.16073348656106395,0.9221682425336342,0.9383997749472548,-0.0162315324136206,tie,0.0453003466883719
GSM4138123,18,6,62,0.11290322580645161,0.0,-0.059189892577558245,0.16013457111191817,0.8062316337918113,,,ambiguous,
GSM4138123,19,2,53,0.03773584905660377,0.0,0.11307568831312366,0.06593040963125667,0.908526392744928,0.9383997749472548,-0.0298733822023268,tie,0.0423311114390526
GSM4138123,19,3,156,0.1794871794871795,0.27564102564102566,0.48680100649891994,0.05966025121658211,0.6956570070645784,,,ambiguous,
GSM4138123,19,4,351,0.1452991452991453,0.05413105413105413,0.14768853506005808,0.09748304839389389,0.7471559126895932,,,ambiguous,
GSM4138123,19,5,18,0.16666666666666666,0.3333333333333333,0.4056914912088938,0.09264443419613994,0.9705521176928964,0.7694321137860433,0.2011200039068531,purer,0.0046159235510921
GSM4138123,19,7,47,0.23404255319148937,0.0,0.045582251917868646,0.11448626571974983,0.8485823749176259,,,ambiguous,
GSM4138123,20,11,24,0.0,0.375,0.15518622173045926,0.08018881883250688,0.9558930587682362,0.7694321137860433,0.1864609449821929,purer,0.0001452691807449
GSM4138123,20,2,34,0.058823529411764705,0.5882352941176471,0.31405790327732436,0.07161074477310177,0.9442195242456248,,,no_baseline,
GSM4138123,20,4,422,0.023696682464454975,0.4028436018957346,0.28292293597107165,0.07349869751462085,0.7368336514099768,0.7056844211043604,0.0311492303056164,tie,0.0038376794198843
GSM4138123,20,5,34,0.11764705882352941,0.14705882352941177,-0.00648600862338539,0.14067405789661905,0.8735676679542431,,,ambiguous,
GSM4138123,20,6,57,0.017543859649122806,0.8245614035087719,0.5347541882604484,0.047854972319845195,0.7056750060938044,,,ambiguous,
GSM4138123,20,7,16,0.0,0.5,0.2996766599838505,0.058749499289312744,0.9579282491344728,0.7694321137860433,0.1884961353484295,purer,0.0
GSM4138123,20,8,50,0.06,0.1,0.005003769800222236,0.15450091693039827,0.9393323689368632,,,ambiguous,
GSM4138123,21,1,26,0.038461538461538464,0.5,0.23475473091222737,0.07708792920724862,0.9517838907486544,,,no_baseline,
GSM4138123,21,12,19,0.10526315789473684,0.3157894736842105,0.11407442648431225,0.09151299007751318,0.9102772103176936,,,ambiguous,
GSM4138123,21,13,23,0.08695652173913043,0.2608695652173913,0.15021860330300715,0.08031277106198696,0.957140462080588,0.7694321137860433,0.1877083482945447,purer,
GSM4138123,21,3,414,0.05314009661835749,0.35507246376811596,0.24904043465731845,0.08220746174315244,0.7452967648045518,0.7056844211043604,0.0396123437001914,tie,
GSM4138123,21,5,49,0.02040816326530612,0.061224489795918366,0.06403601511344616,0.09736220004965011,0.9416198516182992,0.9383997749472548,0.0032200766710444,tie,
GSM4138123,21,6,33,0.24242424242424243,0.09090909090909091,-0.00567237854626251,0.1252771489017635,0.877280430514695,,,ambiguous,
GSM4138123,21,7,47,0.06382978723404255,0.7446808510638298,0.4841926272264322,0.05628907859070235,0.7076328031280376,,,ambiguous,
GSM4138123,22,14,19,0.05263157894736842,0.42105263157894735,0.11270084660928016,0.09148814385589193,0.9277742526846662,,,ambiguous,
GSM4138123,22,15,22,0.045454545454545456,0.2727272727272727,0.1371655118434467,0.08424489873581256,0.9587945902226078,0.7694321137860433,0.1893624764365645,purer,
GSM4138123,22,2,24,0.041666666666666664,0.5416666666666666,0.20502201100848116,0.08218230240147657,0.9404625139872071,,,no_baseline,
GSM4138123,22,4,415,0.03614457831325301,0.40481927710843374,0.2514580406865995,0.07935083879305871,0.7450913828264953,0.7056844211043604,0.0394069617221349,tie,
GSM4138123,22,6,49,0.02040816326530612,0.12244897959183673,0.06584228833350732,0.0957052656705199,0.9416198516182992,0.9383997749472548,0.0032200766710444,tie,
GSM4138123,22,7,34,0.20588235294117646,0.08823529411764706,-0.010003233885972759,0.12891590942502176,0.878626062994748,,,ambiguous,
GSM4138123,22,9,46,0.0,0.8043478260869565,0.4873895508311783,0.052195634757652105,0.7484792234209259,,,ambiguous,
GSM4138123,23,13,19,0.0,0.3684210526315789,0.10431862984722225,0.09276890687912434,0.9138738244291904,,,ambiguous,
GSM4138123,23,15,22,0.045454545454545456,0.2727272727272727,0.13456313101504008,0.08457426214763819,0.9587945902226078,0.7694321137860433,0.1893624764365645,purer,
GSM4138123,23,2,17,0.058823529411764705,0.47058823529411764,0.1666435762358071,0.0863663441603306,0.9810201746638548,,,no_baseline,
GSM4138123,23,4,416,0.02403846153846154,0.40625,0.24384927108912297,0.07912964050733955,0.7453668005935433,0.7056844211043604,0.0396823794891829,tie,
GSM4138123,23,6,49,0.02040816326530612,0.12244897959183673,0.060611804274625786,0.09986904167249525,0.9416198516182992,0.9383997749472548,0.0032200766710444,tie,
GSM4138123,23,7,30,0.16666666666666666,0.13333333333333333,0.020651749173743638,0.14397871749630578,0.9366046785045092,,,ambiguous,
GSM4138123,23,8,47,0.02127659574468085,0.8085106382978723,0.4621125341160567,0.0554792609492296,0.7076328031280376,,,ambiguous,
GSM4138123,24,1,58,0.1206896551724138,0.46551724137931033,0.5127309950870713,0.034920595470668746,0.8026022307840281,,,no_baseline,
GSM4138123,24,2,497,0.060362173038229376,0.2575452716297787,0.29952068824417366,0.06426468396816488,0.7184837504717889,,,ambiguous,
GSM4138123,24,3,15,0.06666666666666667,0.4666666666666667,0.4476146636238368,0.02466871142388036,0.9082145865878684,,,ambiguous,
GSM4138123,24,4,46,0.21739130434782608,0.0,0.028706937281561026,0.11594945544615987,0.9445232281522516,0.9383997749472548,0.0061234532049968,tie,
GSM4138123,24,7,20,0.1,0.2,0.18972528370556732,0.06889215511544898,1.0,0.7694321137860433,0.2305678862139567,purer,
GSM4138123,25,1,130,0.046153846153846156,0.7153846153846154,0.7692912071165189,0.034553012587321845,0.7242868228729049,,,ambiguous,
GSM4138123,25,14,18,0.5555555555555556,0.0,-0.045896635364529904,0.19006682602320601,0.9722565703229872,,,ambiguous,
GSM4138123,25,2,265,0.03773584905660377,0.8113207547169812,0.9620641565614716,0.03258850354979056,0.7395954951101751,0.7694321137860433,-0.0298366186758681,tie,
GSM4138123,25,3,117,0.1111111111111111,0.7606837606837606,0.9378096497670803,0.04456717720727731,0.7354570470623872,,,ambiguous,
GSM4138123,25,4,31,0.4838709677419355,0.12903225806451613,0.06917659745182618,0.19878969216723683,0.8930699971924886,0.9383997749472548,-0.0453297777547662,tie,
GSM4138123,25,5,65,0.06153846153846154,0.36923076923076925,0.40132297263020666,0.06474375768408519,0.7799448722612407,0.8800216475828482,-0.1000767753216075,less_pure,
GSM4138123,25,6,21,0.19047619047619047,0.047619047619047616,0.11992737947541496,0.15434141361355533,0.9212760550968784,,,ambiguous,
GSM4138123,26,1,517,0.06382978723404255,0.6750483558994197,0.3168907663600556,0.04862529300137024,0.685585098564518,,,ambiguous,
GSM4138123,26,18,18,0.05555555555555555,0.05555555555555555,0.022054892147285534,0.07624645778820023,0.9241176186248892,,,ambiguous,
GSM4138123,26,4,83,0.12048192771084337,0.4939759036144578,0.19493528126802845,0.07790118872219964,0.7836627025410406,,,ambiguous,
GSM4138123,27,1,489,0.07566462167689161,0.689161554192229,0.33664433056050075,0.0422501967296378,0.6963310915688037,,,ambiguous,
GSM4138123,27,13,32,0.09375,0.1875,0.08411652696448789,0.07166894384951925,0.8635213045745341,,,ambiguous,
GSM4138123,27,16,21,0.14285714285714285,0.047619047619047616,0.021753479269498402,0.10128897355383842,0.9647784336430788,,,ambiguous,
GSM4138123,27,8,95,0.2,0.16842105263157894,0.08826104125188003,0.09020046403048314,0.7226330796715369,,,ambiguous,
GSM4138123,28,1,581,0.055077452667814115,0.6075731497418244,0.46260738345361696,0.02410753230198849,0.7015805792011558,,,ambiguous,
GSM4138123,28,2,28,0.03571428571428571,0.32142857142857145,0.17143434705627886,0.04980938988624654,0.9397055864310812,0.7694321137860433,0.1702734726450379,purer,
GSM4138123,28,4,39,0.1282051282051282,0.02564102564102564,0.0231261450256267,0.1442965032654567,0.9395197642710316,,,ambiguous,
GSM4138123,29,1,257,0.08560311284046693,0.5758754863813229,0.3794789525931264,0.051781681069527664,0.6921263756217118,,,ambiguous,
GSM4138123,29,11,25,0.4,0.16,0.11957326974906661,0.11196127508418316,0.8764235697660183,,,ambiguous,
GSM4138123,29,2,139,0.15827338129496402,0.5179856115107914,0.33830271241081705,0.058250264458830456,0.711100577119151,,,ambiguous,
GSM4138123,29,3,184,0.15217391304347827,0.4076086956521739,0.2244594241985397,0.07492221762207114,0.6985572364552769,0.7694321137860433,-0.0708748773307663,less_pure,
GSM4138123,29,8,21,0.23809523809523808,0.0,0.024031387104029293,0.10076751561121514,0.9348205594650176,,,ambiguous,
GSM4138123,30,1,566,0.06537102473498234,0.6943462897526502,0.5075637711496762,0.01620098961045725,0.6878761846167456,,,ambiguous,
GSM4138123,30,2,28,0.14285714285714285,0.4642857142857143,0.3552934799906341,0.03164726726419393,0.8965190405627718,,,ambiguous,
GSM4138123,30,6,38,0.15789473684210525,0.02631578947368421,0.09314472307207793,0.09451182069306503,0.8975491904423045,,,ambiguous,
GSM4138123,31,1,67,0.05970149253731343,0.5522388059701493,0.5930509762643758,0.03604447486804058,0.7120851464336131,0.7694321137860433,-0.0573469673524301,less_pure,
GSM4138123,31,2,156,0.14743589743589744,0.6282051282051282,0.5052220861487585,0.0436884110592731,0.6963995527571272,,,ambiguous,
GSM4138123,31,3,371,0.026954177897574125,0.7897574123989218,0.6354873251034373,0.01349030369395993,0.7133725074586923,,,ambiguous,
GSM4138123,31,5,43,0.2558139534883721,0.37209302325581395,0.3014687896391523,0.08110201907636201,0.8383430587789208,,,ambiguous,
GSM4138123,32,1,646,0.09442724458204334,0.5727554179566563,0.30173992024988794,0.03711120279834681,0.6792830351096699,0.9383997749472548,-0.2591167398375849,less_pure,
GSM4138123,33,1,91,0.0989010989010989,0.5934065934065934,0.39888762311628206,0.040290876412437296,0.6747705687636818,,,ambiguous,
GSM4138123,33,12,39,0.15384615384615385,0.41025641025641024,0.24468849458411826,0.0497393820392029,0.8155482758083461,,,ambiguous,
GSM4138123,33,2,432,0.03935185185185185,0.6875,0.42717227788703305,0.02975268442519989,0.6989439161004383,,,ambiguous,
GSM4138123,33,3,88,0.1590909090909091,0.3977272727272727,0.24526684436105617,0.0691093395921244,0.7524884184037937,0.9383997749472548,-0.1859113565434611,less_pure,
GSM4138123,34,1,357,0.07282913165266107,0.6498599439775911,0.5615756972716516,0.03093337890897535,0.7189514221072764,,,ambiguous,
GSM4138123,34,2,63,0.19047619047619047,0.5238095238095238,0.5065066487276979,0.0479092735796237,0.7338569052572521,0.7694321137860433,-0.0355752085287911,tie,
GSM4138123,34,3,74,0.1891891891891892,0.24324324324324326,0.2460443869923002,0.05829805754404563,0.7629069415372147,0.8800216475828482,-0.1171147060456334,less_pure,
GSM4138123,34,5,150,0.16666666666666666,0.4266666666666667,0.3489153329462237,0.06394586604482443,0.7008333465480281,,,ambiguous,
GSM4138123,35,1,297,0.11784511784511785,0.5892255892255892,0.5993734445269223,0.045253930533603715,0.7311172345816199,0.9383997749472548,-0.2072825403656348,less_pure,
GSM4138123,35,11,17,0.5882352941176471,0.0,0.08736432646812395,0.10455411808883935,0.9624180317808796,,,ambiguous,
GSM4138123,35,12,37,0.16216216216216217,0.43243243243243246,0.5223351883132834,0.04794526991518979,0.8636987558821202,,,ambiguous,
GSM4138123,35,15,26,0.5,0.038461538461538464,0.07811345094975528,0.1234669812231796,0.8728115055879619,,,ambiguous,
GSM4138123,35,18,49,0.24489795918367346,0.04081632653061224,0.11252763717726667,0.10609088407190916,0.8298089926827219,,,ambiguous,
GSM4138123,35,2,82,0.07317073170731707,0.6707317073170732,0.7472492205466637,0.037260458349042735,0.7452822844954425,,,ambiguous,
GSM4138123,35,4,21,0.19047619047619047,0.42857142857142855,0.38621527793986393,0.05647084189884765,0.9211763471800396,,,ambiguous,
GSM4138123,35,5,96,0.17708333333333334,0.5208333333333334,0.5190199707982646,0.05438568126547603,0.7332607981061399,,,ambiguous,
GSM4138124,3,1,341,0.005865102639296188,0.005865102639296188,0.19610120086886929,0.08421122905250972,0.915608488781229,,,ambiguous,
GSM4138124,4,1,341,0.005865102639296188,0.008797653958944282,0.16247162724689962,0.1092284764102648,0.915608488781229,,,ambiguous,
GSM4138124,5,1,340,0.0058823529411764705,0.0058823529411764705,0.1292048623786947,0.11028785611605556,0.9156908552946472,,,ambiguous,
GSM4138124,6,1,339,0.0058997050147492625,0.0058997050147492625,0.11133820156245916,0.1173759543089177,0.9237456780946116,,,ambiguous,
GSM4138124,7,1,339,0.008849557522123894,0.0058997050147492625,0.10500690368979519,0.11373449286522694,0.9237456780946116,,,no_baseline,
GSM4138124,8,1,339,0.008849557522123894,0.011799410029498525,0.10811666019113945,0.10835397503534715,0.9237456780946116,,,no_baseline,
GSM4138124,9,1,337,0.008902077151335312,0.01483679525222552,0.1043906742282923,0.10796648335592482,0.9227267155758652,,,no_baseline,
GSM4138124,10,1,229,0.09606986899563319,0.11790393013100436,-0.041528710207848575,0.15298687062267272,0.9840038578943484,0.9444246024199014,0.0395792554744469,tie,0.0
GSM4138124,10,2,108,0.09259259259259259,0.1574074074074074,0.04341198300066607,0.12419910406734853,0.9087122057436672,0.969665210227224,-0.0609530044835567,less_pure,0.0609530044835566
GSM4138124,11,1,339,0.008849557522123894,0.011799410029498525,0.10698428052381921,0.09137766744371194,0.9237456780946116,,,ambiguous,
GSM4138124,12,1,227,0.1013215859030837,0.11894273127753303,-0.01870067222230206,0.14726781739838193,0.9816022492791028,0.9444246024199014,0.0371776468592013,tie,0.0
GSM4138124,12,2,110,0.09090909090909091,0.18181818181818182,0.07731180537880224,0.11009003201652627,0.9090537922850496,0.969665210227224,-0.0606114179421743,less_pure,0.0606114179421743
GSM4138124,13,1,229,0.10043668122270742,0.11790393013100436,-0.015521341926387293,0.14737339487726095,0.982406783084174,0.9444246024199014,0.0379821806642725,tie,0.0
GSM4138124,13,2,108,0.09259259259259259,0.17592592592592593,0.07765845731880543,0.10947377403444276,0.9084742898658345,0.969665210227224,-0.0611909203613895,less_pure,0.0611909203613895
GSM4138124,14,1,230,0.10869565217391304,0.11739130434782609,-0.017100238105596202,0.14831999406829904,0.981814078347176,0.9444246024199014,0.0373894759272745,tie,0.0
GSM4138124,14,2,105,0.10476190476190476,0.17142857142857143,0.06880216940720937,0.11006939810826687,0.9216741215331428,0.969665210227224,-0.0479910886940811,tie,0.0479910886940813
GSM4138124,15,1,259,0.03861003861003861,0.12355212355212356,0.04122254639861297,0.11845676111509115,0.9563126533346388,,,no_baseline,
GSM4138124,15,2,81,0.06172839506172839,0.13580246913580246,0.09899139268841113,0.11678996208971809,0.9213385603526598,0.969665210227224,-0.0483266498745641,tie,0.0483266498745641
GSM4138124,16,1,334,0.05389221556886228,0.09580838323353294,0.2521874655369415,0.04542191940681075,0.9183120164846628,,,ambiguous,
GSM4138124,17,1,332,0.04819277108433735,0.39156626506024095,0.629341021639266,0.00994503577542973,0.9180306190916478,,,ambiguous,
GSM4138124,18,1,334,0.02694610778443114,0.15868263473053892,0.5007591745721088,0.009619368022660035,0.9182810382349073,,,ambiguous,
GSM4138124,19,1,93,0.053763440860215055,0.3978494623655914,0.5755554228793996,0.04869442902714495,0.96294110344959,,,no_baseline,
GSM4138124,19,2,20,0.15,0.25,0.5465420544009704,0.05711058119639499,1.0,,,no_baseline,
GSM4138124,19,3,113,0.07079646017699115,0.336283185840708,0.5628593882560503,0.046242366702131804,0.9668071155063124,,,ambiguous,
GSM4138124,19,4,107,0.08411214953271028,0.308411214953271,0.4872431263391687,0.05265537685941525,0.9298602740845466,,,ambiguous,
GSM4138124,20,1,183,0.09836065573770492,0.1092896174863388,-0.007937051200453559,0.1306105920023522,0.9833268457351144,0.9444246024199014,0.0389022433152129,tie,0.0
GSM4138124,20,2,76,0.2236842105263158,0.19736842105263158,0.001300265130819292,0.14062118277883365,0.910756498368134,,,no_baseline,
GSM4138124,20,3,77,0.09090909090909091,0.09090909090909091,0.009843926454689277,0.13340129421753502,0.9634691071650188,0.969665210227224,-0.0061961030622051,tie,0.0061961030622053
GSM4138124,21,1,148,0.12837837837837837,0.3918918918918919,0.13750165132638395,0.09953744265694622,0.909462193992024,,,no_baseline,
GSM4138124,21,2,188,0.17553191489361702,0.09042553191489362,0.02420888493463492,0.12507693388794433,0.9851258136484584,0.9444246024199014,0.0407012112285569,tie,
GSM4138124,22,1,186,0.10215053763440861,0.12903225806451613,0.0019570212342759196,0.12681821695607193,0.9835460416910102,0.9444246024199014,0.0391214392711087,tie,
GSM4138124,22,2,70,0.2714285714285714,0.17142857142857143,-0.006780872681537502,0.14521383143913022,0.9090034677390688,,,no_baseline,
GSM4138124,22,3,78,0.08974358974358974,0.15384615384615385,0.010006843276677087,0.12731001597052233,0.957784158291,0.969665210227224,-0.0118810519362239,tie,
GSM4138124,23,1,188,0.11170212765957446,0.13297872340425532,-0.000260188095292198,0.12760203762215416,0.982225820762458,0.9444246024199014,0.0378012183425565,tie,
GSM4138124,23,2,71,0.23943661971830985,0.16901408450704225,-0.0124172107688617,0.14288279839653878,0.9137454460658226,,,no_baseline,
GSM4138124,23,3,75,0.06666666666666667,0.14666666666666667,0.00785039304557328,0.12775632335901488,0.9655746009930136,0.969665210227224,-0.0040906092342103,tie,
GSM4138124,24,1,340,0.03235294117647059,0.2676470588235294,0.3537875935930706,0.03300091333769533,0.9156908552946472,0.969665210227224,-0.0539743549325767,less_pure,
GSM4138124,25,1,49,0.14285714285714285,0.10204081632653061,0.24730996929136934,0.07282435519481474,0.9667316609600723,,,ambiguous,
GSM4138124,25,2,68,0.17647058823529413,0.10294117647058823,0.24681107768151064,0.08214165065317205,0.9750475106673868,,,no_baseline,
GSM4138124,25,3,150,0.08,0.25333333333333335,0.3608055106691751,0.05597121082215361,0.8924456718401333,,,ambiguous,
GSM4138124,25,4,68,0.17647058823529413,0.10294117647058823,0.2580306343724492,0.09228721026681415,0.9869346668024648,,,no_baseline,
GSM4138124,26,1,159,0.14465408805031446,0.18867924528301888,0.07549687387237095,0.08394209985278617,0.902963650115692,,,ambiguous,
GSM4138124,26,2,141,0.1702127659574468,0.24113475177304963,0.09130195674383026,0.08617976673928449,0.9667521792891572,,,ambiguous,
GSM4138124,26,4,22,0.09090909090909091,0.18181818181818182,0.06929267121507841,0.0967186996124278,1.0,,,ambiguous,
GSM4138124,27,1,168,0.17857142857142858,0.2261904761904762,0.10534495535552696,0.08261658550706841,0.9126776413933873,,,ambiguous,
GSM4138124,27,11,43,0.09302325581395349,0.023255813953488372,0.0202032491217388,0.06788659885056274,0.9576787888797952,,,ambiguous,
GSM4138124,27,3,117,0.19658119658119658,0.1282051282051282,0.05134455632445207,0.08904326384404779,0.9717128622841108,,,ambiguous,
GSM4138124,28,1,340,0.0,0.0058823529411764705,0.13661987241487364,0.04687504663931054,0.9156908552946472,,,ambiguous,
GSM4138124,29,1,263,0.08365019011406843,0.3726235741444867,0.22245671971292985,0.053328314800502256,0.9064522394049092,,,ambiguous,
GSM4138124,29,2,46,0.06521739130434782,0.2826086956521739,0.17307060082727269,0.06237200464653387,0.9769368322471612,,,ambiguous,
GSM4138124,30,1,323,0.09907120743034056,0.26006191950464397,0.3191252452251825,0.023339563759944074,0.9145891884116256,,,ambiguous,
GSM4138124,31,1,28,0.14285714285714285,0.07142857142857142,0.23711019877021625,0.05385668831143434,0.9943945208132804,,,no_baseline,
GSM4138124,31,2,121,0.18181818181818182,0.21487603305785125,0.26234558962055676,0.048348262022001466,0.9635922377344556,,,ambiguous,
GSM4138124,31,3,106,0.18867924528301888,0.14150943396226415,0.23649617382482524,0.04908275231276119,0.9183814070870104,,,ambiguous,
GSM4138124,31,5,83,0.21686746987951808,0.060240963855421686,0.19380851910944824,0.06598827236628854,0.9228241682573308,,,ambiguous,
GSM4138124,32,1,339,0.10914454277286136,0.2182890855457227,0.15379251165361668,0.04694896858938552,0.9155070931251714,,,no_baseline,
GSM4138124,33,1,35,0.2571428571428571,0.08571428571428572,0.15360902664953763,0.06660662985020362,0.9846130943052008,,,ambiguous,
GSM4138124,33,2,136,0.20588235294117646,0.14705882352941177,0.16930432621859726,0.06588046785165334,0.8917750960022525,,,ambiguous,
GSM4138124,33,3,166,0.14457831325301204,0.23493975903614459,0.1800865821901084,0.05217430137873455,0.9445380239217626,,,no_baseline,
GSM4138124,34,1,245,0.07346938775510205,0.37142857142857144,0.34551909092883726,0.037120267895343804,0.905542368088996,,,ambiguous,
GSM4138124,34,2,40,0.1,0.125,0.20858251751187265,0.06807967965607489,0.99191026585971,,,no_baseline,
GSM4138124,34,5,18,0.2777777777777778,0.05555555555555555,0.1572909870119782,0.0729333619861312,1.0,,,ambiguous,
GSM4138124,34,9,32,0.1875,0.0,0.11407823268735134,0.08735709869838185,1.0,,,ambiguous,
GSM4138124,35,1,263,0.06463878326996197,0.33079847908745247,0.38810070634792665,0.04230013938137708,0.9080435676457896,,,no_baseline,
GSM4138124,35,2,27,0.14814814814814814,0.1111111111111111,0.2647722226826024,0.0679079167016401,0.9816840699041512,,,ambiguous,
GSM4138124,35,3,24,0.125,0.20833333333333334,0.30024732631224527,0.046032109367320946,0.990224038427396,,,ambiguous,
GSM4138124,35,5,18,0.16666666666666666,0.1111111111111111,0.18222065950633265,0.07219367744667055,0.9932831063337024,,,ambiguous,
GSM4138125,3,1,124,0.0967741935483871,0.0967741935483871,0.02260563354777907,0.10318800371525295,0.8822072737718402,,,ambiguous,
GSM4138125,3,2,393,0.058524173027989825,0.09414758269720101,0.577575904403519,0.11381032091283623,0.7371477855679304,,,ambiguous,
GSM4138125,4,1,130,0.06923076923076923,0.09230769230769231,0.01753900476776975,0.13759365541862076,0.8999309439502462,,,ambiguous,
GSM4138125,4,2,383,0.08093994778067885,0.1618798955613577,0.6245436873771241,0.10955343032946704,0.7396250076788939,,,ambiguous,
GSM4138125,5,1,130,0.06923076923076923,0.09230769230769231,0.009157278481139494,0.13617369825178685,0.8999309439502462,,,ambiguous,
GSM4138125,5,2,379,0.0870712401055409,0.17150395778364116,0.4779979136728445,0.11222038872227384,0.7457012034805575,,,ambiguous,
GSM4138125,6,1,143,0.07692307692307693,0.11188811188811189,0.004477426324014312,0.13190510652928206,0.8170575445636903,,,ambiguous,
GSM4138125,6,2,24,0.25,0.125,0.1717374265347289,0.1036276194019422,0.9418781107392166,0.95113418699402,-0.0092560762548034,tie,0.01217490979196
GSM4138125,6,3,342,0.1111111111111111,0.16374269005847952,0.31781467354495213,0.10959113400231948,0.7525898180020528,0.7439021951733407,0.0086876228287121,tie,-0.0001880105621784
GSM4138125,7,1,133,0.08270676691729323,0.13533834586466165,0.007135454852339536,0.12512848321960154,0.8510985476899218,,,no_baseline,
GSM4138125,7,2,25,0.12,0.2,0.2676254170044053,0.10428237506176273,0.9108778683011874,0.95113418699402,-0.0402563186928325,tie,0.0468473345492547
GSM4138125,7,3,339,0.11504424778761062,0.20058997050147492,0.3279360221729974,0.10036743183181386,0.7510424710902694,0.7439021951733407,0.0071402759169287,tie,-9.518566099053773e-05
GSM4138125,8,1,109,0.01834862385321101,0.06422018348623854,-0.02653180782231771,0.12541514172092733,0.8891268846893889,,,no_baseline,
GSM4138125,8,2,22,0.09090909090909091,0.22727272727272727,0.2315648093426227,0.09720643035039213,0.91892829451534,0.95113418699402,-0.03220589247868,tie,0.0387969083351021
GSM4138125,8,3,37,0.1891891891891892,0.05405405405405406,0.09318210661630769,0.13601517446071193,0.9004499473209373,0.7439021951733407,0.1565477521475966,purer,0.0
GSM4138125,8,7,332,0.1536144578313253,0.08132530120481928,0.015205173677911773,0.13225351079360873,0.7584126640393274,0.7439021951733407,0.0145104688659867,tie,-0.0001073564453081
GSM4138125,9,1,108,0.009259259259259259,0.05555555555555555,-0.02421606942548633,0.1267368025818302,0.9290405428731576,,,no_baseline,
GSM4138125,9,2,26,0.19230769230769232,0.19230769230769232,0.11176541204411976,0.11642722690284739,0.9215176200907208,0.95113418699402,-0.0296165669032991,tie,0.0362075827597214
GSM4138125,9,3,36,0.16666666666666666,0.05555555555555555,0.1023827419391386,0.13150004939077375,0.8994232062551781,0.7439021951733407,0.1555210110818374,purer,0.0
GSM4138125,9,7,326,0.1411042944785276,0.0736196319018405,0.03694498723395285,0.1277925659051863,0.756176247671456,0.7439021951733407,0.0122740524981153,tie,0.001348109495593
GSM4138125,10,1,86,0.08139534883720931,0.023255813953488372,-0.2557611897941522,0.2499208592694406,0.9505118449303744,0.9443814511936788,0.0061303937366956,tie,0.0200801585515607
GSM4138125,10,3,24,0.041666666666666664,0.3333333333333333,0.16864232726803255,0.1097424568539102,0.9204911424777072,0.95113418699402,-0.0306430445163127,tie,0.0354562182075365
GSM4138125,10,4,36,0.08333333333333333,0.2777777777777778,0.14480896269337806,0.11100152931216878,0.8994232062551781,0.7439021951733407,0.1555210110818374,purer,0.0
GSM4138125,10,8,337,0.05637982195845697,0.1661721068249258,0.09477305305285258,0.11650850131042814,0.754166117275118,0.7439021951733407,0.0102639221017772,tie,-0.0010733387893879
GSM4138125,11,1,113,0.017699115044247787,0.07079646017699115,-0.006325703354627793,0.12067267702419995,0.8946475070134314,,,ambiguous,
GSM4138125,11,2,23,0.13043478260869565,0.21739130434782608,0.13362519351944596,0.10907463199690026,0.9259651449699164,0.95113418699402,-0.0251690420241035,tie,0.0317600578805257
GSM4138125,11,3,35,0.2,0.08571428571428572,0.09264603655720698,0.1298859351156023,0.9100997990594014,0.7439021951733407,0.1661976038860607,purer,0.0
GSM4138125,11,7,330,0.17272727272727273,0.09696969696969697,0.03465651537084908,0.12891755447337677,0.7557976687136225,0.7439021951733407,0.0118954735402818,tie,0.0005750290232133
GSM4138125,12,1,86,0.10465116279069768,0.03488372093023256,-0.21061644339555902,0.251226862525194,0.9403428052585112,0.9443814511936788,-0.0040386459351675,tie,0.0302964123063828
GSM4138125,12,2,15,0.06666666666666667,0.0,-0.03674861512963137,0.12830377548685576,1.0,,,no_baseline,
GSM4138125,12,3,24,0.041666666666666664,0.375,0.14022559271076884,0.10845548462634676,0.9204911424777072,0.95113418699402,-0.0306430445163127,tie,0.0354562182075365
GSM4138125,12,4,35,0.08571428571428572,0.2571428571428571,0.14008889984699788,0.10803047211288168,0.9100997990594014,0.7439021951733407,0.1661976038860607,purer,0.0
GSM4138125,12,8,337,0.05934718100890208,0.17804154302670624,0.08237730016546273,0.11679158032541843,0.7530610780414143,0.7439021951733407,0.0091588828680736,tie,-0.0005366229365214
GSM4138125,13,1,86,0.10465116279069768,0.03488372093023256,-0.19694138447449758,0.2486693695773664,0.9392396968895604,0.9443814511936788,-0.0051417543041183,tie,0.0313523065923747
GSM4138125,13,3,27,0.07407407407407407,0.3333333333333333,0.1411209838155901,0.11117202212116203,0.9112837803921332,0.95113418699402,-0.0398504066018867,tie,0.0446635802931106
GSM4138125,13,4,35,0.05714285714285714,0.2571428571428571,0.1355692737407961,0.1063668300304997,0.9100997990594014,0.7439021951733407,0.1661976038860607,purer,0.0
GSM4138125,13,8,335,0.05970149253731343,0.18208955223880596,0.09086348192585328,0.11171525674503283,0.7527579460283387,0.7439021951733407,0.008855750854998,tie,-0.0004745603439955
GSM4138125,14,1,84,0.09523809523809523,0.023809523809523808,-0.20479647095480485,0.2536504663682976,0.938985373410496,0.9443814511936788,-0.0053960777831827,tie,0.0316066300714389
GSM4138125,14,3,21,0.0,0.42857142857142855,0.16090150152331537,0.09803506220594418,0.9015747384651572,0.95113418699402,-0.0495594485288627,tie,0.0561504643852849
GSM4138125,14,4,34,0.058823529411764705,0.38235294117647056,0.15159656536373628,0.1012867649384746,0.9056548237871548,0.7439021951733407,0.1617526286138141,purer,0.0
GSM4138125,14,8,338,0.0621301775147929,0.1952662721893491,0.08131758541804429,0.11434146181122491,0.758037993846357,0.7439021951733407,0.0141357986730162,tie,-0.0004602712121094
GSM4138125,15,1,257,0.01556420233463035,0.4669260700389105,0.395797414036375,0.11773559175301783,0.7343837073361017,,,no_baseline,
GSM4138125,15,2,50,0.02,0.64,0.588240820065712,0.06196209909053674,0.8648308160649941,,,no_baseline,
GSM4138125,15,3,156,0.05128205128205128,0.6538461538461539,0.6186947790970676,0.06018180656565798,0.7693524213566355,,,ambiguous,
GSM4138125,15,7,40,0.25,0.275,0.10588717557484198,0.1374876289719958,0.8540038301113753,0.7439021951733407,0.1101016349380346,purer,0.0
GSM4138125,16,1,510,0.03725490196078431,0.025490196078431372,0.2813320806452251,0.04702041626482607,0.7086140739475858,,,ambiguous,
GSM4138125,17,1,507,0.08284023668639054,0.0611439842209073,0.4489348700049829,0.023315063287572425,0.7103375370683442,,,ambiguous,
GSM4138125,18,1,502,0.025896414342629483,0.021912350597609563,0.37598118189143326,0.017560255998512176,0.7089549171885207,,,ambiguous,
GSM4138125,19,1,392,0.11734693877551021,0.06377551020408163,0.18981503332351335,0.07539076999051418,0.738539498454881,0.7610993234066383,-0.0225598249517573,tie,0.0242932624195202
GSM4138125,19,2,18,0.1111111111111111,0.1111111111111111,0.2105504521164548,0.08408301564410338,0.9736127217813246,,,no_baseline,
GSM4138125,19,3,32,0.21875,0.0625,0.15657714156549069,0.08553599406158732,0.9120526147903284,,,ambiguous,
GSM4138125,19,4,66,0.3333333333333333,0.030303030303030304,0.09217854787181995,0.12027634551973092,0.830347380211,,,ambiguous,
GSM4138125,20,1,71,0.2676056338028169,0.056338028169014086,-0.16746234643209362,0.24710002699584407,0.9407390196935972,0.9443814511936788,-0.0036424315000815,tie,0.0357101724729344
GSM4138125,20,2,78,0.07692307692307693,0.5128205128205128,0.22710440419721423,0.09130895858637281,0.8157946822614668,,,no_baseline,
GSM4138125,20,4,43,0.11627906976744186,0.23255813953488372,0.07069390678830585,0.11810786201731709,0.8557007579622591,0.7439021951733407,0.1117985627889184,purer,0.0
GSM4138125,20,9,286,0.04895104895104895,0.36013986013986016,0.1597485142137106,0.09328322796130963,0.7629769832178365,0.7439021951733407,0.0190747880444958,tie,-9.625090188947194e-05
GSM4138125,21,1,71,0.23943661971830985,0.29577464788732394,0.10621655360414214,0.11628264551151801,0.8221410396892161,,,no_baseline,
GSM4138125,21,14,39,0.10256410256410256,0.46153846153846156,0.24440826287564457,0.08454773698388117,0.8341650161573436,,,ambiguous,
GSM4138125,21,2,70,0.32857142857142857,0.014285714285714285,-0.16240076661390945,0.24290000987706947,0.946719295792256,0.9443814511936788,0.0023378445985772,tie,
GSM4138125,21,3,41,0.21951219512195122,0.17073170731707318,0.04797363019579746,0.11964863984583037,0.8954267324518305,0.7439021951733407,0.1515245372784898,purer,
GSM4138125,21,8,262,0.10687022900763359,0.3244274809160305,0.13712760450134434,0.10174195123609459,0.7673149835075231,0.7439021951733407,0.0234127883341824,tie,
GSM4138125,22,1,71,0.3380281690140845,0.014084507042253521,-0.15546224354884233,0.22276387096307199,0.9464620530758536,0.9443814511936788,0.0020806018821748,tie,
GSM4138125,22,13,35,0.02857142857142857,0.5714285714285714,0.2698800369660525,0.07604901984104172,0.8631692970142812,,,ambiguous,
GSM4138125,22,2,48,0.1875,0.3125,0.09313387412066261,0.11960605198868905,0.8633070463648178,,,no_baseline,
GSM4138125,22,4,41,0.12195121951219512,0.2926829268292683,0.06979787723533278,0.11408094028790115,0.8954267324518305,0.7439021951733407,0.1515245372784898,purer,
GSM4138125,22,8,274,0.07664233576642336,0.40875912408759124,0.14269627119499922,0.09962182232567297,0.7687646634606985,0.7439021951733407,0.0248624682873578,tie,
GSM4138125,23,1,67,0.34328358208955223,0.0,-0.15962653092626766,0.22466166871968316,0.9698468478452702,0.9443814511936788,0.0254653966515914,tie,
GSM4138125,23,11,263,0.07604562737642585,0.41825095057034223,0.14074728622994254,0.10043010926728123,0.7690106910568225,0.7439021951733407,0.0251084958834818,tie,
GSM4138125,23,2,47,0.19148936170212766,0.3191489361702128,0.088299515945499,0.1200569598276328,0.8720119929298394,,,no_baseline,
GSM4138125,23,4,40,0.15,0.3,0.06976383931999933,0.11214677847411914,0.8943152989921902,0.7439021951733407,0.1504131038188495,purer,
GSM4138125,23,9,41,0.04878048780487805,0.5609756097560976,0.2468612649873414,0.0820161355862098,0.8289032609511506,,,ambiguous,
GSM4138125,24,1,283,0.0989399293286219,0.4098939929328622,0.4195595464833403,0.04080824180983768,0.728701430670754,,,no_baseline,
GSM4138125,24,2,214,0.19158878504672897,0.38317757009345793,0.38574239757684403,0.055115410870432334,0.7669886772488475,,,ambiguous,
GSM4138125,25,1,49,0.04081632653061224,0.6530612244897959,0.673801366388526,0.03881563890946308,0.8027810687691919,,,ambiguous,
GSM4138125,25,2,147,0.05442176870748299,0.673469387755102,0.6790364166972441,0.04035261088861511,0.7696221206789333,0.95113418699402,-0.1815120663150866,less_pure,
GSM4138125,25,3,174,0.09195402298850575,0.7183908045977011,0.8069542497051451,0.04025957574868998,0.7505637780909278,,,ambiguous,
GSM4138125,25,4,62,0.22580645161290322,0.04838709677419355,0.10575905141170627,0.10376709199107259,0.8962272936256942,,,no_baseline,
GSM4138125,25,5,18,0.0,0.5555555555555556,0.5680724317407337,0.04578888321172969,0.8721164975795358,,,no_baseline,
GSM4138125,25,6,19,0.3684210526315789,0.15789473684210525,0.19880485024374345,0.11655219329174234,0.9520275974614816,,,ambiguous,
GSM4138125,25,9,19,0.0,0.631578947368421,0.6716273792580919,0.03890787894721311,0.9066561030146064,,,ambiguous,
GSM4138125,26,1,323,0.12074303405572756,0.5851393188854489,0.2617813700983814,0.06643396627833958,0.7375527010184552,,,ambiguous,
GSM4138125,26,2,41,0.24390243902439024,0.024390243902439025,-0.00976831893589093,0.13323204590447668,0.9861224564909478,,,ambiguous,
GSM4138125,26,4,112,0.15178571428571427,0.375,0.14149689474435742,0.09001133060176256,0.7660040728959592,,,ambiguous,
GSM4138125,26,7,21,0.047619047619047616,0.6190476190476191,0.25970203028155775,0.05368349393290309,0.8952426227959345,,,ambiguous,
GSM4138125,27,1,423,0.1182033096926714,0.6146572104018913,0.29039641783353437,0.052836294182029106,0.7291261559728175,,,ambiguous,
GSM4138125,27,3,29,0.27586206896551724,0.034482758620689655,0.015848776696708547,0.10498218990482439,0.9932146926039022,,,ambiguous,
GSM4138125,27,8,28,0.10714285714285714,0.07142857142857142,0.08018496187194799,0.07825872938512266,0.8903091847177687,,,ambiguous,
GSM4138125,28,1,506,0.05138339920948617,0.233201581027668,0.3009429402472729,0.0385846371295041,0.710808290042195,,,ambiguous,
GSM4138125,29,1,294,0.10884353741496598,0.5272108843537415,0.3324096272941256,0.05224203199546347,0.7155918750676074,,,ambiguous,
GSM4138125,29,2,48,0.20833333333333334,0.4166666666666667,0.2369062130695835,0.072186795722308,0.8260324601398861,,,ambiguous,
GSM4138125,29,3,124,0.14516129032258066,0.4274193548387097,0.2593526396930783,0.06730797771479971,0.78152977188103,0.95113418699402,-0.1696044151129899,less_pure,
GSM4138125,29,6,22,0.0,0.5454545454545454,0.35043214107580467,0.04646073135414729,0.9390767450832896,,,ambiguous,
GSM4138125,30,1,483,0.09316770186335403,0.5942028985507246,0.44881217259778594,0.01748665763897429,0.7064731662370809,,,ambiguous,
GSM4138125,30,2,22,0.22727272727272727,0.5,0.39526221589597377,0.031685928192115416,0.8972570686831717,,,ambiguous,
GSM4138125,31,1,33,0.21212121212121213,0.3333333333333333,0.40099686826950054,0.05815234180714031,0.8951334163385446,0.95113418699402,-0.0560007706554753,less_pure,
GSM4138125,31,2,137,0.15328467153284672,0.5182481751824818,0.39503373794868896,0.05000197101830991,0.7430203213091975,,,ambiguous,
GSM4138125,31,3,139,0.1223021582733813,0.5899280575539568,0.4584537590561203,0.03443769948232662,0.7362026799086486,,,ambiguous,
GSM4138125,31,4,159,0.09433962264150944,0.4025157232704403,0.38204411901544555,0.03587623230017233,0.7679848369990152,0.7610993234066383,0.0068855135923768,tie,
GSM4138125,31,5,42,0.23809523809523808,0.14285714285714285,0.16878396408897503,0.06912752553614734,0.9446987076914052,,,ambiguous,
GSM4138125,32,1,503,0.1312127236580517,0.46322067594433397,0.2210954411017486,0.04610772934992873,0.7093049381454719,,,no_baseline,
GSM4138125,32,6,17,0.11764705882352941,0.47058823529411764,0.25836549959761473,0.040415611334791726,0.955319121248314,,,ambiguous,
GSM4138125,33,1,53,0.18867924528301888,0.4339622641509434,0.2920966742453734,0.05421919492385629,0.80442702655881,,,ambiguous,
GSM4138125,33,2,331,0.07854984894259819,0.6374622356495468,0.38071432737147604,0.03334195037633507,0.736933009031206,,,ambiguous,
GSM4138125,33,3,103,0.2815533980582524,0.13592233009708737,0.13391452260598447,0.08380342232910053,0.7866651565053215,,,no_baseline,
GSM4138125,33,7,22,0.09090909090909091,0.6818181818181818,0.3595846828502261,0.029976320715971394,0.8889736243717518,,,ambiguous,
GSM4138125,34,1,190,0.11578947368421053,0.4842105263157895,0.38338863672418,0.04181202957913839,0.7154306072661751,,,ambiguous,
GSM4138125,34,10,22,0.45454545454545453,0.0,0.030310802125668116,0.12698626699800042,0.948578412716306,,,ambiguous,
GSM4138125,34,2,45,0.2,0.35555555555555557,0.36528138964199774,0.05975399194393118,0.8199128689046562,0.95113418699402,-0.1312213180893637,less_pure,
GSM4138125,34,4,151,0.09933774834437085,0.3973509933774834,0.358419580830991,0.04281252140206535,0.7661001261271081,,,ambiguous,
GSM4138125,34,5,81,0.30864197530864196,0.2222222222222222,0.25216083291495683,0.07545331982185897,0.809262353966699,,,ambiguous,
GSM4138125,34,9,15,0.3333333333333333,0.0,0.08043774812839413,0.08361710046151985,0.975139042937376,,,ambiguous,
GSM4138125,35,1,197,0.116751269035533,0.43147208121827413,0.43058898541970586,0.05018133247993795,0.7152083961793843,,,no_baseline,
GSM4138125,35,2,35,0.08571428571428572,0.3142857142857143,0.3808327356404278,0.05411688981701959,0.8710888262895669,,,ambiguous,
GSM4138125,35,4,21,0.09523809523809523,0.2857142857142857,0.39429454780443357,0.059511764452215295,0.9261778594807986,,,ambiguous,
GSM4138125,35,5,40,0.4,0.15,0.23726263973227252,0.07730180645229935,0.8687165958952405,,,ambiguous,
GSM4138125,35,6,143,0.08391608391608392,0.5664335664335665,0.5066915654925594,0.03950822893484089,0.7583808132795298,,,ambiguous,
GSM4138125,35,8,35,0.5142857142857142,0.11428571428571428,0.19310919668671286,0.09296380019362362,0.9017646321463414,,,ambiguous,
GSM4138126,3,1,758,0.0,0.0,0.08167181545422612,0.06834379368000759,0.9529039457285876,,,ambiguous,
GSM4138126,4,1,758,0.0,0.0,0.23990607121878602,0.08012807411647331,0.9529039457285876,,,ambiguous,
GSM4138126,5,1,758,0.0,0.0,0.18193400332685064,0.08860206083231358,0.9529039457285876,,,ambiguous,
GSM4138126,6,1,758,0.0,0.002638522427440633,0.1274484424547401,0.09684899664926278,0.9529039457285876,,,ambiguous,
GSM4138126,7,1,757,0.0,0.002642007926023778,0.09986646167041847,0.1022518479334198,0.9549444876876224,,,no_baseline,
GSM4138126,8,1,757,0.0,0.002642007926023778,0.08079909525006335,0.10552595476233859,0.9549444876876224,,,no_baseline,
GSM4138126,9,1,757,0.0,0.003963011889035667,0.06260076233666169,0.11349071663363366,0.9549444876876224,,,no_baseline,
GSM4138126,10,1,676,0.0650887573964497,0.05029585798816568,-0.0806542680212144,0.16677959400045173,0.9705696717857792,0.9663228947211788,0.0042467770646004,tie,0.0093278825993076
GSM4138126,10,2,81,0.1111111111111111,0.09876543209876543,0.010359508173490984,0.1277708787011427,0.9644699692952328,1.0,-0.0355300307047672,tie,0.0355300307047673
GSM4138126,11,1,758,0.0013192612137203166,0.00395778364116095,0.050784791383936004,0.10991382863757305,0.9529039457285876,,,ambiguous,
GSM4138126,12,1,673,0.06983655274888559,0.0549777117384844,-0.06557829599482123,0.16594677875398903,0.9714797976755328,0.9663228947211788,0.005156902954354,tie,0.0074242313154302
GSM4138126,12,2,85,0.10588235294117647,0.10588235294117647,0.012274935983271442,0.12493373293969261,0.9577658372124284,1.0,-0.0422341627875716,tie,0.0422341627875717
GSM4138126,13,1,670,0.07164179104477612,0.05223880597014925,-0.05889754992615791,0.16488286989061915,0.9714063890205812,0.9663228947211788,0.0050834942994023,tie,0.0080384040433618
GSM4138126,13,2,87,0.11494252873563218,0.10344827586206896,0.010795343075004137,0.12484811811326828,0.959853818083607,1.0,-0.0401461819163929,tie,0.0401461819163929
GSM4138126,14,1,664,0.0783132530120482,0.06325301204819277,-0.048044851069157554,0.15847456114312744,0.9717670567844248,0.9663228947211788,0.0054441620632459,tie,0.008271619033084
GSM4138126,14,2,93,0.13978494623655913,0.10752688172043011,0.015659836507162288,0.12612101187886812,0.9570132107852802,1.0,-0.0429867892147197,tie,0.0429867892147197
GSM4138126,15,1,703,0.025604551920341393,0.03698435277382646,-0.00692950880958267,0.13673672517713442,0.960074410674276,,,no_baseline,
GSM4138126,15,2,55,0.07272727272727272,0.18181818181818182,0.08424679232193906,0.1064225782081158,0.9612908250081248,1.0,-0.0387091749918752,tie,0.0387091749918753
GSM4138126,16,1,755,0.06887417218543046,0.11390728476821192,0.22342645343160053,0.04974967578991012,0.9539915052255966,,,ambiguous,
GSM4138126,17,1,754,0.06896551724137931,0.17506631299734748,0.5464388859297326,0.015215611063039031,0.9527362503822028,,,ambiguous,
GSM4138126,18,1,756,0.03306878306878307,0.10317460317460317,0.45464722171637595,0.013163281926210742,0.9528333071672443,,,ambiguous,
GSM4138126,19,1,201,0.05472636815920398,0.2736318407960199,0.5612964224082772,0.046043540946277196,0.9613642553646942,,,no_baseline,
GSM4138126,19,2,35,0.11428571428571428,0.17142857142857143,0.42237171848648736,0.06632367957676276,0.9405587602195788,,,no_baseline,
GSM4138126,19,3,351,0.05982905982905983,0.3076923076923077,0.5239358931557355,0.0438706926159874,0.9544586886259157,,,ambiguous,
GSM4138126,19,4,169,0.05325443786982249,0.1893491124260355,0.4237186568241707,0.05502134831656075,0.9620749369265468,,,ambiguous,
GSM4138126,20,1,561,0.1319073083778966,0.0855614973262032,-0.022851316287205554,0.14401159514164116,0.9830297202150264,0.9663228947211788,0.0167068254938476,tie,0.0001380698245981
GSM4138126,20,2,148,0.25675675675675674,0.18243243243243243,-0.007964247531348851,0.14990947257000728,0.9346604496337892,0.9796119788439296,-0.0449515292101403,tie,0.0574438709137112
GSM4138126,20,3,49,0.08163265306122448,0.10204081632653061,-0.037144024242857954,0.13725864564547505,0.986121566166167,1.0,-0.013878433833833,tie,0.013878433833833
GSM4138126,21,1,204,0.20588235294117646,0.19607843137254902,0.04977574478536152,0.11934721769276588,0.942448911248178,0.9796119788439296,-0.0371630675957516,tie,
GSM4138126,21,2,552,0.14855072463768115,0.10507246376811594,0.0024248581079268725,0.13573565126665918,0.9830969169043076,0.9663228947211788,0.0167740221831287,tie,
GSM4138126,22,1,564,0.13652482269503546,0.08865248226950355,-0.012976789721926627,0.1353379660239964,0.9830406145845076,0.9663228947211788,0.0167177198633288,tie,
GSM4138126,22,2,140,0.2571428571428571,0.16428571428571428,-0.002883940968272684,0.14438485536240916,0.9424143948903488,0.9796119788439296,-0.0371975839535807,tie,
GSM4138126,22,3,51,0.09803921568627451,0.13725490196078433,-0.020352937240470086,0.1356193086441037,0.9735902732496609,1.0,-0.0264097267503391,tie,
GSM4138126,23,1,570,0.1456140350877193,0.0912280701754386,-0.015275153515906225,0.13617153332815662,0.9831106175823052,0.9663228947211788,0.0167877228611263,tie,
GSM4138126,23,2,135,0.24444444444444444,0.14814814814814814,-0.006036379902863017,0.14252945715754076,0.9365043137489096,0.9796119788439296,-0.0431076650950199,tie,
GSM4138126,23,3,50,0.1,0.12,-0.026748800235885075,0.13538257695426328,0.9774587738732377,1.0,-0.0225412261267623,tie,
GSM4138126,24,1,757,0.018494055482166448,0.14398943196829592,0.3273298545459865,0.02717763541123155,0.9540644299056862,1.0,-0.0459355700943138,tie,
GSM4138126,25,2,75,0.22666666666666666,0.12,0.24022322085191689,0.0873833901286311,0.966429400882377,0.9796119788439296,-0.0131825779615525,tie,
GSM4138126,25,3,153,0.19607843137254902,0.1111111111111111,0.23946963849325828,0.08656763155550892,0.9267004556928772,,,ambiguous,
GSM4138126,25,4,433,0.14087759815242495,0.13394919168591224,0.28714946382353695,0.07833362269064845,0.9715846099521328,,,no_baseline,
GSM4138126,25,6,81,0.20987654320987653,0.16049382716049382,0.27444965922775416,0.07960233190719192,0.9747990259582074,,,ambiguous,
GSM4138126,26,1,51,0.13725490196078433,0.13725490196078433,0.08182591524092296,0.08945480045466325,0.958189156456857,,,ambiguous,
GSM4138126,26,2,532,0.14285714285714285,0.11278195488721804,0.06978326310528224,0.08948149982734946,0.9734179971029376,,,ambiguous,
GSM4138126,26,4,164,0.24390243902439024,0.07926829268292683,0.028565366602541456,0.11016673526993724,0.9356040364579524,,,ambiguous,
GSM4138126,27,1,289,0.1695501730103806,0.1972318339100346,0.08637639499173097,0.08493660883070277,0.9335357384460472,,,ambiguous,
GSM4138126,27,3,459,0.17647058823529413,0.06753812636165578,0.04635865834615869,0.09360398092451937,0.9728026741195732,,,ambiguous,
GSM4138126,28,1,758,0.0013192612137203166,0.0013192612137203166,0.14380127354679306,0.03872332671198472,0.9529039457285876,,,ambiguous,
GSM4138126,29,1,555,0.06486486486486487,0.2756756756756757,0.20690807307138895,0.05544127596477204,0.9512263052323536,,,ambiguous,
GSM4138126,29,10,27,0.1111111111111111,0.0,0.052881646632024916,0.0766511891509791,0.9879568836132836,,,ambiguous,
GSM4138126,29,11,16,0.1875,0.0,0.03433582228427325,0.0900899087095399,1.0,,,ambiguous,
GSM4138126,29,2,98,0.01020408163265306,0.29591836734693877,0.21016935284335334,0.043126183178456394,0.9788511943837414,,,ambiguous,
GSM4138126,29,3,36,0.1388888888888889,0.1111111111111111,0.09101329134231878,0.08760083334441113,0.9674756291103038,0.9796119788439296,-0.0121363497336257,tie,
GSM4138126,29,8,20,0.0,0.05,0.08345070272216924,0.05070119801821836,0.9927736240504064,,,ambiguous,
GSM4138126,30,1,708,0.09745762711864407,0.17372881355932204,0.29492598876631276,0.02426244157578529,0.9533212237332492,,,ambiguous,
GSM4138126,30,2,25,0.12,0.12,0.21933357012857332,0.024866054640210123,0.9914917961608656,,,ambiguous,
GSM4138126,30,6,17,0.058823529411764705,0.0,0.10442147738791922,0.04353833288624985,0.9778344812876038,,,ambiguous,
GSM4138126,31,1,57,0.14035087719298245,0.05263157894736842,0.2086905347434528,0.06233181089953415,0.964509035134868,0.9796119788439296,-0.0151029437090616,tie,
GSM4138126,31,2,252,0.10714285714285714,0.1111111111111111,0.2280530439565092,0.0519175816801978,0.9692417979401216,,,ambiguous,
GSM4138126,31,3,190,0.13157894736842105,0.11052631578947368,0.1962789784418436,0.05949771366410069,0.9179042344664168,,,ambiguous,
GSM4138126,31,5,255,0.20784313725490197,0.07450980392156863,0.18606322221740473,0.06328300961541096,0.968520041072814,,,ambiguous,
GSM4138126,32,1,758,0.09762532981530343,0.1820580474934037,0.13885246035600238,0.05074154331350639,0.9541630606491688,,,no_baseline,
GSM4138126,33,1,63,0.2222222222222222,0.19047619047619047,0.16625649083274546,0.0690035012029492,0.9631539785313886,,,ambiguous,
GSM4138126,33,2,233,0.1630901287553648,0.11587982832618025,0.15133600823465293,0.061862707086536274,0.933150045175424,,,ambiguous,
GSM4138126,33,3,447,0.14093959731543623,0.14093959731543623,0.15858184896150607,0.05535138698061778,0.9653883771237868,,,no_baseline,
GSM4138126,34,1,471,0.06581740976645435,0.2781316348195329,0.30225262407601033,0.042574610091814125,0.9457592591415976,,,ambiguous,
GSM4138126,34,15,17,0.0,0.0,0.11954195111206711,0.058354237698106125,1.0,,,ambiguous,
GSM4138126,34,2,83,0.1686746987951807,0.10843373493975904,0.2069302855905991,0.06728726027270639,0.975620617359076,0.9796119788439296,-0.0039913614848535,tie,
GSM4138126,34,5,52,0.28846153846153844,0.0,0.08901378666058103,0.09330499038568131,0.987561034674453,,,ambiguous,
GSM4138126,34,9,125,0.216,0.008,0.1078488563775171,0.08373851921619747,0.9850923109332576,,,ambiguous,
GSM4138126,35,1,529,0.05860113421550094,0.27599243856332706,0.35481493705154793,0.045032900623976926,0.9481134942998992,,,no_baseline,
GSM4138126,35,2,69,0.10144927536231885,0.15942028985507245,0.2922498825356293,0.05730901108347643,0.977926686511732,,,ambiguous,
GSM4138126,35,3,73,0.0958904109589041,0.1643835616438356,0.30951821771102717,0.043862858102931,0.9774223623868808,,,ambiguous,
GSM4138126,35,5,72,0.1111111111111111,0.0,0.14982564768672865,0.08001288559273961,0.9825524089632848,,,ambiguous,
GSM4138127,3,1,129,0.023255813953488372,0.10852713178294573,0.1885649747105192,0.11475586270132651,0.9033065599475144,,,ambiguous,
GSM4138127,3,2,300,0.08333333333333333,0.09,0.5752243710965689,0.12989917394421008,0.7344006638040277,,,ambiguous,
GSM4138127,3,3,33,0.0,0.0,0.18106247163007055,0.06491397982182329,0.9217204179375714,,,ambiguous,
GSM4138127,4,1,148,0.08108108108108109,0.07432432432432433,0.29138730721008965,0.11736208270039859,0.9141995459344364,,,ambiguous,
GSM4138127,4,2,165,0.09696969696969697,0.09090909090909091,0.9337100330485153,0.07668949596131092,0.7538061616903207,,,ambiguous,
GSM4138127,4,3,32,0.0,0.03125,0.19752487220275103,0.07861118306679163,0.921039121510737,,,ambiguous,
GSM4138127,4,4,117,0.05128205128205128,0.07692307692307693,-0.03378389468910442,0.1508616983806791,0.7951429813079743,,,ambiguous,
GSM4138127,5,1,148,0.08108108108108109,0.08108108108108109,0.23900935562197126,0.11866754517630532,0.9199053531291854,,,ambiguous,
GSM4138127,5,2,164,0.09146341463414634,0.16463414634146342,0.8541775669220579,0.07265200195583138,0.7573785855466127,,,ambiguous,
GSM4138127,5,3,33,0.0,0.030303030303030304,0.1717067908803943,0.09058364605335617,0.9217204179375714,,,ambiguous,
GSM4138127,5,4,117,0.05128205128205128,0.07692307692307693,-0.01628880580594357,0.14895283221501354,0.7951429813079743,,,ambiguous,
GSM4138127,6,1,155,0.07741935483870968,0.1032258064516129,0.22002872929166464,0.11284832633916565,0.8810758084020189,,,ambiguous,
GSM4138127,6,2,124,0.056451612903225805,0.1532258064516129,0.4284545138470887,0.0827595915892054,0.7573782258329818,0.891335201708411,-0.1339569758754292,less_pure,0.1506932486976564
GSM4138127,6,3,45,0.1111111111111111,0.26666666666666666,0.6775435805611897,0.06401354272489931,0.922825397798256,0.7778561108377001,0.1449692869605559,purer,0.0058835996168902
GSM4138127,6,4,111,0.02702702702702703,0.0990990990990991,0.01767454766478552,0.14672449754119266,0.8072737434314421,,,ambiguous,
GSM4138127,6,5,27,0.0,0.0,0.11606593127256144,0.08091017144736741,0.9538411986320278,0.944191299480378,0.0096498991516497,tie,0.0
GSM4138127,7,1,153,0.0915032679738562,0.1111111111111111,0.187105394304749,0.1157738761124199,0.8854385673761549,,,no_baseline,
GSM4138127,7,2,19,0.21052631578947367,0.2631578947368421,0.33787631170559673,0.08321191767707893,0.974423076742236,0.891335201708411,0.083087875033825,purer,0.0126648660520399
GSM4138127,7,3,42,0.09523809523809523,0.35714285714285715,0.6408306058059798,0.0626637638713419,0.9253492289193468,0.7778561108377001,0.1474931180816466,purer,0.0314470050949025
GSM4138127,7,4,109,0.045871559633027525,0.22935779816513763,0.37900913776132233,0.08109923804708298,0.783144294341297,,,ambiguous,
GSM4138127,7,5,111,0.05405405405405406,0.12612612612612611,0.06324103568000336,0.1389975992961813,0.806792592924926,,,ambiguous,
GSM4138127,7,6,28,0.0,0.0,0.08802242857223055,0.08154341815062792,0.9560784239578238,0.944191299480378,0.0118871244774457,tie,-0.002237225325796
GSM4138127,8,1,159,0.10062893081761007,0.13836477987421383,0.14555199209407316,0.1188539435534022,0.8728541587824468,,,no_baseline,
GSM4138127,8,2,19,0.15789473684210525,0.21052631578947367,0.27340385425642694,0.09245637866540528,0.974423076742236,0.891335201708411,0.083087875033825,purer,0.0126648660520399
GSM4138127,8,4,107,0.04672897196261682,0.29906542056074764,0.3654434554053136,0.07897403262905825,0.8020703899499856,,,ambiguous,
GSM4138127,8,5,111,0.02702702702702703,0.10810810810810811,0.049643535461182144,0.14301263349057272,0.806792592924926,,,ambiguous,
GSM4138127,8,6,28,0.0,0.0,0.08154613139921998,0.07707738943889651,0.9560784239578238,0.944191299480378,0.0118871244774457,tie,-0.002237225325796
GSM4138127,8,7,27,0.037037037037037035,0.25925925925925924,0.4968151821889648,0.09391046460989355,0.9716997553186848,0.7778561108377001,0.1938436444809846,purer,0.0
GSM4138127,9,1,146,0.10273972602739725,0.11643835616438356,0.11116800336657284,0.12187351734454356,0.8847549286612028,,,no_baseline,
GSM4138127,9,2,19,0.05263157894736842,0.2631578947368421,0.3359163224848919,0.08834586681379651,0.9743418453029794,0.891335201708411,0.0830066435945684,purer,0.0117292633563189
GSM4138127,9,4,115,0.09565217391304348,0.14782608695652175,0.2581716881796134,0.07726805714624288,0.7608538186659418,,,ambiguous,
GSM4138127,9,5,112,0.017857142857142856,0.125,0.055163543390224244,0.13909088737054529,0.8051852482595049,,,ambiguous,
GSM4138127,9,6,28,0.0,0.0,0.07262203563639912,0.09868481163631346,0.9560784239578238,0.944191299480378,0.0118871244774457,tie,-0.002237225325796
GSM4138127,9,7,27,0.037037037037037035,0.25925925925925924,0.4862373163399323,0.08025361160232372,0.9587942301365584,0.7778561108377001,0.1809381192988582,purer,0.0116694597094703
GSM4138127,10,1,116,0.034482758620689655,0.11206896551724138,0.06509651386578648,0.13371698898005902,0.9334078731011674,0.839799905947372,0.0936079671537953,purer,-0.0044120657121109
GSM4138127,10,2,20,0.0,0.3,0.3807155232734528,0.11283445132796262,0.9434034012598296,,,no_baseline,
GSM4138127,10,3,18,0.1111111111111111,0.2222222222222222,0.2599353899708196,0.10136000020303465,0.9725300008517392,0.891335201708411,0.0811947991433282,purer,0.0274699991482607
GSM4138127,10,4,17,0.058823529411764705,0.23529411764705882,0.12987450123703284,0.1366572139687242,0.94379714562899,0.7778561108377001,0.1659410347912898,purer,
GSM4138127,10,5,116,0.034482758620689655,0.15517241379310345,0.07623226809710107,0.14508768171956513,0.7885673114341214,,,ambiguous,
GSM4138127,10,6,115,0.034782608695652174,0.25217391304347825,0.23969557140267486,0.0811339445036108,0.7670468276671203,,,ambiguous,
GSM4138127,10,7,29,0.0,0.10344827586206896,0.11522803382608855,0.10189456397220358,0.9419975452784044,0.944191299480378,-0.0021937542019736,tie,0.0118436533536233
GSM4138127,10,8,25,0.04,0.28,0.400988663455605,0.07790946269462581,0.9551348531414956,0.7778561108377001,0.1772787423037954,purer,-0.0092873439707563
GSM4138127,11,1,138,0.09420289855072464,0.10869565217391304,0.09557883482657063,0.11084898778167913,0.9013542703555348,,,ambiguous,
GSM4138127,11,2,18,0.05555555555555555,0.2222222222222222,0.29091350539064237,0.08532643028313029,0.9729991592881024,0.891335201708411,0.0816639575796914,purer,0.0131369547531685
GSM4138127,11,4,89,0.06741573033707865,0.033707865168539325,-0.033409578380902444,0.15995126056886794,0.8544018838171089,,,ambiguous,
GSM4138127,11,5,110,0.07272727272727272,0.21818181818181817,0.24444192050525212,0.07487034169601633,0.7661949362990488,,,ambiguous,
GSM4138127,11,6,28,0.0,0.03571428571428571,0.1007608426992896,0.09020527623770921,0.9560784239578238,0.944191299480378,0.0118871244774457,tie,-0.002237225325796
GSM4138127,11,7,27,0.037037037037037035,0.2962962962962963,0.4181376519242136,0.08482738013162096,0.9587942301365584,0.7778561108377001,0.1809381192988582,purer,0.0116694597094703
GSM4138127,11,8,40,0.175,0.05,-0.1352831646315713,0.19113072407596116,0.8756781295970779,,,ambiguous,
GSM4138127,12,1,120,0.008333333333333333,0.14166666666666666,0.10180658996357599,0.11700788995354953,0.9318019085576424,0.839799905947372,0.0920020026102704,purer,0.0191941512177388
GSM4138127,12,3,18,0.05555555555555555,0.2777777777777778,0.252328516543273,0.09020088669781529,0.9725300008517392,0.891335201708411,0.0811947991433282,purer,0.0274699991482607
GSM4138127,12,5,113,0.05309734513274336,0.24778761061946902,0.22077244502305537,0.0774621819257403,0.7621139970993723,,,ambiguous,
GSM4138127,12,6,87,0.04597701149425287,0.022988505747126436,-0.023138610403244133,0.15195362925217648,0.8540132491449073,,,ambiguous,
GSM4138127,12,7,29,0.0,0.10344827586206896,0.13024026669472083,0.09264916776432985,0.9419975452784044,0.944191299480378,-0.0021937542019736,tie,0.0118436533536233
GSM4138127,12,8,26,0.038461538461538464,0.2692307692307692,0.33229509649212124,0.08111337653747794,0.9559325492496658,0.7778561108377001,0.1780764384119656,purer,-0.0004870742870951
GSM4138127,12,9,41,0.14634146341463414,0.04878048780487805,-0.09981356369597891,0.1815309319013891,0.8766433545599318,,,ambiguous,
GSM4138127,13,1,128,0.0078125,0.171875,0.11934606538056655,0.11286159716951125,0.92949917879481,0.839799905947372,0.089699272847438,purer,0.008888508712663
GSM4138127,13,3,18,0.05555555555555555,0.3333333333333333,0.23686845946298302,0.08958967045133073,0.9725300008517392,0.891335201708411,0.0811947991433282,purer,0.0274699991482607
GSM4138127,13,5,114,0.043859649122807015,0.2631578947368421,0.21021407632119904,0.08053416738355447,0.7695155283144268,,,ambiguous,
GSM4138127,13,6,29,0.0,0.13793103448275862,0.12663614362393638,0.08975541154568943,0.9419975452784044,0.944191299480378,-0.0021937542019736,tie,0.0118436533536233
GSM4138127,13,7,78,0.038461538461538464,0.07692307692307693,0.029527462660192676,0.13065982818851993,0.8464968488642287,,,ambiguous,
GSM4138127,13,8,26,0.038461538461538464,0.4230769230769231,0.331132030581015,0.07877348716702554,0.9559325492496658,0.7778561108377001,0.1780764384119656,purer,-0.0004870742870951
GSM4138127,13,9,41,0.14634146341463414,0.07317073170731707,-0.07555258363450276,0.17411820279819917,0.8766433545599318,,,ambiguous,
GSM4138127,14,1,121,0.008264462809917356,0.1652892561983471,0.10756490755780994,0.11686749440483236,0.9159726892982546,0.839799905947372,0.0761727833508826,purer,0.0306517073868822
GSM4138127,14,10,42,0.19047619047619047,0.09523809523809523,-0.060693713520833234,0.16610477300867096,0.868163331472018,,,ambiguous,
GSM4138127,14,3,16,0.0625,0.3125,0.1734717537478705,0.10342496931991214,1.0,0.891335201708411,0.108664798291589,purer,0.0
GSM4138127,14,5,18,0.2777777777777778,0.16666666666666666,0.18252591197557755,0.17728064432138374,1.0,,,ambiguous,
GSM4138127,14,6,116,0.034482758620689655,0.3103448275862069,0.22157433575790453,0.07611790280718767,0.7661641984899209,,,ambiguous,
GSM4138127,14,7,28,0.0,0.10714285714285714,0.1077317292623422,0.08286079447070833,0.9560784239578238,0.944191299480378,0.0118871244774457,tie,-0.002237225325796
GSM4138127,14,8,27,0.07407407407407407,0.4444444444444444,0.3322438182040707,0.07666753757948161,0.9569119655891356,0.7778561108377001,0.1790558547514354,purer,0.0009654789952775
GSM4138127,14,9,66,0.06060606060606061,0.09090909090909091,0.048680833891837104,0.11631551010659953,0.8632713043346905,,,ambiguous,
GSM4138127,15,1,179,0.0335195530726257,0.20670391061452514,0.21087128773108832,0.10372468869067814,0.839840501824779,,,no_baseline,
GSM4138127,15,11,32,0.0625,0.0625,-0.05374647807333788,0.1774596290891544,0.9192017404388318,,,ambiguous,
GSM4138127,15,2,66,0.0,0.5454545454545454,0.7383523217417599,0.062395370832851786,0.844666079863404,,,no_baseline,
GSM4138127,15,3,17,0.0,0.7647058823529411,0.9316349301344836,0.024299927841134224,0.927835063721354,,,ambiguous,
GSM4138127,15,4,25,0.2,0.12,0.15041224657644942,0.13270011271539012,0.9585099281428092,0.944191299480378,0.0143186286624311,tie,0.0045623862504603
GSM4138127,15,5,55,0.03636363636363636,0.16363636363636364,0.1117153431500871,0.10017250215381993,0.9046679354432076,,,ambiguous,
GSM4138127,15,6,46,0.15217391304347827,0.13043478260869565,-0.00697141724067046,0.17022714736089437,0.8975298978831167,,,ambiguous,
GSM4138127,15,7,17,0.0,0.058823529411764705,0.09180671631705054,0.14462765961305724,0.9400536585581296,0.7778561108377001,0.1621975477204295,purer,0.0
GSM4138127,16,1,429,0.05128205128205128,0.10955710955710955,0.23443977716389622,0.05099388186867518,0.704727788889854,,,ambiguous,
GSM4138127,17,1,342,0.15789473684210525,0.20760233918128654,0.5079952361830337,0.02621524673531835,0.7252966702973188,,,ambiguous,
GSM4138127,17,2,25,0.16,0.04,0.2061407167834578,0.0663513998673249,0.9545721348909166,0.944191299480378,0.0103808354105385,tie,-0.0052306999037029
GSM4138127,17,3,85,0.1411764705882353,0.047058823529411764,0.14102465675088852,0.10775030368184124,0.8399157731836319,,,ambiguous,
GSM4138127,18,1,401,0.05486284289276808,0.12718204488778054,0.35899889940893126,0.030707684421733668,0.7063511677072831,,,ambiguous,
GSM4138127,18,2,19,0.15789473684210525,0.0,0.1571933688532474,0.11838118572575364,1.0,0.944191299480378,0.0558087005196219,purer,
GSM4138127,18,5,15,0.26666666666666666,0.0,0.04640019024715313,0.14030768488042525,0.9517780198128196,,,ambiguous,
GSM4138127,18,6,26,0.0,0.0,0.015752195784778593,0.0907470147726599,0.976585889997802,,,ambiguous,
GSM4138127,19,1,55,0.16363636363636364,0.3090909090909091,0.4925906269196476,0.06089944921427249,0.8744045531056097,0.903668686975214,-0.0292641338696042,tie,0.0979527826951139
GSM4138127,19,2,41,0.024390243902439025,0.0975609756097561,0.24931907139893222,0.05564591065449936,0.9005238385058272,0.944191299480378,-0.0436674609745508,tie,0.0436674609745507
GSM4138127,19,3,71,0.1267605633802817,0.30985915492957744,0.5571956611940306,0.05553439741943351,0.8867713241091034,,,ambiguous,
GSM4138127,19,4,32,0.03125,0.1875,0.383833378297279,0.06451468677904326,0.9422341809414498,,,ambiguous,
GSM4138127,19,5,16,0.1875,0.3125,0.4848969726912191,0.04827156377877998,0.9863952316651448,0.891335201708411,0.0950600299567338,purer,
GSM4138127,19,6,61,0.21311475409836064,0.09836065573770492,0.13245416857216186,0.10881075664590334,0.8920748866775191,,,ambiguous,
GSM4138127,19,7,165,0.18787878787878787,0.10909090909090909,0.2568461115230475,0.08830520473303105,0.8159338544294471,,,ambiguous,
GSM4138127,20,1,115,0.017391304347826087,0.1565217391304348,0.11732899360610265,0.09677002012952438,0.9341185072188868,0.839799905947372,0.0943186012715148,purer,0.015439026794789
GSM4138127,20,10,42,0.16666666666666666,0.16666666666666666,0.005008549793053079,0.1454512570943296,0.8986719576994917,,,ambiguous,
GSM4138127,20,2,32,0.03125,0.46875,0.30089162958929894,0.08138843589567735,0.934702142924306,,,no_baseline,
GSM4138127,20,5,86,0.046511627906976744,0.08139534883720931,0.03201512345670749,0.1328668023724346,0.8467931880269478,,,ambiguous,
GSM4138127,20,6,95,0.042105263157894736,0.42105263157894735,0.23996398095532798,0.07544479571674276,0.7690985100518929,,,ambiguous,
GSM4138127,20,8,29,0.06896551724137931,0.034482758620689655,0.04003604304595744,0.12031716034208097,0.9559775633031578,,,ambiguous,
GSM4138127,21,1,25,0.04,0.28,0.2111317071768071,0.09244795077221099,0.9722148514722464,,,no_baseline,
GSM4138127,21,11,41,0.1951219512195122,0.14634146341463414,-0.0010697803804609728,0.1383902167700038,0.907231254920215,,,ambiguous,
GSM4138127,21,18,24,0.20833333333333334,0.0,-0.08116351307292653,0.1979043428425239,0.9763715905426346,,,ambiguous,
GSM4138127,21,2,114,0.043859649122807015,0.14912280701754385,0.10104406543758152,0.10463542166149897,0.9433833491617593,0.839799905947372,0.1035834432143872,purer,
GSM4138127,21,5,29,0.034482758620689655,0.0,0.07444412912565644,0.07994859073611096,0.9457010063746374,0.944191299480378,0.0015097068942593,tie,
GSM4138127,21,6,75,0.10666666666666667,0.08,0.041602619894522255,0.11759266067396056,0.8448303081762529,,,ambiguous,
GSM4138127,21,7,59,0.0847457627118644,0.2542372881355932,0.15544743417239074,0.0904788595893511,0.839978296154156,,,ambiguous,
GSM4138127,21,9,48,0.08333333333333333,0.25,0.1408832472583583,0.09092353703878142,0.9206086415908706,,,ambiguous,
GSM4138127,22,1,109,0.045871559633027525,0.1743119266055046,0.08793229489994311,0.11055158998570849,0.9419744881036722,0.839799905947372,0.1021745821563002,purer,
GSM4138127,22,11,51,0.0784313725490196,0.3137254901960784,0.14230590484828465,0.08625751594694098,0.911099246855686,,,ambiguous,
GSM4138127,22,12,41,0.17073170731707318,0.14634146341463414,0.0051348080864085256,0.13855343077504778,0.907231254920215,,,ambiguous,
GSM4138127,22,19,24,0.16666666666666666,0.041666666666666664,-0.054447443133998984,0.1886119284593137,0.9763715905426346,,,ambiguous,
GSM4138127,22,2,17,0.058823529411764705,0.29411764705882354,0.12781908953999246,0.10079977223831207,0.9890112745453864,,,no_baseline,
GSM4138127,22,6,29,0.0,0.034482758620689655,0.06578809758890952,0.08482965763396255,0.9457010063746374,0.944191299480378,0.0015097068942593,tie,
GSM4138127,22,7,76,0.06578947368421052,0.13157894736842105,0.04463634768684356,0.11478683126157033,0.8459125084762774,,,ambiguous,
GSM4138127,22,9,59,0.0847457627118644,0.3728813559322034,0.15254350255030003,0.08827815031492953,0.8260096548373145,,,ambiguous,
GSM4138127,23,1,80,0.05,0.1375,0.07056527331953605,0.1120901084934854,0.9517451585901996,0.839799905947372,0.1119452526428276,purer,
GSM4138127,23,12,51,0.0784313725490196,0.35294117647058826,0.14794446285471116,0.08213849240086592,0.8999747210023176,,,ambiguous,
GSM4138127,23,14,31,0.12903225806451613,0.12903225806451613,0.03308970037105079,0.12530221775403205,0.9221083674721676,,,ambiguous,
GSM4138127,23,16,24,0.041666666666666664,0.125,0.05572614331255426,0.11092054976013449,0.9522231943839008,0.7778561108377001,0.1743670835462006,purer,
GSM4138127,23,19,24,0.16666666666666666,0.041666666666666664,-0.05280874023751308,0.1846909036010148,0.9763715905426346,,,ambiguous,
GSM4138127,23,2,16,0.0625,0.1875,0.08194178436730339,0.1070443887892106,1.0,,,no_baseline,
GSM4138127,23,6,29,0.0,0.034482758620689655,0.06953327048021551,0.08231954593066867,0.9457010063746374,0.944191299480378,0.0015097068942593,tie,
GSM4138127,23,7,94,0.0851063829787234,0.23404255319148937,0.08816109753807054,0.12828663035463572,0.8471925559040925,,,ambiguous,
GSM4138127,23,8,58,0.08620689655172414,0.3620689655172414,0.14797905006685566,0.08378517250228515,0.824415422534977,,,ambiguous,
GSM4138127,24,1,194,0.12371134020618557,0.23711340206185566,0.38421152175871764,0.047348953870222164,0.797787308559918,,,no_baseline,
GSM4138127,24,16,20,0.1,0.0,-0.09697680169662995,0.27532541969552593,0.9835281049395872,,,ambiguous,
GSM4138127,24,2,38,0.10526315789473684,0.23684210526315788,0.3475304472516386,0.056544429887794484,0.9171199134011124,,,ambiguous,
GSM4138127,24,3,81,0.16049382716049382,0.18518518518518517,0.29741486421977725,0.05618872572016476,0.8167887460940011,,,ambiguous,
GSM4138127,24,4,28,0.2857142857142857,0.0,0.02715568141113936,0.10815439695598698,0.9463005809032676,0.944191299480378,0.0021092814228895,tie,
GSM4138127,24,5,57,0.2631578947368421,0.05263157894736842,0.08877476420957589,0.10245861472973922,0.8577454216366924,,,ambiguous,
GSM4138127,24,6,24,0.0,0.125,0.17696448559426073,0.1104623539756901,1.0,,,ambiguous,
GSM4138127,25,1,122,0.04918032786885246,0.1885245901639344,0.27396488940873776,0.0690112615798246,0.8513938398584215,,,ambiguous,
GSM4138127,25,13,24,0.125,0.041666666666666664,-0.07257820963013485,0.2550289367047947,0.973052745504858,,,ambiguous,
GSM4138127,25,14,16,0.375,0.0,-0.07636846875858139,0.20576211858492943,0.9645015170136204,,,ambiguous,
GSM4138127,25,2,38,0.07894736842105263,0.3684210526315789,0.4673733796035718,0.05427504779493451,0.918424637850138,0.891335201708411,0.0270894361417269,tie,
GSM4138127,25,3,77,0.16883116883116883,0.2987012987012987,0.4026349761116939,0.07223064853611381,0.8566723877223531,,,ambiguous,
GSM4138127,25,4,15,0.2,0.06666666666666667,0.224389795101654,0.07426135427854147,0.9687654004852764,0.944191299480378,0.0245741010048983,tie,
GSM4138127,25,5,111,0.07207207207207207,0.10810810810810811,0.21802544537686785,0.0662369096774429,0.8393043748563277,0.8434018282825052,-0.0040974534261775,tie,
GSM4138127,25,6,21,0.14285714285714285,0.09523809523809523,0.21437774660623105,0.11073050451446324,0.9370019513088248,,,ambiguous,
GSM4138127,25,8,21,0.23809523809523808,0.09523809523809523,0.13572361002931702,0.12055466828021709,1.0,,,ambiguous,
GSM4138127,26,1,277,0.07581227436823104,0.2815884476534296,0.14638742452752587,0.07430181864651346,0.746082373438328,,,ambiguous,
GSM4138127,26,16,15,0.06666666666666667,0.2,0.03933098010576628,0.08753225060407392,1.0,,,ambiguous,
GSM4138127,26,18,31,0.12903225806451613,0.0,0.033494590763303154,0.12074560986647034,0.9362540217127874,,,ambiguous,
GSM4138127,26,2,50,0.14,0.14,0.056941739915781595,0.0865323641953403,0.8979343395542588,,,ambiguous,
GSM4138127,26,4,42,0.19047619047619047,0.2619047619047619,0.0898741381703404,0.09060230634541432,0.8504406166372241,,,ambiguous,
GSM4138127,26,6,17,0.11764705882352941,0.058823529411764705,0.05503567235185046,0.10337993021971206,0.98548385681045,,,ambiguous,
GSM4138127,27,1,197,0.09137055837563451,0.3401015228426396,0.16548901551932887,0.062053360264422534,0.7802759086158599,,,ambiguous,
GSM4138127,27,13,38,0.05263157894736842,0.10526315789473684,0.04882828203329236,0.07123086442731429,1.0,,,ambiguous,
GSM4138127,27,16,60,0.06666666666666667,0.016666666666666666,0.061339333485261466,0.09006177475135267,0.8742855128515568,,,ambiguous,
GSM4138127,27,3,39,0.1282051282051282,0.10256410256410256,0.052764803385549314,0.09165421170648133,0.9576007765019132,,,ambiguous,
GSM4138127,27,8,72,0.18055555555555555,0.06944444444444445,0.03937395815685044,0.10748740754333011,0.8422804077606348,,,ambiguous,
GSM4138127,28,1,395,0.05569620253164557,0.1468354430379747,0.2516220126785718,0.03953388547455231,0.726666639666675,,,ambiguous,
GSM4138127,28,4,20,0.35,0.05,0.006462325735400384,0.16725847366080862,0.9459655667738222,,,ambiguous,
GSM4138127,29,1,103,0.08737864077669903,0.4368932038834951,0.2804754480954613,0.0525320486022271,0.8090240199891785,,,ambiguous,
GSM4138127,29,10,19,0.3157894736842105,0.05263157894736842,0.0362719772498763,0.1155845994142129,1.0,,,ambiguous,
GSM4138127,29,11,22,0.3181818181818182,0.045454545454545456,0.031941481578620166,0.11584145977151632,0.979774767355994,,,ambiguous,
GSM4138127,29,2,137,0.12408759124087591,0.22627737226277372,0.17691792994816571,0.06996398704240446,0.822624641566365,,,ambiguous,
GSM4138127,29,3,74,0.17567567567567569,0.08108108108108109,0.08441190519419757,0.08223857429613805,0.8600709038052153,0.891335201708411,-0.0312642979031956,tie,
GSM4138127,29,8,49,0.20408163265306123,0.04081632653061224,0.059911510735897774,0.1012514040387061,0.83115036521361,,,ambiguous,
GSM4138127,30,1,301,0.1461794019933555,0.2724252491694352,0.33284993191146317,0.03204565258239951,0.7413366708279409,,,ambiguous,
GSM4138127,30,2,69,0.18840579710144928,0.18840579710144928,0.27775984790412916,0.03650092363958871,0.8426261721615418,,,ambiguous,
GSM4138127,30,6,54,0.46296296296296297,0.0,0.020560437090265796,0.13208289229057385,0.8758638792584821,,,ambiguous,
GSM4138127,30,8,15,0.3333333333333333,0.0,0.08594557872458439,0.068465254257533,1.0,,,ambiguous,
GSM4138127,31,1,76,0.14473684210526316,0.2894736842105263,0.34711059359186397,0.05030939999091983,0.8263429777502183,0.891335201708411,-0.0649922239581927,less_pure,
GSM4138127,31,2,115,0.08695652173913043,0.19130434782608696,0.26612482195282855,0.05102324873106457,0.787985112633051,,,ambiguous,
GSM4138127,31,3,143,0.055944055944055944,0.3776223776223776,0.3528580941772089,0.03547158583699179,0.8044929274297681,,,ambiguous,
GSM4138127,31,5,75,0.22666666666666666,0.2,0.23498814647244434,0.06439251364953803,0.8390993134601397,,,ambiguous,
GSM4138127,31,6,22,0.2727272727272727,0.045454545454545456,0.0732257444960524,0.12046474424284191,0.919575854258994,,,ambiguous,
GSM4138127,32,1,410,0.1024390243902439,0.2073170731707317,0.14856552591992483,0.05728187267073151,0.7277146819622644,0.944191299480378,-0.2164766175181136,less_pure,
GSM4138127,32,6,26,0.15384615384615385,0.038461538461538464,0.041956707240943476,0.1008250147157286,0.9506737851016768,,,ambiguous,
GSM4138127,33,1,94,0.09574468085106383,0.22340425531914893,0.24763257952733167,0.04550290076454142,0.8116838675449471,,,ambiguous,
GSM4138127,33,12,15,0.0,0.0,0.05665008580699845,0.07558010765202297,1.0,,,ambiguous,
GSM4138127,33,19,15,0.26666666666666666,0.0,0.004978633687801656,0.11078878484552802,0.9868135056109014,,,ambiguous,
GSM4138127,33,2,206,0.038834951456310676,0.3446601941747573,0.24479748193309575,0.04807670319060782,0.7767906355228986,,,ambiguous,
GSM4138127,33,3,107,0.102803738317757,0.14018691588785046,0.15672405114464552,0.07036141989967536,0.8138085174130156,0.944191299480378,-0.1303827820673624,less_pure,
GSM4138127,34,1,137,0.10218978102189781,0.35036496350364965,0.3183678348219084,0.05161073105770731,0.8256971406632416,,,ambiguous,
GSM4138127,34,11,23,0.21739130434782608,0.0,0.006022335443085626,0.0976413054298635,0.9720184310595964,,,ambiguous,
GSM4138127,34,2,68,0.1323529411764706,0.39705882352941174,0.38939024761830165,0.04707328737913798,0.8626293745722547,0.891335201708411,-0.0287058271361562,tie,
GSM4138127,34,3,143,0.11888111888111888,0.055944055944055944,0.1388054558597527,0.06847668143040982,0.822214747637453,0.8434018282825052,-0.0211870806450522,tie,
GSM4138127,34,5,59,0.2711864406779661,0.0847457627118644,0.11140444946097558,0.09654159947315283,0.8573470187354137,,,ambiguous,
GSM4138127,34,9,16,0.1875,0.0,0.15337301478475754,0.08380322917531792,1.0,,,ambiguous,
GSM4138127,35,1,127,0.15748031496062992,0.2755905511811024,0.2826957541720548,0.07798508242802443,0.8379571755757982,0.944191299480378,-0.1062341239045798,less_pure,
GSM4138127,35,11,111,0.23423423423423423,0.02702702702702703,0.15669323741693195,0.0754638355022769,0.819258281278212,,,ambiguous,
GSM4138127,35,14,15,0.4666666666666667,0.0,0.018809494141486062,0.12107481536093609,0.9805379503504662,,,ambiguous,
GSM4138127,35,15,15,0.4666666666666667,0.0,0.1352066309986359,0.09393480085057422,1.0,,,ambiguous,
GSM4138127,35,16,28,0.5714285714285714,0.21428571428571427,0.20825038560872547,0.09839249781389267,0.9478402792436456,,,ambiguous,
GSM4138127,35,18,22,0.13636363636363635,0.045454545454545456,0.1220288951255999,0.10408129490564694,0.8971587846083179,,,ambiguous,
GSM4138127,35,2,31,0.16129032258064516,0.3548387096774194,0.4431453199941833,0.05277749441195469,0.9255435117089088,,,ambiguous,
GSM4138127,35,3,16,0.0625,0.25,0.3337952508815307,0.04493846066355891,0.9774185511775848,,,ambiguous,
GSM4138127,35,4,43,0.3023255813953488,0.06976744186046512,0.16650387315308132,0.08598849860439665,0.9362262578592812,,,ambiguous,
GSM4138127,35,5,33,0.21212121212121213,0.0,0.2175553391570916,0.07531936556015241,0.9330419615077278,,,ambiguous,
GSM4138127,35,7,17,0.23529411764705882,0.0,0.01696176826207284,0.14633921397788774,0.9664997258173348,,,ambiguous,
GSM4138128,3,1,545,0.0,0.005504587155963303,0.39978569719690066,0.07037148302903513,0.8814912149219919,,,ambiguous,
GSM4138128,3,3,20,0.0,0.0,-0.6802257083437578,0.2766193252372731,0.9782659584116306,,,ambiguous,
GSM4138128,4,1,543,0.0,0.011049723756906077,0.3942470808177807,0.07632606277410499,0.8836217431693505,,,ambiguous,
GSM4138128,4,3,20,0.05,0.05,-0.39733732718198617,0.23729402203619002,0.9782659584116306,,,ambiguous,
GSM4138128,5,1,544,0.0,0.011029411764705883,0.31094010148185225,0.07957340845430079,0.8813609773768527,,,ambiguous,
GSM4138128,5,3,20,0.05,0.05,-0.32372388043950523,0.23345399943687833,0.9782659584116306,,,ambiguous,
GSM4138128,6,1,541,0.0,0.014787430683918669,0.22854952410406926,0.08958048587005603,0.8858123633540804,,,ambiguous,
GSM4138128,6,5,20,0.05,0.05,-0.21893075155066258,0.20733190282270159,0.9782659584116306,0.9782659584116306,0.0,tie,0.0
GSM4138128,7,1,535,0.001869158878504673,0.020560747663551402,0.2003432600257938,0.08990874576883642,0.8959558474415688,,,no_baseline,
GSM4138128,7,6,20,0.0,0.05,-0.13840976283245565,0.20072100428412787,0.9782659584116306,0.9782659584116306,0.0,tie,0.0
GSM4138128,8,1,535,0.007476635514018692,0.026168224299065422,0.15437184192369285,0.09433296350502446,0.8959558474415688,,,no_baseline,
GSM4138128,8,6,20,0.0,0.05,-0.11286153397461732,0.1958902996921408,0.9782659584116306,0.9782659584116306,0.0,tie,0.0
GSM4138128,9,1,534,0.009363295880149813,0.033707865168539325,0.14185415284483596,0.09563707043006935,0.8957742911300235,,,no_baseline,
GSM4138128,9,6,20,0.0,0.05,-0.08127725731076443,0.18370253112901727,0.9782659584116306,0.9782659584116306,0.0,tie,0.0
GSM4138128,10,1,216,0.11574074074074074,0.05555555555555555,-0.1439880008006763,0.1893946285619663,0.9692065393517582,0.9304728980531936,0.0387336412985646,tie,0.0242754296075464
GSM4138128,10,2,319,0.09090909090909091,0.08463949843260188,-0.014831564248255146,0.15066535129511746,0.9075087563898492,0.9776116977859656,-0.0701029413961163,less_pure,0.0701029413961162
GSM4138128,10,7,20,0.0,0.05,-0.1821181029070546,0.20843507310236514,0.9782659584116306,0.9782659584116306,0.0,tie,0.0
GSM4138128,11,1,540,0.001851851851851852,0.027777777777777776,0.08636934483443603,0.09843520529831072,0.8901411878830076,,,ambiguous,
GSM4138128,11,6,20,0.0,0.05,-0.08256241675579626,0.1825428264873466,0.9782659584116306,0.9782659584116306,0.0,tie,0.0
GSM4138128,12,1,208,0.1201923076923077,0.04326923076923077,-0.13297189364158155,0.18937967012345272,0.9760949476629251,0.9304728980531936,0.0456220496097315,tie,0.0160433913586418
GSM4138128,12,2,328,0.08841463414634146,0.09146341463414634,0.013304278095754176,0.1449781556804596,0.9056794850748092,0.9776116977859656,-0.0719322127111563,less_pure,0.0719322127111564
GSM4138128,12,7,20,0.05,0.05,-0.15233052097291883,0.20620861749086977,0.9782659584116306,0.9782659584116306,0.0,tie,0.0
GSM4138128,13,1,211,0.11848341232227488,0.052132701421800945,-0.11387061228970569,0.18644688224476808,0.976940898473096,0.9304728980531936,0.0464680004199024,tie,0.014578206641082
GSM4138128,13,2,326,0.09815950920245399,0.0950920245398773,0.008021534363290101,0.14668618079428347,0.9057210148164984,0.9776116977859656,-0.0718906829694672,less_pure,0.0718906829694671
GSM4138128,13,6,20,0.05,0.05,-0.12124752175130196,0.19243665043339106,0.9782659584116306,0.9782659584116306,0.0,tie,0.0
GSM4138128,14,1,205,0.12195121951219512,0.03902439024390244,-0.1108919872917575,0.1844549255207605,0.975062028984046,0.9304728980531936,0.0445891309308524,tie,0.0177775127893723
GSM4138128,14,2,326,0.10429447852760736,0.08588957055214724,0.008512737216781275,0.14387444443461528,0.910869626641033,0.9776116977859656,-0.0667420711449325,less_pure,0.0667420711449325
GSM4138128,14,7,20,0.05,0.05,-0.09302313351108801,0.18007275435131637,0.9782659584116306,0.9782659584116306,0.0,tie,0.0
GSM4138128,15,1,305,0.11147540983606558,0.1180327868852459,-0.005206498618998542,0.15335604640370443,0.8866734913953728,,,no_baseline,
GSM4138128,15,2,239,0.04602510460251046,0.08786610878661087,0.02454379801110769,0.13244058612273946,0.92772269167377,0.9776116977859656,-0.0498890061121956,tie,0.0498890061121956
GSM4138128,15,4,20,0.0,0.05,0.07757117673659,0.08656040482864998,0.9782659584116306,0.9782659584116306,0.0,tie,0.0
GSM4138128,16,1,544,0.1488970588235294,0.19852941176470587,0.2357989258802451,0.059218750899419824,0.8831250478199913,,,ambiguous,
GSM4138128,16,2,20,0.0,0.05,0.025397191296169734,0.14704177624701065,0.9850627871621724,,,ambiguous,
GSM4138128,17,1,543,0.13627992633517497,0.17679558011049723,0.5441730745497906,0.01798744709528347,0.8778952522570448,,,ambiguous,
GSM4138128,17,2,21,0.0,0.0,0.10727256767464394,0.06520081530611554,0.9852221605078892,0.9782659584116306,0.0069562020962586,tie,-0.0069562020962585
GSM4138128,18,1,544,0.07720588235294118,0.18933823529411764,0.46755080477700567,0.014524374243782688,0.8831250478199913,,,ambiguous,
GSM4138128,18,2,21,0.047619047619047616,0.0,0.1457862073763471,0.059274963413804796,0.9852221605078892,0.9782659584116306,0.0069562020962586,tie,-0.0069562020962585
GSM4138128,19,1,220,0.08636363636363636,0.21818181818181817,0.4891795823268602,0.048896174438194676,0.8935515088190161,,,no_baseline,
GSM4138128,19,2,51,0.0392156862745098,0.0784313725490196,0.2800717183230744,0.08551114780439313,0.97862911284565,0.9782659584116306,0.0003631544340194,tie,-0.0003631544340194
GSM4138128,19,3,206,0.10679611650485436,0.21844660194174756,0.46316346051369345,0.05020301170284785,0.8998896327212405,,,ambiguous,
GSM4138128,19,4,77,0.1038961038961039,0.14285714285714285,0.39747925934080863,0.0540535797529715,0.9120584568901012,,,ambiguous,
GSM4138128,20,1,119,0.15966386554621848,0.06722689075630252,-0.042262605108338826,0.1523175492998338,0.9946847967232948,0.9304728980531936,0.0642118986701012,purer,0.0
GSM4138128,20,2,227,0.13215859030837004,0.1277533039647577,0.014781381372239577,0.13994165823393911,0.8910320109713034,0.9458228944772828,-0.0547908835059794,less_pure,0.0547908835059793
GSM4138128,20,3,200,0.085,0.035,-0.05916826970336451,0.17565944943359818,0.978024375713038,0.9776116977859656,0.0004126779270724,tie,-0.0004126779270725
GSM4138128,20,8,17,0.29411764705882354,0.11764705882352941,-0.06269107887562927,0.16088446531637085,0.9885168000412012,,,ambiguous,
GSM4138128,21,1,434,0.07373271889400922,0.1359447004608295,0.09746323119551181,0.09889252573552108,0.8973927885623642,0.9458228944772828,-0.0484301059149187,tie,
GSM4138128,21,2,111,0.21621621621621623,0.06306306306306306,-0.03880186255569375,0.15980533924090928,0.9927226162334748,0.9304728980531936,0.0622497181802812,purer,
GSM4138128,21,5,18,0.05555555555555555,0.05555555555555555,-0.04423545937554775,0.1458627506206545,0.9893308387118064,0.9782659584116306,0.0110648803001758,tie,
GSM4138128,22,1,122,0.19672131147540983,0.09836065573770492,-0.03496638744908967,0.14545815466050238,0.992265753232818,0.9304728980531936,0.0617928551796244,purer,
GSM4138128,22,2,221,0.16289592760180996,0.1583710407239819,0.03193063042902407,0.13062719047286572,0.8994839454214073,0.9458228944772828,-0.0463389490558755,tie,
GSM4138128,22,3,201,0.08955223880597014,0.04477611940298507,-0.04187885964787968,0.16118659139908428,0.9781291181185994,0.9776116977859656,0.0005174203326338,tie,
GSM4138128,22,6,19,0.10526315789473684,0.05263157894736842,-0.04131686868610971,0.14551169734283678,0.9869208055190244,0.9782659584116306,0.0086548471073938,tie,
GSM4138128,23,1,125,0.192,0.08,-0.0346061167427605,0.14524473616556494,0.994110332017014,0.9304728980531936,0.0636374339638204,purer,
GSM4138128,23,2,221,0.16289592760180996,0.15384615384615385,0.028711093186447868,0.1290866167394805,0.9003234931373009,0.9458228944772828,-0.0454994013399819,tie,
GSM4138128,23,3,198,0.09595959595959595,0.045454545454545456,-0.0389996462736818,0.159751154289051,0.9796358736359086,0.9776116977859656,0.002024175849943,tie,
GSM4138128,23,6,19,0.10526315789473684,0.05263157894736842,-0.03969777694969673,0.1436433861673491,0.9869208055190244,0.9782659584116306,0.0086548471073938,tie,
GSM4138128,24,1,544,0.022058823529411766,0.07352941176470588,0.21076699397259335,0.054512255150144774,0.8818471073408096,0.9776116977859656,-0.0957645904451559,less_pure,
GSM4138128,24,4,19,0.21052631578947367,0.05263157894736842,0.0029115991812324084,0.1436997175058025,0.9901112858560472,0.9782659584116306,0.0118453274444166,tie,
GSM4138128,25,2,51,0.0392156862745098,0.13725490196078433,0.31734508662563926,0.06216340818535308,0.9233528601326896,0.9508492071935304,-0.0274963470608408,tie,
GSM4138128,25,3,212,0.14622641509433962,0.2688679245283019,0.33209978596991574,0.06985680436173784,0.90347664338052,,,ambiguous,
GSM4138128,25,4,186,0.12903225806451613,0.16666666666666666,0.2777114850979987,0.07374361717709359,0.9128093891973116,0.9782659584116306,-0.0654565692143189,less_pure,
GSM4138128,25,6,98,0.22448979591836735,0.11224489795918367,0.2213187325603562,0.08225521843956085,0.9344769403500144,,,ambiguous,
GSM4138128,26,1,185,0.16216216216216217,0.24324324324324326,0.10120093390113402,0.07771724082028564,0.8762795946705502,,,ambiguous,
GSM4138128,26,2,241,0.12448132780082988,0.27385892116182575,0.10635306405378628,0.07263688709937145,0.9278020840175424,,,ambiguous,
GSM4138128,26,4,117,0.13675213675213677,0.20512820512820512,0.10221894458048582,0.07113191435889461,0.9238382128709522,,,ambiguous,
GSM4138128,27,1,303,0.1485148514851485,0.24092409240924093,0.10510512196314298,0.07320136252907324,0.8783702695033387,,,ambiguous,
GSM4138128,27,11,24,0.08333333333333333,0.125,0.006024941042981235,0.13273498504143405,0.9742482812978996,,,ambiguous,
GSM4138128,27,3,218,0.13302752293577982,0.23394495412844038,0.10684735065428677,0.06840012102639118,0.9388893169466024,,,ambiguous,
GSM4138128,28,1,545,0.001834862385321101,0.003669724770642202,0.09780355987928332,0.06352566420567,0.8818648309707752,,,ambiguous,
GSM4138128,29,1,391,0.10741687979539642,0.2813299232736573,0.19026753208744454,0.05910458373636925,0.8816963710338952,,,ambiguous,
GSM4138128,29,2,76,0.05263157894736842,0.42105263157894735,0.22279186179537794,0.041950643065152164,0.935085293372071,,,ambiguous,
GSM4138128,29,3,49,0.14285714285714285,0.08163265306122448,0.10729975865416666,0.07314257464469145,0.982350752927804,0.9508492071935304,0.0315015457342736,tie,
GSM4138128,30,1,516,0.17635658914728683,0.1182170542635659,0.26633119096656754,0.03397229516094169,0.8845762518443226,,,ambiguous,
GSM4138128,30,6,24,0.5833333333333334,0.0,0.014998240436678037,0.13250436927303577,0.976801445886326,,,ambiguous,
GSM4138128,31,1,36,0.1111111111111111,0.1388888888888889,0.2931241033932667,0.040951389010993405,0.978703729868792,0.9508492071935304,0.0278545226752615,tie,
GSM4138128,31,2,128,0.1171875,0.1796875,0.2281643431918942,0.04880870242863379,0.9396957386638436,,,ambiguous,
GSM4138128,31,3,263,0.18250950570342206,0.1634980988593156,0.22155464624420254,0.05737661924497643,0.8829819365135909,,,ambiguous,
GSM4138128,31,5,129,0.20930232558139536,0.06201550387596899,0.1585755669303417,0.07386780855865152,0.907223243775692,,,ambiguous,
GSM4138128,32,1,563,0.1349911190053286,0.17406749555950266,0.1302582157052466,0.05486408562469858,0.8828189720775563,0.9782659584116306,-0.0954469863340742,less_pure,
GSM4138128,33,1,38,0.13157894736842105,0.13157894736842105,0.17537675701221161,0.054398863043892354,0.9800277649681056,,,ambiguous,
GSM4138128,33,2,330,0.2,0.1393939393939394,0.15622411702770192,0.06562802763014627,0.8830829414631507,,,ambiguous,
GSM4138128,33,3,185,0.13513513513513514,0.13513513513513514,0.14020522245881048,0.06542480514899471,0.9094499904858384,0.9782659584116306,-0.0688159679257921,less_pure,
GSM4138128,34,1,435,0.10344827586206896,0.2482758620689655,0.29183867851794965,0.04355055683103627,0.884102713646296,,,ambiguous,
GSM4138128,34,2,40,0.075,0.2,0.22539377315590414,0.05458811208054236,0.990982175591544,0.9508492071935304,0.0401329683980136,tie,
GSM4138128,34,5,34,0.3235294117647059,0.0,0.1167294728379609,0.10918539965423664,0.9698631610264364,,,ambiguous,
GSM4138128,34,9,41,0.2682926829268293,0.024390243902439025,0.10870221550533751,0.10730001537794183,0.9622349331421808,,,ambiguous,
GSM4138128,35,1,442,0.083710407239819,0.23755656108597284,0.3352400796731016,0.04793246905599813,0.8834359939780253,0.9782659584116306,-0.0948299644336052,less_pure,
GSM4138128,35,2,31,0.0,0.22580645161290322,0.3005789554010868,0.039425080146692715,0.9763685940478573,,,ambiguous,
GSM4138128,35,3,50,0.04,0.12,0.2985147968754153,0.04695908015637326,0.9788846986588124,,,ambiguous,
GSM4138128,35,5,28,0.10714285714285714,0.03571428571428571,0.200468401908636,0.05967076450472809,0.983755449832054,,,ambiguous,
GSM4138129,3,1,85,0.047058823529411764,0.15294117647058825,0.454840044200395,0.08394886960567993,0.8507924321502394,,,ambiguous,
GSM4138129,3,2,161,0.055900621118012424,0.07453416149068323,0.6526717439933801,0.09814754320709443,0.7363887491788605,,,ambiguous,
GSM4138129,3,3,28,0.0,0.03571428571428571,0.31974176985055347,0.09775751459401978,0.958463510748344,,,ambiguous,
GSM4138129,4,1,89,0.06741573033707865,0.0898876404494382,0.5428907357909485,0.0709626262080539,0.8965448553388752,,,ambiguous,
GSM4138129,4,2,133,0.10526315789473684,0.12030075187969924,0.689167937163223,0.09140658571517743,0.7685567770674665,,,ambiguous,
GSM4138129,4,3,25,0.0,0.04,0.09324513388271619,0.10644556568940244,0.9868286715955322,,,ambiguous,
GSM4138129,4,4,27,0.037037037037037035,0.2222222222222222,0.29507563736050285,0.09652463148424874,0.910183843220398,,,ambiguous,
GSM4138129,5,1,89,0.056179775280898875,0.0898876404494382,0.4473565834789424,0.07117325682698653,0.8965448553388752,,,ambiguous,
GSM4138129,5,2,122,0.10655737704918032,0.13934426229508196,0.5777501358788746,0.09410646722738933,0.7768906236490587,,,ambiguous,
GSM4138129,5,3,25,0.0,0.04,0.07586904154682995,0.11267233002166245,0.9868286715955322,,,ambiguous,
GSM4138129,5,4,27,0.037037037037037035,0.2222222222222222,0.24408633427042575,0.09671573706151758,0.910183843220398,,,ambiguous,
GSM4138129,6,1,93,0.043010752688172046,0.15053763440860216,0.3917061379234894,0.0699491808656994,0.8569421862480828,,,ambiguous,
GSM4138129,6,2,36,0.05555555555555555,0.2222222222222222,0.3531162469369927,0.10365306181146966,0.8714175018134912,0.8738886990016175,-0.0024711971881262,tie,0.0474345523627715
GSM4138129,6,3,80,0.125,0.2,0.308358367508141,0.10631660111852795,0.8323969031388694,0.7576685488530968,0.0747283542857726,purer,0.0041613879342345
GSM4138129,6,4,29,0.2413793103448276,0.2413793103448276,0.1988289182100677,0.1092861435731724,0.9007170083013085,,,ambiguous,
GSM4138129,6,5,25,0.0,0.04,0.20878567168713744,0.08817049335469264,0.9868286715955322,0.9868286715955322,0.0,tie,0.0
GSM4138129,7,1,91,0.04395604395604396,0.15384615384615385,0.31701605855718223,0.07279215842545796,0.8798254775142139,,,no_baseline,
GSM4138129,7,2,22,0.0,0.2727272727272727,0.2604315317135724,0.11082463401064908,0.9511530133079232,0.8738886990016175,0.0772643143063057,purer,0.0261179989750421
GSM4138129,7,3,78,0.1794871794871795,0.24358974358974358,0.25571044702561535,0.1106212498491892,0.8448279978406515,0.7576685488530968,0.0871594489875547,purer,-0.000166747293995
GSM4138129,7,4,16,0.0,0.25,0.48837054345893205,0.06835618292971062,0.9701743087378052,,,ambiguous,
GSM4138129,7,5,31,0.1935483870967742,0.22580645161290322,0.19966110462449657,0.1053769821252116,0.9009783901763304,,,ambiguous,
GSM4138129,7,6,25,0.0,0.04,0.17944544057814413,0.09206624887385224,0.9868286715955322,0.9868286715955322,0.0,tie,0.0
GSM4138129,8,1,92,0.07608695652173914,0.16304347826086957,0.2731553708115756,0.08113230893118865,0.876666934415467,,,no_baseline,
GSM4138129,8,2,21,0.047619047619047616,0.19047619047619047,0.18878627140430543,0.1167291632963473,0.9498496185578876,0.8738886990016175,0.0759609195562701,purer,0.0274213937250779
GSM4138129,8,3,35,0.42857142857142855,0.08571428571428572,-0.1664013024203439,0.16963782243906764,0.9123337654390258,0.7576685488530968,0.154665216585929,purer,-0.0004581364095279
GSM4138129,8,4,17,0.058823529411764705,0.29411764705882354,0.4284801290536895,0.08300810234770532,0.9734803446413772,,,ambiguous,
GSM4138129,8,5,33,0.12121212121212122,0.24242424242424243,0.2740185588043164,0.0907780589591006,0.9027278617549278,,,ambiguous,
GSM4138129,8,6,25,0.0,0.04,0.1927611720546218,0.08787447451244602,0.9868286715955322,0.9868286715955322,0.0,tie,0.0
GSM4138129,8,7,40,0.2,0.075,0.050102964170304576,0.1341190081037803,0.8778197334158395,0.7576685488530968,0.1201511845627427,purer,0.0
GSM4138129,9,1,91,0.06593406593406594,0.13186813186813187,0.20162395023458662,0.08525718067690938,0.8860503072141288,,,no_baseline,
GSM4138129,9,2,21,0.09523809523809523,0.14285714285714285,0.1821564950179618,0.11761394950095945,0.9498496185578876,0.8738886990016175,0.0759609195562701,purer,0.0274213937250779
GSM4138129,9,3,34,0.4117647058823529,0.08823529411764706,-0.13180045659384265,0.16387515281372947,0.911247911629337,0.7576685488530968,0.1535793627762403,purer,-0.0012458353416002
GSM4138129,9,5,32,0.125,0.21875,0.25527633034678854,0.08936748401834653,0.903701217883313,,,ambiguous,
GSM4138129,9,6,25,0.04,0.04,0.16811062642964708,0.09028615865550815,0.9868286715955322,0.9868286715955322,0.0,tie,0.0
GSM4138129,9,7,40,0.225,0.1,0.06926830546555307,0.13148643389577713,0.8778197334158395,0.7576685488530968,0.1201511845627427,purer,0.0
GSM4138129,10,1,70,0.0,0.22857142857142856,0.12458339490940464,0.09803417267308386,0.946929222854198,0.9392410883358336,0.0076881345183643,tie,0.01258610645884
GSM4138129,10,3,24,0.125,0.3333333333333333,0.16091872688036044,0.1375336509596349,0.9201825036506178,0.8738886990016175,0.0462938046490003,tie,0.0571925825038117
GSM4138129,10,4,34,0.14705882352941177,0.11764705882352941,-0.0408979345208742,0.15086673729594816,0.909118969181269,0.7576685488530968,0.1514504203281722,purer,0.0
GSM4138129,10,5,36,0.0,0.3611111111111111,0.23819762983391757,0.10174637483517296,0.8718311552244478,,,ambiguous,
GSM4138129,10,7,25,0.0,0.04,0.12149429840916971,0.13250007695362742,0.9868286715955322,0.9868286715955322,0.0,tie,0.0
GSM4138129,10,8,42,0.047619047619047616,0.2619047619047619,0.10511193201528786,0.1256615999911413,0.875590907808813,0.7576685488530968,0.1179223589557162,purer,0.0
GSM4138129,11,1,101,0.0891089108910891,0.21782178217821782,0.1741568047139283,0.0879851733362189,0.8600420705979729,,,ambiguous,
GSM4138129,11,2,19,0.10526315789473684,0.15789473684210525,0.16272273449243863,0.12727003674030263,0.9500892184125482,0.8738886990016175,0.0762005194109307,purer,0.0270927230823195
GSM4138129,11,3,32,0.34375,0.09375,-0.07904358339956753,0.15714337392263564,0.9102416437120447,0.7576685488530968,0.152573094858948,purer,0.0
GSM4138129,11,4,27,0.1111111111111111,0.2962962962962963,0.20908485404616534,0.10599865991606522,0.903756101959936,,,ambiguous,
GSM4138129,11,6,25,0.04,0.04,0.16281717256063824,0.08888575666425087,0.9868286715955322,0.9868286715955322,0.0,tie,0.0
GSM4138129,11,7,40,0.225,0.125,0.07711797918618607,0.1286620456703789,0.8766689763237222,0.7576685488530968,0.1190004274706254,purer,0.0
GSM4138129,12,1,71,0.0,0.22535211267605634,0.1294456098941744,0.0947002135577576,0.9356483030719154,0.9392410883358336,-0.0035927852639182,tie,0.0164643025915297
GSM4138129,12,2,15,0.0,0.3333333333333333,0.19943528555441467,0.0899703913915977,1.0,,,no_baseline,
GSM4138129,12,3,23,0.13043478260869565,0.391304347826087,0.168817449125675,0.13190126162706675,0.933139419820158,0.8738886990016175,0.0592507208185405,purer,0.0442356663342716
GSM4138129,12,4,34,0.20588235294117646,0.11764705882352941,-0.01806369682576317,0.14772914797425293,0.909118969181269,0.7576685488530968,0.1514504203281722,purer,0.0
GSM4138129,12,6,33,0.0,0.36363636363636365,0.19721155222798004,0.10131260024651759,0.8841161325894955,,,ambiguous,
GSM4138129,12,7,25,0.0,0.04,0.12991040845167345,0.11112183436462195,0.9868286715955322,0.9868286715955322,0.0,tie,0.0
GSM4138129,12,8,43,0.09302325581395349,0.2558139534883721,0.0992054030478195,0.12292553343202753,0.8739526695629722,0.7576685488530968,0.1162841207098754,purer,0.0
GSM4138129,13,1,72,0.0,0.2638888888888889,0.1384421023562558,0.09276568513386385,0.9360462674376772,0.9392410883358336,-0.0031948208981564,tie,0.0164129133390171
GSM4138129,13,2,15,0.0,0.4,0.18685708633801226,0.08897745265168285,0.9857831999683292,,,no_baseline,
GSM4138129,13,3,27,0.1111111111111111,0.48148148148148145,0.17411117854215588,0.12643530026366612,0.9137371452011516,0.8738886990016175,0.039848446199534,tie,0.0636379409532781
GSM4138129,13,4,35,0.2,0.11428571428571428,-0.009630677663220706,0.14430383570932054,0.90468206366118,0.7576685488530968,0.1470135148080832,purer,0.0
GSM4138129,13,6,25,0.0,0.04,0.1342802337584954,0.10432981049624791,0.9868286715955322,0.9868286715955322,0.0,tie,0.0
GSM4138129,13,7,27,0.0,0.4074074074074074,0.2401195423475155,0.09501835144871737,0.8849058089575765,,,ambiguous,
GSM4138129,13,8,42,0.09523809523809523,0.2857142857142857,0.11281101830072322,0.12085402040986641,0.875590907808813,0.7576685488530968,0.1179223589557162,purer,0.0
GSM4138129,14,1,71,0.0,0.2535211267605634,0.11958240327245927,0.09862671707092369,0.9348334789650168,0.9392410883358336,-0.0044076093708168,tie,0.0173630064587414
GSM4138129,14,2,18,0.05555555555555555,0.3333333333333333,0.14905926827969074,0.09316757461181199,0.989372546058987,,,no_baseline,
GSM4138129,14,3,20,0.15,0.5,0.15730661082750624,0.127622472841716,0.9140524786524464,0.8738886990016175,0.0401637796508289,tie,0.0497024612481546
GSM4138129,14,4,36,0.19444444444444445,0.1388888888888889,0.010601336616304271,0.13753024256054733,0.9054288174617068,0.7576685488530968,0.14776026860861,purer,0.0
GSM4138129,14,7,25,0.0,0.04,0.11119601650482708,0.09680567010654734,0.9868286715955322,0.9868286715955322,0.0,tie,0.0
GSM4138129,14,8,44,0.09090909090909091,0.22727272727272727,0.1105089941513797,0.11745057588908692,0.8670031054204015,0.7576685488530968,0.1093345565673047,purer,0.0
GSM4138129,14,9,27,0.037037037037037035,0.3333333333333333,0.17266708324606223,0.09962793865345745,0.8815037904737277,,,ambiguous,
GSM4138129,15,1,108,0.0,0.4074074074074074,0.3341894462489685,0.07914824514570686,0.8066577223463576,,,no_baseline,
GSM4138129,15,2,22,0.045454545454545456,0.5909090909090909,0.6359581943396719,0.05033803960843308,0.93648169176953,,,no_baseline,
GSM4138129,15,3,58,0.0,0.7068965517241379,0.6576619779887758,0.032703825698051935,0.8472030439095062,,,ambiguous,
GSM4138129,15,4,25,0.08,0.08,0.10189675154181911,0.088747500451584,0.9868286715955322,0.9868286715955322,0.0,tie,0.0
GSM4138129,15,5,22,0.0,0.5,0.27125006760239717,0.08454387015439248,0.9255197539270708,,,ambiguous,
GSM4138129,16,1,235,0.029787234042553193,0.05531914893617021,0.22229298745814918,0.051360515796249485,0.7269105921993628,,,ambiguous,
GSM4138129,16,2,21,0.09523809523809523,0.14285714285714285,0.07904266203034996,0.09840717507203432,0.9657694631101916,,,ambiguous,
GSM4138129,17,1,230,0.09130434782608696,0.14782608695652175,0.47488740561769943,0.021579277501449882,0.7327903692100024,,,ambiguous,
GSM4138129,17,2,27,0.1111111111111111,0.037037037037037035,0.16322817750830473,0.0766501987214997,0.96199477336837,0.9868286715955322,-0.0248338982271622,tie,0.0244491585357247
GSM4138129,18,1,233,0.034334763948497854,0.03862660944206009,0.3811198720971878,0.023298154154689846,0.726127173711149,,,ambiguous,
GSM4138129,18,2,21,0.19047619047619047,0.047619047619047616,0.09654967265202152,0.1552511008200374,0.9651358932235972,0.9868286715955322,-0.021692778371935,tie,0.0348641067764028
GSM4138129,19,1,63,0.1746031746031746,0.14285714285714285,0.2714549436131577,0.0674567382514803,0.8566630798064363,0.9070359403725156,-0.0503728605660792,less_pure,0.0571342186595487
GSM4138129,19,2,30,0.1,0.1,0.16291837018887725,0.06506944017728136,0.9264025475277712,0.9868286715955322,-0.060426124067761,less_pure,0.0604261240677609
GSM4138129,19,3,34,0.23529411764705882,0.23529411764705882,0.38741315506960367,0.08165669503331444,0.9189748996534556,,,ambiguous,
GSM4138129,19,4,55,0.32727272727272727,0.18181818181818182,0.27496718628763095,0.08766433326041914,0.8749911863749927,,,ambiguous,
GSM4138129,19,7,63,0.09523809523809523,0.15873015873015872,0.31954581935207177,0.057709290050358075,0.8442618745945628,,,ambiguous,
GSM4138129,20,1,50,0.08,0.22,0.07091238461588971,0.10849401556952705,0.9497052868109082,0.9392410883358336,0.0104641984750745,tie,0.0200769323046334
GSM4138129,20,2,75,0.06666666666666667,0.49333333333333335,0.2123785150016144,0.08981050826164585,0.8534101940139291,,,no_baseline,
GSM4138129,20,4,31,0.16129032258064516,0.22580645161290322,0.02850584228328705,0.13384123952671984,0.9031546217386274,0.7576685488530968,0.1454860728855306,purer,0.0082121801502256
GSM4138129,20,5,31,0.0,0.5161290322580645,0.16657219917003205,0.09405457111836556,0.8844425431289848,,,ambiguous,
GSM4138129,20,8,15,0.3333333333333333,0.06666666666666667,-0.08278431964459536,0.1982059856717906,0.9772185819005016,,,ambiguous,
GSM4138129,20,9,28,0.03571428571428571,0.4642857142857143,0.19751382682821025,0.08764832946846868,0.8997206029422584,0.7576685488530968,0.1420520540891616,purer,0.0
GSM4138129,21,1,73,0.0958904109589041,0.3424657534246575,0.1558679210088332,0.09615119117813561,0.8506343813717564,,,no_baseline,
GSM4138129,21,2,52,0.09615384615384616,0.2692307692307692,0.07778810379816752,0.1009025368397803,0.9421689527754102,0.9392410883358336,0.0029278644395765,tie,
GSM4138129,21,3,33,0.24242424242424243,0.12121212121212122,0.0068016216516336644,0.13294802353887877,0.913080870790324,0.7576685488530968,0.1554123219372272,purer,
GSM4138129,21,5,25,0.0,0.08,0.08521099583878307,0.10171702146826526,0.9868286715955322,0.9868286715955322,0.0,tie,
GSM4138129,21,6,27,0.037037037037037035,0.25925925925925924,0.1274070638209748,0.09322935806323791,0.9008362466464366,,,ambiguous,
GSM4138129,21,8,27,0.1111111111111111,0.18518518518518517,0.12659042632329345,0.09667802792306554,0.8906199540153328,0.7576685488530968,0.132951405162236,purer,
GSM4138129,22,1,49,0.061224489795918366,0.2653061224489796,0.06939171190283239,0.1076075868555331,0.9518331971741364,0.9392410883358336,0.0125921088383027,tie,
GSM4138129,22,2,58,0.10344827586206896,0.4827586206896552,0.15076945474102704,0.09923048096673595,0.8583634341583178,,,no_baseline,
GSM4138129,22,4,33,0.12121212121212122,0.18181818181818182,0.013714921004262588,0.12869118893902667,0.913080870790324,0.7576685488530968,0.1554123219372272,purer,
GSM4138129,22,6,25,0.0,0.08,0.08645187437443905,0.09797651566426863,0.9868286715955322,0.9868286715955322,0.0,tie,
GSM4138129,22,7,32,0.0,0.40625,0.13832581977364272,0.09132663908754472,0.8836159044818592,,,ambiguous,
GSM4138129,22,8,31,0.03225806451612903,0.2903225806451613,0.13977997151222493,0.09768423987446541,0.8768974769615174,0.7576685488530968,0.1192289281084206,purer,
GSM4138129,23,1,41,0.04878048780487805,0.14634146341463414,0.045284677736335904,0.11025011064497756,0.9681117075495714,0.9392410883358336,0.0288706192137377,tie,
GSM4138129,23,11,27,0.037037037037037035,0.37037037037037035,0.13437391018037284,0.09720313955783129,0.8989752451391558,0.7576685488530968,0.141306696286059,purer,
GSM4138129,23,2,53,0.09433962264150944,0.4339622641509434,0.13858898685545493,0.1008394036524528,0.8666838985368901,,,no_baseline,
GSM4138129,23,4,32,0.125,0.25,0.013328424109753826,0.12764833520720315,0.913203709312033,0.7576685488530968,0.1555351604589362,purer,
GSM4138129,23,6,25,0.0,0.08,0.0820853010563027,0.09866850209581,0.9868286715955322,0.9868286715955322,0.0,tie,
GSM4138129,23,7,42,0.09523809523809523,0.38095238095238093,0.06561953894104626,0.10799090441392192,0.8700532487641776,,,ambiguous,
GSM4138129,24,1,129,0.046511627906976744,0.3953488372093023,0.44325227635134545,0.02955620376983485,0.7969781153611251,,,no_baseline,
GSM4138129,24,2,86,0.19767441860465115,0.23255813953488372,0.34013179625418566,0.05565070480648443,0.7808247881342332,,,ambiguous,
GSM4138129,24,4,24,0.3333333333333333,0.041666666666666664,0.015453013606505035,0.1277546606391196,0.9821933620190336,0.9868286715955322,-0.0046353095764986,tie,
GSM4138129,25,2,71,0.07042253521126761,0.4225352112676056,0.5016201470303095,0.06102019766392748,0.8158913940282323,0.8738886990016175,-0.0579973049733851,less_pure,
GSM4138129,25,3,68,0.11764705882352941,0.5735294117647058,0.5605739120414208,0.06100817768387404,0.8147045196956759,,,ambiguous,
GSM4138129,25,4,29,0.20689655172413793,0.10344827586206896,0.22713175000153377,0.08765849548333172,0.967507756320293,0.9868286715955322,-0.0193209152752392,tie,
GSM4138129,25,5,48,0.0625,0.3541666666666667,0.41002297834514634,0.04844273116437833,0.8375423583996062,,,no_baseline,
GSM4138129,26,1,177,0.05649717514124294,0.5254237288135594,0.22994208674119487,0.055052626304104756,0.7250209057226598,,,ambiguous,
GSM4138129,26,2,27,0.18518518518518517,0.14814814814814814,0.05442943673942519,0.09488520988376116,0.938760679607432,,,ambiguous,
GSM4138129,26,4,31,0.22580645161290322,0.22580645161290322,0.07282291417553594,0.0945637707810715,0.9113580917792322,,,ambiguous,
GSM4138129,27,1,139,0.11510791366906475,0.48201438848920863,0.20062691997938203,0.06130156157379511,0.7968138998910442,,,ambiguous,
GSM4138129,27,13,25,0.24,0.2,0.09017055457897884,0.09611597422394336,0.9413838129977156,,,ambiguous,
GSM4138129,27,3,24,0.125,0.08333333333333333,0.04144268537336032,0.09654547894210573,0.9697142623354772,,,ambiguous,
GSM4138129,27,8,48,0.125,0.125,0.052381455727197525,0.09161091786452209,0.8593542551877074,,,ambiguous,
GSM4138129,28,1,225,0.06222222222222222,0.29333333333333333,0.30305241502684527,0.034565794451048217,0.7184544490478477,,,ambiguous,
GSM4138129,28,4,17,0.4117647058823529,0.0,-0.037645385390870346,0.18702930520509364,0.9843217426400026,,,ambiguous,
GSM4138129,29,1,108,0.07407407407407407,0.37037037037037035,0.2583227691335003,0.057205629389244395,0.8028938010438194,,,ambiguous,
GSM4138129,29,2,54,0.2037037037037037,0.3148148148148148,0.1915553882326735,0.07292080304119315,0.8672517258658576,,,ambiguous,
GSM4138129,29,3,47,0.3191489361702128,0.1276595744680851,0.08450974193834214,0.10493801488783792,0.9193814034884288,0.8738886990016175,0.0454927044868113,tie,
GSM4138129,30,1,206,0.0970873786407767,0.5194174757281553,0.4045035368509626,0.023693288391857786,0.7335433158629291,,,ambiguous,
GSM4138129,30,6,30,0.36666666666666664,0.0,0.055300313038803874,0.1007060463817302,0.9076399884107678,,,ambiguous,
GSM4138129,31,1,16,0.125,0.625,0.49865485736186826,0.02972088775469943,1.0,0.8738886990016175,0.1261113009983825,purer,
GSM4138129,31,2,83,0.14457831325301204,0.3253012048192771,0.32462987112480207,0.04581168750825118,0.7982852513514338,,,ambiguous,
GSM4138129,31,3,83,0.04819277108433735,0.5301204819277109,0.41347413563612767,0.032924039504110714,0.8247976935854316,,,ambiguous,
GSM4138129,31,4,17,0.29411764705882354,0.4117647058823529,0.3687309442563419,0.059574207799965175,0.9358012876236173,0.9070359403725156,0.0287653472511016,tie,
GSM4138129,31,5,50,0.2,0.28,0.20735607061392222,0.0778816022693778,0.8389369802626314,,,ambiguous,
GSM4138129,32,1,251,0.13147410358565736,0.35856573705179284,0.18148549443103448,0.05298701492988833,0.7034362537458125,0.9868286715955322,-0.2833924178497197,less_pure,
GSM4138129,33,1,22,0.18181818181818182,0.5,0.3088125832424502,0.04548449631985922,0.98019264347805,,,ambiguous,
GSM4138129,33,2,138,0.07971014492753623,0.45652173913043476,0.28833061818059996,0.04566175353203948,0.7775609729399765,,,ambiguous,
GSM4138129,33,3,82,0.24390243902439024,0.17073170731707318,0.1366246050003238,0.09793743675884967,0.8101383730725589,0.9868286715955322,-0.1766902985229733,less_pure,
GSM4138129,34,1,112,0.08928571428571429,0.45535714285714285,0.3870346107081858,0.03890379552149013,0.8035757771800476,,,ambiguous,
GSM4138129,34,2,18,0.2222222222222222,0.3888888888888889,0.37027157032281566,0.05676638157143251,1.0,0.8738886990016175,0.1261113009983825,purer,
GSM4138129,34,3,53,0.1509433962264151,0.18867924528301888,0.23041171534628024,0.04669943197523596,0.8628399409950407,,,no_baseline,
GSM4138129,34,5,40,0.425,0.075,0.07999035704656911,0.14635487666712185,0.8638865855861584,,,ambiguous,
GSM4138129,35,1,97,0.1134020618556701,0.32989690721649484,0.3465641493396291,0.07533333255238611,0.8283756364067811,0.9868286715955322,-0.1584530351887511,less_pure,
GSM4138129,35,11,29,0.13793103448275862,0.034482758620689655,0.2050179881762576,0.06931880623666092,0.891584895568759,,,ambiguous,
GSM4138129,35,15,22,0.18181818181818182,0.18181818181818182,0.32028720276960043,0.060318025144485254,0.9664749625807656,,,ambiguous,
GSM4138129,35,3,29,0.2413793103448276,0.27586206896551724,0.36555797463419093,0.062218424996081524,0.9070361989963944,,,ambiguous,
GSM4138129,35,5,20,0.55,0.05,0.20501352994579441,0.0896990458993681,1.0,,,ambiguous,
GSM4138130,3,1,586,0.0,0.0034129692832764505,0.3128189148869035,0.07498131936174249,0.9192650063799176,,,ambiguous,
GSM4138130,3,3,17,0.0,0.0,-0.36688412688709837,0.20886309524875624,0.965278449076692,,,ambiguous,
GSM4138130,4,1,585,0.0,0.003418803418803419,0.36242107292156694,0.0795469281903179,0.9194673989705872,,,ambiguous,
GSM4138130,4,3,17,0.0,0.0,-0.2304624850240956,0.18264775327358737,0.965278449076692,,,ambiguous,
GSM4138130,5,1,585,0.0,0.003418803418803419,0.2888824333453823,0.08100085349902765,0.9194673989705872,,,ambiguous,
GSM4138130,5,3,17,0.0,0.0,-0.17205708968864827,0.18076624576187014,0.965278449076692,,,ambiguous,
GSM4138130,6,1,584,0.003424657534246575,0.010273972602739725,0.2547976131599476,0.08413316842606064,0.923439792533927,,,ambiguous,
GSM4138130,6,5,17,0.0,0.0,-0.19571659195060614,0.1937529115263597,0.965278449076692,0.9639490407838096,0.0013294082928824,tie,0.0
GSM4138130,7,1,584,0.003424657534246575,0.011986301369863013,0.22040929236402929,0.0861298157011981,0.923439792533927,,,no_baseline,
GSM4138130,7,6,17,0.0,0.0,-0.1239765355562282,0.1755249815119883,0.965278449076692,0.9639490407838096,0.0013294082928824,tie,0.0
GSM4138130,8,1,584,0.003424657534246575,0.0136986301369863,0.19651217044278138,0.08481464702681991,0.923439792533927,,,no_baseline,
GSM4138130,8,6,17,0.0,0.0,-0.0927513890370063,0.1679024888588532,0.965278449076692,0.9639490407838096,0.0013294082928824,tie,0.0
GSM4138130,9,1,584,0.008561643835616438,0.025684931506849314,0.17884455402146932,0.08761123542152285,0.923439792533927,,,no_baseline,
GSM4138130,9,6,17,0.0,0.0,-0.05305563416045869,0.15100585769832114,0.965278449076692,0.9639490407838096,0.0013294082928824,tie,0.0
GSM4138130,10,1,302,0.11589403973509933,0.0695364238410596,-0.05255569522056872,0.14970473287436378,0.9572778575532774,0.9271215447766312,0.0301563127766462,tie,0.0244509964497333
GSM4138130,10,2,280,0.05,0.07857142857142857,0.04386584648759286,0.11963853065949906,0.9315531560379616,0.9812775037239836,-0.0497243476860219,tie,0.049724347686022
GSM4138130,10,7,17,0.0,0.058823529411764705,-0.03772426863249692,0.16447407148209459,0.9928521640048312,0.9639490407838096,0.0289031232210216,tie,0.0
GSM4138130,11,1,585,0.003418803418803419,0.013675213675213675,0.12316445021240226,0.08149839965952285,0.9223221264230032,,,ambiguous,
GSM4138130,11,6,16,0.0,0.0,-0.055730518595504625,0.1591273992378169,0.9948247809286048,0.9639490407838096,0.0308757401447952,tie,0.0
GSM4138130,12,1,301,0.10631229235880399,0.07641196013289037,-0.028841057516858903,0.14259057503893346,0.957370217862306,0.9271215447766312,0.0302486730856748,tie,0.0244816471091497
GSM4138130,12,2,280,0.05,0.09642857142857143,0.0870818310373311,0.10438452950179986,0.9382069714811,0.9812775037239836,-0.0430705322428836,tie,0.0430705322428834
GSM4138130,12,7,17,0.0,0.058823529411764705,-0.026312951256877343,0.15931571411407436,0.9928521640048312,0.9639490407838096,0.0289031232210216,tie,0.0
GSM4138130,13,1,300,0.12333333333333334,0.07666666666666666,-0.02123394450927696,0.14162968560935324,0.9565651612784049,0.9271215447766312,0.0294436165017736,tie,0.0252900124939926
GSM4138130,13,2,281,0.0498220640569395,0.09608540925266904,0.08075893535484419,0.10516471912715555,0.936200783979712,0.9812775037239836,-0.0450767197442716,tie,0.0450767197442716
GSM4138130,13,6,17,0.0,0.058823529411764705,-0.01464028626902681,0.15475110433931186,0.9928521640048312,0.9639490407838096,0.0289031232210216,tie,0.0
GSM4138130,14,1,297,0.12794612794612795,0.08754208754208755,-0.0101788994478886,0.1362252851873898,0.9556193347590658,0.9271215447766312,0.0284977899824345,tie,0.0258443240546875
GSM4138130,14,2,283,0.04946996466431095,0.10247349823321555,0.07182987764403156,0.10538813664971487,0.937673003558806,0.9812775037239836,-0.0436045001651775,tie,0.0436045001651776
GSM4138130,14,7,17,0.0,0.058823529411764705,-0.004193850595476921,0.14632265543441328,0.9928521640048312,0.9639490407838096,0.0289031232210216,tie,0.0
GSM4138130,15,1,344,0.06395348837209303,0.09011627906976744,0.04864967514182874,0.1187479049246535,0.93430286150714,,,no_baseline,
GSM4138130,15,2,240,0.0625,0.07916666666666666,0.07805955031386731,0.1042518171932141,0.9514992106405769,0.9812775037239836,-0.0297782930834067,tie,0.0297782930834067
GSM4138130,15,4,18,0.0,0.1111111111111111,0.09228765872983792,0.10586076326666455,0.9645785270275616,0.9639490407838096,0.000629486243752,tie,0.0
GSM4138130,16,1,580,0.07931034482758621,0.14482758620689656,0.23911415771630828,0.0513663856004582,0.9197644832207912,,,ambiguous,
GSM4138130,16,2,18,0.05555555555555555,0.0,0.04878595994680973,0.0971638700437911,0.9906045811238836,,,ambiguous,
GSM4138130,17,1,574,0.08188153310104529,0.2700348432055749,0.5884487223339543,0.013051172005836375,0.9187907516407764,,,ambiguous,
GSM4138130,17,2,22,0.0,0.0,0.16764367284899698,0.08743232444891559,0.9635006795258368,0.9639490407838096,-0.0004483612579727,tie,0.000947412960248
GSM4138130,18,1,581,0.043029259896729774,0.1566265060240964,0.4742357331576966,0.011282783714915427,0.9195720004968944,,,ambiguous,
GSM4138130,18,2,19,0.10526315789473684,0.0,0.07546921523667112,0.15256359482645107,0.9805007278082368,0.9639490407838096,0.0165516870244272,tie,-0.0026048559721341
GSM4138130,19,1,111,0.05405405405405406,0.2702702702702703,0.5269194613109216,0.052752101165652446,0.939637440008366,,,no_baseline,
GSM4138130,19,2,51,0.0,0.1568627450980392,0.37375117291143467,0.057585615944293844,0.9295299450761652,0.9639490407838096,-0.0344190957076444,tie,0.0344190957076444
GSM4138130,19,3,323,0.05263157894736842,0.29411764705882354,0.5372100750730351,0.03987726326221257,0.9250963279884488,,,ambiguous,
GSM4138130,19,4,89,0.056179775280898875,0.20224719101123595,0.41849352105240567,0.05531601916620955,0.9500272571745528,,,ambiguous,
GSM4138130,19,6,24,0.041666666666666664,0.16666666666666666,0.39699963447788994,0.05080443758540686,0.9929355509764368,,,ambiguous,
GSM4138130,20,1,216,0.10648148148148148,0.09722222222222222,0.012865835239332706,0.12262155543237732,0.9862027607041808,0.9271215447766312,0.0590812159275495,purer,0.0
GSM4138130,20,2,154,0.21428571428571427,0.16233766233766234,0.009263419409644882,0.1348716088894852,0.9341611918843372,0.968970324911878,-0.0348091330275407,tie,0.0348091330275408
GSM4138130,20,3,213,0.10328638497652583,0.07981220657276995,-0.004477016965456972,0.13270016507650517,0.9628817546482548,0.9812775037239836,-0.0183957490757288,tie,0.0183957490757287
GSM4138130,20,8,16,0.25,0.0625,-0.049002168241039847,0.14501594942926735,0.9869218594514032,,,ambiguous,
GSM4138130,21,1,371,0.09973045822102426,0.31536388140161725,0.13460711018308943,0.09294954755336059,0.9416098120397132,0.968970324911878,-0.0273605128721647,tie,
GSM4138130,21,2,207,0.15458937198067632,0.08695652173913043,0.02022851297315634,0.1223065687667722,0.9862505119577588,0.9271215447766312,0.0591289671811275,purer,
GSM4138130,21,5,19,0.0,0.10526315789473684,0.05897595441142543,0.09940488123450562,0.9639490407838096,0.9639490407838096,0.0,tie,
GSM4138130,22,1,221,0.09954751131221719,0.1085972850678733,0.013545875828993127,0.11832001480762071,0.9855534157054936,0.9271215447766312,0.0584318709288623,purer,
GSM4138130,22,2,143,0.2097902097902098,0.17482517482517482,0.023048556961069222,0.13026724969100192,0.935161600265505,0.968970324911878,-0.0338087246463729,tie,
GSM4138130,22,3,215,0.11627906976744186,0.08372093023255814,-0.0035883458982560877,0.1290055758922658,0.9606791705264164,0.9812775037239836,-0.0205983331975672,tie,
GSM4138130,22,6,19,0.0,0.15789473684210525,0.0548905883782483,0.10263869748530405,0.9639490407838096,0.9639490407838096,0.0,tie,
GSM4138130,23,1,220,0.11818181818181818,0.1,0.005857781088532375,0.12246962018559078,0.9857715547255717,0.9271215447766312,0.0586500099489404,purer,
GSM4138130,23,2,149,0.2080536912751678,0.18791946308724833,0.017252417095642594,0.12850206325228553,0.9353088554375776,0.968970324911878,-0.0336614694743003,tie,
GSM4138130,23,3,209,0.11483253588516747,0.09090909090909091,-0.0011973420876821388,0.12623059512047127,0.9601388543825308,0.9812775037239836,-0.0211386493414528,tie,
GSM4138130,23,6,19,0.0,0.15789473684210525,0.05676386655659077,0.1007829183825581,0.9639490407838096,0.9639490407838096,0.0,tie,
GSM4138130,24,1,580,0.01896551724137931,0.11724137931034483,0.27185041264497495,0.036298122998453246,0.9160398677279096,0.9812775037239836,-0.065237635996074,less_pure,
GSM4138130,24,4,19,0.15789473684210525,0.10526315789473684,0.10774876284815715,0.07483813849958883,0.9639490407838096,0.9639490407838096,0.0,tie,
GSM4138130,25,1,115,0.14782608695652175,0.0782608695652174,0.23949095416361513,0.08136734845120536,0.9429383019724183,,,ambiguous,
GSM4138130,25,2,50,0.14,0.18,0.3335396733552203,0.06471762804702257,0.9503606628019984,0.9723277323162004,-0.021967069514202,tie,
GSM4138130,25,3,193,0.13471502590673576,0.18134715025906736,0.3100674567344432,0.07021227970174287,0.9113289541696072,,,ambiguous,
GSM4138130,25,4,195,0.18461538461538463,0.13333333333333333,0.26272705682948744,0.08548344209343176,0.910910580957608,0.9639490407838096,-0.0530384598262015,less_pure,
GSM4138130,25,6,41,0.24390243902439024,0.12195121951219512,0.20168209677141036,0.09366269463299212,0.9802191780902364,,,ambiguous,
GSM4138130,26,1,115,0.17391304347826086,0.1391304347826087,0.07375567715349263,0.09390087001994102,0.9245681968981478,,,ambiguous,
GSM4138130,26,2,333,0.13813813813813813,0.16516516516516516,0.07181062820705836,0.08340475099666204,0.9201283543773614,,,ambiguous,
GSM4138130,26,4,137,0.20437956204379562,0.08759124087591241,0.036648526612384144,0.10824116441729223,0.9295239870514552,,,ambiguous,
GSM4138130,27,1,285,0.18947368421052632,0.22456140350877193,0.0918760139351336,0.08110984541903146,0.9234783107261608,,,ambiguous,
GSM4138130,27,11,21,0.19047619047619047,0.0,-0.003808111279331774,0.10089678146640106,0.970180583276591,,,ambiguous,
GSM4138130,27,3,281,0.21352313167259787,0.099644128113879,0.05723065526691091,0.09035038226649049,0.9399101295568296,,,ambiguous,
GSM4138130,28,1,584,0.0017123287671232876,0.0017123287671232876,0.11844021771172002,0.046655475051982025,0.9194140954643752,,,ambiguous,
GSM4138130,28,9,16,0.25,0.0625,0.06841442228411031,0.07019353912222613,0.9948247809286048,,,ambiguous,
GSM4138130,29,1,429,0.1258741258741259,0.28205128205128205,0.19763968041176858,0.06157457628674886,0.9152353842714732,,,ambiguous,
GSM4138130,29,10,34,0.14705882352941177,0.0,-0.020441593804852203,0.12141470090316267,0.9496867536973664,,,ambiguous,
GSM4138130,29,2,75,0.06666666666666667,0.37333333333333335,0.2022848446191783,0.0514508381668265,0.96024022933276,,,ambiguous,
GSM4138130,29,3,34,0.17647058823529413,0.058823529411764705,0.06445105478613605,0.08953500441870409,0.9597699380090504,0.9723277323162004,-0.0125577943071499,tie,
GSM4138130,30,1,554,0.10830324909747292,0.18411552346570398,0.2969693261494935,0.023641828349240716,0.9202409119970736,,,ambiguous,
GSM4138130,30,2,15,0.13333333333333333,0.13333333333333333,0.255499311274126,0.03285694410823902,1.0,,,ambiguous,
GSM4138130,30,8,18,0.05555555555555555,0.0,-0.041831433083147664,0.1663441651619112,0.9679873654629751,,,ambiguous,
GSM4138130,31,1,43,0.2558139534883721,0.13953488372093023,0.20456365744556096,0.06854947509571532,0.9639798016263088,0.9723277323162004,-0.0083479306898915,tie,
GSM4138130,31,2,217,0.14285714285714285,0.11981566820276497,0.22259080963051034,0.05442879051037251,0.930780580140346,,,ambiguous,
GSM4138130,31,3,155,0.2645161290322581,0.14193548387096774,0.21470762586338485,0.06570725857229301,0.9073741226434704,,,ambiguous,
GSM4138130,31,5,180,0.20555555555555555,0.07222222222222222,0.17274689637600557,0.06853824644781631,0.8969155978517147,,,ambiguous,
GSM4138130,32,1,600,0.09333333333333334,0.145,0.1351780668732667,0.05459722381058706,0.9001315040912062,0.9639490407838096,-0.0638175366926033,less_pure,
GSM4138130,33,1,55,0.21818181818181817,0.07272727272727272,0.1609344875475112,0.07462447780165288,0.9898775292772128,,,ambiguous,
GSM4138130,33,2,163,0.24539877300613497,0.1411042944785276,0.1387155303215959,0.07376113406020399,0.9105048225209827,,,ambiguous,
GSM4138130,33,3,373,0.13672922252010725,0.1581769436997319,0.1644361018432762,0.05367932082659522,0.8943467600284736,0.9639490407838096,-0.069602280755336,less_pure,
GSM4138130,34,1,379,0.10817941952506596,0.29023746701846964,0.3023230674311175,0.04366673534268034,0.9229051082545564,,,ambiguous,
GSM4138130,34,2,70,0.2,0.1,0.19826416733457242,0.0725467311515724,0.9442995438189982,0.9723277323162004,-0.0280281884972022,tie,
GSM4138130,34,5,68,0.3235294117647059,0.0,0.081016686765795,0.09691308042208682,0.966721513306809,,,ambiguous,
GSM4138130,34,9,72,0.19444444444444445,0.027777777777777776,0.08957985848770798,0.09347085695253103,0.9425215642231096,,,ambiguous,
GSM4138130,35,1,432,0.06018518518518518,0.26157407407407407,0.33715659912341067,0.05022065482139917,0.8928977196410215,0.9639490407838096,-0.0710513211427881,less_pure,
GSM4138130,35,2,58,0.08620689655172414,0.1206896551724138,0.27228001013876396,0.06456644426219929,0.9533822257331837,,,ambiguous,
GSM4138130,35,3,30,0.16666666666666666,0.06666666666666667,0.29207888315048114,0.057327677358517556,0.97782895575508,,,ambiguous,
GSM4138130,35,5,70,0.22857142857142856,0.014285714285714285,0.14423471454106745,0.08119381306884124,0.9638577764607148,,,ambiguous,
GSM4138131,3,1,102,0.16666666666666666,0.17647058823529413,0.2078119494152855,0.1566555510969007,0.8997641555384178,,,ambiguous,
GSM4138131,3,2,538,0.046468401486988845,0.1412639405204461,0.9151241631826647,0.10118512047944164,0.6774490506174832,,,ambiguous,
GSM4138131,3,3,112,0.008928571428571428,0.03571428571428571,0.13764077638608405,0.08465067286215978,0.9046789059634622,,,ambiguous,
GSM4138131,4,1,117,0.1452991452991453,0.1282051282051282,0.2124704836775821,0.12303049182364034,0.8727345972583438,,,ambiguous,
GSM4138131,4,2,436,0.07568807339449542,0.1444954128440367,0.9431219740787447,0.0885878725066095,0.7112405257474139,,,ambiguous,
GSM4138131,4,3,111,0.0,0.07207207207207207,0.2178918181709977,0.1063302426697347,0.9051170331450964,,,ambiguous,
GSM4138131,4,4,88,0.14772727272727273,0.10227272727272728,0.028492729161665217,0.1439398292357704,0.801293435371213,,,ambiguous,
GSM4138131,5,1,121,0.1322314049586777,0.14049586776859505,0.21123020787954727,0.118429271606843,0.8735110662933803,,,ambiguous,
GSM4138131,5,2,409,0.09535452322738386,0.18337408312958436,0.8343559701113732,0.08792255269889196,0.7292039610840264,,,ambiguous,
GSM4138131,5,3,112,0.0,0.08928571428571429,0.16451302480923186,0.11848988279259386,0.9046789059634622,,,ambiguous,
GSM4138131,5,4,91,0.14285714285714285,0.13186813186813187,0.07221246347627255,0.14072709724740357,0.802385989441829,,,ambiguous,
GSM4138131,5,5,19,0.0,0.0,0.08584326864087355,0.13390194900789754,0.956419648317296,0.976437653344046,-0.0200180050267499,tie,0.0200180050267499
GSM4138131,6,1,130,0.12307692307692308,0.14615384615384616,0.21983773158937406,0.11390966609951499,0.8873341686103458,,,ambiguous,
GSM4138131,6,2,282,0.07092198581560284,0.2624113475177305,0.5900163213179457,0.0730892336605103,0.7167153982415957,0.7536865945444218,-0.036971196302826,tie,0.0370989197248876
GSM4138131,6,3,125,0.248,0.144,0.2732583742966851,0.11209396997893067,0.7980414157391909,0.7412359185254018,0.056805497213789,purer,0.0174997693016885
GSM4138131,6,4,92,0.14130434782608695,0.18478260869565216,0.11792851662330107,0.13793231975776302,0.8027865644962731,,,ambiguous,
GSM4138131,6,5,104,0.0,0.057692307692307696,0.20882908485718746,0.09664862686623474,0.9369238574581618,0.9179857890881354,0.0189380683700263,tie,-0.00747386960099
GSM4138131,6,6,19,0.05263157894736842,0.05263157894736842,0.07695079029776215,0.13224003156914407,0.956419648317296,0.976437653344046,-0.0200180050267499,tie,0.0200180050267499
GSM4138131,7,1,136,0.1323529411764706,0.19117647058823528,0.21631875237334416,0.1128404329977458,0.893620231078882,,,no_baseline,
GSM4138131,7,2,62,0.14516129032258066,0.27419354838709675,0.3015942757569116,0.10532570155504618,0.8679187604286493,0.7536865945444218,0.1142321658842275,purer,0.0035298880786702
GSM4138131,7,3,135,0.2222222222222222,0.17777777777777778,0.24740684965652968,0.10926124527499559,0.7891679715006328,0.7412359185254018,0.0479320529752309,tie,0.0265535563544785
GSM4138131,7,4,191,0.06806282722513089,0.31413612565445026,0.5738246751591654,0.07066197425257122,0.7152426498661342,,,ambiguous,
GSM4138131,7,5,101,0.10891089108910891,0.26732673267326734,0.23320526557820673,0.12822083463747988,0.8015744429485144,,,ambiguous,
GSM4138131,7,6,108,0.0,0.1111111111111111,0.24569437142803402,0.09972418502721185,0.9183495726472164,0.9179857890881354,0.0003637835590809,tie,0.0049555803969186
GSM4138131,7,7,19,0.05263157894736842,0.05263157894736842,0.061832965351009475,0.1322451636211049,0.956419648317296,0.976437653344046,-0.0200180050267499,tie,0.0200180050267499
GSM4138131,8,1,139,0.1510791366906475,0.18705035971223022,0.20108017656173674,0.11291591885481692,0.8941013311582678,,,no_baseline,
GSM4138131,8,2,58,0.13793103448275862,0.3275862068965517,0.3524164471000888,0.10421796113242256,0.8686739697717796,0.7536865945444218,0.1149873752273578,purer,-0.0009152475303115
GSM4138131,8,3,179,0.24581005586592178,0.24581005586592178,0.2948475706780981,0.11682864927318516,0.7808914072235942,0.7412359185254018,0.0396554886981923,tie,0.0578054844035749
GSM4138131,8,4,141,0.0425531914893617,0.28368794326241137,0.45183412293522496,0.07104676367899708,0.7189926412081259,,,ambiguous,
GSM4138131,8,5,104,0.10576923076923077,0.2692307692307692,0.2388747480876187,0.11671239807242124,0.8148647672827187,,,ambiguous,
GSM4138131,8,6,109,0.0,0.11926605504587157,0.24503540767930318,0.09430686236279548,0.9181206911501923,0.9179857890881354,0.0001349020620569,tie,0.0088968151087571
GSM4138131,8,8,19,0.05263157894736842,0.05263157894736842,0.07809721086390124,0.13172276566526325,0.956419648317296,0.976437653344046,-0.0200180050267499,tie,0.0200180050267499
GSM4138131,9,1,141,0.16312056737588654,0.20567375886524822,0.19731808833247727,0.11079563576018886,0.889440707549986,,,no_baseline,
GSM4138131,9,2,60,0.08333333333333333,0.35,0.3351773305635058,0.10193497423347095,0.8567448972269429,0.7536865945444218,0.1030583026825211,purer,-0.0074398145502148
GSM4138131,9,3,165,0.22424242424242424,0.26666666666666666,0.3107749751155926,0.11284637481484523,0.7757297853579208,0.7412359185254018,0.0344938668325189,tie,0.0527186621669911
GSM4138131,9,4,84,0.03571428571428571,0.40476190476190477,0.527986669121294,0.07912305549733378,0.7150931326487349,,,ambiguous,
GSM4138131,9,5,107,0.09345794392523364,0.29906542056074764,0.2399362869257878,0.11559591294794724,0.8096179978338229,,,ambiguous,
GSM4138131,9,6,110,0.00909090909090909,0.11818181818181818,0.2121253870700573,0.10275311078344458,0.9048448234257364,0.9179857890881354,-0.013140965662399,tie,0.0064172861381598
GSM4138131,9,8,63,0.1111111111111111,0.31746031746031744,0.27481096499397967,0.10177219340391865,0.863923045013493,0.7536865945444218,0.1102364504690712,purer,0.0053314030106308
GSM4138131,9,9,19,0.05263157894736842,0.05263157894736842,0.08703481611861404,0.12298439034969415,0.956419648317296,0.976437653344046,-0.0200180050267499,tie,0.0200180050267499
GSM4138131,10,1,63,0.09523809523809523,0.2222222222222222,0.03580696553710444,0.13133473912776308,0.9296471161541308,0.7864517889481842,0.1431953272059465,purer,0.0002524105097043
GSM4138131,10,10,19,0.0,0.05263157894736842,0.09103175516098587,0.11151405163612856,0.956419648317296,0.976437653344046,-0.0200180050267499,tie,0.0200180050267499
GSM4138131,10,2,68,0.1323529411764706,0.36764705882352944,0.34086059267273755,0.11899638985703283,0.9167680901619376,,,no_baseline,
GSM4138131,10,3,60,0.03333333333333333,0.43333333333333335,0.2839939561691654,0.09951742878241898,0.8514923873873103,0.7536865945444218,0.0978057928428884,purer,-0.0018434642626764
GSM4138131,10,4,169,0.08284023668639054,0.3609467455621302,0.3295544589358761,0.10669736700942467,0.7870255031780478,0.7412359185254018,0.0457895846526459,tie,0.0402921931344981
GSM4138131,10,5,115,0.034782608695652174,0.3739130434782609,0.24855379963730925,0.11441749004067313,0.790171517485777,,,ambiguous,
GSM4138131,10,6,80,0.0125,0.55,0.5062610355346544,0.08048525697430356,0.7150458981949486,,,ambiguous,
GSM4138131,10,7,110,0.00909090909090909,0.15454545454545454,0.19290493248882795,0.10934849687150577,0.9053547193725108,0.9179857890881354,-0.0126310697156246,tie,0.0132393308195035
GSM4138131,10,9,64,0.046875,0.359375,0.2783811143876347,0.10210734907009995,0.8695062122729617,0.7536865945444218,0.1158196177285398,purer,-0.0053743252860066
GSM4138131,11,1,129,0.20930232558139536,0.13953488372093023,0.04742080513930569,0.1348418719909532,0.888887947143328,,,ambiguous,
GSM4138131,11,10,18,0.0,0.0,-0.04559057989051138,0.16015751668230338,0.976437653344046,0.976437653344046,0.0,tie,0.0
GSM4138131,11,2,57,0.07017543859649122,0.42105263157894735,0.2770393752520741,0.09616860555386851,0.8606367567222035,0.7536865945444218,0.1069501621777817,purer,0.0019984416353336
GSM4138131,11,3,91,0.31868131868131866,0.2087912087912088,0.10879139763485998,0.11600567319094246,0.8227462833429701,0.7412359185254018,0.0815103648175682,purer,0.0163924791991468
GSM4138131,11,4,58,0.1206896551724138,0.10344827586206896,0.004648911836017109,0.1457857479736452,0.8881990779364473,,,ambiguous,
GSM4138131,11,5,73,0.0958904109589041,0.4246575342465753,0.4150505028029776,0.07939177618834448,0.7115303248206712,,,ambiguous,
GSM4138131,11,6,111,0.018018018018018018,0.14414414414414414,0.23495093250086557,0.08335902961262837,0.9051170331450964,0.9179857890881354,-0.012868755943039,tie,0.0134770170469179
GSM4138131,11,8,148,0.13513513513513514,0.1891891891891892,0.06076252809138869,0.1273841519817167,0.7978199103403499,,,ambiguous,
GSM4138131,11,9,63,0.15873015873015872,0.30158730158730157,0.24382993051458074,0.09476715159339347,0.8698342079353883,0.7536865945444218,0.1161476133909665,purer,-8.900028476011013e-05
GSM4138131,12,1,63,0.15873015873015872,0.2222222222222222,0.004694383229993565,0.13610416913041376,0.9428500335630592,0.7864517889481842,0.1563982446148749,purer,0.0023615523119679
GSM4138131,12,10,63,0.06349206349206349,0.3492063492063492,0.2248778703822736,0.09759018831300975,0.8698342079353883,0.7536865945444218,0.1161476133909665,purer,-8.900028476011013e-05
GSM4138131,12,11,18,0.0,0.0,-0.059701015952728725,0.1564111945442254,0.976437653344046,0.976437653344046,0.0,tie,0.0
GSM4138131,12,2,39,0.1282051282051282,0.38461538461538464,0.13714821072320374,0.12045741396245518,0.9553743909770016,,,no_baseline,
GSM4138131,12,3,64,0.046875,0.453125,0.2576227741311066,0.09562296962478997,0.8578654581382575,0.7536865945444218,0.1041788635938357,purer,0.0013516218769688
GSM4138131,12,4,101,0.0594059405940594,0.3069306930693069,0.12764760892300872,0.10971094634861145,0.8232304870710896,0.7412359185254018,0.0819945685456877,purer,0.0040795593605656
GSM4138131,12,5,74,0.013513513513513514,0.5675675675675675,0.39779740504476213,0.0784081537875132,0.7090515421290053,,,ambiguous,
GSM4138131,12,6,60,0.06666666666666667,0.16666666666666666,0.007185999415791654,0.14467642519774382,0.8772837296617222,,,ambiguous,
GSM4138131,12,7,111,0.018018018018018018,0.18018018018018017,0.21310633389391218,0.08708930984142595,0.9051170331450964,0.9179857890881354,-0.012868755943039,tie,0.0134770170469179
GSM4138131,12,9,154,0.07142857142857142,0.21428571428571427,0.08493081568824641,0.12225951491137954,0.8034996340198713,,,ambiguous,
GSM4138131,13,1,67,0.14925373134328357,0.2537313432835821,0.0350946496237728,0.12864238718373655,0.938373115310089,0.7864517889481842,0.1519213263619048,purer,0.0001442021645116
GSM4138131,13,10,63,0.06349206349206349,0.3492063492063492,0.20787680642691445,0.09653763604981562,0.8698342079353883,0.7536865945444218,0.1161476133909665,purer,-8.900028476011013e-05
GSM4138131,13,11,18,0.0,0.0,-0.05487107899129298,0.15687464293219114,0.976437653344046,0.976437653344046,0.0,tie,0.0
GSM4138131,13,2,39,0.15384615384615385,0.3333333333333333,0.08920187894804806,0.1303865138783145,0.9485262396823262,,,no_baseline,
GSM4138131,13,3,71,0.04225352112676056,0.5211267605633803,0.28507287650003044,0.09242527036056601,0.8638820798789619,0.7536865945444218,0.1101954853345401,purer,0.0016254956404684
GSM4138131,13,4,103,0.05825242718446602,0.30097087378640774,0.12591857809467943,0.10894468600381299,0.826134433367845,0.7412359185254018,0.0848985148424431,purer,0.0016840996792231
GSM4138131,13,5,74,0.013513513513513514,0.5945945945945946,0.3986309139522174,0.07465854711108943,0.7069428088014045,,,ambiguous,
GSM4138131,13,6,111,0.018018018018018018,0.18018018018018017,0.20201939439242178,0.085779754555488,0.9051170331450964,0.9179857890881354,-0.012868755943039,tie,0.0134770170469179
GSM4138131,13,7,45,0.044444444444444446,0.15555555555555556,-0.03556131005344273,0.1462262399094157,0.9013302011559602,,,ambiguous,
GSM4138131,13,9,156,0.05128205128205128,0.23076923076923078,0.08156653242412289,0.1206137070586525,0.7955249309996092,,,ambiguous,
GSM4138131,14,1,60,0.13333333333333333,0.23333333333333334,0.02320702710152792,0.12543844110027047,0.9445610815803952,0.7864517889481842,0.1581092926322109,purer,0.0001955385365998
GSM4138131,14,10,156,0.05128205128205128,0.23076923076923078,0.09317823293924865,0.11713372836690891,0.7958957878573076,,,ambiguous,
GSM4138131,14,11,62,0.08064516129032258,0.3387096774193548,0.17260516531014958,0.10096291493813972,0.8745625765318665,0.7536865945444218,0.1208759819874447,purer,-0.0043890293240194
GSM4138131,14,12,18,0.0,0.0,-0.03935534229959149,0.14090888943147228,0.976437653344046,0.976437653344046,0.0,tie,0.0
GSM4138131,14,2,40,0.15,0.375,0.15237937679606295,0.12473701070759897,0.9360807495414614,,,no_baseline,
GSM4138131,14,3,44,0.045454545454545456,0.5681818181818182,0.23992891543483308,0.0937426198083709,0.8717672535665236,0.7536865945444218,0.1180806590221018,purer,-0.00095244247699
GSM4138131,14,4,104,0.057692307692307696,0.3269230769230769,0.1360323117099325,0.10722808127859608,0.813138720041254,0.7412359185254018,0.0719028015158521,purer,0.0144272562779774
GSM4138131,14,5,41,0.07317073170731707,0.4634146341463415,0.14689424088251538,0.11140569776570684,0.9721344284362766,,,ambiguous,
GSM4138131,14,6,76,0.013157894736842105,0.618421052631579,0.3577912842192681,0.07855995605243692,0.7071170414051602,,,ambiguous,
GSM4138131,14,7,111,0.018018018018018018,0.18018018018018017,0.18368577170378161,0.08684575998219628,0.9051170331450964,0.9179857890881354,-0.012868755943039,tie,0.0134770170469179
GSM4138131,14,9,35,0.02857142857142857,0.17142857142857143,-0.0009285104566449756,0.14429371671433977,0.8841695812399868,,,ambiguous,
GSM4138131,15,1,107,0.16822429906542055,0.2803738317757009,0.19214430106418087,0.11319507212262783,0.8832736123094996,,,no_baseline,
GSM4138131,15,10,18,0.0,0.05555555555555555,-0.04972598136874387,0.15824641323324543,0.976437653344046,0.976437653344046,0.0,tie,0.0
GSM4138131,15,11,20,0.2,0.25,-0.037756644992271195,0.16942277713697035,0.9396424199283544,,,ambiguous,
GSM4138131,15,12,15,0.3333333333333333,0.06666666666666667,-0.09986385766908665,0.24180110313527062,0.9493185956442532,,,ambiguous,
GSM4138131,15,2,65,0.06153846153846154,0.5230769230769231,0.5270043875368882,0.07128662571824035,0.8902773075654338,,,no_baseline,
GSM4138131,15,3,76,0.039473684210526314,0.5526315789473685,0.4916359037311355,0.06765362417119426,0.8401726041413071,,,ambiguous,
GSM4138131,15,4,97,0.13402061855670103,0.15463917525773196,0.08411227740094056,0.13512844622844905,0.9112126345596392,0.9179857890881354,-0.0067731545284962,tie,-0.0013536789211346
GSM4138131,15,5,34,0.08823529411764706,0.35294117647058826,0.20341808312830403,0.08486111879342799,0.929157143058792,,,ambiguous,
GSM4138131,15,6,184,0.05434782608695652,0.2717391304347826,0.1649369608721128,0.10754393904868648,0.7583021496706748,,,ambiguous,
GSM4138131,15,7,55,0.23636363636363636,0.2545454545454545,0.08571079686426392,0.1432605767047137,0.8635300356364662,0.7412359185254018,0.1222941171110644,purer,0.0031911941595637
GSM4138131,15,8,47,0.1276595744680851,0.3617021276595745,0.26638030878344787,0.13720584023618695,0.8749992005773927,0.7536865945444218,0.1213126060329709,purer,0.0
GSM4138131,15,9,34,0.14705882352941177,0.3235294117647059,0.18722380319051013,0.11329053939765552,0.8619727126010626,0.7536865945444218,0.1082861180566407,purer,-0.0018209645683952
GSM4138131,16,1,618,0.05177993527508091,0.11003236245954692,0.24612045965026827,0.04951619754785289,0.6997330004114897,,,ambiguous,
GSM4138131,16,2,55,0.2909090909090909,0.01818181818181818,-0.11067222352980023,0.21633939002300767,0.9342457199423522,,,ambiguous,
GSM4138131,16,4,40,0.125,0.05,0.09900489682096188,0.09415040114741327,0.9348822298915692,,,ambiguous,
GSM4138131,16,5,17,0.35294117647058826,0.0,-0.06776702077064783,0.20205164526704728,0.9700972690342096,0.976437653344046,-0.0063403843098364,tie,0.0126808974392933
GSM4138131,16,9,18,0.2222222222222222,0.0,-0.22617571313136095,0.31967823877837687,0.9644913547523152,,,ambiguous,
GSM4138131,17,1,379,0.1424802110817942,0.22691292875989447,0.4556288856930689,0.030564821893545684,0.7228153387446619,,,ambiguous,
GSM4138131,17,2,102,0.16666666666666666,0.06862745098039216,0.09388533129305174,0.1403585987244521,0.899499147701942,0.9179857890881354,-0.0184866413861934,tie,0.0103874683307589
GSM4138131,17,3,239,0.15481171548117154,0.058577405857740586,0.18895245036052621,0.09875950413489291,0.742286334848258,,,ambiguous,
GSM4138131,17,4,17,0.35294117647058826,0.0,-0.08435446586013459,0.18586214105247992,0.9845419573020024,0.976437653344046,0.0081043039579564,tie,0.0
GSM4138131,18,1,600,0.06166666666666667,0.13333333333333333,0.38900349292919206,0.025485628788409473,0.7055970919766884,,,ambiguous,
GSM4138131,18,2,53,0.22641509433962265,0.018867924528301886,0.1347056454027093,0.14891094851633369,0.9077713807619744,0.9179857890881354,-0.010214408326161,tie,0.00950324448279
GSM4138131,18,3,17,0.29411764705882354,0.0,-0.06283943517357186,0.18170921783890648,0.9700972690342096,0.976437653344046,-0.0063403843098364,tie,0.0126808974392933
GSM4138131,18,5,56,0.17857142857142858,0.0,-0.09630987818777843,0.26167320208026273,0.9281979205458308,,,ambiguous,
GSM4138131,18,6,20,0.2,0.0,0.03198171388738734,0.06914948372179994,0.9763790199959624,,,ambiguous,
GSM4138131,19,10,17,0.17647058823529413,0.0,-0.07634064663918118,0.207466214219516,0.9750965084852108,0.976437653344046,-0.0013411448588351,tie,0.0
GSM4138131,19,2,122,0.040983606557377046,0.06557377049180328,0.18588354495034645,0.06103097207725414,0.876464723631348,0.9179857890881354,-0.0415210654567874,tie,0.0415210654567874
GSM4138131,19,3,91,0.17582417582417584,0.32967032967032966,0.46922229228991036,0.06105462142569837,0.7879555583974464,,,ambiguous,
GSM4138131,19,4,96,0.4791666666666667,0.09375,0.1296778162470201,0.11438271907145658,0.8269863135636824,,,ambiguous,
GSM4138131,19,5,50,0.2,0.22,0.4049624004586337,0.07022204200946326,0.8170941303316611,0.7536865945444218,0.0634075357872393,purer,-0.0009385634206537
GSM4138131,19,6,252,0.2261904761904762,0.0992063492063492,0.20219145128812496,0.0894316999568367,0.7688792615089554,,,ambiguous,
GSM4138131,19,7,71,0.36619718309859156,0.028169014084507043,0.10602584739937781,0.11290572661309149,0.8180835826768263,,,ambiguous,
GSM4138131,19,8,32,0.28125,0.03125,-0.05242458987737359,0.19384951692448657,0.9194480631119848,0.7536865945444218,0.165761468567563,purer,0.0
GSM4138131,20,1,35,0.14285714285714285,0.17142857142857143,0.00046824798983242894,0.13392879904708932,0.9259805903622866,0.7864517889481842,0.1395288014141024,purer,0.0424575898210712
GSM4138131,20,10,166,0.060240963855421686,0.3072289156626506,0.11237741676265563,0.10431778622434101,0.7840568566276896,,,ambiguous,
GSM4138131,20,11,65,0.06153846153846154,0.3230769230769231,0.14025557586390203,0.09140129668770465,0.8579693528816623,0.7536865945444218,0.1042827583372405,purer,-0.0065990304662024
GSM4138131,20,13,18,0.0,0.05555555555555555,-0.04659142722370519,0.15410084854019954,0.976437653344046,0.976437653344046,0.0,tie,0.0
GSM4138131,20,2,71,0.056338028169014086,0.43661971830985913,0.17702981879096286,0.09967368078822107,0.9185912077675324,,,no_baseline,
GSM4138131,20,3,28,0.10714285714285714,0.17857142857142858,0.013969524853890244,0.1228738291350694,0.9686382457301668,,,no_baseline,
GSM4138131,20,4,116,0.04310344827586207,0.4224137931034483,0.13787090359175866,0.09368392518963503,0.8220725166470886,0.7412359185254018,0.0808365981216867,purer,0.0361221813576496
GSM4138131,20,5,56,0.017857142857142856,0.35714285714285715,0.09724348927205625,0.1151740026885757,0.869328153294824,,,ambiguous,
GSM4138131,20,6,50,0.04,0.64,0.3553211036356486,0.07810922274982557,0.749238248748521,,,ambiguous,
GSM4138131,20,7,23,0.08695652173913043,0.391304347826087,0.1809850358625178,0.11899408067722121,0.9265960736590514,0.7536865945444218,0.1729094791146296,purer,0.0
GSM4138131,20,8,108,0.09259259259259259,0.1574074074074074,0.07567941049368505,0.125034815601021,0.9044671742432624,,,ambiguous,
GSM4138131,21,1,82,0.17073170731707318,0.3048780487804878,0.15153409742859603,0.10788944838509713,0.9201783714775646,,,no_baseline,
GSM4138131,21,10,16,0.125,0.3125,0.12062256976502783,0.11806903995281756,0.9396882678944436,0.7536865945444218,0.1860016733500218,purer,
GSM4138131,21,11,171,0.08187134502923976,0.21052631578947367,0.10033000078019604,0.10543329784757662,0.7905179524265987,,,ambiguous,
GSM4138131,21,13,64,0.09375,0.28125,0.14382653994518532,0.08951964675054346,0.8570123395665762,0.7536865945444218,0.1033257450221544,purer,
GSM4138131,21,16,18,0.0,0.05555555555555555,-0.010141344851643485,0.12170161368205568,0.976437653344046,0.976437653344046,0.0,tie,
GSM4138131,21,2,35,0.2,0.17142857142857143,0.03309443125342423,0.13034034128524033,0.9519707333289742,0.7864517889481842,0.1655189443807899,purer,
GSM4138131,21,3,102,0.12745098039215685,0.2549019607843137,0.1007547358131715,0.10067689723063991,0.8205455478728977,0.7412359185254018,0.0793096293474958,purer,
GSM4138131,21,4,25,0.04,0.36,0.15168046733161758,0.08898735755946703,0.9852782703344548,,,ambiguous,
GSM4138131,21,5,110,0.02727272727272727,0.14545454545454545,0.12809484968986037,0.09371468556346917,0.9053547193725108,0.9179857890881354,-0.0126310697156246,tie,
GSM4138131,21,6,44,0.06818181818181818,0.1590909090909091,0.048518553756623166,0.11597810560051575,0.8877416178759185,,,ambiguous,
GSM4138131,21,7,40,0.1,0.45,0.24779568312704522,0.09268458901777347,0.7941613091079083,,,ambiguous,
GSM4138131,21,9,17,0.0,0.6470588235294118,0.3702540667103018,0.060259676323226076,0.9119771749086574,,,ambiguous,
GSM4138131,22,1,32,0.15625,0.21875,0.010246422534635338,0.13622979995560397,0.9439132810567916,0.7864517889481842,0.1574614921086073,purer,
GSM4138131,22,10,16,0.125,0.375,0.11314370816174871,0.11592217111142082,0.9396882678944436,0.7536865945444218,0.1860016733500218,purer,
GSM4138131,22,11,19,0.0,0.7368421052631579,0.3396835137961086,0.06559040290754102,0.9265758005553092,,,ambiguous,
GSM4138131,22,12,170,0.058823529411764705,0.27058823529411763,0.09743867277376397,0.10733858052273468,0.7893932418745698,,,ambiguous,
GSM4138131,22,15,63,0.06349206349206349,0.3492063492063492,0.14153635904324474,0.0910863443710828,0.8555792438039767,0.7536865945444218,0.1018926492595548,purer,
GSM4138131,22,16,18,0.05555555555555555,0.05555555555555555,-0.017173974876847076,0.12292551616773029,0.976437653344046,0.976437653344046,0.0,tie,
GSM4138131,22,2,53,0.03773584905660377,0.4339622641509434,0.16067921840372076,0.10531722746189302,0.9475616672519598,,,no_baseline,
GSM4138131,22,3,28,0.10714285714285714,0.17857142857142858,0.061719919174742635,0.12026778403042208,0.9577056980514408,,,no_baseline,
GSM4138131,22,4,105,0.047619047619047616,0.3619047619047619,0.1089176349367874,0.09865770492698779,0.8378139089036982,0.7412359185254018,0.0965779903782964,purer,
GSM4138131,22,5,22,0.0,0.5454545454545454,0.14070878354894312,0.09125050952156766,0.9723923304617644,,,ambiguous,
GSM4138131,22,6,112,0.026785714285714284,0.1875,0.120190618421555,0.09250643360762655,0.9046789059634622,0.9179857890881354,-0.0133068831246732,tie,
GSM4138131,22,7,45,0.0,0.2,0.04877567220181778,0.11671744673623904,0.8872855175536521,,,ambiguous,
GSM4138131,22,9,40,0.05,0.575,0.24550871525122503,0.09311492556585424,0.7941613091079083,,,ambiguous,
GSM4138131,23,1,26,0.23076923076923078,0.15384615384615385,-0.0048682675513135225,0.14076416802943226,0.9698294152667072,0.7864517889481842,0.1833776263185229,purer,
GSM4138131,23,10,15,0.13333333333333333,0.3333333333333333,0.09324720865872028,0.11591533207572431,0.9575006303320652,0.7536865945444218,0.2038140357876434,purer,
GSM4138131,23,12,18,0.0,0.7222222222222222,0.3335755919711538,0.0666646803260851,0.9269627545693048,,,ambiguous,
GSM4138131,23,14,159,0.05660377358490566,0.2893081761006289,0.10974437426775742,0.10268044502467229,0.7826481983692416,,,ambiguous,
GSM4138131,23,15,63,0.06349206349206349,0.36507936507936506,0.13901849402801109,0.08847501526498976,0.8555792438039767,0.7536865945444218,0.1018926492595548,purer,
GSM4138131,23,16,20,0.05,0.2,0.03330578228854954,0.12139283507956303,0.954039031630268,0.7412359185254018,0.2128031131048662,purer,
GSM4138131,23,17,18,0.05555555555555555,0.05555555555555555,-0.017003635389893496,0.12317313140977176,0.976437653344046,0.976437653344046,0.0,tie,
GSM4138131,23,2,59,0.05084745762711865,0.4745762711864407,0.15599445537284531,0.10444137959284341,0.9254505466753497,,,no_baseline,
GSM4138131,23,3,25,0.08,0.2,0.04979425730887593,0.11576448893878043,0.9654626353256658,,,no_baseline,
GSM4138131,23,4,107,0.04672897196261682,0.3925233644859813,0.11239032221172697,0.09751313039309102,0.8103129844339151,0.7412359185254018,0.0690770659085132,purer,
GSM4138131,23,5,15,0.0,0.3333333333333333,0.08281464765593999,0.09978326560963921,1.0,,,ambiguous,
GSM4138131,23,6,111,0.018018018018018018,0.18018018018018017,0.11424917328285464,0.09211250632402895,0.9051170331450964,0.9179857890881354,-0.012868755943039,tie,
GSM4138131,23,7,41,0.14634146341463414,0.3170731707317073,0.049207006495875685,0.12246950448368264,0.8942696948056179,,,ambiguous,
GSM4138131,23,8,42,0.047619047619047616,0.5952380952380952,0.2370487667718836,0.09124173797556759,0.8017330476029765,,,ambiguous,
GSM4138131,24,1,159,0.2578616352201258,0.3081761006289308,0.3635380550108688,0.06073936594157875,0.7933350457400975,,,no_baseline,
GSM4138131,24,10,18,0.2222222222222222,0.0,0.0051058193260065145,0.12122960467290264,0.976437653344046,,,ambiguous,
GSM4138131,24,2,165,0.3090909090909091,0.18181818181818182,0.2688634444861469,0.06962137813550238,0.7611367964793284,,,ambiguous,
GSM4138131,24,3,35,0.14285714285714285,0.45714285714285713,0.5127898934169798,0.03793623591862239,0.8075254938893044,,,ambiguous,
GSM4138131,24,4,106,0.19811320754716982,0.02830188679245283,0.07914660455378152,0.09802622685414802,0.919501955148856,0.9179857890881354,0.0015161660607205,tie,
GSM4138131,24,5,181,0.3149171270718232,0.09944751381215469,0.12785452475563042,0.10456200256299189,0.7523736409282351,,,ambiguous,
GSM4138131,24,6,16,0.0625,0.0625,0.11119168587715259,0.09645695173838259,0.9605951870143934,,,ambiguous,
GSM4138131,24,7,50,0.34,0.12,0.11110920379968264,0.11277029512235325,0.905253054718592,0.7536865945444218,0.1515664601741702,purer,
GSM4138131,24,8,19,0.3684210526315789,0.10526315789473684,0.21703902674892311,0.0818841338624943,0.8887545173529532,0.7536865945444218,0.1350679228085314,purer,
GSM4138131,25,1,406,0.06157635467980296,0.29310344827586204,0.3404122512127719,0.055690585551696134,0.7425969231621732,,,ambiguous,
GSM4138131,25,14,37,0.5135135135135135,0.0,-0.08124900246478357,0.2111694762895913,0.9503085004064769,,,ambiguous,
GSM4138131,25,2,62,0.12903225806451613,0.3387096774193548,0.4176595504372502,0.06072679721028872,0.8108510261906506,0.7536865945444218,0.0571644316462288,purer,
GSM4138131,25,3,47,0.23404255319148937,0.44680851063829785,0.4457529155266025,0.08129012132733886,0.9022232621700176,,,ambiguous,
GSM4138131,25,4,67,0.373134328358209,0.04477611940298507,0.017181098153770117,0.15833555432472265,0.8873357809132598,0.9179857890881354,-0.0306500081748756,tie,
GSM4138131,25,5,48,0.1875,0.14583333333333334,0.17174031817034482,0.09632720877305417,0.8747387143572202,0.9427030776987227,-0.0679643633415025,less_pure,
GSM4138131,25,6,49,0.2857142857142857,0.02040816326530612,-0.02366803574195511,0.1576932207652032,0.9008732472413328,,,ambiguous,
GSM4138131,25,7,18,0.05555555555555555,0.0,-0.02835669795331513,0.1492454067617042,0.976437653344046,0.976437653344046,0.0,tie,
GSM4138131,26,1,349,0.14040114613180515,0.44126074498567336,0.17267447945988118,0.07673338184056941,0.717837859573796,,,ambiguous,
GSM4138131,26,18,20,0.2,0.15,0.028493434802032203,0.09109240256296026,0.9691658027161106,,,ambiguous,
GSM4138131,26,2,89,0.15730337078651685,0.02247191011235955,-0.02906477588342758,0.16937990783846318,0.876673646681887,,,ambiguous,
GSM4138131,26,20,20,0.1,0.05,0.05743117035621872,0.09152420562867172,0.9674809617378298,,,ambiguous,
GSM4138131,26,4,236,0.19491525423728814,0.2330508474576271,0.0967987926037798,0.09222157658053937,0.7611907713014812,,,ambiguous,
GSM4138131,26,5,20,0.2,0.0,-0.04507626023323267,0.16029213760724098,0.9465347686253976,0.976437653344046,-0.0299028847186483,tie,
GSM4138131,27,1,507,0.1222879684418146,0.42209072978303747,0.18850712440785727,0.06282902080960603,0.7005864454569998,,,ambiguous,
GSM4138131,27,11,17,0.17647058823529413,0.058823529411764705,0.004030844414900882,0.09154913008467251,0.9709007962669828,,,ambiguous,
GSM4138131,27,13,24,0.20833333333333334,0.2916666666666667,0.06551416259599473,0.07514052999087202,0.9652119742836474,,,ambiguous,
GSM4138131,27,16,43,0.18604651162790697,0.11627906976744186,0.04548384716990941,0.08654112131548951,0.8498431483137497,,,ambiguous,
GSM4138131,27,18,31,0.3225806451612903,0.03225806451612903,-0.057283531347014645,0.15870081752805457,0.9438296906022978,,,ambiguous,
GSM4138131,27,3,45,0.35555555555555557,0.022222222222222223,-0.014455824301688956,0.1167790528075449,0.9156093554768188,,,ambiguous,
GSM4138131,27,4,19,0.0,0.05263157894736842,-0.02227087613736426,0.13047243888396867,0.956419648317296,0.976437653344046,-0.0200180050267499,tie,
GSM4138131,27,8,57,0.15789473684210525,0.17543859649122806,0.06604677617803452,0.09460549499725376,0.8367029734657827,,,ambiguous,
GSM4138131,28,1,552,0.030797101449275364,0.3695652173913043,0.3179644067162913,0.02988888061155983,0.7330894768136271,,,ambiguous,
GSM4138131,28,2,74,0.12162162162162163,0.21621621621621623,0.14996542418133418,0.07564367094362694,0.7923605461182939,0.7536865945444218,0.0386739515738721,tie,
GSM4138131,28,3,22,0.5454545454545454,0.09090909090909091,0.06388373584878011,0.10773620106730225,0.9581883636058612,,,ambiguous,
GSM4138131,28,4,37,0.24324324324324326,0.16216216216216217,0.03450667399953658,0.16237307618349614,0.954768141619569,,,ambiguous,
GSM4138131,28,9,48,0.2916666666666667,0.0,0.008730212900179776,0.11239011672017896,0.932538029684032,,,ambiguous,
GSM4138131,29,1,205,0.17073170731707318,0.3902439024390244,0.23741267581417036,0.06699618624548874,0.7714856472661026,,,ambiguous,
GSM4138131,29,10,45,0.26666666666666666,0.022222222222222223,-0.008124430825422706,0.1457994951567006,0.904466776246436,,,ambiguous,
GSM4138131,29,11,27,0.37037037037037035,0.07407407407407407,0.07415703336517707,0.09281556169801354,0.9166016628452676,,,ambiguous,
GSM4138131,29,12,43,0.37209302325581395,0.0,-0.07114704302714527,0.1835834053838851,0.906668229230895,,,ambiguous,
GSM4138131,29,13,24,0.625,0.08333333333333333,-0.01971167021880194,0.15200004325311714,0.90714389831577,,,ambiguous,
GSM4138131,29,2,169,0.1952662721893491,0.2603550295857988,0.16276123019303912,0.07707294630736275,0.7222637093533852,,,ambiguous,
GSM4138131,29,3,149,0.3221476510067114,0.026845637583892617,0.013486350874827868,0.14163416125378278,0.7244205949729858,0.7536865945444218,-0.0292659995714359,tie,
GSM4138131,29,8,64,0.3125,0.046875,0.06387820554905665,0.10071848592140856,0.8470470095316316,,,ambiguous,
GSM4138131,29,9,19,0.10526315789473684,0.0,-0.017213911776163,0.1514215604300346,0.956419648317296,,,ambiguous,
GSM4138131,30,1,469,0.1535181236673774,0.36673773987206826,0.34891552446159574,0.03016380350660218,0.711832055665743,,,ambiguous,
GSM4138131,30,12,18,0.3888888888888889,0.0,0.04025720077615899,0.08897560306809242,0.9219064344943604,,,ambiguous,
GSM4138131,30,2,65,0.3076923076923077,0.2923076923076923,0.32189818587278685,0.04576117816267135,0.7358064287652736,,,ambiguous,
GSM4138131,30,5,17,0.35294117647058826,0.0,-0.08463761038851854,0.20551235056655168,0.9700972690342096,,,ambiguous,
GSM4138131,30,6,143,0.4125874125874126,0.04195804195804196,0.07080058633820856,0.10578521224082625,0.7682032395968199,,,ambiguous,
GSM4138131,30,8,28,0.39285714285714285,0.0,-0.029854222824370818,0.1804207233447788,0.930113816758746,,,ambiguous,
GSM4138131,31,1,75,0.08,0.5333333333333333,0.42197762888349594,0.04292998438345889,0.736941812468493,0.7536865945444218,-0.0167447820759287,tie,
GSM4138131,31,2,171,0.15789473684210525,0.3157894736842105,0.3159760145852096,0.0518260663784407,0.7617209539556118,,,ambiguous,
GSM4138131,31,3,335,0.09253731343283582,0.5223880597014925,0.41147955183184665,0.03303006735905961,0.7234212681983987,,,ambiguous,
GSM4138131,31,5,137,0.13138686131386862,0.1897810218978102,0.16279498438568396,0.11848856520507198,0.7381429115609037,,,ambiguous,
GSM4138131,31,7,19,0.10526315789473684,0.05263157894736842,0.021393434766691685,0.11351346600982085,0.956419648317296,0.976437653344046,-0.0200180050267499,tie,
GSM4138131,32,1,719,0.10987482614742698,0.28929068150208626,0.16569192802167443,0.04984139692173526,0.7003833310974968,0.9179857890881354,-0.2176024579906386,less_pure,
GSM4138131,33,1,90,0.13333333333333333,0.43333333333333335,0.31751087315893817,0.04852618304882647,0.7306435348337281,,,ambiguous,
GSM4138131,33,2,393,0.07888040712468193,0.5190839694656488,0.29790761772848556,0.042920487421173464,0.7176924000468563,,,ambiguous,
GSM4138131,33,3,228,0.17105263157894737,0.2324561403508772,0.15772792619950002,0.08258743452093797,0.7371379177079149,0.9179857890881354,-0.1808478713802205,less_pure,
GSM4138131,34,1,370,0.11891891891891893,0.34864864864864864,0.34952444568561686,0.0474184633342174,0.7440772644526912,,,ambiguous,
GSM4138131,34,2,74,0.17567567567567569,0.35135135135135137,0.3551191032273449,0.05502756849394315,0.748396924678957,0.7536865945444218,-0.0052896698654647,tie,
GSM4138131,34,3,110,0.20909090909090908,0.07272727272727272,0.16015002997022376,0.07340370670797175,0.8003365775503666,0.9427030776987227,-0.1423665001483561,less_pure,
GSM4138131,34,5,119,0.2689075630252101,0.10084033613445378,0.1160246145737876,0.12741469077238052,0.7864468909599508,,,ambiguous,
GSM4138131,34,9,45,0.3111111111111111,0.044444444444444446,0.007913718723737475,0.18700578535048615,0.9403830856609297,,,ambiguous,
GSM4138131,35,1,383,0.13838120104438642,0.26370757180156656,0.2873048869045044,0.07030736658035999,0.7315891777434564,0.9179857890881354,-0.186396611344679,less_pure,
GSM4138131,35,11,39,0.38461538461538464,0.07692307692307693,0.19075261886393927,0.08591525247363323,0.8476632753664092,,,ambiguous,
GSM4138131,35,12,18,0.2222222222222222,0.2222222222222222,0.2514113544220775,0.06841792643996952,0.9661399729799504,,,ambiguous,
GSM4138131,35,15,32,0.4375,0.03125,0.12999845256194312,0.1019040073179241,0.8433781916835604,,,ambiguous,
GSM4138131,35,16,33,0.36363636363636365,0.18181818181818182,0.23558961796015548,0.0766869648687791,0.8687672295105024,,,ambiguous,
GSM4138131,35,18,27,0.3333333333333333,0.037037037037037035,0.12968069902901144,0.12432601034148434,0.9410883549870064,,,ambiguous,
GSM4138131,35,2,43,0.09302325581395349,0.3953488372093023,0.4550008874037645,0.04963476445710696,0.8185498257970552,,,ambiguous,
GSM4138131,35,3,18,0.16666666666666666,0.2222222222222222,0.36247276659724853,0.0568193039853104,0.9233316533365816,,,ambiguous,
GSM4138131,35,4,57,0.5087719298245614,0.07017543859649122,0.12298613859024435,0.09934522837455986,0.8776924616580446,,,ambiguous,
GSM4138131,35,5,73,0.2191780821917808,0.2191780821917808,0.2841118607046437,0.0686721687519237,0.8170222057953891,,,ambiguous,
GSM4138132,3,1,643,0.0,0.0015552099533437014,0.26252194394446815,0.07215239880818876,0.933026659763963,,,ambiguous,
GSM4138132,4,1,643,0.0,0.004665629860031105,0.3046002057889845,0.07955853654486425,0.933026659763963,,,ambiguous,
GSM4138132,5,1,643,0.0,0.004665629860031105,0.24452643237392255,0.08366455597765425,0.933026659763963,,,ambiguous,
GSM4138132,6,1,644,0.0,0.009316770186335404,0.20577398911561204,0.08553664222805481,0.93497175799228,,,ambiguous,
GSM4138132,7,1,642,0.004672897196261682,0.00778816199376947,0.1742186694366684,0.08944649576216336,0.9366804967071318,,,no_baseline,
GSM4138132,8,1,641,0.0046801872074883,0.0078003120124804995,0.15720345401858324,0.08995704454246005,0.936207788198537,,,no_baseline,
GSM4138132,9,1,640,0.0046875,0.0125,0.14125190368439894,0.09336359906980003,0.93591878875043,,,no_baseline,
GSM4138132,10,1,416,0.021634615384615384,0.052884615384615384,-0.02386874330206855,0.15063489607651087,0.9751290310024602,0.9463038082948044,0.0288252227076557,tie,0.0133345262114152
GSM4138132,10,2,220,0.06818181818181818,0.09545454545454546,0.02673758126655283,0.12873269544255278,0.9488970805395625,0.9814133723188372,-0.0325162917792747,tie,0.0325162917792748
GSM4138132,11,1,642,0.003115264797507788,0.010903426791277258,0.11110567282807031,0.08957879249431187,0.9350220168984388,,,ambiguous,
GSM4138132,12,1,415,0.02650602409638554,0.05783132530120482,-0.008063646608281648,0.1434643293829548,0.9735784084305488,0.9463038082948044,0.0272746001357443,tie,0.0129565054953024
GSM4138132,12,2,220,0.07272727272727272,0.10454545454545454,0.05760810687077605,0.11419978796507037,0.9495863480116272,0.9814133723188372,-0.0318270243072099,tie,0.0318270243072098
GSM4138132,13,1,419,0.026252983293556086,0.057279236276849645,-0.0043814286651049405,0.1425407949875323,0.9728299710645985,0.9463038082948044,0.026526162769794,tie,0.0114441162034825
GSM4138132,13,2,215,0.07441860465116279,0.10697674418604651,0.05856858800248987,0.11288936396044104,0.9513213706100166,0.9814133723188372,-0.0300920017088205,tie,0.0300920017088205
GSM4138132,14,1,417,0.03597122302158273,0.050359712230215826,-0.00858163294674355,0.14258717624149334,0.9730765167698968,0.9463038082948044,0.0267727084750923,tie,0.0115582139665546
GSM4138132,14,2,217,0.07373271889400922,0.1152073732718894,0.054812771181538815,0.11357835782980047,0.9495921024757324,0.9814133723188372,-0.0318212698431047,tie,0.0318212698431048
GSM4138132,15,1,491,0.02240325865580448,0.06720977596741344,0.05306834074929582,0.12043133131709048,0.9471390891460632,,,no_baseline,
GSM4138132,15,2,151,0.08609271523178808,0.08609271523178808,0.052792977577186116,0.11607240375941447,0.9534792369128582,0.9814133723188372,-0.027934135405979,tie,0.027934135405979
GSM4138132,16,1,639,0.03442879499217527,0.06729264475743349,0.1983924931163938,0.05273602196988167,0.933201109988546,,,ambiguous,
GSM4138132,17,1,634,0.05362776025236593,0.15457413249211358,0.5481160401210688,0.013765269209298174,0.9332215748621392,,,ambiguous,
GSM4138132,18,1,640,0.0109375,0.0828125,0.440173443701389,0.012595855090843077,0.9330891875510584,,,ambiguous,
GSM4138132,19,1,135,0.05185185185185185,0.1259259259259259,0.48339228316306343,0.05408924237754999,0.9758423524012306,,,no_baseline,
GSM4138132,19,2,28,0.03571428571428571,0.17857142857142858,0.40591814961834505,0.0592649002610101,0.9832927463052532,,,no_baseline,
GSM4138132,19,3,287,0.04529616724738676,0.1602787456445993,0.47093088515438125,0.04776876279988465,0.937147185172845,,,ambiguous,
GSM4138132,19,4,171,0.06432748538011696,0.08187134502923976,0.38965552274224013,0.0589224503666993,0.9376804785306716,,,ambiguous,
GSM4138132,19,6,18,0.0,0.16666666666666666,0.3680250487012297,0.06409475506015097,0.981114609031028,,,ambiguous,
GSM4138132,20,1,235,0.06808510638297872,0.05106382978723404,0.0091000640474652,0.12616184009886738,0.9940473504446524,0.9463038082948044,0.0477435421498479,tie,0.0
GSM4138132,20,2,291,0.10996563573883161,0.08247422680412371,0.02124379460162626,0.1284231097048875,0.9340292903866412,0.9677474499420016,-0.0337181595553603,tie,0.0337181595553601
GSM4138132,20,3,116,0.10344827586206896,0.034482758620689655,-0.01908478934682428,0.12991169183240212,0.9815083367717214,0.9814133723188372,9.49644528842608e-05,tie,-9.49644528842608e-05
GSM4138132,21,1,411,0.09002433090024331,0.15815085158150852,0.08463616446884058,0.10680887144105196,0.9143097278850248,0.9677474499420016,-0.0534377220569767,less_pure,
GSM4138132,21,2,228,0.07894736842105263,0.043859649122807015,0.021514689894325763,0.12197487596825168,0.993980844265113,0.9463038082948044,0.0476770359703085,tie,
GSM4138132,22,1,240,0.0625,0.05,0.007899558668818434,0.1252500069574412,0.9954343094003708,0.9463038082948044,0.0491305011055663,tie,
GSM4138132,22,2,281,0.13167259786476868,0.08540925266903915,0.015495397192856449,0.13062830137823278,0.9321274040755724,0.9677474499420016,-0.0356200458664291,tie,
GSM4138132,22,3,117,0.11965811965811966,0.02564102564102564,-0.016586478420604404,0.12762437992432107,0.9815520803924028,0.9814133723188372,0.0001387080735656,tie,
GSM4138132,23,1,243,0.06172839506172839,0.02880658436213992,0.005498663692914931,0.12552197478359964,0.9941079917530724,0.9463038082948044,0.0478041834582679,tie,
GSM4138132,23,2,279,0.12903225806451613,0.08960573476702509,0.009109661201517079,0.1305506699683586,0.9322305212427702,0.9677474499420016,-0.0355169286992314,tie,
GSM4138132,23,3,116,0.1206896551724138,0.02586206896551724,-0.014494268830635227,0.1275158622793232,0.9813899805594276,0.9814133723188372,-2.3391759409574497e-05,tie,
GSM4138132,24,1,639,0.009389671361502348,0.08294209702660407,0.2977056356831023,0.03230421946397866,0.931091211914415,0.9814133723188372,-0.0503221604044221,less_pure,
GSM4138132,25,1,138,0.08695652173913043,0.057971014492753624,0.26483386229177863,0.07123617100282165,0.9696337794906036,,,ambiguous,
GSM4138132,25,2,69,0.08695652173913043,0.057971014492753624,0.24662513537342914,0.07494802640094067,0.9393972369287442,0.9677474499420016,-0.0283502130132573,tie,
GSM4138132,25,3,148,0.14864864864864866,0.12837837837837837,0.24482904931961225,0.08105477132458687,0.921055580608355,,,ambiguous,
GSM4138132,25,4,196,0.0663265306122449,0.11734693877551021,0.28026563394436893,0.06490307275787216,0.9642401217440452,,,no_baseline,
GSM4138132,25,6,84,0.11904761904761904,0.05952380952380952,0.22886772192636812,0.08053274027966298,0.9851368281827932,,,ambiguous,
GSM4138132,26,1,126,0.14285714285714285,0.1111111111111111,0.06001985012797302,0.09261673020899268,0.9231462330439348,,,ambiguous,
GSM4138132,26,2,315,0.08571428571428572,0.05714285714285714,0.06207301778523056,0.08810041128380043,0.9597709260515808,,,ambiguous,
GSM4138132,26,4,190,0.11052631578947368,0.07368421052631578,0.05527363168187917,0.09412107274028025,0.9563011247044252,,,ambiguous,
GSM4138132,27,1,341,0.12023460410557185,0.14076246334310852,0.09276644107443954,0.07684105650273587,0.9309729181168308,,,ambiguous,
GSM4138132,27,3,270,0.12222222222222222,0.02962962962962963,0.037706387995742045,0.09710668400475882,0.9602199304715138,,,ambiguous,
GSM4138132,28,1,643,0.0015552099533437014,0.003110419906687403,0.13123088304836963,0.039170791499201725,0.933284892936156,,,ambiguous,
GSM4138132,29,1,347,0.08645533141210375,0.13256484149855907,0.17906104200060843,0.06157141799687526,0.9295128324134304,,,ambiguous,
GSM4138132,29,10,20,0.05,0.0,-0.0058630061722049105,0.1045318178070163,0.9854466793959172,,,ambiguous,
GSM4138132,29,11,43,0.06976744186046512,0.0,0.02598870712783591,0.06945693735330619,0.9727531184005708,,,ambiguous,
GSM4138132,29,2,131,0.03816793893129771,0.1450381679389313,0.17464136063693442,0.055736008199099914,0.9792514645355086,,,ambiguous,
GSM4138132,29,3,69,0.13043478260869565,0.057971014492753624,0.058925378381745636,0.08297026038843688,0.950644122871888,0.9677474499420016,-0.0171033270701135,tie,
GSM4138132,29,8,24,0.041666666666666664,0.0,0.044131959754182375,0.08762337535545583,0.9944896993505588,,,ambiguous,
GSM4138132,30,1,604,0.0728476821192053,0.08940397350993377,0.27188754406543575,0.025719463988708648,0.9329136572711084,,,ambiguous,
GSM4138132,30,2,19,0.0,0.0,0.20879710304421392,0.022695030681111027,1.0,,,ambiguous,
GSM4138132,30,6,15,0.13333333333333333,0.0,0.024372961951424802,0.07527330572392014,1.0,,,ambiguous,
GSM4138132,31,1,47,0.10638297872340426,0.02127659574468085,0.18936986452619975,0.057997141949685437,0.98965967614934,0.9677474499420016,0.0219122262073384,tie,
GSM4138132,31,2,341,0.07331378299120235,0.08797653958944282,0.21627033252802347,0.04782645802082228,0.945647793006844,,,ambiguous,
GSM4138132,31,3,107,0.08411214953271028,0.06542056074766354,0.2133962126787479,0.04847914584597762,0.9390738780842812,,,ambiguous,
GSM4138132,31,5,145,0.1310344827586207,0.034482758620689655,0.16317199357002946,0.07013838290045347,0.946292113217676,,,ambiguous,
GSM4138132,32,1,645,0.08062015503875969,0.08992248062015504,0.1238104567692607,0.05325236401082191,0.9354477550306184,,,no_baseline,
GSM4138132,33,1,73,0.0958904109589041,0.0136986301369863,0.12458499679915391,0.06817073966047395,0.9929869731659766,,,ambiguous,
GSM4138132,33,2,145,0.14482758620689656,0.09655172413793103,0.15827778519451646,0.05799277814008337,0.9215367988256566,,,ambiguous,
GSM4138132,33,3,414,0.09420289855072464,0.08454106280193237,0.14947155610306417,0.050547910864007055,0.9382782031405384,,,no_baseline,
GSM4138132,34,1,348,0.07471264367816093,0.16091954022988506,0.27970464046605537,0.045793349940181576,0.9239673930810808,,,ambiguous,
GSM4138132,34,15,39,0.02564102564102564,0.0,0.058777782470028496,0.0751149070289829,0.9908317130715628,,,ambiguous,
GSM4138132,34,2,78,0.11538461538461539,0.05128205128205128,0.17157222672201144,0.06933278654951688,0.9912842335555088,0.9677474499420016,0.0235367836135071,tie,
GSM4138132,34,5,102,0.16666666666666666,0.029411764705882353,0.10024436079219576,0.08717207753125356,0.963190179541362,,,ambiguous,
GSM4138132,34,9,69,0.08695652173913043,0.028985507246376812,0.10394899448032197,0.07602099194865759,0.9730156440265068,,,ambiguous,
GSM4138132,35,1,367,0.04904632152588556,0.12534059945504086,0.31693335026179126,0.04764641724752424,0.9283682418429364,,,no_baseline,
GSM4138132,35,2,62,0.08064516129032258,0.04838709677419355,0.27659693985624184,0.05767895176178385,0.9855751028296597,,,ambiguous,
GSM4138132,35,3,62,0.08064516129032258,0.03225806451612903,0.2534469930119655,0.061634336595184185,0.9845974122002772,,,ambiguous,
GSM4138132,35,5,133,0.12030075187969924,0.0,0.12459029097035566,0.08239273928564772,0.9680530153178944,,,ambiguous,
GSM4138133,3,1,63,0.12698412698412698,0.25396825396825395,0.777755402585472,0.12687655147327703,0.9085190362439026,,,ambiguous,
GSM4138133,3,2,234,0.07264957264957266,0.2222222222222222,1.022451099608599,0.11432838642902791,0.7496815383472926,,,ambiguous,
GSM4138133,3,3,22,0.09090909090909091,0.0,-0.118633571688869,0.11661313631425635,0.9840886463775538,,,ambiguous,
GSM4138133,4,1,46,0.13043478260869565,0.10869565217391304,0.18467212345024267,0.14410843088348488,0.9446926353957724,,,ambiguous,
GSM4138133,4,2,250,0.068,0.132,0.7012505652730798,0.10444652960690527,0.7411041668849959,,,ambiguous,
GSM4138133,4,3,22,0.09090909090909091,0.045454545454545456,-0.22851496853641978,0.22642635887425036,0.9840886463775538,,,ambiguous,
GSM4138133,5,1,48,0.125,0.125,0.20701701516018622,0.13621355763224305,0.9366421187502854,,,ambiguous,
GSM4138133,5,2,239,0.07531380753138076,0.15481171548117154,0.6179462550698476,0.10231721697511213,0.7307058130449876,,,ambiguous,
GSM4138133,5,3,22,0.09090909090909091,0.045454545454545456,-0.18191075267758736,0.21774429182557842,0.9840886463775538,,,ambiguous,
GSM4138133,6,1,66,0.09090909090909091,0.21212121212121213,0.2274191766291954,0.11570332268633272,0.928130833823114,,,ambiguous,
GSM4138133,6,2,134,0.06716417910447761,0.19402985074626866,0.5344986438607469,0.07688238504167505,0.7409212754301988,0.7773132578349409,-0.036391982404742,tie,0.0505677554583265
GSM4138133,6,3,89,0.1797752808988764,0.10112359550561797,0.09480300734188772,0.12377474578069743,0.8148856950727769,0.7734595161579602,0.0414261789148167,tie,0.0080750173526026
GSM4138133,6,5,20,0.0,0.05,-0.07234038626252778,0.19611909986572745,0.9772575612773255,0.9780104357713506,-0.000752874494025,tie,0.0
GSM4138133,7,1,57,0.08771929824561403,0.19298245614035087,0.18420058106667328,0.12016392378034835,0.942042678532171,,,no_baseline,
GSM4138133,7,2,67,0.1044776119402985,0.13432835820895522,0.23512006651947562,0.10434065972335851,0.869591411745131,0.7773132578349409,0.0922781539101901,purer,-0.0093981432948919
GSM4138133,7,3,87,0.16091954022988506,0.13793103448275862,0.11221397068209729,0.11565467853920681,0.8142632632369665,0.7734595161579602,0.0408037470790063,tie,0.0122950761795589
GSM4138133,7,4,78,0.038461538461538464,0.32051282051282054,0.5023459725374342,0.08987919100363134,0.7714387667256905,,,ambiguous,
GSM4138133,7,6,20,0.0,0.05,-0.08002776160063925,0.19665118627870287,0.9772575612773255,0.9780104357713506,-0.000752874494025,tie,0.0
GSM4138133,8,1,68,0.10294117647058823,0.17647058823529413,0.1375246349183066,0.12028406053284631,0.9266356108125112,,,no_baseline,
GSM4138133,8,2,66,0.18181818181818182,0.21212121212121213,0.18633025292001287,0.10565659233360547,0.8772113541772394,0.7773132578349409,0.0998980963422985,purer,-0.0112540761237219
GSM4138133,8,3,68,0.3088235294117647,0.14705882352941177,0.08586682880350024,0.13069485636426587,0.8346030965523711,0.7734595161579602,0.0611435803944109,purer,-0.0079075405723199
GSM4138133,8,4,73,0.0136986301369863,0.3561643835616438,0.4979142552569574,0.08741980175918727,0.7695698790663918,,,ambiguous,
GSM4138133,8,6,21,0.0,0.047619047619047616,-0.04198629976272251,0.18655152863195582,0.9780104357713506,0.9780104357713506,0.0,tie,0.0
GSM4138133,9,1,65,0.13846153846153847,0.15384615384615385,0.0927202518022359,0.127172175069714,0.9213052519615698,,,no_baseline,
GSM4138133,9,2,69,0.2028985507246377,0.2318840579710145,0.20263549619888133,0.11144259916083138,0.8677810014245049,0.7773132578349409,0.090467743589564,purer,-0.0017671005628238
GSM4138133,9,3,64,0.25,0.125,0.08062226436745723,0.12602459317720707,0.8223090733456093,0.7734595161579602,0.0488495571876491,tie,0.0065106585419544
GSM4138133,9,4,57,0.07017543859649122,0.42105263157894735,0.5937083575806608,0.0726817589612013,0.7996112814465826,,,ambiguous,
GSM4138133,9,6,20,0.0,0.05,-0.03336844414394328,0.17771563580794886,0.9772575612773255,0.9780104357713506,-0.000752874494025,tie,0.0
GSM4138133,9,8,19,0.15789473684210525,0.3157894736842105,0.2842330812201931,0.10356592380407456,0.880236894807487,0.7773132578349409,0.1029236369725461,purer,0.0
GSM4138133,10,1,29,0.10344827586206896,0.20689655172413793,0.029769348417156238,0.14234619006003327,0.959128650130994,0.9757353034710632,-0.0166066533400691,tie,
GSM4138133,10,2,17,0.058823529411764705,0.29411764705882354,0.3152031662250736,0.10197343270752039,0.9874254293449748,,,no_baseline,
GSM4138133,10,3,76,0.13157894736842105,0.32894736842105265,0.22498993139850015,0.11322961724468411,0.8697639261637394,0.7773132578349409,0.0924506683287985,purer,-0.0123147527508704
GSM4138133,10,4,71,0.1267605633802817,0.28169014084507044,0.1145868244790215,0.11522052330249091,0.8312055234390129,0.7734595161579602,0.0577460072810527,purer,-0.010556667406142
GSM4138133,10,6,60,0.0,0.5833333333333334,0.5941947880246811,0.07003234485496009,0.7968224087220419,,,ambiguous,
GSM4138133,10,7,21,0.0,0.14285714285714285,-0.02626410354092496,0.19068258702460214,0.9780104357713506,0.9780104357713506,0.0,tie,0.0
GSM4138133,10,9,19,0.05263157894736842,0.3684210526315789,0.24803524174785418,0.0925406143252503,0.880236894807487,0.7773132578349409,0.1029236369725461,purer,0.0
GSM4138133,11,1,78,0.11538461538461539,0.1794871794871795,0.11962782648920672,0.11529163375277875,0.90081407186942,,,ambiguous,
GSM4138133,11,2,63,0.19047619047619047,0.2222222222222222,0.16081198654943193,0.11214971751483566,0.8761280010761531,0.7773132578349409,0.0988147432412122,purer,-0.0005876723660229
GSM4138133,11,3,58,0.3103448275862069,0.13793103448275862,0.08546781035387688,0.13038044071370566,0.8364766339117511,0.7734595161579602,0.0630171177537909,purer,-0.0087696939406267
GSM4138133,11,5,58,0.06896551724137931,0.5172413793103449,0.512947491329342,0.07413450833149549,0.8009364857125034,,,ambiguous,
GSM4138133,11,6,21,0.0,0.09523809523809523,0.008596007757589789,0.16829956867653753,0.9780104357713506,0.9780104357713506,0.0,tie,0.0
GSM4138133,11,9,19,0.10526315789473684,0.3684210526315789,0.24265858709204097,0.09673989292423277,0.880236894807487,0.7773132578349409,0.1029236369725461,purer,0.0
GSM4138133,12,1,30,0.1,0.16666666666666666,0.016752329694983616,0.13190730618242164,0.9592989429202928,0.9757353034710632,-0.0164363605507703,tie,
GSM4138133,12,10,19,0.05263157894736842,0.3684210526315789,0.2082673459433606,0.09238154878127719,0.880236894807487,0.7773132578349409,0.1029236369725461,purer,0.0
GSM4138133,12,2,15,0.0,0.4,0.28232009333903785,0.09847992262951724,1.0,,,no_baseline,
GSM4138133,12,3,79,0.11392405063291139,0.3037974683544304,0.19104089082866912,0.11243352567870911,0.8725697581061181,0.7773132578349409,0.0952565002711772,purer,-0.0151205846932491
GSM4138133,12,4,70,0.12857142857142856,0.2857142857142857,0.1047341883908576,0.11669578197703638,0.8187510221435998,0.7734595161579602,0.0452915059856396,tie,0.0021025988685573
GSM4138133,12,5,60,0.0,0.6,0.5114737286534029,0.07171834209607074,0.7968224087220419,,,ambiguous,
GSM4138133,12,7,21,0.0,0.14285714285714285,0.006175574526147087,0.16959999443649423,0.9780104357713506,0.9780104357713506,0.0,tie,0.0
GSM4138133,13,1,31,0.0967741935483871,0.16129032258064516,0.028397089021425674,0.13069713956129078,0.959901103502346,0.9757353034710632,-0.0158341999687171,tie,
GSM4138133,13,10,19,0.05263157894736842,0.3684210526315789,0.1957359821656496,0.09269542777806294,0.880236894807487,0.7773132578349409,0.1029236369725461,purer,0.0
GSM4138133,13,2,15,0.0,0.3333333333333333,0.26423361800432305,0.09734749759724746,1.0,,,no_baseline,
GSM4138133,13,3,81,0.13580246913580246,0.3333333333333333,0.18923936210741268,0.10974963917279501,0.8737755582034263,0.7773132578349409,0.0964623003684854,purer,-0.0086886362195701
GSM4138133,13,4,70,0.11428571428571428,0.2857142857142857,0.11062475323461915,0.11484787019164666,0.8187510221435998,0.7734595161579602,0.0452915059856396,tie,0.0021025988685573
GSM4138133,13,5,58,0.0,0.6379310344827587,0.5119911901537602,0.06894589379634793,0.7917961675501763,,,ambiguous,
GSM4138133,13,6,21,0.0,0.09523809523809523,0.014489878069838823,0.1640691190269134,0.9780104357713506,0.9780104357713506,0.0,tie,0.0
GSM4138133,14,1,30,0.06666666666666667,0.2,0.03793996574786311,0.130605360841445,0.9603264227274888,0.9757353034710632,-0.0154088807435743,tie,
GSM4138133,14,11,19,0.05263157894736842,0.3157894736842105,0.1842566944855811,0.08866621914234661,0.880236894807487,0.7773132578349409,0.1029236369725461,purer,0.0
GSM4138133,14,2,18,0.05555555555555555,0.2777777777777778,0.26726028893985965,0.08900043453786283,0.9821268843146932,,,no_baseline,
GSM4138133,14,3,66,0.13636363636363635,0.36363636363636365,0.17741228842500256,0.11051854166184032,0.8657808830476652,0.7773132578349409,0.0884676252127243,purer,0.0001551204097667
GSM4138133,14,4,74,0.13513513513513514,0.3108108108108108,0.09740836004503371,0.114508533193351,0.8157382545436402,0.7734595161579602,0.04227873838568,tie,0.005525692050974
GSM4138133,14,6,60,0.0,0.6166666666666667,0.47224038271627916,0.07122252815906092,0.8005379554765718,,,ambiguous,
GSM4138133,14,7,22,0.0,0.09090909090909091,-0.01403876507343933,0.1656463554371097,0.9840886463775538,0.9780104357713506,0.0060782106062031,tie,-0.0060782106062031
GSM4138133,15,1,86,0.011627906976744186,0.5,0.45274659327430905,0.07799919553959586,0.899986830244251,,,no_baseline,
GSM4138133,15,2,50,0.04,0.76,0.854409154303633,0.047056009249134494,0.8840020023476856,,,no_baseline,
GSM4138133,15,3,90,0.05555555555555555,0.5444444444444444,0.515420717144792,0.06850627991550427,0.8078772132509071,,,ambiguous,
GSM4138133,15,4,22,0.045454545454545456,0.13636363636363635,0.12838963349735477,0.09085798696173654,0.9840886463775538,0.9780104357713506,0.0060782106062031,tie,-0.0060782106062031
GSM4138133,15,7,24,0.2916666666666667,0.08333333333333333,-0.020377446424394954,0.1540492306809612,0.9096224202186473,0.7734595161579602,0.1361629040606871,purer,-0.0003958793780384
GSM4138133,15,9,20,0.05,0.35,0.2628083961158422,0.11989670533414121,0.9469809614187152,0.7773132578349409,0.1696677035837743,purer,0.0
GSM4138133,16,1,287,0.027874564459930314,0.13588850174216027,0.22996923360718124,0.05345010718701489,0.7325118153823715,,,ambiguous,
GSM4138133,16,2,16,0.125,0.0,-0.0368091032603681,0.14693413205873956,0.9895608253565896,,,ambiguous,
GSM4138133,17,1,285,0.08771929824561403,0.20350877192982456,0.4739596075475101,0.03447356719166322,0.7322725713381031,,,ambiguous,
GSM4138133,17,2,22,0.0,0.0,0.13319853302794035,0.07190553667657357,0.9840886463775538,0.9780104357713506,0.0060782106062031,tie,-0.0060782106062031
GSM4138133,18,1,284,0.056338028169014086,0.1267605633802817,0.41097531969554824,0.020567378594490735,0.7362264966591631,,,ambiguous,
GSM4138133,18,2,18,0.05555555555555555,0.0,-0.024212797834889048,0.21214553207000947,0.9849007945567498,0.9780104357713506,0.0068903587853992,tie,0.0066676206076285
GSM4138133,19,1,26,0.3076923076923077,0.11538461538461539,0.23291334262272287,0.08874924066998656,0.9247849515017376,,,no_baseline,
GSM4138133,19,2,33,0.12121212121212122,0.21212121212121213,0.3080959098627125,0.082110513417019,0.955675415971802,0.9780104357713506,-0.0223350197995486,tie,0.0223350197995486
GSM4138133,19,3,80,0.225,0.2625,0.5345907151345008,0.05969707777781589,0.8355274729334986,,,ambiguous,
GSM4138133,19,4,126,0.2619047619047619,0.15079365079365079,0.2662153285138362,0.08815623080088984,0.7938140762184049,,,ambiguous,
GSM4138133,19,5,23,0.13043478260869565,0.30434782608695654,0.47830326986078,0.055415311324184695,0.8743685390600083,0.7773132578349409,0.0970552812250674,purer,-0.0036853911997715
GSM4138133,20,1,18,0.05555555555555555,0.2222222222222222,0.023664341879341022,0.12416184697359214,0.9693642877511104,0.9757353034710632,-0.0063710157199527,tie,
GSM4138133,20,11,19,0.05263157894736842,0.3157894736842105,0.10541356086209497,0.08724822206943794,0.8761686282530052,0.7773132578349409,0.0988553704180643,purer,0.0
GSM4138133,20,2,75,0.05333333333333334,0.4666666666666667,0.19485818845376404,0.09377527507137658,0.8968951922369421,,,no_baseline,
GSM4138133,20,4,76,0.09210526315789473,0.32894736842105265,0.13615899008092844,0.10339318136547822,0.8179038644737414,0.7734595161579602,0.0444443483157812,tie,0.0127546318731532
GSM4138133,20,6,59,0.01694915254237288,0.7627118644067796,0.41928778280450724,0.06466298017654772,0.778959586738718,,,ambiguous,
GSM4138133,20,7,23,0.08695652173913043,0.30434782608695654,0.17941348354989,0.09794025734102435,0.9505907402729512,0.7773132578349409,0.1732774824380103,purer,0.0
GSM4138133,20,8,21,0.14285714285714285,0.14285714285714285,-0.047673695100186875,0.18722788148885755,0.9780104357713506,,,ambiguous,
GSM4138133,21,1,74,0.10810810810810811,0.28378378378378377,0.16288745848308556,0.10364399905093999,0.896934646014446,,,no_baseline,
GSM4138133,21,10,16,0.125,0.0,0.02466744338262556,0.13839528071947071,0.9808946604123138,0.7773132578349409,0.2035814025773729,purer,
GSM4138133,21,12,16,0.375,0.25,0.046965918723311725,0.1340020415771598,0.9430067903596736,,,ambiguous,
GSM4138133,21,13,18,0.05555555555555555,0.3333333333333333,0.12911777236861266,0.09518794717303243,0.9648970435655227,0.7773132578349409,0.1875837857305818,purer,
GSM4138133,21,2,19,0.10526315789473684,0.05263157894736842,0.01418775923585482,0.12457458407381963,0.9686711291672372,0.9757353034710632,-0.0070641743038259,tie,
GSM4138133,21,3,68,0.17647058823529413,0.22058823529411764,0.10234319457793638,0.10709237197642557,0.8370908094765921,0.7734595161579602,0.0636312933186319,purer,
GSM4138133,21,5,21,0.047619047619047616,0.09523809523809523,0.027409481766323802,0.13927115973584311,0.9780104357713506,0.9780104357713506,0.0,tie,
GSM4138133,21,7,51,0.0196078431372549,0.7058823529411765,0.38973938448488865,0.07214912255538343,0.8441102285594815,,,ambiguous,
GSM4138133,22,1,17,0.11764705882352941,0.11764705882352941,0.008454233505345729,0.12692391458772262,0.9670352501604892,0.9757353034710632,-0.0087000533105739,tie,
GSM4138133,22,10,16,0.125,0.125,0.02997597026830503,0.13071495234180167,0.9808946604123138,0.7773132578349409,0.2035814025773729,purer,
GSM4138133,22,14,18,0.16666666666666666,0.3333333333333333,0.05911357736237358,0.13134815794976137,0.9208636036501388,,,ambiguous,
GSM4138133,22,15,18,0.05555555555555555,0.3333333333333333,0.11396742799902872,0.09578837115434956,0.9648970435655227,0.7773132578349409,0.1875837857305818,purer,
GSM4138133,22,2,61,0.06557377049180328,0.4098360655737705,0.1833845878154149,0.09839045791344353,0.8933188053746631,,,no_baseline,
GSM4138133,22,4,71,0.09859154929577464,0.30985915492957744,0.10631440980510212,0.10558927740682386,0.8302185937453801,0.7734595161579602,0.0567590775874199,purer,
GSM4138133,22,6,22,0.045454545454545456,0.2727272727272727,0.039885638870162395,0.14145508699540535,0.9840886463775538,0.9780104357713506,0.0060782106062031,tie,
GSM4138133,22,9,53,0.018867924528301886,0.6792452830188679,0.37945486187449445,0.07423752540769074,0.8421170664922046,,,ambiguous,
GSM4138133,23,10,16,0.125,0.125,0.02802054806752382,0.1292334551250317,0.9808946604123138,0.7773132578349409,0.2035814025773729,purer,
GSM4138133,23,13,16,0.1875,0.375,0.07456389173501757,0.1288908794620307,0.9190781568474394,,,ambiguous,
GSM4138133,23,15,18,0.05555555555555555,0.3333333333333333,0.10686441234706738,0.09503152389594462,0.9648970435655227,0.7773132578349409,0.1875837857305818,purer,
GSM4138133,23,2,68,0.058823529411764705,0.4117647058823529,0.15601001227691316,0.10179834831637553,0.89671501294151,,,no_baseline,
GSM4138133,23,4,68,0.11764705882352941,0.36764705882352944,0.10171310197451189,0.10436525162531733,0.8316932600784419,0.7734595161579602,0.0582337439204817,purer,
GSM4138133,23,6,22,0.045454545454545456,0.2727272727272727,0.034830772076672074,0.14161139410656065,0.9840886463775538,0.9780104357713506,0.0060782106062031,tie,
GSM4138133,23,8,53,0.018867924528301886,0.6981132075471698,0.3700145016292295,0.07351103206110099,0.8421170664922046,,,ambiguous,
GSM4138133,24,1,119,0.18487394957983194,0.3949579831932773,0.4781491339449461,0.046695628469594234,0.8254273712714454,,,no_baseline,
GSM4138133,24,2,127,0.18110236220472442,0.2283464566929134,0.2826202401292798,0.06583395916612374,0.7576453682627637,,,ambiguous,
GSM4138133,24,4,20,0.0,0.0,0.05774651366149671,0.12540957074640005,0.9772575612773255,0.9780104357713506,-0.000752874494025,tie,
GSM4138133,25,1,55,0.16363636363636364,0.36363636363636365,0.39036665781840435,0.07060505802681201,0.8152449807310046,,,ambiguous,
GSM4138133,25,2,127,0.06299212598425197,0.6614173228346457,0.6262269658828581,0.04752224209605787,0.7851351939987806,0.7773132578349409,0.0078219361638397,tie,
GSM4138133,25,3,74,0.0945945945945946,0.7297297297297297,0.7431435779549154,0.03925409096669197,0.8246232273885299,,,ambiguous,
GSM4138133,25,4,25,0.32,0.04,0.029672411303932247,0.17444875744650812,0.9722878435952385,0.9780104357713506,-0.0057225921761121,tie,
GSM4138133,26,1,178,0.10112359550561797,0.550561797752809,0.2335828744042551,0.06009546836387923,0.7436855077549023,,,ambiguous,
GSM4138133,26,2,22,0.18181818181818182,0.0,-0.012152890461283972,0.151823026755453,0.9905771378735264,,,ambiguous,
GSM4138133,26,4,87,0.3563218390804598,0.26436781609195403,0.08315355041014487,0.10888957368579114,0.8268669519569827,,,ambiguous,
GSM4138133,27,1,228,0.12280701754385964,0.5087719298245614,0.21412078759007486,0.060579995109858356,0.7457335426784115,,,ambiguous,
GSM4138133,27,13,16,0.3125,0.0625,0.04936633114950647,0.11063878861952238,0.9632758902933604,,,ambiguous,
GSM4138133,27,3,17,0.35294117647058826,0.0,-0.02673549107665928,0.14965429442193082,0.9836557095866147,,,ambiguous,
GSM4138133,27,8,29,0.1724137931034483,0.3103448275862069,0.1443206532511916,0.07920185799534299,0.8828740294217785,,,ambiguous,
GSM4138133,28,1,261,0.0421455938697318,0.4482758620689655,0.37123695952662367,0.025834522197441468,0.7545525281935632,,,ambiguous,
GSM4138133,28,2,28,0.14285714285714285,0.35714285714285715,0.183258100935377,0.059154639941978095,0.8782940799246551,0.7773132578349409,0.1009808220897142,purer,
GSM4138133,29,1,93,0.0967741935483871,0.3978494623655914,0.2758156734826379,0.05495222809510599,0.8231151819522989,,,ambiguous,
GSM4138133,29,10,17,0.29411764705882354,0.058823529411764705,-0.014729105025231226,0.1556474921197569,0.9815474635549968,,,ambiguous,
GSM4138133,29,11,29,0.3793103448275862,0.034482758620689655,0.06833590708018165,0.10218860113005353,0.8588940803865874,,,ambiguous,
GSM4138133,29,2,85,0.2,0.32941176470588235,0.2079292035658059,0.0735432173902844,0.80204660721185,,,ambiguous,
GSM4138133,29,3,62,0.27419354838709675,0.14516129032258066,0.09741947427311713,0.10780254571858418,0.8515962217532116,0.7773132578349409,0.0742829639182707,purer,
GSM4138133,30,1,199,0.15577889447236182,0.37185929648241206,0.3688214049753549,0.02710860108612137,0.7691153299144959,,,ambiguous,
GSM4138133,30,12,18,0.4444444444444444,0.0,0.08799229971875959,0.06766837595874757,0.9278475746486458,,,ambiguous,
GSM4138133,30,2,45,0.24444444444444444,0.26666666666666666,0.37837201267771225,0.03817455526653,0.8527910778950858,,,ambiguous,
GSM4138133,30,6,34,0.35294117647058826,0.0,0.07292831952286657,0.12354426253821703,0.9241905363620144,,,ambiguous,
GSM4138133,31,1,49,0.10204081632653061,0.4489795918367347,0.41921342546653256,0.041339767894958905,0.8218325223415868,0.7773132578349409,0.0445192645066458,tie,
GSM4138133,31,2,150,0.12666666666666668,0.46,0.3671573722161253,0.039436622222876506,0.825985082876266,,,ambiguous,
GSM4138133,31,3,67,0.04477611940298507,0.5074626865671642,0.4266692461555161,0.02341208425870139,0.8671248739498076,,,ambiguous,
GSM4138133,31,5,32,0.21875,0.15625,0.13033063535356593,0.10429309049863193,0.9237291413863016,,,ambiguous,
GSM4138133,32,1,307,0.11400651465798045,0.39087947882736157,0.22308494103016682,0.04537207222399165,0.7438721496649725,0.9780104357713506,-0.2341382861063781,less_pure,
GSM4138133,33,1,61,0.16393442622950818,0.4426229508196721,0.2659439149734111,0.05443788532801275,0.8300698745662345,,,ambiguous,
GSM4138133,33,2,93,0.06451612903225806,0.5053763440860215,0.32689852774240197,0.03228719901701646,0.8517323998323985,,,ambiguous,
GSM4138133,33,3,140,0.17142857142857143,0.32142857142857145,0.2012076544380434,0.060419418963145906,0.7918272125006832,0.9780104357713506,-0.1861832232706674,less_pure,
GSM4138133,34,1,109,0.11009174311926606,0.42201834862385323,0.38585239790343123,0.041617085417338565,0.8258202859755172,,,ambiguous,
GSM4138133,34,2,60,0.16666666666666666,0.31666666666666665,0.37637187621418255,0.055965447390864134,0.8213897867710342,0.7773132578349409,0.0440765289360933,tie,
GSM4138133,34,5,106,0.3113207547169811,0.1320754716981132,0.19182333848459712,0.08597685031914781,0.8375841314289757,,,ambiguous,
GSM4138133,35,1,118,0.11864406779661017,0.3474576271186441,0.3512984440635671,0.05928943308812054,0.8201973428094386,0.9780104357713506,-0.157813092961912,less_pure,
GSM4138133,35,16,20,0.45,0.2,0.2973001134854372,0.07079022999704454,0.9060489928154642,,,ambiguous,
GSM4138133,35,2,43,0.3023255813953488,0.37209302325581395,0.43610707645201596,0.06472912269882651,0.8349501328869551,,,ambiguous,
GSM4138133,35,5,84,0.2619047619047619,0.14285714285714285,0.2648903506433032,0.07079732819056223,0.8431189001350842,,,ambiguous,
GSM4138134,3,1,1213,0.0,0.0,0.1758505813114234,0.0700435746611204,0.9561562126178972,,,ambiguous,
GSM4138134,3,3,15,0.06666666666666667,0.0,-0.37191388916260876,0.17459927008513118,0.9856991785152992,,,ambiguous,
GSM4138134,4,1,1213,0.0,0.0008244023083264633,0.2636059662548697,0.08268495657191965,0.9561562126178972,,,ambiguous,
GSM4138134,4,3,15,0.06666666666666667,0.0,-0.46077145184167473,0.26122642847174843,0.9856991785152992,,,ambiguous,
GSM4138134,5,1,1213,0.0,0.0008244023083264633,0.2089822930267719,0.0850861657235687,0.9561562126178972,,,ambiguous,
GSM4138134,5,3,15,0.06666666666666667,0.0,-0.3343467057448711,0.2401060852851392,0.9856991785152992,,,ambiguous,
GSM4138134,6,1,1213,0.0,0.0008244023083264633,0.15296562861347796,0.09690611982924835,0.9561562126178972,,,ambiguous,
GSM4138134,6,5,15,0.06666666666666667,0.0,-0.23402412268452627,0.25253826504838034,0.9856991785152992,0.9856991785152992,0.0,tie,0.0
GSM4138134,7,1,1213,0.0,0.0008244023083264633,0.1329717702969968,0.09744861546954729,0.9561562126178972,,,no_baseline,
GSM4138134,7,6,15,0.06666666666666667,0.0,-0.153233874560346,0.22776991182723313,0.9856991785152992,0.9856991785152992,0.0,tie,0.0
GSM4138134,8,1,1213,0.0,0.0008244023083264633,0.11745138184141166,0.09770749705126824,0.9561562126178972,,,no_baseline,
GSM4138134,8,6,15,0.06666666666666667,0.0,-0.16037987533108541,0.2328726340760531,0.9856991785152992,0.9856991785152992,0.0,tie,0.0
GSM4138134,9,1,1212,0.0,0.0049504950495049506,0.1029258273260844,0.09827903817974608,0.9561072244017472,,,no_baseline,
GSM4138134,9,6,15,0.06666666666666667,0.0,-0.0968105363738724,0.21314497968201865,0.9856991785152992,0.9856991785152992,0.0,tie,0.0
GSM4138134,10,1,822,0.0364963503649635,0.03527980535279805,-0.05625883348317773,0.15968176947460794,0.9813825816281552,0.9607718200587292,0.0206107615694259,tie,0.0052405880557321
GSM4138134,10,2,389,0.05912596401028278,0.07197943444730077,0.01703054678959663,0.13669744882045942,0.9564230412209732,0.969559158748902,-0.0131361175279287,tie,0.0131361175279287
GSM4138134,11,1,1214,0.0,0.002471169686985173,0.0724438444321068,0.0969081871328825,0.956170354549491,,,ambiguous,
GSM4138134,12,1,806,0.04218362282878412,0.034739454094292806,-0.044698110998885605,0.15923279219621475,0.9817416654165514,0.9607718200587292,0.0209698453578222,tie,0.0032318890821383
GSM4138134,12,2,405,0.06172839506172839,0.07407407407407407,0.028927021218095858,0.13157081059048573,0.9568656122662836,0.969559158748902,-0.0126935464826183,tie,0.0126935464826183
GSM4138134,13,1,809,0.04326328800988875,0.03337453646477132,-0.03470270092988477,0.1558647889618604,0.9819861273138426,0.9607718200587292,0.0212143072551134,tie,0.0029169867808167
GSM4138134,13,2,402,0.06965174129353234,0.07960199004975124,0.027115636605474187,0.13216753426574349,0.9555696063592364,0.969559158748902,-0.0139895523896655,tie,0.0139895523896658
GSM4138134,14,1,807,0.04337050805452292,0.030978934324659233,-0.038125325410241134,0.15641635013193053,0.9816698710916228,0.9607718200587292,0.0208980510328936,tie,0.0051681844237512
GSM4138134,14,2,404,0.06930693069306931,0.08168316831683169,0.026344040288818444,0.13117575072486554,0.9556938005372968,0.969559158748902,-0.0138653582116051,tie,0.0138653582116052
GSM4138134,15,1,930,0.02903225806451613,0.03870967741935484,0.019027360156977507,0.1331373234301044,0.971596393319434,,,no_baseline,
GSM4138134,15,2,284,0.08450704225352113,0.08098591549295775,0.03710923122544815,0.12426555102278532,0.9742918492230648,0.969559158748902,0.0047326904741628,tie,-0.0047326904741626
GSM4138134,16,1,1210,0.02975206611570248,0.05371900826446281,0.21118888862128152,0.04862595996698458,0.9564748796025836,,,ambiguous,
GSM4138134,16,2,17,0.0,0.058823529411764705,0.11810685668373257,0.06453062757518736,0.98731831916786,,,ambiguous,
GSM4138134,17,1,1208,0.048841059602649006,0.11754966887417219,0.5166051844284228,0.014711308254389934,0.956481657172544,,,ambiguous,
GSM4138134,17,2,18,0.0,0.05555555555555555,0.19160096379389724,0.06595167282428181,0.9871598340956714,0.9856991785152992,0.0014606555803722,tie,-0.0014606555803722
GSM4138134,18,1,1210,0.009917355371900827,0.06611570247933884,0.43247691221992546,0.011121033162937879,0.9564748796025836,,,ambiguous,
GSM4138134,18,2,18,0.0,0.05555555555555555,0.11263765789737021,0.12972310776976548,0.9871598340956714,0.9856991785152992,0.0014606555803722,tie,-0.0014606555803722
GSM4138134,19,1,371,0.05929919137466307,0.13746630727762804,0.4561563837790602,0.05392289931726479,0.9530608613447048,,,no_baseline,
GSM4138134,19,2,32,0.0625,0.0625,0.2955318433766427,0.08205418661951525,0.9430799908170496,0.9856991785152992,-0.0426191876982495,tie,0.0426191876982496
GSM4138134,19,3,542,0.046125461254612546,0.1900369003690037,0.48477442510836616,0.048620591903104776,0.9487257836224308,,,ambiguous,
GSM4138134,19,4,263,0.053231939163498096,0.10646387832699619,0.35416293757100126,0.06144253363626355,0.9421569890415024,,,ambiguous,
GSM4138134,20,1,604,0.076158940397351,0.048013245033112585,-0.0012598122879835026,0.13370131951047595,0.9883069720222312,0.9607718200587292,0.0275351519635019,tie,0.0017294626444933
GSM4138134,20,2,346,0.13872832369942195,0.0953757225433526,0.004187026827065747,0.14553966483490446,0.9411987180562196,,,no_baseline,
GSM4138134,20,3,264,0.14393939393939395,0.045454545454545456,-0.04074774597237295,0.15781444854858942,0.9759291825589228,0.969559158748902,0.0063700238100208,tie,-0.0063700238100206
GSM4138134,21,1,623,0.07865168539325842,0.17656500802568217,0.08111619705109425,0.11257109054756408,0.9432568582514907,,,no_baseline,
GSM4138134,21,2,586,0.07849829351535836,0.051194539249146756,0.01526638435130212,0.12930522336933098,0.9863881152712078,0.9607718200587292,0.0256162952124786,tie,
GSM4138134,22,1,613,0.07504078303425775,0.053833605220228384,-0.004278523031115246,0.132609825339328,0.9873501675760978,0.9607718200587292,0.0265783475173686,tie,
GSM4138134,22,2,333,0.14714714714714713,0.09009009009009009,0.0012366225201006448,0.1433907452997167,0.9412002877907748,,,no_baseline,
GSM4138134,22,3,263,0.14068441064638784,0.053231939163498096,-0.03717159832852245,0.15258340023512953,0.9746775151504488,0.969559158748902,0.0051183564015467,tie,
GSM4138134,23,1,618,0.07766990291262135,0.05177993527508091,-0.004440644460583318,0.13239003150341744,0.988459966808178,0.9607718200587292,0.0276881467494488,tie,
GSM4138134,23,2,332,0.1536144578313253,0.08433734939759036,-0.0027225123153633442,0.1430314122658428,0.9380582706990646,,,no_baseline,
GSM4138134,23,3,259,0.14285714285714285,0.04633204633204633,-0.03820896544336619,0.15235845709417686,0.9752893845949576,0.969559158748902,0.0057302258460556,tie,
GSM4138134,24,1,1211,0.012386457473162676,0.07597027250206441,0.27403900052244134,0.0337957331140646,0.9558621747631711,0.969559158748902,-0.0136969839857308,tie,
GSM4138134,25,1,64,0.140625,0.046875,0.20674727321901382,0.08248843469180116,0.9690130106871084,,,ambiguous,
GSM4138134,25,2,222,0.14414414414414414,0.06306306306306306,0.213613749083795,0.08674641903138232,0.9371871965731344,,,no_baseline,
GSM4138134,25,3,353,0.11048158640226628,0.0906515580736544,0.22973394346417195,0.08414051819673503,0.9499897780467192,,,ambiguous,
GSM4138134,25,4,385,0.12467532467532468,0.0987012987012987,0.26141232250911445,0.07891995498901397,0.9589012803898738,0.9856991785152992,-0.0267978981254254,tie,
GSM4138134,25,6,182,0.15934065934065933,0.06593406593406594,0.22496890117314233,0.08568211336765745,0.9532894828318588,,,ambiguous,
GSM4138134,26,1,314,0.1305732484076433,0.11146496815286625,0.05155927432091288,0.09887979131911326,0.9202299965529472,,,ambiguous,
GSM4138134,26,2,530,0.09433962264150944,0.07735849056603773,0.06757623635552827,0.08598813253285358,0.964637213171016,,,ambiguous,
GSM4138134,26,4,344,0.13953488372093023,0.06395348837209303,0.03405535817010394,0.10732156036478906,0.9592541760602472,,,ambiguous,
GSM4138134,27,1,735,0.08979591836734693,0.15374149659863945,0.09067908017841271,0.07641086026835009,0.9372557454156688,,,ambiguous,
GSM4138134,27,11,31,0.12903225806451613,0.0,0.00576598676369244,0.07878773993773575,0.9786019471069078,,,ambiguous,
GSM4138134,27,19,25,0.0,0.04,0.02273860740865876,0.04619730450063661,0.9891750342062082,,,ambiguous,
GSM4138134,27,3,410,0.16097560975609757,0.07317073170731707,0.04765687262548582,0.09763738059263558,0.9734037134463248,,,ambiguous,
GSM4138134,28,1,1215,0.0016460905349794238,0.0024691358024691358,0.1190051082772582,0.044076455653616856,0.9551895690151568,,,ambiguous,
GSM4138134,29,1,682,0.093841642228739,0.16129032258064516,0.17748604013864275,0.06481149985845543,0.9549330645503952,,,ambiguous,
GSM4138134,29,10,35,0.08571428571428572,0.0,0.022822453700260818,0.08086395343529722,0.9301500324321228,,,ambiguous,
GSM4138134,29,11,67,0.08955223880597014,0.0,0.0026220342541932403,0.10319015171028119,0.9685727653764666,,,ambiguous,
GSM4138134,29,2,214,0.03271028037383177,0.1308411214953271,0.1708183701939549,0.053180695686926314,0.9560458281664932,,,ambiguous,
GSM4138134,29,3,148,0.13513513513513514,0.033783783783783786,0.04901128789683493,0.10126603517635843,0.9436129816608488,,,no_baseline,
GSM4138134,29,8,52,0.038461538461538464,0.0,0.014007344441967665,0.0986841683886604,0.9859165328246438,,,ambiguous,
GSM4138134,30,1,1145,0.07161572052401746,0.10043668122270742,0.28066426716141746,0.024590410411414677,0.9545396272711046,,,ambiguous,
GSM4138134,30,2,44,0.022727272727272728,0.045454545454545456,0.22691960321860635,0.021304224736703112,0.9827831242281436,,,ambiguous,
GSM4138134,30,6,19,0.21052631578947367,0.0,-0.003786598888002875,0.10541510886496124,0.9800243288401064,,,ambiguous,
GSM4138134,30,8,15,0.13333333333333333,0.0,-0.05512855700315707,0.1801590465520772,0.986211903316754,,,ambiguous,
GSM4138134,31,1,98,0.15306122448979592,0.04081632653061224,0.220060375283717,0.06843558408015933,0.9723603348204868,,,no_baseline,
GSM4138134,31,2,645,0.08682170542635659,0.11162790697674418,0.2195579780248211,0.05105474091509186,0.9529001757151854,,,ambiguous,
GSM4138134,31,3,245,0.11020408163265306,0.08979591836734693,0.21118426649107952,0.05940812002774023,0.9229479765835112,,,ambiguous,
GSM4138134,31,5,219,0.1004566210045662,0.045662100456621,0.17487350496738596,0.059775899476804416,0.9531012668658678,,,ambiguous,
GSM4138134,32,1,1225,0.08653061224489796,0.08571428571428572,0.12027329818228205,0.05616081108436577,0.9514386974551156,0.9856991785152992,-0.0342604810601836,tie,
GSM4138134,33,1,140,0.15714285714285714,0.07142857142857142,0.14289867756705016,0.061248373600799724,0.9793108811978908,,,ambiguous,
GSM4138134,33,2,390,0.1076923076923077,0.08205128205128205,0.15685614204972934,0.05851959229324202,0.932594505392855,,,ambiguous,
GSM4138134,33,3,669,0.09267563527653214,0.09566517189835576,0.15031557141488913,0.0561039626227335,0.953134020603868,0.9856991785152992,-0.0325651579114312,tie,
GSM4138134,34,1,705,0.06950354609929078,0.1773049645390071,0.27937160544680306,0.04672696728278669,0.937762972283916,,,ambiguous,
GSM4138134,34,15,50,0.04,0.0,0.0596512288817856,0.07190389618834793,0.9611893216322628,,,ambiguous,
GSM4138134,34,2,156,0.05128205128205128,0.07051282051282051,0.19872906346282107,0.06254241235300981,0.9793283715163787,,,no_baseline,
GSM4138134,34,5,195,0.19487179487179487,0.020512820512820513,0.09201351097369367,0.09488408383272261,0.9571485392916717,,,ambiguous,
GSM4138134,34,9,102,0.058823529411764705,0.0,0.09766233756704094,0.09233126623735327,0.9550024672321626,,,ambiguous,
GSM4138134,35,1,696,0.05459770114942529,0.16235632183908047,0.3165164363673649,0.051134426786764386,0.930882405564442,0.9856991785152992,-0.0548167729508571,less_pure,
GSM4138134,35,2,156,0.03205128205128205,0.09615384615384616,0.2750145405520498,0.056736933764217866,0.971126322908702,,,ambiguous,
GSM4138134,35,3,114,0.09649122807017543,0.043859649122807015,0.23555446730371565,0.05985208856818675,0.9731923540341636,,,ambiguous,
GSM4138134,35,5,223,0.11659192825112108,0.008968609865470852,0.14185889980587285,0.07980717282983321,0.9741302947004468,,,ambiguous,
GSM4138135,3,1,83,0.024096385542168676,0.1927710843373494,0.6141638752159346,0.10813966877452531,0.927267289854672,,,ambiguous,
GSM4138135,3,2,757,0.02774108322324967,0.07926023778071334,0.24891465473342048,0.1346156683102747,0.6661004420957182,,,ambiguous,
GSM4138135,3,3,19,0.05263157894736842,0.0,-0.20927104243245517,0.0891485193029462,0.959234825015316,,,ambiguous,
GSM4138135,4,1,114,0.12280701754385964,0.10526315789473684,0.5436110186846086,0.09181525468054923,0.9320250141602636,,,ambiguous,
GSM4138135,4,2,521,0.09213051823416507,0.07869481765834933,0.37475145945713223,0.12448889143864528,0.7258529413620705,,,ambiguous,
GSM4138135,4,3,18,0.0,0.0,-0.12108431851083876,0.11352953924170353,0.9773181223355704,,,ambiguous,
GSM4138135,4,4,206,0.0970873786407767,0.07281553398058252,0.05327977968106652,0.13743439748293393,0.7622950979702181,,,ambiguous,
GSM4138135,5,1,118,0.1016949152542373,0.11016949152542373,0.440138094621128,0.08947888078687326,0.9355637461062194,,,ambiguous,
GSM4138135,5,2,493,0.09330628803245436,0.09533468559837728,0.291678761138759,0.13008857998754703,0.743947241441501,,,ambiguous,
GSM4138135,5,3,18,0.0,0.0,-0.10231774019243314,0.11540457444007934,0.9773181223355704,,,ambiguous,
GSM4138135,5,4,209,0.09090909090909091,0.09090909090909091,0.055926235772479196,0.13855546132533164,0.7611300250956905,,,ambiguous,
GSM4138135,5,5,21,0.0,0.0,0.11397232630896463,0.0803475999832856,1.0,1.0,0.0,tie,0.0
GSM4138135,6,1,151,0.11920529801324503,0.2185430463576159,0.40729662431652974,0.093801964977,0.9182426453100236,,,ambiguous,
GSM4138135,6,2,82,0.08536585365853659,0.17073170731707318,0.31233628601389624,0.09300030524585072,0.8350946368133607,0.841697457205539,-0.0066028203921782,tie,0.0045493964627606
GSM4138135,6,3,359,0.13649025069637882,0.11420612813370473,0.20211302872275394,0.13027303838975585,0.7495144487620636,0.6821237468466982,0.0673907019153654,purer,0.006785056852984
GSM4138135,6,4,228,0.10526315789473684,0.11842105263157894,0.06701315637172421,0.14997169381583605,0.7658426306984571,,,ambiguous,
GSM4138135,6,5,18,0.05555555555555555,0.05555555555555555,-0.04505919631866197,0.09894596960126453,0.9714275620812332,0.9787886250594096,-0.0073610629781764,tie,0.0073610629781764
GSM4138135,6,6,21,0.0,0.0,0.18278166707443094,0.07589290461050069,1.0,1.0,0.0,tie,0.0
GSM4138135,7,1,149,0.09395973154362416,0.24161073825503357,0.42333312412420954,0.08851994272624489,0.9285470774509396,,,no_baseline,
GSM4138135,7,2,32,0.25,0.1875,0.21787039557555898,0.1259512736647801,0.8563168086952782,0.841697457205539,0.0146193514897391,tie,0.0551986536608839
GSM4138135,7,3,357,0.12605042016806722,0.15406162464985995,0.19744788063184546,0.12291765516237398,0.7525181923360985,0.6821237468466982,0.0703944454894003,purer,0.0037930071013381
GSM4138135,7,4,52,0.09615384615384616,0.19230769230769232,0.30848943074834323,0.08415905922838525,0.8668438473674768,,,ambiguous,
GSM4138135,7,5,229,0.08296943231441048,0.1222707423580786,0.09184342351105206,0.14413355558682936,0.7612422218299462,,,ambiguous,
GSM4138135,7,6,19,0.05263157894736842,0.10526315789473684,0.027513620638800834,0.10850010615291632,0.959234825015316,0.9787886250594096,-0.0195538000440935,tie,0.0195538000440935
GSM4138135,7,7,21,0.0,0.0,0.1662906395225522,0.07108498619757289,1.0,1.0,0.0,tie,0.0
GSM4138135,8,1,167,0.11976047904191617,0.23952095808383234,0.35707302455496215,0.09260527182344483,0.916279525531683,,,no_baseline,
GSM4138135,8,2,32,0.1875,0.25,0.25042098187569817,0.11674059898309279,0.8551474788246496,0.841697457205539,0.0134500216191105,tie,0.058313532095917
GSM4138135,8,3,299,0.21070234113712374,0.13712374581939799,0.07600326440979327,0.14247757794917648,0.7684374588995865,0.6821237468466982,0.0863137120528882,purer,0.0052875729576585
GSM4138135,8,4,54,0.05555555555555555,0.18518518518518517,0.3059316493031027,0.08594860082639356,0.8589388486313215,,,ambiguous,
GSM4138135,8,5,237,0.08860759493670886,0.12658227848101267,0.11799611309004614,0.13380696852955043,0.7609559043149504,,,ambiguous,
GSM4138135,8,6,19,0.05263157894736842,0.10526315789473684,0.04634264697532396,0.0998814991281064,0.959234825015316,0.9787886250594096,-0.0195538000440935,tie,0.0195538000440935
GSM4138135,8,7,30,0.23333333333333334,0.23333333333333334,0.10630375330110793,0.12075530224642689,0.8532372807392307,0.6821237468466982,0.1711135338925324,purer,0.0
GSM4138135,8,8,21,0.0,0.0,0.1722909022592402,0.06436958550896951,1.0,1.0,0.0,tie,0.0
GSM4138135,9,1,167,0.11377245508982035,0.24550898203592814,0.32510289870429315,0.09184763382681413,0.918663003250709,,,no_baseline,
GSM4138135,9,2,31,0.22580645161290322,0.22580645161290322,0.2563567829444775,0.11851755728791562,0.8766734228684006,0.841697457205539,0.0349759656628615,tie,0.036787588052166
GSM4138135,9,3,285,0.27017543859649124,0.1368421052631579,0.06439810301910942,0.1409400600847954,0.7744106247085092,0.6821237468466982,0.092286877861811,purer,0.0016004624937258
GSM4138135,9,4,31,0.06451612903225806,0.3548387096774194,0.4290376444267919,0.09960368876206997,0.9126530122957772,,,ambiguous,
GSM4138135,9,5,243,0.09465020576131687,0.12757201646090535,0.10543908391123738,0.13265030569617817,0.7645184694689076,,,ambiguous,
GSM4138135,9,6,19,0.05263157894736842,0.10526315789473684,0.05049826649627262,0.09764529371558012,0.959234825015316,0.9787886250594096,-0.0195538000440935,tie,0.0195538000440935
GSM4138135,9,7,32,0.25,0.21875,0.10412083794658678,0.11212414981016341,0.8506824579896967,0.6821237468466982,0.1685587111429984,purer,0.0
GSM4138135,9,8,30,0.0,0.13333333333333333,0.3144884441085029,0.08789160943000554,0.9258735720252302,0.841697457205539,0.0841761148196912,purer,0.0
GSM4138135,9,9,21,0.0,0.0,0.15640921274155786,0.06856210381527846,1.0,1.0,0.0,tie,0.0
GSM4138135,10,1,105,0.02857142857142857,0.3523809523809524,0.3022604933970576,0.10019804979620867,0.9245104343425375,0.8944589205248566,0.0300515138176808,tie,0.0476001740257472
GSM4138135,10,10,21,0.0,0.0,0.15090713890644533,0.07077458957980522,1.0,1.0,0.0,tie,0.0
GSM4138135,10,2,26,0.0,0.23076923076923078,0.31373469033579693,0.0860173692425758,0.9676991640382284,,,no_baseline,
GSM4138135,10,3,39,0.15384615384615385,0.41025641025641024,0.30271235578698175,0.11471933782438114,0.8762579145582194,0.841697457205539,0.0345604573526804,tie,0.0372030963623472
GSM4138135,10,4,307,0.09446254071661238,0.254071661237785,0.11405861436220853,0.12722227928248428,0.7721522067257113,0.6821237468466982,0.090028459879013,purer,0.0027536796242144
GSM4138135,10,5,245,0.036734693877551024,0.21224489795918366,0.11311635194630959,0.12665771430487888,0.764367919517573,,,ambiguous,
GSM4138135,10,6,32,0.0625,0.6875,0.49706335054600637,0.08975049106569384,0.9026518339753896,,,ambiguous,
GSM4138135,10,7,19,0.0,0.10526315789473684,0.013709977382287464,0.13296299131340686,0.959234825015316,0.9787886250594096,-0.0195538000440935,tie,0.0195538000440935
GSM4138135,10,8,35,0.05714285714285714,0.2571428571428571,0.09491364918400376,0.11499477002525134,0.8591470593181161,0.6821237468466982,0.1770233124714179,purer,0.0
GSM4138135,10,9,30,0.0,0.16666666666666666,0.27928721059011585,0.08460570223765303,0.9258735720252302,0.841697457205539,0.0841761148196912,purer,0.0
GSM4138135,11,1,189,0.12169312169312169,0.26455026455026454,0.26656472358611727,0.09567466285060709,0.9014743758604192,,,ambiguous,
GSM4138135,11,10,21,0.0,0.0,0.1497765106097233,0.06687775215619753,1.0,1.0,0.0,tie,0.0
GSM4138135,11,2,31,0.22580645161290322,0.3225806451612903,0.22519261457835052,0.11550904355910162,0.8540886007125837,0.841697457205539,0.0123911435070447,tie,0.0593724102079828
GSM4138135,11,3,277,0.2851985559566787,0.1371841155234657,0.05775985113636721,0.14018326836380482,0.7902687975309766,0.6821237468466982,0.1081450506842783,purer,-0.003002388591798
GSM4138135,11,4,222,0.10810810810810811,0.14864864864864866,0.07423050738039819,0.13334551067154168,0.7650344344499307,,,ambiguous,
GSM4138135,11,5,29,0.10344827586206896,0.3793103448275862,0.37290654607393264,0.09940943601711846,0.91422723884292,,,ambiguous,
GSM4138135,11,6,19,0.05263157894736842,0.10526315789473684,0.07348274359600661,0.08963158139912565,0.959234825015316,0.9787886250594096,-0.0195538000440935,tie,0.0195538000440935
GSM4138135,11,7,32,0.28125,0.21875,0.07304341628962,0.11659161996385925,0.8708925545053264,0.6821237468466982,0.1887688076586282,purer,0.0
GSM4138135,11,9,30,0.0,0.13333333333333333,0.28490970962617757,0.0797020130185743,0.9258735720252302,0.841697457205539,0.0841761148196912,purer,0.0
GSM4138135,12,1,109,0.03669724770642202,0.3394495412844037,0.25217131894774075,0.10200209031019011,0.9335179694893234,0.8944589205248566,0.0390590489644667,tie,0.0431782290206002
GSM4138135,12,10,30,0.0,0.2,0.2407344609146942,0.08235200823540416,0.9258735720252302,0.841697457205539,0.0841761148196912,purer,0.0
GSM4138135,12,11,21,0.0,0.0,0.12928844553210286,0.07408665642125564,1.0,1.0,0.0,tie,0.0
GSM4138135,12,2,25,0.04,0.24,0.21458244999870651,0.09690220400680437,0.9812734851395932,,,no_baseline,
GSM4138135,12,3,40,0.125,0.4,0.25352543231681834,0.11130995671410848,0.8551721218126433,0.841697457205539,0.0134746646071043,tie,0.0582888891079232
GSM4138135,12,4,305,0.10163934426229508,0.23278688524590163,0.10699949715518124,0.12480526635779146,0.7893858926309236,0.6821237468466982,0.1072621457842254,purer,0.0005096904899123
GSM4138135,12,5,32,0.09375,0.59375,0.3977208007656377,0.09040180033509977,0.8941017024787461,,,ambiguous,
GSM4138135,12,6,232,0.05172413793103448,0.1896551724137931,0.09150580215163376,0.12408373671210748,0.7575591886487226,,,ambiguous,
GSM4138135,12,7,19,0.0,0.10526315789473684,0.052506669914146764,0.11124810132718978,0.959234825015316,0.9787886250594096,-0.0195538000440935,tie,0.0195538000440935
GSM4138135,12,8,34,0.08823529411764706,0.3235294117647059,0.08843828408901318,0.11662594399438653,0.8666527353605346,0.6821237468466982,0.1845289885138363,purer,0.0
GSM4138135,13,1,118,0.03389830508474576,0.3135593220338983,0.2433401304061067,0.09984017717491026,0.923618365661272,0.8944589205248566,0.0291594451364153,tie,0.0535877750339356
GSM4138135,13,10,30,0.0,0.16666666666666666,0.2292535181221985,0.08197067615925425,0.9258735720252302,0.841697457205539,0.0841761148196912,purer,0.0
GSM4138135,13,11,21,0.0,0.0,0.12342959217344156,0.07391486294597978,1.0,1.0,0.0,tie,0.0
GSM4138135,13,2,25,0.04,0.32,0.2321968270902093,0.09582372700794037,0.9833249787811448,,,no_baseline,
GSM4138135,13,3,48,0.10416666666666667,0.4583333333333333,0.26166857150437456,0.10660423815461513,0.8715458047716546,0.841697457205539,0.0298483475661155,tie,0.041915206148912
GSM4138135,13,4,307,0.10423452768729642,0.23452768729641693,0.10989182075570882,0.1234549812582302,0.7700675452133179,0.6821237468466982,0.0879437983666197,purer,0.003906651019253
GSM4138135,13,5,31,0.06451612903225806,0.5161290322580645,0.3917978154164355,0.0876492223277923,0.8938524224223909,,,ambiguous,
GSM4138135,13,6,19,0.0,0.10526315789473684,0.06202478348266838,0.11330176784173755,0.959234825015316,0.9787886250594096,-0.0195538000440935,tie,0.0195538000440935
GSM4138135,13,7,211,0.04739336492890995,0.25118483412322273,0.11614074410849887,0.11760463575063956,0.7562514299690092,,,ambiguous,
GSM4138135,13,8,36,0.08333333333333333,0.3055555555555556,0.09885271309884691,0.11192184934095578,0.8644888428593983,0.6821237468466982,0.1823650960127001,purer,0.0
GSM4138135,14,1,100,0.03,0.34,0.2350087158482999,0.09568145346994571,0.9298112714421184,0.8944589205248566,0.0353523509172617,tie,0.0460649932837233
GSM4138135,14,11,29,0.0,0.20689655172413793,0.1956649869642146,0.08636000051481822,0.963303857441162,0.841697457205539,0.1216064002356229,purer,0.0
GSM4138135,14,12,21,0.0,0.0,0.12341083030081938,0.07010034299935086,1.0,1.0,0.0,tie,0.0
GSM4138135,14,2,31,0.0,0.25806451612903225,0.20996559626675745,0.10245268493362845,0.9733785119084668,,,no_baseline,
GSM4138135,14,3,27,0.1111111111111111,0.4074074074074074,0.18524424967658593,0.11261034226389545,0.8668342718766336,0.841697457205539,0.0251368146710946,tie,0.0465002067622805
GSM4138135,14,4,307,0.11074918566775244,0.23127035830618892,0.106307911811733,0.12204608936703847,0.7701670404649485,0.6821237468466982,0.0880432936182503,purer,0.0058926131918283
GSM4138135,14,5,51,0.0784313725490196,0.2549019607843137,0.13952709162070867,0.11433747734388036,0.9579604625516274,,,ambiguous,
GSM4138135,14,6,31,0.06451612903225806,0.5161290322580645,0.36712121616148663,0.08837628440797135,0.8938524224223909,,,ambiguous,
GSM4138135,14,7,19,0.0,0.10526315789473684,0.050770800122741565,0.11784881608595572,0.959234825015316,0.9787886250594096,-0.0195538000440935,tie,0.0195538000440935
GSM4138135,14,8,37,0.10810810810810811,0.2702702702702703,0.060591082035282295,0.11507295475161132,0.8633195692055775,0.6821237468466982,0.1811958223588793,purer,0.0
GSM4138135,14,9,193,0.05699481865284974,0.21761658031088082,0.084881761497675,0.1218490003325846,0.7630136996051197,,,ambiguous,
GSM4138135,15,1,161,0.06832298136645963,0.37888198757763975,0.2659265264124241,0.09671156915932641,0.8647437832770726,,,no_baseline,
GSM4138135,15,10,21,0.0,0.0,0.11318651231539296,0.06549917224691344,1.0,1.0,0.0,tie,0.0
GSM4138135,15,11,98,0.19387755102040816,0.05102040816326531,-0.10751881922513261,0.18971665557657144,0.8126176986584357,,,ambiguous,
GSM4138135,15,2,33,0.0,0.21212121212121213,0.36978542899717937,0.08005866329000993,0.94218054985661,,,no_baseline,
GSM4138135,15,3,229,0.09606986899563319,0.42358078602620086,0.36827451603766787,0.08420216213675019,0.7913406208709431,,,ambiguous,
GSM4138135,15,4,17,0.0,0.11764705882352941,0.028183053538199387,0.13014738619940155,0.977938478665462,0.9787886250594096,-0.0008501463939475,tie,6.480225937444128e-05
GSM4138135,15,5,118,0.09322033898305085,0.2288135593220339,0.11431760547779513,0.12627623848998612,0.8360637720797932,,,ambiguous,
GSM4138135,15,7,132,0.19696969696969696,0.12878787878787878,0.026625113405942855,0.14659318052785586,0.7844857509071267,0.6821237468466982,0.1023620040604285,purer,-0.0003857428254125
GSM4138135,15,8,23,0.043478260869565216,0.13043478260869565,0.28628005765166153,0.08434760068428099,0.9600980240770643,0.841697457205539,0.1184005668715253,purer,-0.0005362903657673
GSM4138135,16,1,818,0.007334963325183374,0.03178484107579462,0.18519217053760922,0.05471153969573555,0.6748683641759585,,,ambiguous,
GSM4138135,16,5,15,0.2,0.0,0.006140036345123543,0.1397011975636729,0.9907505629310543,1.0,-0.0092494370689456,tie,0.0
GSM4138135,17,1,791,0.07458912768647281,0.06573957016434892,0.33183572251094223,0.0360861462244594,0.6799827781610767,,,ambiguous,
GSM4138135,17,2,18,0.16666666666666666,0.05555555555555555,0.04234815501247226,0.13451405043477652,0.9784301578221192,0.9787886250594096,-0.0003584672372903,tie,-0.0002014683918518
GSM4138135,17,3,26,0.38461538461538464,0.0,-0.0009427404040412402,0.18421689119310536,0.9027923632356256,,,ambiguous,
GSM4138135,17,4,18,0.2222222222222222,0.0,-0.07838985429190876,0.18533392776260102,1.0,1.0,0.0,tie,0.0
GSM4138135,18,1,761,0.018396846254927726,0.026281208935611037,0.3018969043463301,0.02997437690640181,0.6924472393962755,,,ambiguous,
GSM4138135,18,3,15,0.26666666666666666,0.0,-0.10061549512000738,0.2269007708254395,1.0,1.0,0.0,tie,0.0
GSM4138135,18,6,57,0.15789473684210525,0.0,-0.05800677994950478,0.15851351450895362,0.8064139415728604,,,ambiguous,
GSM4138135,19,1,47,0.2553191489361702,0.06382978723404255,0.2194939254084694,0.08734593495429689,0.8694119808575891,,,no_baseline,
GSM4138135,19,10,20,0.1,0.0,0.024330842487448812,0.10377965854229851,1.0,1.0,0.0,tie,0.0
GSM4138135,19,2,20,0.05,0.1,0.15194627004799932,0.04694850256105586,0.9605975090792012,0.9787886250594096,-0.0181911159802083,tie,0.0181911159802083
GSM4138135,19,3,73,0.2602739726027397,0.136986301369863,0.34129024667529057,0.07994183592180422,0.8268376244970428,,,ambiguous,
GSM4138135,19,4,361,0.296398891966759,0.08033240997229917,0.17535060601007355,0.10127860773027081,0.7857999585531228,,,ambiguous,
GSM4138135,19,6,17,0.5882352941176471,0.0,0.00577686145755783,0.13382363236290704,0.9623726128400462,,,ambiguous,
GSM4138135,19,7,249,0.17670682730923695,0.08032128514056225,0.1527817151366892,0.0996715461448922,0.7663896379855526,,,ambiguous,
GSM4138135,19,8,22,0.3181818181818182,0.0,-0.10015030093451566,0.186937205756543,0.9699383118781512,0.841697457205539,0.1282408546726121,purer,0.0
GSM4138135,19,9,33,0.42424242424242425,0.0,-0.06963601442172972,0.1957612712680696,0.9537004374467444,,,ambiguous,
GSM4138135,20,1,53,0.03773584905660377,0.33962264150943394,0.1942842581669839,0.09587731934114559,0.9524366656412898,0.8944589205248566,0.0579777451164331,purer,0.0291864791350112
GSM4138135,20,11,30,0.0,0.26666666666666666,0.16550884453338274,0.07205168382677227,0.9436620345371954,0.841697457205539,0.1019645773316564,purer,0.0
GSM4138135,20,12,37,0.10810810810810811,0.13513513513513514,-0.0005533133605336342,0.15585987598583023,0.9417150592232444,,,ambiguous,
GSM4138135,20,13,21,0.0,0.047619047619047616,0.10125057834235542,0.07402669161335493,1.0,1.0,0.0,tie,0.0
GSM4138135,20,2,88,0.06818181818181818,0.4659090909090909,0.22799779013826604,0.08950889333669397,0.8648417403251734,,,no_baseline,
GSM4138135,20,3,15,0.06666666666666667,0.06666666666666667,0.08695015128892504,0.0892066851109358,0.9886705363624484,,,no_baseline,
GSM4138135,20,4,319,0.08150470219435736,0.2946708463949843,0.12143530795498038,0.11093017847295882,0.7659325781300987,0.6821237468466982,0.0838088312834005,purer,0.0003675131719752
GSM4138135,20,5,207,0.04830917874396135,0.25120772946859904,0.08483016487845571,0.117119470002114,0.7646966032524612,,,ambiguous,
GSM4138135,20,6,26,0.0,0.6538461538461539,0.29274087932336934,0.0676069273583715,0.9492432162482684,,,ambiguous,
GSM4138135,20,8,19,0.10526315789473684,0.05263157894736842,0.01272109051247314,0.12192697674759166,0.959234825015316,,,ambiguous,
GSM4138135,20,9,24,0.08333333333333333,0.2916666666666667,0.08480304357465529,0.11051235293494634,0.9319274537371514,0.6821237468466982,0.2498037068904531,purer,0.0
GSM4138135,21,1,88,0.09090909090909091,0.38636363636363635,0.2141255345130226,0.09600585521596905,0.9083659427704116,,,no_baseline,
GSM4138135,21,13,29,0.0,0.20689655172413793,0.1296084896798483,0.07725054051598736,0.963303857441162,0.841697457205539,0.1216064002356229,purer,
GSM4138135,21,15,35,0.2857142857142857,0.02857142857142857,-0.0430080209215709,0.16593588646161897,0.9450041201455628,,,ambiguous,
GSM4138135,21,16,21,0.0,0.0,0.10981096092757456,0.06549016977511443,1.0,1.0,0.0,tie,
GSM4138135,21,2,59,0.05084745762711865,0.2542372881355932,0.1750908422534679,0.09656239936096014,0.9473459684928291,0.8944589205248566,0.0528870479679725,purer,
GSM4138135,21,3,302,0.152317880794702,0.2119205298013245,0.08832391840739369,0.11636988519131877,0.7885536852833441,0.6821237468466982,0.1064299384366459,purer,
GSM4138135,21,5,19,0.0,0.05263157894736842,0.06861408402495209,0.10271415850433943,0.959234825015316,0.9787886250594096,-0.0195538000440935,tie,
GSM4138135,21,6,210,0.0761904761904762,0.19047619047619047,0.06655234861459787,0.11387565992059231,0.7617534400397847,,,ambiguous,
GSM4138135,21,7,24,0.041666666666666664,0.4583333333333333,0.23352613823326965,0.07952404800868353,0.947447381567036,,,ambiguous,
GSM4138135,21,8,21,0.23809523809523808,0.19047619047619047,0.04062505021582789,0.119295431970061,0.9320988800307476,0.6821237468466982,0.2499751331840494,purer,
GSM4138135,22,1,58,0.017241379310344827,0.3793103448275862,0.18888565504178817,0.0972103152231765,0.9567157164655564,0.8944589205248566,0.0622567959406997,purer,
GSM4138135,22,15,29,0.0,0.2413793103448276,0.1142711658948087,0.08444123501076858,0.963303857441162,0.841697457205539,0.1216064002356229,purer,
GSM4138135,22,16,21,0.0,0.0,0.1000789545029501,0.06903919102090196,1.0,1.0,0.0,tie,
GSM4138135,22,17,35,0.17142857142857143,0.08571428571428572,-0.03040014395260974,0.1591420452164717,0.9450041201455628,,,ambiguous,
GSM4138135,22,2,61,0.03278688524590164,0.5081967213114754,0.2172489402752294,0.09424613883973347,0.9329971306928836,,,no_baseline,
GSM4138135,22,4,309,0.10679611650485436,0.2621359223300971,0.09112711803552381,0.11457888700261028,0.791695021711628,0.6821237468466982,0.1095712748649297,purer,
GSM4138135,22,6,19,0.0,0.10526315789473684,0.05885982865237941,0.10953996054051136,0.959234825015316,0.9787886250594096,-0.0195538000440935,tie,
GSM4138135,22,7,211,0.04739336492890995,0.24170616113744076,0.0705329707066846,0.11102523284372534,0.760318796574742,,,ambiguous,
GSM4138135,22,8,22,0.18181818181818182,0.2727272727272727,0.04201569528285494,0.11905219444792524,0.9337697715443928,0.6821237468466982,0.2516460246976946,purer,
GSM4138135,22,9,23,0.0,0.6521739130434783,0.23622261147137497,0.07704372660869527,0.9629877445639556,,,ambiguous,
GSM4138135,23,1,34,0.029411764705882353,0.29411764705882354,0.12455260715793826,0.10680246690682399,0.9640526510270956,0.8944589205248566,0.0695937305022389,purer,
GSM4138135,23,11,20,0.25,0.25,0.013081313560443734,0.12644216489556062,0.9357535341780052,0.6821237468466982,0.253629787331307,purer,
GSM4138135,23,15,29,0.0,0.2413793103448276,0.11218790517940708,0.08478101881883912,0.963303857441162,0.841697457205539,0.1216064002356229,purer,
GSM4138135,23,16,93,0.08602150537634409,0.3225806451612903,0.04738455345370632,0.12457221803710479,0.8083240559954444,0.6821237468466982,0.1262003091487462,purer,
GSM4138135,23,17,21,0.0,0.047619047619047616,0.09789017518965004,0.06725779929377425,1.0,1.0,0.0,tie,
GSM4138135,23,18,33,0.18181818181818182,0.09090909090909091,-0.012380913340563567,0.15961849320723323,0.9247060971861232,,,ambiguous,
GSM4138135,23,2,64,0.0625,0.4375,0.1692461478603491,0.10153096885552955,0.9196904546167732,,,no_baseline,
GSM4138135,23,3,18,0.0,0.2222222222222222,0.11512176394275181,0.08961820279880883,0.9787567496339892,,,no_baseline,
GSM4138135,23,4,310,0.1064516129032258,0.2806451612903226,0.09280211109610911,0.11296857472859267,0.7909136120853764,0.6821237468466982,0.1087898652386781,purer,
GSM4138135,23,6,19,0.0,0.10526315789473684,0.06311700365746753,0.10669080405859388,0.959234825015316,0.9787886250594096,-0.0195538000440935,tie,
GSM4138135,23,7,142,0.02112676056338028,0.2605633802816901,0.09123822022126092,0.10939032292273584,0.8694766334146693,,,ambiguous,
GSM4138135,23,8,25,0.04,0.64,0.22415616652889167,0.07915911926864189,0.9498867272766583,,,ambiguous,
GSM4138135,24,1,202,0.11386138613861387,0.29207920792079206,0.39908807753822895,0.04137086063323876,0.7821495814653917,,,no_baseline,
GSM4138135,24,10,21,0.047619047619047616,0.0,0.10208051516723245,0.06525236161297243,1.0,,,ambiguous,
GSM4138135,24,2,499,0.13627254509018036,0.20440881763527055,0.2633656162631713,0.06460300279763054,0.6952323068538647,,,ambiguous,
GSM4138135,24,4,18,0.16666666666666666,0.0,0.0045792532289982086,0.10744875669027622,0.9714275620812332,0.9787886250594096,-0.0073610629781764,tie,
GSM4138135,24,5,23,0.4782608695652174,0.043478260869565216,0.09731285876070804,0.13885766455156484,0.937457226536118,,,ambiguous,
GSM4138135,24,6,50,0.24,0.08,0.057753692724453735,0.14161032908794735,0.8882032707816734,,,ambiguous,
GSM4138135,24,7,26,0.15384615384615385,0.038461538461538464,0.13096094664468036,0.09914228322768887,0.9742457856626292,0.841697457205539,0.1325483284570902,purer,
GSM4138135,25,1,141,0.07801418439716312,0.44680851063829785,0.49653759842471756,0.048990326911400636,0.7681675448251971,,,ambiguous,
GSM4138135,25,10,37,0.24324324324324326,0.2702702702702703,0.28044971816882047,0.08452635928384358,0.8959669069836189,,,ambiguous,
GSM4138135,25,2,189,0.05291005291005291,0.6243386243386243,0.6634277919556194,0.046636237325730794,0.7977394502786201,0.841697457205539,-0.0439580069269188,tie,
GSM4138135,25,3,79,0.0,0.6962025316455697,0.766410485318738,0.033072972906113725,0.8497441533211902,,,ambiguous,
GSM4138135,25,4,34,0.17647058823529413,0.08823529411764706,0.1820054993808753,0.10806420775380993,0.8717273341942928,0.9787886250594096,-0.1070612908651167,less_pure,
GSM4138135,25,5,270,0.07037037037037037,0.1925925925925926,0.26156112846842,0.07205048537415314,0.7418927895001886,0.7699114615871874,-0.0280186720869988,tie,
GSM4138135,25,6,38,0.18421052631578946,0.05263157894736842,0.06856568791376315,0.164241318097943,0.8940888097619003,,,ambiguous,
GSM4138135,25,7,21,0.0,0.0,0.03241984147367808,0.08891660508234052,1.0,1.0,0.0,tie,
GSM4138135,25,8,26,0.38461538461538464,0.07692307692307693,0.014239564535834325,0.18449643004242572,0.9547862766967178,,,ambiguous,
GSM4138135,26,1,521,0.10556621880998081,0.4491362763915547,0.19589033793041194,0.06940932102780119,0.6783867787444933,,,ambiguous,
GSM4138135,26,16,58,0.08620689655172414,0.2413793103448276,0.09745981840643954,0.08287224587673374,0.7669047311379786,,,ambiguous,
GSM4138135,26,2,29,0.13793103448275862,0.0,0.032516835812097244,0.11001726420104138,0.9362034150869132,,,ambiguous,
GSM4138135,26,4,162,0.14814814814814814,0.2654320987654321,0.11339320308471794,0.0803813335513315,0.7429228635741112,,,ambiguous,
GSM4138135,26,5,25,0.08,0.04,0.043216006749898624,0.07235564124582561,0.931263018206314,1.0,-0.068736981793686,less_pure,
GSM4138135,26,7,26,0.19230769230769232,0.23076923076923078,0.11951013803420257,0.10218595489104489,0.9262611768326452,,,ambiguous,
GSM4138135,27,1,556,0.07553956834532374,0.4892086330935252,0.22229307164014742,0.05306589323463489,0.7022355141357772,,,ambiguous,
GSM4138135,27,13,37,0.10810810810810811,0.1891891891891892,0.06299663049182207,0.09012493250888225,0.848956496627931,,,ambiguous,
GSM4138135,27,16,28,0.10714285714285714,0.07142857142857142,0.04569268639157198,0.08234853044383601,0.9710721709258958,,,ambiguous,
GSM4138135,27,3,21,0.23809523809523808,0.0,-0.001906896006432161,0.12280489589396842,0.9393447343985262,,,ambiguous,
GSM4138135,27,4,25,0.0,0.08,0.04898061141957811,0.06257522410635395,0.9276574186040693,1.0,-0.0723425813959307,less_pure,
GSM4138135,27,8,145,0.15172413793103448,0.20689655172413793,0.1005103577775405,0.07875294919856661,0.7141280066304763,,,ambiguous,
GSM4138135,28,1,781,0.04737516005121639,0.2727272727272727,0.3138228057310944,0.030291561017930898,0.6749485101151842,,,ambiguous,
GSM4138135,28,10,19,0.15789473684210525,0.05263157894736842,0.0332331846103537,0.09606737998828226,1.0,,,ambiguous,
GSM4138135,28,2,33,0.030303030303030304,0.06060606060606061,0.13469747083706146,0.07508795821534077,0.8998285954707526,0.841697457205539,0.0581311382652135,purer,
GSM4138135,29,1,169,0.16568047337278108,0.3727810650887574,0.23770322985376122,0.06728687185729233,0.8012806739365311,,,ambiguous,
GSM4138135,29,10,21,0.23809523809523808,0.0,0.020112004789395503,0.12939084837944803,0.9565205633098056,,,ambiguous,
GSM4138135,29,11,50,0.24,0.04,0.07718958516733485,0.09378021101228651,0.872428658058717,,,ambiguous,
GSM4138135,29,2,251,0.16334661354581673,0.2350597609561753,0.15733434226834578,0.08088656893418933,0.703900569282615,,,ambiguous,
GSM4138135,29,3,274,0.22627737226277372,0.07664233576642336,0.07421761063413562,0.10704459017624103,0.6903366360684182,0.841697457205539,-0.1513608211371208,less_pure,
GSM4138135,29,6,15,0.2,0.26666666666666666,0.18284733381524626,0.07650839275917728,0.9768139323900592,,,ambiguous,
GSM4138135,29,8,39,0.23076923076923078,0.05128205128205128,0.07826932745063726,0.09358708734433836,0.8698295207878737,,,ambiguous,
GSM4138135,29,9,21,0.047619047619047616,0.0,0.057972772291627284,0.06670328958714096,1.0,,,ambiguous,
GSM4138135,30,1,649,0.09090909090909091,0.47303543913713403,0.40504408733313557,0.02011154667928504,0.6963370845204001,,,ambiguous,
GSM4138135,30,12,25,0.24,0.04,0.1128244033723216,0.06773770866340309,0.9657166121204372,,,ambiguous,
GSM4138135,30,2,95,0.15789473684210525,0.17894736842105263,0.30011030409557543,0.02726601424192183,0.7653531021815436,,,ambiguous,
GSM4138135,30,5,19,0.21052631578947367,0.0,-0.081739994423719,0.2430739183515579,1.0,,,ambiguous,
GSM4138135,30,6,26,0.15384615384615385,0.0,0.06707504968760844,0.09020600542084284,0.9473772819075342,,,ambiguous,
GSM4138135,30,8,31,0.5483870967741935,0.06451612903225806,0.11192998825299344,0.11699289958353026,0.9010789959066604,,,ambiguous,
GSM4138135,31,1,98,0.08163265306122448,0.2653061224489796,0.3683016695174052,0.043206858845946,0.778882599773777,0.841697457205539,-0.0628148574317619,less_pure,
GSM4138135,31,2,332,0.11144578313253012,0.4879518072289157,0.4103395596769458,0.03733834533494729,0.7214607176155636,,,ambiguous,
GSM4138135,31,3,180,0.03888888888888889,0.6277777777777778,0.4896246430329484,0.023480434415477043,0.7228690367044825,,,ambiguous,
GSM4138135,31,4,49,0.08163265306122448,0.24489795918367346,0.3454952043330531,0.03538041905004592,0.8354237267524922,,,no_baseline,
GSM4138135,31,5,139,0.09352517985611511,0.4028776978417266,0.35598894957401495,0.05047803334183012,0.7766993620518267,,,ambiguous,
GSM4138135,31,6,19,0.05263157894736842,0.3684210526315789,0.3708155511558103,0.019933766450871644,0.9771790596266582,,,ambiguous,
GSM4138135,31,7,26,0.11538461538461539,0.038461538461538464,0.0559287758393255,0.119794573344104,0.9431485268624266,1.0,-0.0568514731375734,less_pure,
GSM4138135,32,1,804,0.10572139303482588,0.35199004975124376,0.19560001808367,0.0477070806522892,0.6909387834199816,0.9787886250594096,-0.2878498416394279,less_pure,
GSM4138135,32,8,17,0.058823529411764705,0.0,0.041349742473530814,0.08898879516885652,1.0,,,ambiguous,
GSM4138135,33,1,149,0.11409395973154363,0.2684563758389262,0.24396639114007573,0.05233117003568786,0.7516299785300349,,,ambiguous,
GSM4138135,33,10,17,0.4117647058823529,0.0,-0.10591817810714406,0.23814770395856832,1.0,,,ambiguous,
GSM4138135,33,12,29,0.06896551724137931,0.20689655172413793,0.17488049940627515,0.06360379689829156,0.8940885158807265,,,ambiguous,
GSM4138135,33,2,275,0.05818181818181818,0.48727272727272725,0.3181596220351736,0.03969987026868293,0.7003144193661066,,,ambiguous,
GSM4138135,33,3,319,0.16614420062695925,0.3573667711598746,0.23676533227746493,0.0529817249566007,0.7389517772459112,0.9787886250594096,-0.2398368478134983,less_pure,
GSM4138135,33,6,15,0.2,0.3333333333333333,0.21213593812461784,0.04615772906532729,0.9525657368270758,,,ambiguous,
GSM4138135,33,7,15,0.06666666666666667,0.13333333333333333,0.1658779544975953,0.07183136319540248,0.9510471538644252,,,ambiguous,
GSM4138135,34,1,201,0.08955223880597014,0.5373134328358209,0.4412264544131784,0.03817319564749324,0.7657565535130203,,,ambiguous,
GSM4138135,34,18,16,0.0625,0.0,0.024012197994892716,0.11404237965783835,1.0,,,ambiguous,
GSM4138135,34,2,46,0.06521739130434782,0.21739130434782608,0.37118717893035574,0.04521909494445438,0.914469676714844,0.841697457205539,0.072772219509305,purer,
GSM4138135,34,3,309,0.19741100323624594,0.13268608414239483,0.16150418673874345,0.07573732630521561,0.760381742310447,0.7699114615871874,-0.0095297192767404,tie,
GSM4138135,34,4,17,0.17647058823529413,0.35294117647058826,0.3254806329579398,0.043800961597925556,0.9396213555665732,,,ambiguous,
GSM4138135,34,5,210,0.2,0.26666666666666666,0.2781697131669485,0.06573199923726723,0.7823588841185887,,,ambiguous,
GSM4138135,34,9,17,0.35294117647058826,0.11764705882352941,0.18422560629040463,0.08822405527786094,0.9673732716672484,,,ambiguous,
GSM4138135,35,1,188,0.11170212765957446,0.4308510638297872,0.43327616888411397,0.05208636797081347,0.7687897189010139,0.9787886250594096,-0.2099989061583956,less_pure,
GSM4138135,35,11,71,0.4225352112676056,0.056338028169014086,0.12810746900753373,0.10376063327564826,0.825934210153347,,,ambiguous,
GSM4138135,35,12,23,0.21739130434782608,0.2608695652173913,0.25611055240302216,0.06846121992994063,0.9425530858750244,,,ambiguous,
GSM4138135,35,13,19,0.0,0.0,0.024096442145391556,0.1263689689076442,1.0,,,ambiguous,
GSM4138135,35,15,173,0.37572254335260113,0.023121387283236993,0.11710843329297768,0.10348851886898788,0.772773735573543,,,ambiguous,
GSM4138135,35,2,43,0.13953488372093023,0.3488372093023256,0.4430367917147014,0.05178028262563445,0.8986577904844929,,,ambiguous,
GSM4138135,35,3,17,0.058823529411764705,0.47058823529411764,0.455644978141672,0.05178187316540409,0.980087193321093,,,ambiguous,
GSM4138135,35,4,90,0.23333333333333334,0.13333333333333333,0.17113452324988818,0.08884621879249036,0.8542896554052558,,,ambiguous,
GSM4138135,35,5,164,0.22560975609756098,0.25,0.3165023049007031,0.06598191327824246,0.820858389599418,,,ambiguous,
GSM4138136,3,1,641,0.0,0.0,0.31040282688224574,0.05133088829304052,0.897545671138613,,,ambiguous,
GSM4138136,4,1,641,0.0,0.0109204368174727,0.454762874501797,0.05022569512571601,0.897545671138613,,,ambiguous,
GSM4138136,5,1,641,0.0,0.0093603744149766,0.353187649146872,0.056783996785719604,0.897545671138613,,,ambiguous,
GSM4138136,6,1,641,0.0,0.0234009360374415,0.26884195757409585,0.07012294030411491,0.897545671138613,,,ambiguous,
GSM4138136,7,1,634,0.00473186119873817,0.015772870662460567,0.2168299891789778,0.07687545708364098,0.911325329709356,,,no_baseline,
GSM4138136,8,1,634,0.00473186119873817,0.022082018927444796,0.1800481748228459,0.08000579411928753,0.911325329709356,,,no_baseline,
GSM4138136,9,1,632,0.0031645569620253164,0.02689873417721519,0.1566820002030065,0.08463810225449356,0.9157671192704844,,,no_baseline,
GSM4138136,10,1,390,0.03076923076923077,0.03076923076923077,-0.03872418828520285,0.14687912106174975,0.9596487329854694,0.944450659488512,0.0151980734969573,tie,0.0156026485030084
GSM4138136,10,2,240,0.041666666666666664,0.07916666666666666,0.014055283121113878,0.13017628270385503,0.926020822115026,0.978914746972955,-0.0528939248579289,less_pure,0.0528939248579291
GSM4138136,11,1,639,0.003129890453834116,0.018779342723004695,0.10549763734267766,0.08568817757176819,0.9030420718636254,,,ambiguous,
GSM4138136,12,1,383,0.028720626631853787,0.02610966057441253,-0.03474468489953054,0.14804160903056796,0.960738491451086,0.944450659488512,0.0162878319625739,tie,0.0155579942644276
GSM4138136,12,2,250,0.048,0.096,0.0362271580293005,0.12285119184813403,0.9172528911685482,0.978914746972955,-0.0616618558044067,less_pure,0.0616618558044067
GSM4138136,13,1,384,0.033854166666666664,0.028645833333333332,-0.025654397129882312,0.14594388255443272,0.9621497611893006,0.944450659488512,0.0176991017007885,tie,0.0133467595288231
GSM4138136,13,2,246,0.044715447154471545,0.08130081300813008,0.028655382772788066,0.12410886039468444,0.9251646870637454,0.978914746972955,-0.0537500599092095,less_pure,0.0537500599092095
GSM4138136,14,1,384,0.028645833333333332,0.026041666666666668,-0.02358530390160329,0.1446559653249356,0.9600140520647056,0.944450659488512,0.0155633925761935,tie,0.0146609331311473
GSM4138136,14,2,245,0.053061224489795916,0.06938775510204082,0.018505252705022845,0.129024662443206,0.9248283996185832,0.978914746972955,-0.0540863473543717,less_pure,0.0540863473543716
GSM4138136,15,1,429,0.02097902097902098,0.04895104895104895,0.03269314414861159,0.12076471860058467,0.9240877869462186,,,no_baseline,
GSM4138136,15,2,212,0.04716981132075472,0.10377358490566038,0.052342560550097915,0.12280597124719562,0.9163669519100468,0.978914746972955,-0.0625477950629082,less_pure,0.0624576673497879
GSM4138136,16,1,638,0.048589341692789965,0.10031347962382445,0.21678615756261413,0.05279542195850761,0.8990804703054577,,,ambiguous,
GSM4138136,17,1,638,0.05956112852664577,0.16614420062695925,0.5309288644007847,0.013424721914013192,0.8983071178070957,,,ambiguous,
GSM4138136,18,1,639,0.02190923317683881,0.107981220657277,0.4399725825606627,0.010354023981970098,0.898287966151853,,,ambiguous,
GSM4138136,19,1,229,0.06550218340611354,0.1615720524017467,0.4528448497712293,0.055379518402331476,0.9407618551488892,,,no_baseline,
GSM4138136,19,2,29,0.13793103448275862,0.13793103448275862,0.4045512452101559,0.06025567232288704,0.9672652611459058,,,no_baseline,
GSM4138136,19,3,234,0.0811965811965812,0.21794871794871795,0.49231340386473915,0.04701966680718272,0.9202281046535254,,,ambiguous,
GSM4138136,19,4,143,0.11888111888111888,0.20279720279720279,0.4061459637365783,0.060466073643350854,0.9186596088489256,,,ambiguous,
GSM4138136,20,1,287,0.059233449477351915,0.059233449477351915,-0.0002223481251069924,0.1285843531197246,0.980363867866528,0.944450659488512,0.0359132083780159,tie,0.000382140815215
GSM4138136,20,2,168,0.13690476190476192,0.11904761904761904,0.020015118466181578,0.1310910349403128,0.8935204825293609,0.9575949318499146,-0.0640744493205537,less_pure,0.0628089772061218
GSM4138136,20,3,186,0.06989247311827956,0.053763440860215055,-0.016278407437484814,0.1468402890042506,0.9654278480199868,0.978914746972955,-0.0134868989529681,tie,0.013396771239848
GSM4138136,21,1,360,0.058333333333333334,0.18611111111111112,0.10437927845813871,0.09574406282127751,0.8926676053645806,0.9575949318499146,-0.064927326485334,less_pure,
GSM4138136,21,2,280,0.08214285714285714,0.060714285714285714,0.013642475572784517,0.1246922255724208,0.9792608290844736,0.944450659488512,0.0348101695959616,tie,
GSM4138136,22,1,289,0.06228373702422145,0.06920415224913495,0.0016917415246639866,0.12592536067560142,0.979560756498322,0.944450659488512,0.0351100970098099,tie,
GSM4138136,22,2,165,0.1393939393939394,0.11515151515151516,0.01730901557611704,0.13189159063406797,0.8860991780255274,0.9575949318499146,-0.0714957538243872,less_pure,
GSM4138136,22,3,186,0.08064516129032258,0.043010752688172046,-0.020295604600017038,0.14608383501137576,0.9684253635213146,0.978914746972955,-0.0104893834516404,tie,
GSM4138136,23,1,289,0.06920415224913495,0.058823529411764705,0.0004952879001712317,0.1273605795307403,0.9795798794299504,0.944450659488512,0.0351292199414383,tie,
GSM4138136,23,2,166,0.13855421686746988,0.10843373493975904,0.013701907955030155,0.13139059717605822,0.8872362766369682,0.9575949318499146,-0.0703586552129463,less_pure,
GSM4138136,23,3,185,0.07567567567567568,0.043243243243243246,-0.01645667919792721,0.14302216337974435,0.9670962470773316,0.978914746972955,-0.0118184998956234,tie,
GSM4138136,24,1,639,0.009389671361502348,0.0892018779342723,0.24873932219415656,0.04246176647174361,0.8973937769533783,0.978914746972955,-0.0815209700195767,less_pure,
GSM4138136,25,1,29,0.0,0.0,0.21084565657915652,0.0674785191071186,1.0,,,ambiguous,
GSM4138136,25,2,165,0.19393939393939394,0.08484848484848485,0.23758260757202454,0.0802746960881925,0.9342852974970244,0.9575949318499146,-0.0233096343528902,tie,
GSM4138136,25,3,185,0.08108108108108109,0.20540540540540542,0.33126066729052683,0.061291306214929224,0.8723695927064203,,,ambiguous,
GSM4138136,25,4,182,0.16483516483516483,0.04945054945054945,0.20509043476778654,0.09039457422107547,0.9505537334825064,,,no_baseline,
GSM4138136,25,6,67,0.1044776119402985,0.08955223880597014,0.25620524426892227,0.07476981997065771,0.965813301976558,,,ambiguous,
GSM4138136,26,1,298,0.1342281879194631,0.1476510067114094,0.07105802823196182,0.08959846301314761,0.8858978298139869,,,ambiguous,
GSM4138136,26,2,181,0.08287292817679558,0.04419889502762431,0.047939264979871346,0.0932217302312705,0.9700831453865028,,,ambiguous,
GSM4138136,26,4,139,0.17266187050359713,0.07913669064748201,0.02798855588051469,0.11471909662640246,0.9361095549055924,,,ambiguous,
GSM4138136,27,1,437,0.08466819221967964,0.16475972540045766,0.09396586079336111,0.07464684825069001,0.8920305480019024,,,ambiguous,
GSM4138136,27,11,25,0.28,0.0,0.004289593780559885,0.08876519761254788,0.9872972775596576,,,ambiguous,
GSM4138136,27,3,150,0.16666666666666666,0.03333333333333333,0.03366223477792861,0.09964504850744409,0.955220504225168,,,ambiguous,
GSM4138136,28,1,641,0.0,0.0031201248049922,0.10707688526331509,0.04621560142189186,0.897545671138613,,,ambiguous,
GSM4138136,29,1,372,0.10752688172043011,0.1424731182795699,0.14810399324694148,0.07032775779724057,0.8800419558217059,,,ambiguous,
GSM4138136,29,11,23,0.043478260869565216,0.0,0.01747233671532846,0.10325095981515635,0.9869763062526884,,,ambiguous,
GSM4138136,29,2,109,0.045871559633027525,0.21100917431192662,0.18132406848631158,0.05198116378503595,0.9678939255987736,,,ambiguous,
GSM4138136,29,3,98,0.23469387755102042,0.07142857142857142,0.05501290897059441,0.10043382298833135,0.9558953101450296,0.9575949318499146,-0.001699621704885,tie,
GSM4138136,29,8,20,0.05,0.05,0.04984952887470545,0.07246520202507431,0.9920751806428564,,,ambiguous,
GSM4138136,30,1,605,0.07768595041322314,0.10578512396694215,0.270292063356452,0.024104519107787655,0.8997710977750678,,,ambiguous,
GSM4138136,30,2,23,0.0,0.0,0.22429744711740024,0.020648044041234083,0.9911614704446834,,,ambiguous,
GSM4138136,31,1,63,0.09523809523809523,0.06349206349206349,0.20151115735030845,0.06359545682616378,0.9711741365559656,0.9575949318499146,0.013579204706051,tie,
GSM4138136,31,2,266,0.11278195488721804,0.10902255639097744,0.22038735566721127,0.05078818734341685,0.9465297599447492,,,ambiguous,
GSM4138136,31,3,203,0.10837438423645321,0.18226600985221675,0.22720902722199993,0.05502902666196936,0.8774914596334978,,,ambiguous,
GSM4138136,31,5,102,0.1568627450980392,0.0196078431372549,0.16627220508246857,0.0656348580366209,0.9428727371456884,,,ambiguous,
GSM4138136,32,1,638,0.1206896551724138,0.11285266457680251,0.11714708554461584,0.057805522944102225,0.8975858475567069,,,no_baseline,
GSM4138136,33,1,71,0.15492957746478872,0.014084507042253521,0.1360680918361063,0.0666593591361918,0.9681264467841224,,,ambiguous,
GSM4138136,33,2,305,0.11475409836065574,0.11147540983606558,0.15422914556885645,0.05914443046412621,0.8824300414218603,,,ambiguous,
GSM4138136,33,3,251,0.1394422310756972,0.09163346613545817,0.14475298264154857,0.05902734516191871,0.9375094563850938,,,no_baseline,
GSM4138136,34,1,424,0.07547169811320754,0.21462264150943397,0.29820429263804327,0.04362738988705281,0.8920803206337773,,,ambiguous,
GSM4138136,34,15,16,0.0625,0.0,0.07265040788242477,0.0643645481442844,0.9924646288411176,,,ambiguous,
GSM4138136,34,2,84,0.15476190476190477,0.05952380952380952,0.20456094483329507,0.06504131366447712,0.9619131333061036,0.9575949318499146,0.0043182014561889,tie,
GSM4138136,34,5,56,0.125,0.0,0.102659047880859,0.08683043675754054,0.9680229323039228,,,ambiguous,
GSM4138136,34,9,48,0.125,0.0,0.07608754063055476,0.09906718686774618,0.963481989392625,,,ambiguous,
GSM4138136,35,1,415,0.08674698795180723,0.20481927710843373,0.33261577734954584,0.04785950150523573,0.8965949486844975,,,no_baseline,
GSM4138136,35,2,90,0.1,0.06666666666666667,0.2538751610644077,0.05944891673068035,0.9609544302696216,,,ambiguous,
GSM4138136,35,3,45,0.044444444444444446,0.06666666666666667,0.2772053344403465,0.05468314767982975,0.9747409208796476,,,ambiguous,
GSM4138136,35,5,68,0.1323529411764706,0.0,0.12820389657087025,0.08053311779455581,0.971445955734334,,,ambiguous,
GSM4138137,3,1,103,0.08737864077669903,0.0970873786407767,-0.062920553856591,0.17153831846415685,0.9336258890985424,,,ambiguous,
GSM4138137,3,2,609,0.022988505747126436,0.03776683087027915,0.20465676619731982,0.12296547545794255,0.7429650478359613,,,ambiguous,
GSM4138137,4,1,114,0.12280701754385964,0.043859649122807015,0.20707416678389032,0.11775390804995181,0.9200092524549826,,,ambiguous,
GSM4138137,4,2,469,0.06396588486140725,0.1044776119402985,0.5497112990184618,0.0986481188358356,0.7614529724075058,,,ambiguous,
GSM4138137,4,4,129,0.12403100775193798,0.05426356589147287,-0.09818654751170404,0.17863010400350285,0.8216113958144029,,,ambiguous,
GSM4138137,5,1,115,0.12173913043478261,0.05217391304347826,0.17013326280461225,0.11647857165509606,0.9177903600148092,,,ambiguous,
GSM4138137,5,2,460,0.06086956521739131,0.12391304347826088,0.45868787930547034,0.09867372974870635,0.7718623865211739,,,ambiguous,
GSM4138137,5,4,131,0.10687022900763359,0.03816793893129771,-0.05482426526745722,0.1749464494084906,0.8235118713433076,,,ambiguous,
GSM4138137,6,1,135,0.13333333333333333,0.08148148148148149,0.195747810402083,0.11809420254585795,0.8872736328936847,,,ambiguous,
GSM4138137,6,2,103,0.07766990291262135,0.2621359223300971,0.5099253555710201,0.07106911273814566,0.7944095264874084,0.839030314310623,-0.0446207878232146,tie,0.0400181204689167
GSM4138137,6,3,312,0.11217948717948718,0.19230769230769232,0.26349479800916964,0.11146668006057373,0.7889813275610023,0.747893468389154,0.0410878591718482,tie,0.0001900136143608
GSM4138137,6,4,157,0.07006369426751592,0.08280254777070063,0.0730830970494108,0.14570003092630932,0.8012452272779182,,,ambiguous,
GSM4138137,7,1,137,0.1386861313868613,0.10218978102189781,0.16920269865945092,0.11710646869894334,0.8916128560070626,,,no_baseline,
GSM4138137,7,2,31,0.12903225806451613,0.1935483870967742,0.33077022865383626,0.07969299851864503,0.8649743954733138,0.839030314310623,0.0259440811626907,tie,0.0540314324737934
GSM4138137,7,3,305,0.1180327868852459,0.2098360655737705,0.23716147573665877,0.10808472911067224,0.7915496097591852,0.747893468389154,0.0436561413700311,tie,0.0002328922298719
GSM4138137,7,4,65,0.03076923076923077,0.23076923076923078,0.48391426772974194,0.08156017783430297,0.8411965144307771,,,ambiguous,
GSM4138137,7,5,169,0.0650887573964497,0.14792899408284024,0.12431844616189752,0.14168761454222628,0.8046854221180714,,,ambiguous,
GSM4138137,8,1,144,0.1527777777777778,0.1111111111111111,0.14801189643227325,0.11965483545934928,0.8888542804772903,,,no_baseline,
GSM4138137,8,2,33,0.15151515151515152,0.21212121212121213,0.348931453138542,0.08945789261272222,0.8645097549783994,0.839030314310623,0.0254794406677764,tie,0.0544960729687078
GSM4138137,8,3,228,0.20614035087719298,0.13596491228070176,0.09404476300968108,0.13199327227087929,0.8159798070817842,0.747893468389154,0.0680863386926301,purer,0.0013482234238927
GSM4138137,8,4,66,0.015151515151515152,0.24242424242424243,0.4478549982451845,0.08998428395243496,0.842400265786033,,,ambiguous,
GSM4138137,8,5,165,0.09696969696969697,0.15151515151515152,0.10492286603805759,0.1423923543906144,0.7854653073045241,,,ambiguous,
GSM4138137,8,7,71,0.22535211267605634,0.14084507042253522,0.1493399166763712,0.11972121549534613,0.8333890800887809,0.747893468389154,0.0854956116996268,purer,0.0
GSM4138137,9,1,143,0.14685314685314685,0.1258741258741259,0.13452664043620946,0.12011728948475532,0.8853968352505012,,,no_baseline,
GSM4138137,9,2,33,0.15151515151515152,0.24242424242424243,0.3476407112274911,0.0918634489815764,0.8613137097763715,0.839030314310623,0.0222833954657484,tie,0.0576921181707358
GSM4138137,9,3,219,0.1872146118721461,0.1598173515981735,0.10870926326241359,0.1276580777519651,0.8200666903474678,0.747893468389154,0.0721732219583137,purer,0.0042745078486741
GSM4138137,9,4,58,0.06896551724137931,0.2413793103448276,0.3576667060839066,0.09203728801137055,0.808668252999321,,,ambiguous,
GSM4138137,9,5,167,0.10179640718562874,0.16766467065868262,0.11116175609802237,0.13986062664496132,0.7915093628724433,,,ambiguous,
GSM4138137,9,7,70,0.24285714285714285,0.15714285714285714,0.15742437287606076,0.11839654816459509,0.8559493720474666,0.747893468389154,0.1080559036583125,purer,0.0
GSM4138137,9,8,16,0.0,0.3125,0.3911816420730255,0.08573434267022512,0.948549955779736,0.839030314310623,0.1095196414691129,purer,0.0
GSM4138137,10,1,102,0.0784313725490196,0.18627450980392157,0.07315033651834663,0.13473815085182755,0.9134888368831342,0.9224120085919152,-0.0089231717087809,tie,0.059183068258045
GSM4138137,10,2,20,0.0,0.0,0.09203481314069088,0.11237498349870945,0.991497528296986,,,no_baseline,
GSM4138137,10,3,35,0.0,0.3142857142857143,0.347660332858212,0.08903987300798206,0.8698362000428757,0.839030314310623,0.0308058857322526,tie,0.0491696279042316
GSM4138137,10,4,228,0.05701754385964912,0.23684210526315788,0.13391257035892204,0.12064216832083056,0.8157274302628316,0.747893468389154,0.0678339618736775,purer,0.0010975790273087
GSM4138137,10,5,167,0.03592814371257485,0.25149700598802394,0.14617761181026628,0.12477378818460662,0.8045920190678149,,,ambiguous,
GSM4138137,10,6,57,0.0,0.3333333333333333,0.3251029905455998,0.09293180517585398,0.8311732996776743,,,ambiguous,
GSM4138137,10,8,81,0.09876543209876543,0.25925925925925924,0.1500244285722502,0.11696245450012774,0.8344264530037081,0.747893468389154,0.086532984614554,purer,0.0
GSM4138137,10,9,16,0.0,0.375,0.3152481900548826,0.08014132371966276,0.948549955779736,0.839030314310623,0.1095196414691129,purer,0.0
GSM4138137,11,1,157,0.1464968152866242,0.14012738853503184,0.11855076370756709,0.12073846329920622,0.885493969615164,,,ambiguous,
GSM4138137,11,2,35,0.11428571428571428,0.3142857142857143,0.3583763555841163,0.08287057437990722,0.8532174401725058,0.839030314310623,0.0141871258618827,tie,0.0657883877746015
GSM4138137,11,3,212,0.19811320754716982,0.2028301886792453,0.10465748063550274,0.12714029040476166,0.8227801004590074,0.747893468389154,0.0748866320698533,purer,-0.0038219723028829
GSM4138137,11,4,153,0.1111111111111111,0.19607843137254902,0.09820658025470072,0.12619785414507773,0.8102870808584535,,,ambiguous,
GSM4138137,11,5,56,0.07142857142857142,0.30357142857142855,0.33821799883245285,0.08642124401643038,0.8204457349997503,,,ambiguous,
GSM4138137,11,7,71,0.2676056338028169,0.15492957746478872,0.12349129136669247,0.11794339876134183,0.8397532214983812,0.747893468389154,0.0918597531092271,purer,0.0
GSM4138137,11,9,17,0.0,0.35294117647058826,0.31665195662639933,0.07847338498874476,0.9504246980059808,0.839030314310623,0.1113943836953578,purer,-0.0018747422262447
GSM4138137,12,1,106,0.0660377358490566,0.2169811320754717,0.07338687616385604,0.1297791872860642,0.9110988355360404,0.9224120085919152,-0.0113131730558747,tie,0.0615730696051389
GSM4138137,12,10,17,0.0,0.4117647058823529,0.25511638312028245,0.07902259977072958,0.9504246980059808,0.839030314310623,0.1113943836953578,purer,-0.0018747422262447
GSM4138137,12,2,22,0.045454545454545456,0.045454545454545456,0.08340607881495216,0.12464813908589764,1.0,,,no_baseline,
GSM4138137,12,3,36,0.0,0.3611111111111111,0.32803556704985,0.08448934603955578,0.8512415535080113,0.839030314310623,0.0122112391973883,tie,0.0677642744390959
GSM4138137,12,4,225,0.06222222222222222,0.25333333333333335,0.1210985969068218,0.11975313768479787,0.8175382565948595,0.747893468389154,0.0696447882057054,purer,0.0019793532866606
GSM4138137,12,5,57,0.0,0.38596491228070173,0.31071591452412767,0.08557769706074278,0.820588746531474,,,ambiguous,
GSM4138137,12,6,156,0.03205128205128205,0.23717948717948717,0.12491796573076765,0.11496721172116096,0.8119506974155409,,,ambiguous,
GSM4138137,12,8,80,0.1,0.275,0.1358847108984524,0.11413159810158309,0.8274979387254913,0.747893468389154,0.0796044703363372,purer,0.0
GSM4138137,13,1,115,0.06956521739130435,0.20869565217391303,0.08146115794702315,0.1306139365261275,0.9148633748979136,0.9224120085919152,-0.0075486336940016,tie,0.0572815028881656
GSM4138137,13,10,17,0.0,0.35294117647058826,0.24482938389288383,0.07773378849826554,0.9504246980059808,0.839030314310623,0.1113943836953578,purer,-0.0018747422262447
GSM4138137,13,2,24,0.041666666666666664,0.08333333333333333,0.11862025301555153,0.12208972319347632,0.9803397500347824,,,no_baseline,
GSM4138137,13,3,61,0.0,0.3114754098360656,0.227994856056461,0.08382167812962926,0.8433253183338716,0.839030314310623,0.0042950040232485,tie,0.0612038396481515
GSM4138137,13,4,230,0.06086956521739131,0.2565217391304348,0.11751625971418102,0.11812200465129019,0.8221053806186662,0.747893468389154,0.0742119122295121,purer,0.0018794747179209
GSM4138137,13,5,55,0.0,0.4,0.31787103337395217,0.08347512380522958,0.8176872118157322,,,ambiguous,
GSM4138137,13,7,113,0.035398230088495575,0.21238938053097345,0.08798151401634488,0.11317814400761153,0.8103965916165463,,,ambiguous,
GSM4138137,13,8,84,0.08333333333333333,0.2857142857142857,0.1611326097622595,0.10729354220329668,0.8205448945769171,0.747893468389154,0.0726514261877631,purer,0.0
GSM4138137,14,1,99,0.09090909090909091,0.20202020202020202,0.08060982063500556,0.12572581680197326,0.9196742383499856,0.9224120085919152,-0.0027377702419295,tie,0.0593957459061527
GSM4138137,14,11,16,0.0,0.3125,0.21070523987826478,0.08862737200882705,0.948549955779736,0.839030314310623,0.1095196414691129,purer,0.0
GSM4138137,14,2,24,0.041666666666666664,0.16666666666666666,0.145043143758516,0.11120718739955532,0.9804397800897444,,,no_baseline,
GSM4138137,14,3,25,0.0,0.48,0.23456166255439037,0.0762632393513016,0.938744386136142,0.839030314310623,0.0997140718255189,purer,-0.0197385581890346
GSM4138137,14,4,224,0.05357142857142857,0.25892857142857145,0.12397438463523489,0.11579630069326897,0.8253570409872053,0.747893468389154,0.0774635725980512,purer,0.0009290834839033
GSM4138137,14,5,95,0.05263157894736842,0.2631578947368421,0.060983271854361684,0.1314120850441182,0.8838965028324337,,,ambiguous,
GSM4138137,14,6,54,0.0,0.37037037037037035,0.28568852599790867,0.0852179400928664,0.8268906711142119,,,ambiguous,
GSM4138137,14,8,77,0.06493506493506493,0.2987012987012987,0.1236088434040214,0.11257216957272688,0.823589415458139,0.747893468389154,0.0756959470689849,purer,0.0
GSM4138137,14,9,85,0.08235294117647059,0.21176470588235294,0.08586163486046607,0.1153835792162226,0.8382558116916531,,,ambiguous,
GSM4138137,15,1,185,0.04864864864864865,0.2972972972972973,0.19777917797705824,0.11109538347409922,0.8416275477438697,,,no_baseline,
GSM4138137,15,11,17,0.0,0.11764705882352941,0.13143564486682127,0.1230269950166071,0.9708616371363008,,,ambiguous,
GSM4138137,15,2,45,0.0,0.35555555555555557,0.5380650269415679,0.07810814857218774,0.948991016203222,,,no_baseline,
GSM4138137,15,3,104,0.11538461538461539,0.4326923076923077,0.36600530386256,0.0835854528466611,0.8079012663067906,,,ambiguous,
GSM4138137,15,5,119,0.025210084033613446,0.16806722689075632,0.09532762739777355,0.12266026548869834,0.8206860338848424,,,ambiguous,
GSM4138137,15,7,208,0.1346153846153846,0.22115384615384615,0.08175675975546826,0.13813778569838295,0.7958841553753793,0.747893468389154,0.0479906869862252,tie,-0.0009909943251599
GSM4138137,16,1,706,0.0169971671388102,0.036827195467422094,0.19163087778993967,0.05246776377222342,0.743795362089585,,,ambiguous,
GSM4138137,17,1,676,0.08284023668639054,0.08431952662721894,0.3323821259141816,0.04169611428140443,0.760944555137395,,,ambiguous,
GSM4138137,17,3,29,0.3793103448275862,0.0,-0.03716349927251601,0.17526506317708718,0.9104432698490476,,,ambiguous,
GSM4138137,18,1,639,0.03442879499217527,0.04225352112676056,0.3090340645312386,0.034087843021146765,0.7524828679463952,,,ambiguous,
GSM4138137,18,6,67,0.08955223880597014,0.0,-0.027624747483983764,0.12816613657763778,0.8226875116619194,,,ambiguous,
GSM4138137,19,1,107,0.2523364485981308,0.1588785046728972,0.31889680423300776,0.07133532892444118,0.828495509856827,,,no_baseline,
GSM4138137,19,2,15,0.0,0.06666666666666667,0.18908519577907332,0.06735637742543812,1.0,,,no_baseline,
GSM4138137,19,3,97,0.30927835051546393,0.18556701030927836,0.3580371392056758,0.0727134667367142,0.8298613780346389,,,ambiguous,
GSM4138137,19,4,237,0.3206751054852321,0.08438818565400844,0.14185638625308322,0.10808677267330172,0.8082227820223504,,,ambiguous,
GSM4138137,19,6,20,0.45,0.0,0.1195282136717744,0.10463608000541114,0.9291396212127516,,,ambiguous,
GSM4138137,19,7,142,0.29577464788732394,0.028169014084507043,0.12176451991423981,0.10203900132664827,0.8278936041161693,,,ambiguous,
GSM4138137,19,9,64,0.28125,0.015625,-0.061850458137664155,0.18400557331881368,0.9200171321948032,,,ambiguous,
GSM4138137,20,1,77,0.06493506493506493,0.24675324675324675,0.07624098038452219,0.12384313915905026,0.9266433143547264,0.9224120085919152,0.0042313057628111,tie,0.0458051227671424
GSM4138137,20,11,18,0.0,0.3888888888888889,0.1954765457945122,0.06350718118135998,0.952252074348237,0.839030314310623,0.1132217600376139,purer,0.0
GSM4138137,20,12,75,0.06666666666666667,0.10666666666666667,-0.022818622793220642,0.1622741625608146,0.8942163383767621,,,ambiguous,
GSM4138137,20,2,52,0.057692307692307696,0.38461538461538464,0.20761943098101238,0.08448230024998361,0.964800374580672,,,no_baseline,
GSM4138137,20,4,266,0.06766917293233082,0.3308270676691729,0.1308039743974936,0.10927163020824002,0.8259371698465299,0.747893468389154,0.0780437014573758,purer,-0.0042828075114476
GSM4138137,20,5,105,0.02857142857142857,0.23809523809523808,0.09521217989500086,0.11262586137746548,0.8419053322713856,,,ambiguous,
GSM4138137,20,6,39,0.0,0.5384615384615384,0.26557223985765754,0.0749088480742631,0.8907071207341483,,,ambiguous,
GSM4138137,20,9,47,0.0425531914893617,0.44680851063829785,0.2110731315974596,0.09151045239648707,0.917078555460309,0.747893468389154,0.1691850870711549,purer,0.0
GSM4138137,21,1,48,0.0625,0.3958333333333333,0.21106903865589297,0.08311417574533425,0.9406155993296144,,,no_baseline,
GSM4138137,21,12,18,0.05555555555555555,0.2777777777777778,0.10708772677117354,0.09848051090556062,0.9443330757810962,,,ambiguous,
GSM4138137,21,13,16,0.0,0.3125,0.1477626758398593,0.07727429351820445,0.948549955779736,0.839030314310623,0.1095196414691129,purer,
GSM4138137,21,14,15,0.0,0.4,0.18267307040081004,0.09199141956946152,0.95536927868834,,,ambiguous,
GSM4138137,21,15,74,0.12162162162162163,0.04054054054054054,-0.04119089520861219,0.16845440681639057,0.8996700235223277,,,ambiguous,
GSM4138137,21,2,86,0.09302325581395349,0.20930232558139536,0.09788417063490656,0.1149627530563735,0.9140603093734692,0.9224120085919152,-0.008351699218446,tie,
GSM4138137,21,3,239,0.09623430962343096,0.23430962343096234,0.11240640174609737,0.10773283851485234,0.8216489910534958,0.747893468389154,0.0737555226643417,purer,
GSM4138137,21,4,15,0.0,0.4666666666666667,0.1551465048799923,0.10769659888275934,0.9789785938752488,,,ambiguous,
GSM4138137,21,6,99,0.10101010101010101,0.1919191919191919,0.09963816111942722,0.10870534243693109,0.8202621351434647,,,ambiguous,
GSM4138137,21,7,20,0.0,0.45,0.2141064331322827,0.0807426239284163,0.8935409792473579,,,ambiguous,
GSM4138137,21,8,34,0.14705882352941177,0.29411764705882354,0.16260754743788144,0.10086707474732153,0.9137540254545196,0.747893468389154,0.1658605570653655,purer,
GSM4138137,21,9,33,0.09090909090909091,0.36363636363636365,0.16406164225631312,0.09232051199685884,0.9283565519724456,,,ambiguous,
GSM4138137,22,1,75,0.10666666666666667,0.29333333333333333,0.0806920756503591,0.12457322672354645,0.9187874794795596,0.9224120085919152,-0.0036245291123555,tie,
GSM4138137,22,11,32,0.03125,0.46875,0.15603401952914642,0.09184337472945428,0.9284283650574204,,,ambiguous,
GSM4138137,22,13,16,0.0,0.625,0.18338597437463985,0.08661303404650358,0.9844084703532704,,,ambiguous,
GSM4138137,22,14,18,0.05555555555555555,0.3888888888888889,0.11506314655297005,0.09633244975741193,0.9443330757810962,,,ambiguous,
GSM4138137,22,15,16,0.0,0.375,0.12588095572247418,0.07720159895210596,0.948549955779736,0.839030314310623,0.1095196414691129,purer,
GSM4138137,22,17,77,0.09090909090909091,0.11688311688311688,-0.019508372946092607,0.16554313634880938,0.8857997052139002,,,ambiguous,
GSM4138137,22,2,38,0.05263157894736842,0.39473684210526316,0.2076281355698304,0.08201181568844362,0.9635637874926972,,,no_baseline,
GSM4138137,22,4,237,0.07172995780590717,0.3080168776371308,0.10408478255895733,0.10729538788731205,0.8217694851298664,0.747893468389154,0.0738760167407123,purer,
GSM4138137,22,7,100,0.04,0.26,0.09564383370153343,0.10826887105015798,0.8494463848373949,,,ambiguous,
GSM4138137,22,8,41,0.07317073170731707,0.3170731707317073,0.14261196173267393,0.10551782489491018,0.894853540011457,0.747893468389154,0.1469600716223029,purer,
GSM4138137,22,9,20,0.0,0.65,0.2013329943498005,0.08258604336954581,0.8935409792473579,,,ambiguous,
GSM4138137,23,1,55,0.12727272727272726,0.2909090909090909,0.08447647100883368,0.11945013020891562,0.9496747677823194,0.9224120085919152,0.0272627591904042,tie,
GSM4138137,23,11,29,0.10344827586206896,0.4482758620689655,0.1394152475128057,0.10807220458624926,0.9161532288556437,0.747893468389154,0.1682597604664896,purer,
GSM4138137,23,12,33,0.030303030303030304,0.48484848484848486,0.16003336153960898,0.09325373018564133,0.9283565519724456,,,ambiguous,
GSM4138137,23,13,18,0.05555555555555555,0.3888888888888889,0.12659985700225754,0.09420176895845706,0.9443330757810962,,,ambiguous,
GSM4138137,23,15,16,0.0,0.375,0.11851492761240874,0.07944103514721318,0.948549955779736,0.839030314310623,0.1095196414691129,purer,
GSM4138137,23,18,68,0.11764705882352941,0.14705882352941177,-0.02808233993223278,0.1814812524996047,0.9031244599279408,,,ambiguous,
GSM4138137,23,2,34,0.08823529411764706,0.4411764705882353,0.2158325892805825,0.08228625904238646,0.9617340915913076,,,no_baseline,
GSM4138137,23,3,15,0.0,0.2,0.049276196075495236,0.1129996319250956,1.0,,,no_baseline,
GSM4138137,23,4,237,0.06329113924050633,0.3333333333333333,0.10350076826779958,0.1053252372911609,0.8249034212269432,0.747893468389154,0.0770099528377891,purer,
GSM4138137,23,7,134,0.05223880597014925,0.22388059701492538,0.08364286810021546,0.1125226393684253,0.8521118117555736,,,ambiguous,
GSM4138137,23,8,20,0.05,0.6,0.18956009287415854,0.08881835909261028,0.8935409792473579,,,ambiguous,
GSM4138137,23,9,17,0.0,0.5882352941176471,0.17829783017160855,0.08717346013671466,0.983634529462471,,,ambiguous,
GSM4138137,24,1,160,0.1125,0.26875,0.35636997505662327,0.05012319088451964,0.8393265440998339,,,no_baseline,
GSM4138137,24,2,375,0.144,0.192,0.25170512472736856,0.06423025315441354,0.7624596033008118,,,ambiguous,
GSM4138137,24,3,46,0.13043478260869565,0.30434782608695654,0.36271033737229413,0.03842679361542894,0.874600323142223,,,ambiguous,
GSM4138137,24,5,15,0.26666666666666666,0.0,0.014740952228049917,0.12443365515845772,0.944408349415389,,,ambiguous,
GSM4138137,24,6,92,0.20652173913043478,0.05434782608695652,0.04738146425436636,0.14022201599786835,0.8820612112236768,,,ambiguous,
GSM4138137,25,1,162,0.06790123456790123,0.5493827160493827,0.5445130965380391,0.04318138894908148,0.7834585398703567,,,ambiguous,
GSM4138137,25,10,75,0.25333333333333335,0.25333333333333335,0.25606721158620677,0.09384155575873168,0.8885429165226649,,,ambiguous,
GSM4138137,25,2,126,0.06349206349206349,0.6587301587301587,0.6429422038517981,0.044635098267884976,0.825842881521546,0.839030314310623,-0.013187432789077,tie,
GSM4138137,25,3,80,0.0375,0.6875,0.7026265830730065,0.04970548408301828,0.8201002929538863,,,ambiguous,
GSM4138137,25,4,19,0.15789473684210525,0.21052631578947367,0.3419887221729194,0.0741204399560098,0.9543926986928394,,,no_baseline,
GSM4138137,25,5,158,0.11392405063291139,0.310126582278481,0.3429374725252675,0.05936654810125025,0.7901067329192378,0.9166652474001934,-0.1265585144809555,less_pure,
GSM4138137,25,6,22,0.09090909090909091,0.045454545454545456,0.1400692384437028,0.09214873690522069,0.9534662231845166,,,ambiguous,
GSM4138137,25,8,64,0.203125,0.046875,0.024994174299209623,0.17895245829075068,0.87833790062968,,,ambiguous,
GSM4138137,26,1,453,0.07505518763796909,0.5077262693156733,0.22974473212200322,0.06001463012328595,0.7748076294696504,,,ambiguous,
GSM4138137,26,16,60,0.16666666666666666,0.15,0.0630499273026939,0.09634462681595311,0.8495872364728916,,,ambiguous,
GSM4138137,26,18,31,0.03225806451612903,0.16129032258064516,0.0684973378054109,0.0672160455583722,0.940965674828567,,,ambiguous,
GSM4138137,26,2,28,0.10714285714285714,0.14285714285714285,0.06745835940270116,0.08644982510996162,0.9509889479384602,,,ambiguous,
GSM4138137,26,4,114,0.21052631578947367,0.19298245614035087,0.07829526980908075,0.09977672515853851,0.787640586323855,,,ambiguous,
GSM4138137,27,1,424,0.0589622641509434,0.5070754716981132,0.229901991350647,0.05304456817893223,0.7730542634853995,,,ambiguous,
GSM4138137,27,13,27,0.25925925925925924,0.2222222222222222,0.06749504453294301,0.0926643266761419,0.9019196045395071,,,ambiguous,
GSM4138137,27,16,40,0.075,0.125,0.0652285482713831,0.07823939573942013,0.924267372645722,,,ambiguous,
GSM4138137,27,3,23,0.17391304347826086,0.08695652173913043,0.06108410528318641,0.08749073282304609,0.9447611646434672,,,ambiguous,
GSM4138137,27,8,174,0.11494252873563218,0.26436781609195403,0.10117215504734471,0.07977598217514384,0.777518512676113,,,ambiguous,
GSM4138137,28,1,684,0.039473684210526314,0.26169590643274854,0.3080271798842787,0.03451899009927286,0.7409782872624691,,,ambiguous,
GSM4138137,28,2,20,0.0,0.25,0.18947441279357186,0.04796260685722133,0.9545353875703948,0.839030314310623,0.1155050732597717,purer,
GSM4138137,29,1,160,0.13125,0.38125,0.2516643751710205,0.06709181370109224,0.7934833946892876,,,ambiguous,
GSM4138137,29,10,41,0.17073170731707318,0.12195121951219512,0.14557322337286016,0.08203287422552538,0.884453125612773,,,ambiguous,
GSM4138137,29,11,53,0.4528301886792453,0.05660377358490566,0.05480696569804942,0.11181836554509077,0.8304728366645786,,,ambiguous,
GSM4138137,29,2,174,0.14367816091954022,0.25287356321839083,0.16127016319060472,0.08030955664034138,0.7762201611871301,,,ambiguous,
GSM4138137,29,3,229,0.1703056768558952,0.17903930131004367,0.12010124562004999,0.08298204881369955,0.7721393997069509,0.839030314310623,-0.0668909146036721,less_pure,
GSM4138137,29,8,37,0.32432432432432434,0.02702702702702703,0.04775881221259255,0.11377058765925463,0.888438374256833,,,ambiguous,
GSM4138137,30,1,523,0.07648183556405354,0.5047801147227533,0.4090820811175573,0.01799982847390616,0.7551702109082515,,,ambiguous,
GSM4138137,30,12,31,0.3548387096774194,0.0,0.12427860601531157,0.06379607693867914,0.8675239026124313,,,ambiguous,
GSM4138137,30,2,76,0.14473684210526316,0.2631578947368421,0.3494285616273058,0.03574674192980454,0.8119064649742959,,,ambiguous,
GSM4138137,30,6,35,0.2857142857142857,0.0,0.0777110768849157,0.07116312164469675,0.9439487672297008,,,ambiguous,
GSM4138137,30,8,41,0.3170731707317073,0.04878048780487805,0.0807389411610813,0.07413922125200909,0.8953678523385644,,,ambiguous,
GSM4138137,31,1,80,0.075,0.375,0.3845471615226145,0.03444358155131031,0.7796286115855547,0.839030314310623,-0.0594017027250682,less_pure,
GSM4138137,31,2,287,0.10104529616724739,0.4250871080139373,0.3910078173613272,0.0368550279711517,0.7701740844073335,,,ambiguous,
GSM4138137,31,3,162,0.05555555555555555,0.46296296296296297,0.43701759622494357,0.028229198649844134,0.7910157726237883,,,ambiguous,
GSM4138137,31,4,44,0.20454545454545456,0.29545454545454547,0.317388254214821,0.056094945320715246,0.932921055620094,,,no_baseline,
GSM4138137,31,5,124,0.12096774193548387,0.33064516129032256,0.3169633014487364,0.05291318796059877,0.7741875688417257,,,ambiguous,
GSM4138137,32,1,701,0.12696148359486448,0.3181169757489301,0.1858616514389989,0.05206414606225232,0.7519120029850965,,,no_baseline,
GSM4138137,33,1,121,0.09090909090909091,0.32231404958677684,0.24788913804430768,0.05423621307744454,0.7841788269846971,,,ambiguous,
GSM4138137,33,12,36,0.1111111111111111,0.25,0.15589594850379712,0.052523620061853064,0.8923807146345326,,,ambiguous,
GSM4138137,33,15,17,0.29411764705882354,0.0,0.07492811347712283,0.07167661662096755,0.9715347924448954,,,ambiguous,
GSM4138137,33,2,246,0.04065040650406504,0.46747967479674796,0.3080985865904552,0.03387379678727218,0.7590373347796112,,,ambiguous,
GSM4138137,33,3,275,0.1709090909090909,0.3418181818181818,0.21346161879431708,0.05809794321228885,0.7703212854740371,,,no_baseline,
GSM4138137,34,1,183,0.04371584699453552,0.45901639344262296,0.4018955020842443,0.03607296295637991,0.8011147202972173,,,ambiguous,
GSM4138137,34,15,18,0.2222222222222222,0.0,0.1451863960985265,0.06645012352529912,0.9623103996219938,,,ambiguous,
GSM4138137,34,2,62,0.11290322580645161,0.3870967741935484,0.3335310264693382,0.052749042430234955,0.8660265511268866,0.839030314310623,0.0269962368162636,tie,
GSM4138137,34,3,212,0.22169811320754718,0.10849056603773585,0.16693267879840834,0.07357838976406932,0.7631603576463704,0.9166652474001934,-0.153504889753823,less_pure,
GSM4138137,34,4,15,0.13333333333333333,0.26666666666666666,0.3282201594392108,0.04832589921712629,0.9727942177213716,,,ambiguous,
GSM4138137,34,5,177,0.1977401129943503,0.2033898305084746,0.24145165484702272,0.06503053093802437,0.7997944455737113,,,ambiguous,
GSM4138137,34,9,31,0.22580645161290322,0.16129032258064516,0.1847069928760051,0.08866268806447142,0.9334936945311204,,,ambiguous,
GSM4138137,35,1,162,0.1419753086419753,0.4074074074074074,0.43521745232006115,0.05595491050296412,0.8010162398972908,,,no_baseline,
GSM4138137,35,11,83,0.30120481927710846,0.024096385542168676,0.14930535796747368,0.08264724879320182,0.8572052114697033,,,ambiguous,
GSM4138137,35,12,20,0.1,0.25,0.34257333037372983,0.056550128668885355,0.9281054853668094,,,ambiguous,
GSM4138137,35,15,32,0.375,0.0625,0.19825564372703025,0.08200697712456397,0.9354168846829088,,,ambiguous,
GSM4138137,35,16,32,0.21875,0.25,0.2815290170352075,0.07064367735638837,0.8481579491519281,,,ambiguous,
GSM4138137,35,2,43,0.13953488372093023,0.3023255813953488,0.42226164460399895,0.05990480946437682,0.8984212642049496,,,ambiguous,
GSM4138137,35,3,20,0.1,0.2,0.3506090121233897,0.06351880415183382,0.9142939347039942,,,ambiguous,
GSM4138137,35,4,165,0.2606060606060606,0.048484848484848485,0.11565891207868687,0.09955415282383293,0.846100626308866,,,ambiguous,
GSM4138137,35,5,132,0.2878787878787879,0.15151515151515152,0.24937804435899427,0.0718159032643854,0.8193361132078593,,,ambiguous,
GSM4138138,3,1,577,0.0,0.006932409012131715,0.23666123657031563,0.06147743921660064,0.8861204739979011,,,ambiguous,
GSM4138138,4,1,576,0.0,0.010416666666666666,0.34410591565342796,0.06673350136152818,0.8903661621199703,,,ambiguous,
GSM4138138,5,1,576,0.0,0.010416666666666666,0.2750983299626042,0.07353450838525738,0.8903661621199703,,,ambiguous,
GSM4138138,6,1,575,0.0,0.010434782608695653,0.1951020887693679,0.08768258247095055,0.9129224731905184,,,ambiguous,
GSM4138138,7,1,573,0.0017452006980802793,0.005235602094240838,0.16935276352008105,0.08619359497495296,0.90393497044711,,,no_baseline,
GSM4138138,8,1,573,0.0034904013961605585,0.006980802792321117,0.1418095661148187,0.09091545642434597,0.90393497044711,,,no_baseline,
GSM4138138,9,1,572,0.0017482517482517483,0.012237762237762238,0.11935951350105618,0.0945963384307061,0.902979735012366,,,no_baseline,
GSM4138138,10,1,377,0.023872679045092837,0.021220159151193633,-0.0496576494739392,0.15198308098596433,0.9755352914513404,0.9141982586487056,0.0613370328026348,purer,0.0076010534785019
GSM4138138,10,2,194,0.04639175257731959,0.05670103092783505,0.02400109500148635,0.12632484880510106,0.9653522065408984,0.9668810029523296,-0.0015287964114312,tie,0.0015287964114312
GSM4138138,11,1,573,0.0,0.006980802792321117,0.08079240158568157,0.09202650141301517,0.90393497044711,,,ambiguous,
GSM4138138,12,1,371,0.03504043126684636,0.02425876010781671,-0.038724590473990905,0.15430751916490382,0.9755994958497484,0.9141982586487056,0.0614012372010427,purer,0.0077290133987494
GSM4138138,12,2,200,0.045,0.06,0.03794318576838172,0.1158736584049916,0.9511591255886162,0.9668810029523296,-0.0157218773637134,tie,0.0157218773637134
GSM4138138,13,1,371,0.03773584905660377,0.02425876010781671,-0.031124732876869076,0.15259149384711695,0.9755994958497484,0.9141982586487056,0.0614012372010427,purer,0.0077290133987494
GSM4138138,13,2,200,0.05,0.065,0.03557088492033519,0.11727330947262804,0.9511591255886162,0.9668810029523296,-0.0157218773637134,tie,0.0157218773637134
GSM4138138,14,1,371,0.0431266846361186,0.0215633423180593,-0.031149059059301723,0.15207517164316425,0.9745039307016315,0.9141982586487056,0.0603056720529259,purer,0.0086882674995758
GSM4138138,14,2,200,0.04,0.06,0.026062655111267506,0.11740779209754663,0.9512848380796196,0.9668810029523296,-0.0155961648727099,tie,0.0155961648727098
GSM4138138,15,1,406,0.019704433497536946,0.03201970443349754,0.020985124763238962,0.12778051723416448,0.9356599389842948,,,no_baseline,
GSM4138138,15,2,170,0.047058823529411764,0.06470588235294118,0.044593862929959,0.120303621627329,0.9257106891839132,0.9668810029523296,-0.0411703137684164,tie,0.0411703137684164
GSM4138138,16,1,574,0.03832752613240418,0.06445993031358885,0.22391120331004047,0.0438058901712365,0.8863060941322543,,,ambiguous,
GSM4138138,17,1,574,0.06445993031358885,0.0975609756097561,0.5193319909283998,0.013720569471971828,0.8863480583955775,,,ambiguous,
GSM4138138,18,1,575,0.01565217391304348,0.059130434782608696,0.4291970617601579,0.01252254070655174,0.8860735004110856,,,ambiguous,
GSM4138138,19,1,232,0.07327586206896551,0.11206896551724138,0.44787699100304096,0.05600806097473877,0.9068484469835476,,,no_baseline,
GSM4138138,19,2,30,0.03333333333333333,0.1,0.3197771899067485,0.0579800695734852,0.9628459173394824,,,no_baseline,
GSM4138138,19,3,223,0.06278026905829596,0.17937219730941703,0.44990580137743774,0.04769623198714969,0.9113586338547244,,,ambiguous,
GSM4138138,19,4,96,0.07291666666666667,0.15625,0.38355187199920987,0.056931412526539854,0.8912149482022166,,,ambiguous,
GSM4138138,20,1,289,0.04152249134948097,0.03806228373702422,-0.005997704113747458,0.1367069269469823,0.9847170428608056,0.9141982586487056,0.0705187842121,purer,0.0004323919394079
GSM4138138,20,2,129,0.14728682170542637,0.06976744186046512,0.008595843346610036,0.12925550567274263,0.9012512680547236,0.985426890190095,-0.0841756221353714,less_pure,0.0870066182562879
GSM4138138,20,3,157,0.07006369426751592,0.012738853503184714,-0.026724335917102715,0.1492988535540787,0.9657541041618066,0.9668810029523296,-0.0011268987905229,tie,0.003335813866646
GSM4138138,21,1,291,0.07216494845360824,0.1958762886597938,0.1074909186679009,0.09735161873325898,0.9075486724802004,0.985426890190095,-0.0778782177098945,less_pure,
GSM4138138,21,2,279,0.04659498207885305,0.03942652329749104,0.00036642651556279747,0.1327283610340211,0.9789438192121286,0.9141982586487056,0.0647455605634229,purer,
GSM4138138,22,1,292,0.04794520547945205,0.03767123287671233,-0.00481823614927813,0.1337979473854648,0.982894001993853,0.9141982586487056,0.0686957433451473,purer,
GSM4138138,22,2,124,0.14516129032258066,0.08064516129032258,0.005612717333386791,0.13087499823864251,0.8977616105987724,0.985426890190095,-0.0876652795913226,less_pure,
GSM4138138,22,3,156,0.08974358974358974,0.019230769230769232,-0.023304399599192734,0.14413842917087208,0.968281615591585,0.9668810029523296,0.0014006126392553,tie,
GSM4138138,23,1,294,0.047619047619047616,0.03741496598639456,-0.00592072759700652,0.13330667398019705,0.9827414970593804,0.9141982586487056,0.0685432384106747,purer,
GSM4138138,23,2,122,0.1557377049180328,0.06557377049180328,-0.00015234432840233455,0.1335255737338496,0.8949745066376622,0.985426890190095,-0.0904523835524327,less_pure,
GSM4138138,23,3,155,0.07741935483870968,0.025806451612903226,-0.02001548890378521,0.1412916651697444,0.9662356935149524,0.9668810029523296,-0.0006453094373771,tie,
GSM4138138,24,1,573,0.006980802792321117,0.04886561954624782,0.25736884267005944,0.037474690262826314,0.8850204643531455,0.9668810029523296,-0.081860538599184,less_pure,
GSM4138138,25,1,27,0.037037037037037035,0.037037037037037035,0.2709653157598367,0.06289649865638515,0.975568155130334,,,ambiguous,
GSM4138138,25,2,134,0.1044776119402985,0.09701492537313433,0.2565234354124344,0.07557411848553273,0.9263730906513148,0.9835238826100916,-0.0571507919587768,less_pure,
GSM4138138,25,3,170,0.09411764705882353,0.13529411764705881,0.26757921236803256,0.07796689661000558,0.8629480628805433,,,ambiguous,
GSM4138138,25,4,198,0.06060606060606061,0.05555555555555555,0.2441529373929897,0.08508617669914202,0.9505545871018104,,,no_baseline,
GSM4138138,25,6,47,0.0851063829787234,0.1276595744680851,0.29537860947904093,0.06323742849408048,0.9557864770947528,,,ambiguous,
GSM4138138,26,1,231,0.1341991341991342,0.1471861471861472,0.06725135824600828,0.09647008496327193,0.8874366870601821,,,ambiguous,
GSM4138138,26,2,218,0.10091743119266056,0.05045871559633028,0.0604368804930899,0.09287481212971854,0.9390883226142848,,,ambiguous,
GSM4138138,26,4,119,0.06722689075630252,0.03361344537815126,0.035517767138833936,0.10393568796748749,0.9340237236269172,,,ambiguous,
GSM4138138,27,1,364,0.08516483516483517,0.1510989010989011,0.09196248014491155,0.07390110492851408,0.8790868100495435,,,ambiguous,
GSM4138138,27,11,16,0.0625,0.0,-0.00025954656452524343,0.11553558566467469,1.0,,,ambiguous,
GSM4138138,27,19,16,0.0,0.0,0.022554831722707065,0.049844191937024246,0.9820503406234178,,,ambiguous,
GSM4138138,27,3,160,0.1875,0.0375,0.04018256807823411,0.10108284331247885,0.9495603440836048,,,ambiguous,
GSM4138138,28,1,577,0.0,0.008665511265164644,0.1141959336013237,0.04235877460950377,0.8861204739979011,,,ambiguous,
GSM4138138,29,1,331,0.1027190332326284,0.1419939577039275,0.15698066815272765,0.07035623453897845,0.8780969302354328,,,ambiguous,
GSM4138138,29,11,24,0.041666666666666664,0.0,0.026105060166500424,0.09265335781495476,0.9873811602675664,,,ambiguous,
GSM4138138,29,2,90,0.03333333333333333,0.2222222222222222,0.1875663526016284,0.04634568583362316,0.9338111169500992,,,ambiguous,
GSM4138138,29,3,85,0.17647058823529413,0.08235294117647059,0.07281586329186879,0.09146749265129255,0.9372717029734096,0.9835238826100916,-0.046252179636682,tie,
GSM4138138,29,8,31,0.03225806451612903,0.0,0.04449826858971646,0.09218390564368492,0.9817657378956056,,,ambiguous,
GSM4138138,30,1,541,0.08872458410351201,0.09242144177449169,0.2677397469145676,0.026843198756765923,0.8840226947951818,,,ambiguous,
GSM4138138,30,2,28,0.03571428571428571,0.0,0.2705057905785838,0.012871417059104868,0.9762516938715836,,,ambiguous,
GSM4138138,31,1,44,0.09090909090909091,0.022727272727272728,0.23530521603961937,0.04575270412157926,0.9553615049105098,0.9835238826100916,-0.0281623776995818,tie,
GSM4138138,31,2,266,0.06015037593984962,0.11278195488721804,0.224944116367861,0.04706200146974391,0.9113319601504344,,,ambiguous,
GSM4138138,31,3,173,0.19653179190751446,0.11560693641618497,0.1986009157216721,0.06653644116136292,0.8837024785627683,,,ambiguous,
GSM4138138,31,5,97,0.17525773195876287,0.061855670103092786,0.13314823054599628,0.08958114310947372,0.9377635988293886,,,ambiguous,
GSM4138138,32,1,584,0.08047945205479452,0.09931506849315068,0.11562388424679688,0.05458011225439541,0.9044558304431688,,,no_baseline,
GSM4138138,33,1,64,0.109375,0.0,0.14872494069484574,0.05994102358490618,0.9617838961752552,,,ambiguous,
GSM4138138,33,2,259,0.14671814671814673,0.11196911196911197,0.14846021214462418,0.0656165341863314,0.865317056319908,,,ambiguous,
GSM4138138,33,3,252,0.07142857142857142,0.06349206349206349,0.12932610818191387,0.06295988582868997,0.911736396070942,,,no_baseline,
GSM4138138,34,1,355,0.056338028169014086,0.16056338028169015,0.2737070667163283,0.04470610431171513,0.8734697661434304,,,ambiguous,
GSM4138138,34,15,18,0.0,0.0,0.10586214297514183,0.04355801868056229,1.0,,,ambiguous,
GSM4138138,34,2,76,0.14473684210526316,0.039473684210526314,0.19948717758321366,0.07360948176012923,0.9495897044079148,0.9835238826100916,-0.0339341782021768,tie,
GSM4138138,34,5,80,0.225,0.0125,0.0822215540353501,0.10011001304962593,0.9507738036400486,,,ambiguous,
GSM4138138,34,9,49,0.16326530612244897,0.02040816326530612,0.07634357606788622,0.11666354686482255,0.9484987010923884,,,ambiguous,
GSM4138138,35,1,369,0.08401084010840108,0.14092140921409213,0.3056383837794611,0.051818039729365765,0.8715232700912687,,,no_baseline,
GSM4138138,35,2,61,0.04918032786885246,0.04918032786885246,0.30319932451024867,0.050744543684655696,0.9618384346115229,,,ambiguous,
GSM4138138,35,3,37,0.16216216216216217,0.02702702702702703,0.25113467173671944,0.057785209609842826,0.9712577963197134,,,ambiguous,
GSM4138138,35,5,103,0.0970873786407767,0.009708737864077669,0.13653118381410434,0.08168612909435478,0.9483457117587406,,,ambiguous,
GSM4138139,3,1,125,0.072,0.296,1.0301881499296677,0.08901310895891834,0.8481312875364307,,,ambiguous,
GSM4138139,3,2,502,0.05776892430278884,0.1254980079681275,0.6599430375246464,0.10166026010442904,0.633800956586107,,,ambiguous,
GSM4138139,3,3,24,0.041666666666666664,0.041666666666666664,0.09092574557708516,0.08434438633339149,0.9526116599206916,,,ambiguous,
GSM4138139,4,1,142,0.1056338028169014,0.176056338028169,0.6987269508593614,0.0865051861136161,0.8765083980944465,,,ambiguous,
GSM4138139,4,2,349,0.05730659025787966,0.1346704871060172,0.6237571993506609,0.08744893497676384,0.7194972391979613,,,ambiguous,
GSM4138139,4,3,23,0.043478260869565216,0.0,0.08377428749822773,0.08960497786503513,0.9603602245344052,,,ambiguous,
GSM4138139,4,4,137,0.021897810218978103,0.058394160583941604,0.029843536712965843,0.1347044039006016,0.8218078707821097,,,ambiguous,
GSM4138139,5,1,145,0.09655172413793103,0.2,0.6093809703099353,0.08631799793788499,0.8720554830449216,,,ambiguous,
GSM4138139,5,2,286,0.07692307692307693,0.16433566433566432,0.5256474586801118,0.09092694242900866,0.7201407142764347,,,ambiguous,
GSM4138139,5,3,23,0.043478260869565216,0.0,0.04440640971470038,0.10626821937805625,0.9603602245344052,,,ambiguous,
GSM4138139,5,4,137,0.021897810218978103,0.058394160583941604,0.02130567156695118,0.14046460237579814,0.8218078707821097,,,ambiguous,
GSM4138139,5,5,60,0.0,0.016666666666666666,0.16588769996962474,0.08078057162591451,0.9658315628046692,0.9658315628046692,0.0,tie,0.0
GSM4138139,6,1,166,0.10240963855421686,0.1927710843373494,0.39643918870342376,0.09685345627227104,0.856103483221548,,,ambiguous,
GSM4138139,6,2,102,0.0784313725490196,0.23529411764705882,0.423931032307294,0.08283750433588782,0.79224471611957,0.8604547296733422,-0.0682100135537722,less_pure,0.07147498680005
GSM4138139,6,3,164,0.07926829268292683,0.1402439024390244,0.2187562519294342,0.1067432115108983,0.7391694030203018,0.6611390100606357,0.078030392959666,purer,-0.0002387823664029
GSM4138139,6,4,138,0.028985507246376812,0.050724637681159424,0.028001427292969873,0.13827940986657722,0.824821756090504,,,ambiguous,
GSM4138139,6,5,22,0.045454545454545456,0.0,0.08929756978537079,0.0843845844903177,0.9506174967437964,0.9506174967437964,0.0,tie,0.0
GSM4138139,6,6,59,0.0,0.01694915254237288,0.19244205343293705,0.07258152228490078,0.966827109414383,0.9658315628046692,0.0009955466097137,tie,0.0
GSM4138139,7,1,163,0.08588957055214724,0.20245398773006135,0.3760770601466638,0.08932275617774874,0.8569647318392697,,,no_baseline,
GSM4138139,7,2,52,0.19230769230769232,0.11538461538461539,0.0759618341395806,0.13937987969025684,0.891093085599491,0.8604547296733422,0.0306383559261487,tie,0.0239471298086169
GSM4138139,7,3,164,0.06707317073170732,0.17682926829268292,0.21195216675401202,0.10492356461412261,0.738400915012926,0.6611390100606357,0.0772619049522903,purer,-0.0003147181664235
GSM4138139,7,4,51,0.09803921568627451,0.1568627450980392,0.17871318995577634,0.13106262306284613,0.817094294262244,,,ambiguous,
GSM4138139,7,5,140,0.03571428571428571,0.07142857142857142,0.05669453922859542,0.13812347645742404,0.8246740033404026,,,ambiguous,
GSM4138139,7,6,22,0.045454545454545456,0.0,0.09130185396356588,0.085604548387692,0.9506174967437964,0.9506174967437964,0.0,tie,0.0
GSM4138139,7,7,59,0.01694915254237288,0.05084745762711865,0.1955377566476635,0.07720951443904289,0.966827109414383,0.9658315628046692,0.0009955466097137,tie,0.0
GSM4138139,8,1,160,0.08125,0.225,0.3402320010047071,0.08575860572158263,0.8571702856583883,,,no_baseline,
GSM4138139,8,2,54,0.2222222222222222,0.12962962962962962,0.11420469808486435,0.13217991427674958,0.8942650051111574,0.8604547296733422,0.0338102754378151,tie,0.0207752102969505
GSM4138139,8,3,96,0.14583333333333334,0.16666666666666666,0.08154148604247884,0.11983094847000712,0.8248526623554622,0.6611390100606357,0.1637136522948264,purer,0.0010637488818623
GSM4138139,8,4,53,0.1320754716981132,0.16981132075471697,0.1781909403932991,0.12479888843052075,0.8197566064866918,,,ambiguous,
GSM4138139,8,5,139,0.014388489208633094,0.07913669064748201,0.039317787972650384,0.1381385070734576,0.8271192183521303,,,ambiguous,
GSM4138139,8,6,22,0.045454545454545456,0.045454545454545456,0.06811091264133756,0.09197278650064294,0.9506174967437964,0.9506174967437964,0.0,tie,0.0
GSM4138139,8,7,68,0.20588235294117646,0.11764705882352941,0.05074683675592711,0.12854434131871917,0.7848802709882211,0.6611390100606357,0.1237412609275854,purer,-0.0006519920037495
GSM4138139,8,8,59,0.01694915254237288,0.05084745762711865,0.1841056169209898,0.07817592947072202,0.966827109414383,0.9658315628046692,0.0009955466097137,tie,0.0
GSM4138139,9,1,163,0.09815950920245399,0.25153374233128833,0.28677957455295616,0.08991159490042296,0.8556038639248287,,,no_baseline,
GSM4138139,9,2,54,0.2222222222222222,0.18518518518518517,0.09328300306539655,0.13256566168675854,0.8942650051111574,0.8604547296733422,0.0338102754378151,tie,0.0207752102969505
GSM4138139,9,3,90,0.15555555555555556,0.15555555555555556,0.075860491061568,0.12043213695815566,0.8223199363864976,0.6611390100606357,0.1611809263258619,purer,0.0
GSM4138139,9,4,33,0.15151515151515152,0.24242424242424243,0.3079224330781983,0.10558859309413517,0.8454799738578477,,,ambiguous,
GSM4138139,9,5,140,0.007142857142857143,0.07857142857142857,0.04493837002259559,0.13708039295880195,0.8280493334085111,,,ambiguous,
GSM4138139,9,6,22,0.045454545454545456,0.09090909090909091,0.0614446547227127,0.08902283029979094,0.9506174967437964,0.9506174967437964,0.0,tie,0.0
GSM4138139,9,7,68,0.23529411764705882,0.14705882352941177,0.05595201950614074,0.1261922384644858,0.7848802709882211,0.6611390100606357,0.1237412609275854,purer,-0.0006519920037495
GSM4138139,9,8,22,0.045454545454545456,0.13636363636363635,0.10930296257038713,0.08764513113044398,0.9422756010989471,0.8604547296733422,0.0818208714256049,purer,0.0
GSM4138139,9,9,59,0.01694915254237288,0.05084745762711865,0.19253529352695414,0.07377647142056788,0.966827109414383,0.9658315628046692,0.0009955466097137,tie,0.0
GSM4138139,10,1,107,0.09345794392523364,0.3364485981308411,0.1715568285243724,0.12605557079390162,0.9015484957566524,0.8510495085223697,0.0504989872342827,purer,0.0394745481509508
GSM4138139,10,10,59,0.01694915254237288,0.05084745762711865,0.16192689966260532,0.07292464480138633,0.966827109414383,0.9658315628046692,0.0009955466097137,tie,0.0
GSM4138139,10,2,35,0.08571428571428572,0.3142857142857143,0.1535413804997232,0.1420015885245001,0.9501933802406032,,,no_baseline,
GSM4138139,10,3,51,0.058823529411764705,0.2549019607843137,0.12008918688091487,0.11964052889769076,0.8940364193112427,0.8604547296733422,0.0335816896379004,tie,0.0161399036420955
GSM4138139,10,4,97,0.09278350515463918,0.2268041237113402,0.11459039624122194,0.10941649703475995,0.8331367401380043,0.6611390100606357,0.1719977300773686,purer,-0.0038049009610078
GSM4138139,10,5,147,0.006802721088435374,0.17687074829931973,0.09364723917912597,0.12352498654619753,0.8245494712747572,,,ambiguous,
GSM4138139,10,6,37,0.05405405405405406,0.35135135135135137,0.2870500150395335,0.10840485830512532,0.8524336506354653,,,ambiguous,
GSM4138139,10,7,22,0.045454545454545456,0.09090909090909091,0.07409792032808693,0.08633167105019691,0.9506174967437964,0.9506174967437964,0.0,tie,0.0
GSM4138139,10,8,74,0.0945945945945946,0.24324324324324326,0.0955985534407677,0.1251280824032693,0.7785106551726442,0.6611390100606357,0.1173716451120084,purer,-0.0004101933277844
GSM4138139,10,9,22,0.0,0.13636363636363635,0.0785412956741172,0.09213137382044567,0.9422756010989471,0.8604547296733422,0.0818208714256049,purer,0.0
GSM4138139,11,1,178,0.09550561797752809,0.2696629213483146,0.22782784168126177,0.09260824405599107,0.8284507951675442,,,ambiguous,
GSM4138139,11,10,59,0.01694915254237288,0.06779661016949153,0.17892169471315608,0.06704320332309056,0.966827109414383,0.9658315628046692,0.0009955466097137,tie,0.0
GSM4138139,11,2,49,0.24489795918367346,0.20408163265306123,0.05026060924320326,0.13752589568784931,0.8930226441156444,0.8604547296733422,0.0325679144423021,tie,0.0338251680655095
GSM4138139,11,3,80,0.225,0.15,0.04824273280856981,0.12406942053071399,0.8218369362214233,0.6611390100606357,0.1606979261607876,purer,0.0
GSM4138139,11,4,122,0.04918032786885246,0.08196721311475409,0.007925570082674523,0.14466484825339979,0.8311270975635464,,,ambiguous,
GSM4138139,11,5,30,0.13333333333333333,0.3,0.3126025056681198,0.10020374562633576,0.8578198208303562,,,ambiguous,
GSM4138139,11,6,22,0.045454545454545456,0.09090909090909091,0.06039884992579598,0.08988925975390502,0.9506174967437964,0.9506174967437964,0.0,tie,0.0
GSM4138139,11,7,74,0.25675675675675674,0.16216216216216217,0.06845033259126786,0.11992373064485187,0.7814663834235563,0.6611390100606357,0.1203273733629206,purer,0.0006755420746572
GSM4138139,11,8,15,0.3333333333333333,0.2,-0.011995442971053072,0.12360959984946164,0.98169968361165,,,ambiguous,
GSM4138139,11,9,22,0.045454545454545456,0.18181818181818182,0.09888479377368666,0.08562382271129852,0.9422756010989471,0.8604547296733422,0.0818208714256049,purer,0.0
GSM4138139,12,1,114,0.09649122807017543,0.30701754385964913,0.14106588766517913,0.12316681709761503,0.8918918299345874,0.8510495085223697,0.0408423214122176,tie,0.0396985334526076
GSM4138139,12,10,22,0.0,0.18181818181818182,0.0703988259497827,0.09110185956801466,0.9422756010989471,0.8604547296733422,0.0818208714256049,purer,0.0
GSM4138139,12,11,59,0.01694915254237288,0.06779661016949153,0.14826795962685776,0.06769414723979233,0.966827109414383,0.9658315628046692,0.0009955466097137,tie,0.0
GSM4138139,12,2,32,0.09375,0.3125,0.0954374815019129,0.14705638795953385,0.9746060997996634,,,no_baseline,
GSM4138139,12,3,52,0.07692307692307693,0.25,0.13331838516996225,0.11639423135041618,0.8951088264124206,0.8604547296733422,0.0346540967390783,tie,0.0171798854201893
GSM4138139,12,4,89,0.0898876404494382,0.21348314606741572,0.08558924797400072,0.11411265791593604,0.8299297747767115,0.6611390100606357,0.1687907647160758,purer,0.0
GSM4138139,12,5,36,0.05555555555555555,0.3611111111111111,0.26449745419136184,0.10518237624179336,0.8528986396822623,,,ambiguous,
GSM4138139,12,6,126,0.015873015873015872,0.1111111111111111,0.03501678051862597,0.1298653558784562,0.8274806935347054,,,ambiguous,
GSM4138139,12,7,22,0.045454545454545456,0.09090909090909091,0.06613356667567157,0.09111822185723852,0.9506174967437964,0.9506174967437964,0.0,tie,0.0
GSM4138139,12,8,84,0.08333333333333333,0.2619047619047619,0.10893379687250929,0.11713495225623201,0.7734365979554109,0.6611390100606357,0.1122975878947751,purer,0.0101746865816961
GSM4138139,12,9,15,0.2,0.2,-0.020533309694324313,0.12962117245880148,0.9734901206141576,,,ambiguous,
GSM4138139,13,1,118,0.07627118644067797,0.3050847457627119,0.15363928211531513,0.11976708113609094,0.8893222366632249,0.8510495085223697,0.0382727281408551,tie,0.0364521387272924
GSM4138139,13,10,22,0.0,0.18181818181818182,0.07416627293796348,0.08933694693189152,0.9422756010989471,0.8604547296733422,0.0818208714256049,purer,0.0
GSM4138139,13,11,59,0.01694915254237288,0.05084745762711865,0.1459930710843957,0.0655341437976774,0.966827109414383,0.9658315628046692,0.0009955466097137,tie,0.0
GSM4138139,13,2,32,0.09375,0.28125,0.07928535217034935,0.1452353356517279,0.9731249033245186,,,no_baseline,
GSM4138139,13,3,58,0.05172413793103448,0.27586206896551724,0.15036121286340326,0.11291701880116059,0.8824738013289517,0.8604547296733422,0.0220190716556094,tie,0.0298149105036582
GSM4138139,13,4,88,0.09090909090909091,0.20454545454545456,0.07960631561871827,0.11390240506540042,0.8251972689098394,0.6611390100606357,0.1640582588492036,purer,0.0
GSM4138139,13,5,35,0.05714285714285714,0.37142857142857144,0.2701184133789376,0.10116175503340138,0.834794323723439,,,ambiguous,
GSM4138139,13,6,22,0.045454545454545456,0.13636363636363635,0.0651466618365923,0.0910113855095915,0.9506174967437964,0.9506174967437964,0.0,tie,0.0
GSM4138139,13,7,114,0.043859649122807015,0.13157894736842105,0.03387359427343063,0.1266536645912842,0.8492755647923975,,,ambiguous,
GSM4138139,13,8,86,0.08139534883720931,0.3023255813953488,0.12112523148901519,0.11257307630464722,0.7771115965647101,0.6611390100606357,0.1159725865040743,purer,-7.396389104852297e-06
GSM4138139,13,9,17,0.17647058823529413,0.17647058823529413,0.004715473629714171,0.11770898786264902,0.9636708712400875,,,ambiguous,
GSM4138139,14,1,114,0.07017543859649122,0.34210526315789475,0.16055130349395924,0.11607465505275939,0.8981819896725256,0.8510495085223697,0.0471324811501558,tie,0.0332427892761841
GSM4138139,14,10,19,0.21052631578947367,0.21052631578947367,-0.008859894489464008,0.12157723885996538,0.9478948384524988,,,ambiguous,
GSM4138139,14,11,22,0.0,0.18181818181818182,0.07226676104298856,0.08476371458787757,0.9422756010989471,0.8604547296733422,0.0818208714256049,purer,0.0
GSM4138139,14,12,59,0.01694915254237288,0.05084745762711865,0.1316404785666902,0.06674653699804844,0.966827109414383,0.9658315628046692,0.0009955466097137,tie,0.0
GSM4138139,14,2,35,0.08571428571428572,0.37142857142857144,0.1471626539408728,0.1288635853333609,0.9657911860919774,,,no_baseline,
GSM4138139,14,3,50,0.1,0.3,0.1161485167837052,0.11650410753733963,0.8938171074898207,0.8604547296733422,0.0333623778164784,tie,0.0163592154635174
GSM4138139,14,4,88,0.10227272727272728,0.2159090909090909,0.07969850841404372,0.11402211755499024,0.8297581952519237,0.6611390100606357,0.168619185191288,purer,0.0
GSM4138139,14,6,36,0.05555555555555555,0.4166666666666667,0.2343299132961199,0.10022184432310675,0.8444395000089366,,,ambiguous,
GSM4138139,14,7,22,0.045454545454545456,0.13636363636363635,0.062629090757671,0.08961964591083446,0.9506174967437964,0.9506174967437964,0.0,tie,0.0
GSM4138139,14,8,88,0.10227272727272728,0.2727272727272727,0.09968636441973001,0.11449593494082606,0.7787151609609306,0.6611390100606357,0.1175761509002949,purer,-0.0007242732792719
GSM4138139,14,9,111,0.04504504504504504,0.0990990990990991,0.02187310997087671,0.12649085546204109,0.8548829289781853,,,ambiguous,
GSM4138139,15,1,208,0.052884615384615384,0.4423076923076923,0.369393222982723,0.09661640245642125,0.7544859225202218,,,no_baseline,
GSM4138139,15,10,60,0.0,0.03333333333333333,0.11821944464932033,0.0689438870429608,0.9658315628046692,0.9658315628046692,0.0,tie,0.0
GSM4138139,15,11,41,0.17073170731707318,0.024390243902439025,-0.0974531852185605,0.20092860095724233,0.9392675546078288,,,ambiguous,
GSM4138139,15,2,51,0.0,0.5882352941176471,0.6705810249567987,0.06035591317551074,0.902172092414629,,,no_baseline,
GSM4138139,15,3,95,0.08421052631578947,0.47368421052631576,0.5088994789639616,0.07158158208335996,0.8154716707038976,,,ambiguous,
GSM4138139,15,4,19,0.10526315789473684,0.10526315789473684,0.048726950371937576,0.11549915464547005,0.966268563483648,0.9506174967437964,0.0156510667398516,tie,0.0
GSM4138139,15,5,73,0.0958904109589041,0.1232876712328767,0.018865656618805324,0.13749673837967621,0.8994670583608526,,,ambiguous,
GSM4138139,15,6,17,0.11764705882352941,0.11764705882352941,-0.04213649815768061,0.11581882426428847,0.95394805402135,,,ambiguous,
GSM4138139,15,7,57,0.22807017543859648,0.3157894736842105,0.10653510319780252,0.13767894228254915,0.8401722570316068,0.6611390100606357,0.1790332469709711,purer,-0.0103312285660515
GSM4138139,15,8,18,0.05555555555555555,0.2222222222222222,0.1996039714757282,0.1064678667536734,0.9377640532613076,0.8604547296733422,0.0773093235879653,purer,0.0
GSM4138139,16,1,564,0.008865248226950355,0.06914893617021277,0.25385571937588325,0.0401726164083797,0.638182733116281,,,ambiguous,
GSM4138139,16,2,19,0.10526315789473684,0.15789473684210525,0.12098712208735816,0.08520096078438623,0.9761582114583718,,,ambiguous,
GSM4138139,16,5,44,0.4318181818181818,0.045454545454545456,-0.08323973684738727,0.20481559057993,0.9808873992283764,0.9658315628046692,0.0150558364237072,tie,0.0
GSM4138139,17,1,469,0.10660980810234541,0.16204690831556504,0.4389785122610184,0.026159383920580002,0.6613984727160733,,,ambiguous,
GSM4138139,17,2,25,0.16,0.16,0.256359906757463,0.050384417070788466,0.9691574724819124,0.9506174967437964,0.018539975738116,tie,0.0082866733423113
GSM4138139,17,3,94,0.2127659574468085,0.010638297872340425,0.1592473601386439,0.08102678764727077,0.8238625724987324,,,ambiguous,
GSM4138139,17,4,49,0.30612244897959184,0.0,-0.05130338548033531,0.17927469613632838,0.9760707050546682,0.9658315628046692,0.010239142249999,tie,0.0
GSM4138139,18,1,541,0.029574861367837338,0.053604436229205174,0.34920420174953015,0.025022730704345214,0.6439578839072384,,,ambiguous,
GSM4138139,18,2,20,0.15,0.05,0.20710068486916708,0.10064457266210265,0.9779622328671028,0.9506174967437964,0.0273447361233064,tie,0.0065113729856705
GSM4138139,18,3,42,0.2857142857142857,0.0,-0.08741872971045223,0.2139482189520846,0.980081626334419,0.9658315628046692,0.0142500635297497,tie,0.0
GSM4138139,18,6,23,0.08695652173913043,0.0,-0.020246896947539155,0.11119198037942972,0.962734946088848,,,ambiguous,
GSM4138139,19,1,148,0.19594594594594594,0.1554054054054054,0.284451221665468,0.07148118319963512,0.7473841261995902,0.80611953468267,-0.0587354084830797,less_pure,0.062727674476299
GSM4138139,19,10,58,0.08620689655172414,0.0,-0.004438553732303954,0.14065205404651807,0.9667696070576453,0.9658315628046692,0.000938044252976,tie,0.0
GSM4138139,19,2,35,0.05714285714285714,0.2,0.298083014481308,0.06351259687445195,0.9273244886382186,0.9506174967437964,-0.0232930081055777,tie,0.0232930081055778
GSM4138139,19,3,45,0.17777777777777778,0.28888888888888886,0.46542705895341563,0.06904173656484007,0.9048329472563904,,,ambiguous,
GSM4138139,19,4,145,0.20689655172413793,0.13793103448275862,0.25040377347473003,0.08692041296482073,0.7824041473892859,,,ambiguous,
GSM4138139,19,5,17,0.11764705882352941,0.17647058823529413,0.2898805347745965,0.0956901671771343,0.9520030839102877,0.8604547296733422,0.0915483542369454,purer,0.0
GSM4138139,19,6,43,0.3953488372093023,0.0,0.11957385562352603,0.1015502718683896,0.924120983445253,,,ambiguous,
GSM4138139,19,7,148,0.12162162162162163,0.06756756756756757,0.12920635040047684,0.11168103250571151,0.8188963761885542,,,ambiguous,
GSM4138139,20,1,74,0.13513513513513514,0.24324324324324326,0.0731784290456449,0.13205060460446355,0.9095189314357608,0.8510495085223697,0.058469422913391,purer,0.0326261010752422
GSM4138139,20,10,21,0.14285714285714285,0.2857142857142857,0.04139586702594769,0.10026032206413178,0.9394432001347854,,,ambiguous,
GSM4138139,20,11,22,0.0,0.18181818181818182,0.06841293639363587,0.08093707934151514,0.9422756010989471,0.8604547296733422,0.0818208714256049,purer,0.0
GSM4138139,20,13,59,0.01694915254237288,0.06779661016949153,0.0907059217667545,0.07511526033935367,0.966827109414383,0.9658315628046692,0.0009955466097137,tie,0.0
GSM4138139,20,2,96,0.052083333333333336,0.5625,0.2360667839834012,0.08671492033676087,0.847370912506333,,,no_baseline,
GSM4138139,20,3,17,0.0,0.23529411764705882,0.05164158547212364,0.12436268207272803,0.9952564132401812,,,no_baseline,
GSM4138139,20,4,94,0.0851063829787234,0.23404255319148937,0.07804223304752078,0.10487238959135844,0.809415641845652,0.6611390100606357,0.1482766317850162,purer,0.0
GSM4138139,20,5,123,0.04065040650406504,0.18699186991869918,0.05952193742709965,0.11722638543907608,0.8423191859671154,,,ambiguous,
GSM4138139,20,6,33,0.030303030303030304,0.42424242424242425,0.19158115282877147,0.08970555726014853,0.8606307703687786,,,ambiguous,
GSM4138139,20,7,27,0.07407407407407407,0.1111111111111111,0.04790993731613189,0.1237306950318466,0.9699498034605568,0.8604547296733422,0.1094950737872145,purer,0.0090295028461354
GSM4138139,20,8,20,0.1,0.1,0.009133040229255122,0.11122259919207197,0.967160088104168,,,ambiguous,
GSM4138139,20,9,63,0.047619047619047616,0.31746031746031744,0.12473572030831317,0.10458281440070646,0.8438725436649019,0.6611390100606357,0.1827335336042662,purer,-0.0056018524198852
GSM4138139,21,1,96,0.11458333333333333,0.3541666666666667,0.159386096087628,0.1043867669334782,0.849206173602102,,,no_baseline,
GSM4138139,21,10,20,0.15,0.1,0.025492591037205536,0.13266698586604297,0.9762487740886916,0.8604547296733422,0.1157940444153493,purer,
GSM4138139,21,11,21,0.19047619047619047,0.23809523809523808,0.018381187112460357,0.10276929170001689,0.9243921857174632,,,ambiguous,
GSM4138139,21,13,21,0.0,0.047619047619047616,0.038647551458931464,0.07647299300630264,0.9443624218753094,0.8604547296733422,0.0839076922019671,purer,
GSM4138139,21,16,59,0.01694915254237288,0.03389830508474576,0.08498804865469943,0.07757575056141214,0.966827109414383,0.9658315628046692,0.0009955466097137,tie,
GSM4138139,21,2,80,0.15,0.2375,0.11151964826695404,0.1255521200447742,0.9111500014358864,0.8510495085223697,0.0601004929135167,purer,
GSM4138139,21,3,90,0.14444444444444443,0.2,0.08862792799131987,0.09902703005532104,0.8281044517996247,0.6611390100606357,0.1669654417389889,purer,
GSM4138139,21,5,22,0.045454545454545456,0.09090909090909091,0.039034638444919896,0.09016825914720152,0.9506174967437964,0.9506174967437964,0.0,tie,
GSM4138139,21,6,114,0.043859649122807015,0.12280701754385964,0.0498837659593169,0.1040046353158679,0.8395788121874787,,,ambiguous,
GSM4138139,21,7,31,0.03225806451612903,0.3870967741935484,0.17231680520564774,0.09227728961816292,0.8568639730944897,,,ambiguous,
GSM4138139,21,8,56,0.14285714285714285,0.23214285714285715,0.06821597716952649,0.1184226441288182,0.840466212430848,0.6611390100606357,0.1793272023702122,purer,
GSM4138139,22,1,76,0.10526315789473684,0.2894736842105263,0.09614935585481274,0.1284822004817193,0.91542359394409,0.8510495085223697,0.0643740854217203,purer,
GSM4138139,22,10,22,0.18181818181818182,0.09090909090909091,0.03782939559118802,0.12381826861302767,0.975846877629584,0.8604547296733422,0.1153921479562417,purer,
GSM4138139,22,12,23,0.17391304347826086,0.30434782608695654,0.0337661264167448,0.10475874816095113,0.925358397612975,,,ambiguous,
GSM4138139,22,15,22,0.0,0.13636363636363635,0.05895440673067047,0.07670105462882655,0.9422756010989471,0.8604547296733422,0.0818208714256049,purer,
GSM4138139,22,16,59,0.0,0.05084745762711865,0.07723266347038746,0.08046075675346522,0.966827109414383,0.9658315628046692,0.0009955466097137,tie,
GSM4138139,22,2,73,0.0684931506849315,0.4931506849315068,0.16776486811755228,0.09867567443817149,0.8735222498041655,,,no_baseline,
GSM4138139,22,3,18,0.1111111111111111,0.2777777777777778,0.07657787171001622,0.11684384942454162,0.9925922099390836,,,no_baseline,
GSM4138139,22,4,92,0.10869565217391304,0.2608695652173913,0.08142435175327645,0.10195746673424727,0.8264062072215957,0.6611390100606357,0.16526719716096,purer,
GSM4138139,22,6,22,0.045454545454545456,0.09090909090909091,0.03639214679223686,0.09398907502310051,0.9506174967437964,0.9506174967437964,0.0,tie,
GSM4138139,22,7,117,0.02564102564102564,0.1623931623931624,0.04822968634159416,0.10320290383851875,0.8303974261459295,,,ambiguous,
GSM4138139,22,8,58,0.10344827586206896,0.25862068965517243,0.05828642224586764,0.1203017867381244,0.8478571130289888,0.6611390100606357,0.1867181029683531,purer,
GSM4138139,22,9,30,0.03333333333333333,0.43333333333333335,0.14875863408749254,0.09722572085457178,0.8568017573380577,,,ambiguous,
GSM4138139,23,1,35,0.17142857142857143,0.14285714285714285,-0.030446779357168535,0.16978164124477968,0.94625621286686,0.8510495085223697,0.0952067043444903,purer,
GSM4138139,23,10,21,0.14285714285714285,0.09523809523809523,0.03334453115867809,0.12557762558855606,0.9762554334858904,0.8604547296733422,0.1158007038125481,purer,
GSM4138139,23,11,55,0.09090909090909091,0.23636363636363636,0.05641351234850997,0.12075795766806277,0.8566392344758171,0.6611390100606357,0.1955002244151814,purer,
GSM4138139,23,14,21,0.047619047619047616,0.38095238095238093,0.0818036203062537,0.08641936778065351,0.930501826934482,,,ambiguous,
GSM4138139,23,15,22,0.0,0.13636363636363635,0.04891087529865357,0.07971407930134945,0.9422756010989471,0.8604547296733422,0.0818208714256049,purer,
GSM4138139,23,16,48,0.0625,0.3541666666666667,0.06065019540122991,0.10898198027844773,0.91867715104226,0.6611390100606357,0.2575381409816243,purer,
GSM4138139,23,17,59,0.0,0.05084745762711865,0.07393028619257659,0.08156880043382049,0.966827109414383,0.9658315628046692,0.0009955466097137,tie,
GSM4138139,23,2,72,0.041666666666666664,0.5138888888888888,0.15151185052631522,0.10134670583552126,0.8644879204767526,,,no_baseline,
GSM4138139,23,3,17,0.0,0.23529411764705882,0.0758118547637493,0.12069366124007616,0.9952564132401812,,,no_baseline,
GSM4138139,23,4,94,0.10638297872340426,0.2553191489361702,0.08541371765640092,0.0999274972180618,0.8253810787465329,0.6611390100606357,0.1642420686858972,purer,
GSM4138139,23,6,22,0.045454545454545456,0.09090909090909091,0.03508653843727138,0.09556488078776075,0.9506174967437964,0.9506174967437964,0.0,tie,
GSM4138139,23,7,122,0.07377049180327869,0.21311475409836064,0.07718244767002276,0.10586274531010229,0.871599251946467,,,ambiguous,
GSM4138139,23,8,28,0.03571428571428571,0.4642857142857143,0.14612555461761012,0.09819651752110933,0.8547814151880454,,,ambiguous,
GSM4138139,24,1,255,0.11764705882352941,0.32941176470588235,0.4352860950215899,0.0415673421767895,0.7011018876557299,,,no_baseline,
GSM4138139,24,10,60,0.03333333333333333,0.0,0.08230589853843422,0.0711544247118861,0.9658315628046692,,,ambiguous,
GSM4138139,24,2,218,0.12844036697247707,0.24311926605504589,0.3019489147901575,0.05590000611195549,0.6945350912462597,,,ambiguous,
GSM4138139,24,4,20,0.2,0.0,-0.005730316950130157,0.11338124669874552,0.968251105479663,0.9506174967437964,0.0176336087358666,tie,
GSM4138139,24,5,65,0.26153846153846155,0.06153846153846154,0.16023897317373922,0.07817392948493625,0.8262068937965545,,,ambiguous,
GSM4138139,24,7,15,0.3333333333333333,0.0,0.048444766407214165,0.12301385950914735,0.9587092241398708,0.8604547296733422,0.0982544944665285,purer,
GSM4138139,25,1,151,0.059602649006622516,0.33774834437086093,0.40953701794935665,0.04923822953629926,0.7461496225623963,,,ambiguous,
GSM4138139,25,2,105,0.0380952380952381,0.6571428571428571,0.6756821658415787,0.0413338327371147,0.8031256304278042,0.8604547296733422,-0.057329099245538,less_pure,
GSM4138139,25,3,121,0.04132231404958678,0.743801652892562,0.7086651392267393,0.034813867261842386,0.7791463152644607,,,ambiguous,
GSM4138139,25,4,25,0.16,0.2,0.26263100846325516,0.09598090013970242,0.9476768543805852,0.9506174967437964,-0.0029406423632111,tie,
GSM4138139,25,5,132,0.022727272727272728,0.17424242424242425,0.21596916878588185,0.06907310955018878,0.8303523531399053,0.855205732409343,-0.0248533792694376,tie,
GSM4138139,25,6,27,0.25925925925925924,0.0,0.01053711189679266,0.1991503557606023,0.9542352736475348,,,ambiguous,
GSM4138139,25,7,60,0.0,0.0,0.0351162602153251,0.09551009210527679,0.9658315628046692,0.9658315628046692,0.0,tie,
GSM4138139,26,1,373,0.08042895442359249,0.46380697050938335,0.20897024359603922,0.05865931018022341,0.683627759728539,,,ambiguous,
GSM4138139,26,16,33,0.15151515151515152,0.24242424242424243,0.14746798077434783,0.07838244311951438,0.8645517562837135,,,ambiguous,
GSM4138139,26,2,29,0.20689655172413793,0.10344827586206896,0.020701778607331946,0.1290039882011971,0.9594279321134188,,,ambiguous,
GSM4138139,26,4,99,0.20202020202020202,0.1919191919191919,0.10264796435708885,0.09513353082752736,0.7973782250262764,,,ambiguous,
GSM4138139,26,5,68,0.029411764705882353,0.04411764705882353,0.028215125942755746,0.08685751789477048,0.9160359739111228,0.9658315628046692,-0.0497955888935464,tie,
GSM4138139,26,7,19,0.10526315789473684,0.2631578947368421,0.15089262483138127,0.08028164872229983,0.97614372596489,,,ambiguous,
GSM4138139,27,1,355,0.10140845070422536,0.4732394366197183,0.2181538630497751,0.05523974567188152,0.7018327455375486,,,ambiguous,
GSM4138139,27,13,42,0.09523809523809523,0.09523809523809523,0.04640391422621007,0.08301537078922959,0.8216835081316402,,,ambiguous,
GSM4138139,27,16,45,0.17777777777777778,0.08888888888888889,0.01845484315649915,0.10661123678189272,0.8976151615792558,,,ambiguous,
GSM4138139,27,3,18,0.2222222222222222,0.05555555555555555,0.06098622714411815,0.09967768642845881,0.9598785242688088,,,ambiguous,
GSM4138139,27,4,62,0.016129032258064516,0.016129032258064516,0.01729211229143032,0.10376140497440862,0.9458439178199588,0.9658315628046692,-0.0199876449847103,tie,
GSM4138139,27,8,87,0.1724137931034483,0.16091954022988506,0.08314595943367749,0.08463791919315727,0.7498391685260555,,,ambiguous,
GSM4138139,28,1,545,0.045871559633027525,0.30275229357798167,0.3089856479913913,0.031713165200390726,0.6380164979248484,,,ambiguous,
GSM4138139,28,10,55,0.2909090909090909,0.0,-0.0031061880516707833,0.12616686365379504,0.9663080251076632,,,ambiguous,
GSM4138139,28,2,24,0.125,0.125,0.10027360038186489,0.06381990982710065,0.942510659294766,0.8604547296733422,0.0820559296214237,purer,
GSM4138139,29,1,214,0.10747663551401869,0.37383177570093457,0.2468575588802809,0.062110472152916804,0.7208624393184208,,,ambiguous,
GSM4138139,29,11,15,0.06666666666666667,0.13333333333333333,0.1370781636818766,0.06975206929920101,0.972194829388136,,,ambiguous,
GSM4138139,29,2,127,0.12598425196850394,0.29133858267716534,0.1724996501253557,0.0704142137440935,0.7466224116519391,,,ambiguous,
GSM4138139,29,3,161,0.16770186335403728,0.11801242236024845,0.10327526400238368,0.09682726890351376,0.6867720263856172,0.8604547296733422,-0.173682703287725,less_pure,
GSM4138139,29,6,18,0.05555555555555555,0.4444444444444444,0.256857678628178,0.06673655108677014,0.9616104648496868,,,ambiguous,
GSM4138139,29,8,22,0.4090909090909091,0.0,0.032593670264490136,0.11144109181488876,0.9572671876166908,,,ambiguous,
GSM4138139,29,9,60,0.03333333333333333,0.0,0.05425958629248535,0.07222768582511703,0.9658315628046692,,,ambiguous,
GSM4138139,30,1,452,0.09292035398230089,0.46238938053097345,0.3841600389196957,0.02131997381181734,0.6571049587103764,,,ambiguous,
GSM4138139,30,2,95,0.07368421052631578,0.25263157894736843,0.33486035469187286,0.020166783308970197,0.7961367412640252,,,ambiguous,
GSM4138139,30,5,38,0.23684210526315788,0.0,-0.07646704597605564,0.22876648975784145,0.982499306663062,,,ambiguous,
GSM4138139,30,6,31,0.41935483870967744,0.0,0.02981417813585911,0.12825168450631755,0.8921915936047949,,,ambiguous,
GSM4138139,30,7,21,0.5238095238095238,0.0,-0.1051926169232904,0.2681548408941922,0.9718429156003384,,,ambiguous,
GSM4138139,31,1,97,0.061855670103092786,0.32989690721649484,0.3686564251363656,0.0350918149200931,0.8146211178497442,0.8604547296733422,-0.045833611823598,tie,
GSM4138139,31,2,139,0.08633093525179857,0.4244604316546763,0.3731459308350673,0.0373244099469477,0.7555631392501132,,,ambiguous,
GSM4138139,31,3,209,0.07655502392344497,0.4688995215311005,0.40160586086595346,0.03137079888339893,0.6862799938947527,,,ambiguous,
GSM4138139,31,4,69,0.11594202898550725,0.2898550724637681,0.2883739276151419,0.048458103597566506,0.7802537318030788,0.80611953468267,-0.0258658028795911,tie,
GSM4138139,31,5,60,0.16666666666666666,0.3,0.28288974286254903,0.056860194203056845,0.8768042365298226,,,ambiguous,
GSM4138139,31,7,61,0.04918032786885246,0.0,0.018110304483633793,0.11583708751435738,0.9621633398393034,0.9658315628046692,-0.0036682229653658,tie,
GSM4138139,32,1,567,0.14991181657848324,0.2821869488536155,0.16984130431583247,0.05674245357053193,0.6435506568908412,0.9506174967437964,-0.3070668398529551,less_pure,
GSM4138139,32,19,17,0.17647058823529413,0.0,0.013445586093545004,0.11584183211841514,0.9902786536391855,,,ambiguous,
GSM4138139,32,8,34,0.11764705882352941,0.0,-0.010858206981066482,0.13568412839640356,0.9628553368314294,,,ambiguous,
GSM4138139,33,1,141,0.09219858156028368,0.3546099290780142,0.25108071287970785,0.04233260715682819,0.7797425097821128,,,ambiguous,
GSM4138139,33,10,52,0.2692307692307692,0.0,-0.05710900679852889,0.184133232726874,0.964580412414982,,,ambiguous,
GSM4138139,33,2,283,0.05653710247349823,0.508833922261484,0.29988977613628554,0.03803346702693452,0.6597021858740221,,,ambiguous,
GSM4138139,33,3,127,0.2992125984251969,0.25984251968503935,0.18033577215355406,0.08463341818186747,0.7806963589230154,0.9506174967437964,-0.169921137820781,less_pure,
GSM4138139,34,1,213,0.0892018779342723,0.38028169014084506,0.3792251239658347,0.03978004822579446,0.7338757531086416,,,ambiguous,
GSM4138139,34,18,34,0.20588235294117646,0.0,-0.02607985245706099,0.14588673018805032,0.963754346622284,,,ambiguous,
GSM4138139,34,2,66,0.10606060606060606,0.3181818181818182,0.33248699629728123,0.05043440838482657,0.8477329606974442,0.8604547296733422,-0.012721768975898,tie,
GSM4138139,34,3,164,0.07317073170731707,0.06707317073170732,0.14436782534346265,0.06537465039035573,0.8100577110324068,0.855205732409343,-0.0451480213769361,tie,
GSM4138139,34,4,37,0.10810810810810811,0.3783783783783784,0.34637142328854187,0.04323316316734325,0.9000299477293326,,,ambiguous,
GSM4138139,34,5,73,0.2054794520547945,0.1780821917808219,0.224299779207171,0.06941989418038667,0.8395277714485675,,,ambiguous,
GSM4138139,34,6,27,0.14814814814814814,0.0,0.0013060635147547444,0.11887328540183849,0.9844725557293408,0.9658315628046692,0.0186409929246715,tie,
GSM4138139,35,1,207,0.0966183574879227,0.357487922705314,0.3824059631664318,0.051404213539204074,0.7247824774188718,0.9506174967437964,-0.2258350193249245,less_pure,
GSM4138139,35,11,70,0.34285714285714286,0.04285714285714286,0.11331508988388968,0.10596837005308148,0.8626340860260132,,,ambiguous,
GSM4138139,35,12,19,0.3684210526315789,0.05263157894736842,0.15910448582673173,0.09647901725340158,0.9600829659531644,,,ambiguous,
GSM4138139,35,13,35,0.08571428571428572,0.02857142857142857,0.0006415754982292742,0.1441504745194231,0.9645641266369044,,,ambiguous,
GSM4138139,35,15,73,0.410958904109589,0.0273972602739726,0.06673829669018903,0.12208075274717693,0.8544779924065242,,,ambiguous,
GSM4138139,35,16,25,0.32,0.2,0.21925385085409713,0.07936717558759752,0.9438200376615236,,,ambiguous,
GSM4138139,35,18,22,0.36363636363636365,0.045454545454545456,0.15983483842962815,0.0856933368029945,0.9465447021446396,,,ambiguous,
GSM4138139,35,2,41,0.1951219512195122,0.34146341463414637,0.410714730217796,0.053085242157084746,0.8796241936911224,,,ambiguous,
GSM4138139,35,3,23,0.21739130434782608,0.043478260869565216,0.29462232710331826,0.07794191439815092,0.9073339708335776,,,ambiguous,
GSM4138139,35,5,49,0.24489795918367346,0.14285714285714285,0.2956158723282083,0.06237693083696284,0.9021812009784058,,,ambiguous,
GSM4138139,35,6,34,0.08823529411764706,0.5,0.41212422227711437,0.04186885429744829,0.9265763552106386,,,ambiguous,
GSM4138139,35,9,26,0.15384615384615385,0.0,-0.007269670398838844,0.12563289498465635,0.9723547120006149,0.9658315628046692,0.0065231491959456,tie,
GSM4138140,3,1,702,0.002849002849002849,0.004273504273504274,0.24975464308930148,0.0611768633098947,0.9072145288378533,,,ambiguous,
GSM4138140,4,1,700,0.002857142857142857,0.01,0.31499461257399947,0.07091127730505256,0.91043990363336,,,ambiguous,
GSM4138140,5,1,700,0.002857142857142857,0.008571428571428572,0.24464044123651305,0.07604795980927356,0.91043990363336,,,ambiguous,
GSM4138140,6,1,696,0.0014367816091954023,0.007183908045977011,0.1737505120944258,0.09233923068351488,0.9171426062806513,,,ambiguous,
GSM4138140,7,1,692,0.002890173410404624,0.010115606936416185,0.14541586811698076,0.0943725627122644,0.922601387293611,,,no_baseline,
GSM4138140,8,1,692,0.002890173410404624,0.01300578034682081,0.12856741325689564,0.09288750335157671,0.922601387293611,,,no_baseline,
GSM4138140,9,1,692,0.002890173410404624,0.01878612716763006,0.10937330409047785,0.0999038440825578,0.922601387293611,,,no_baseline,
GSM4138140,10,1,460,0.03695652173913044,0.0391304347826087,-0.05800177500005133,0.15082744450494764,0.9651154352104648,0.9378362608794556,0.0272791743310092,tie,0.0208155617661669
GSM4138140,10,2,229,0.08733624454148471,0.1222707423580786,0.02004485972522566,0.129237381393322,0.9408611877919488,0.9699730019986889,-0.02911181420674,tie,0.0291118142067398
GSM4138140,11,1,696,0.0028735632183908046,0.014367816091954023,0.07596473319830882,0.09623849424275734,0.9177226957902214,,,ambiguous,
GSM4138140,12,1,455,0.054945054945054944,0.03736263736263736,-0.05111651435305122,0.1527487801445706,0.9704447545199038,0.9378362608794556,0.0326084936404481,tie,0.014513763849797
GSM4138140,12,2,235,0.08936170212765958,0.1276595744680851,0.033329707687956636,0.12099013518766479,0.9362096179272406,0.9699730019986889,-0.0337633840714483,tie,0.0337633840714481
GSM4138140,13,1,454,0.05726872246696035,0.039647577092511016,-0.04251946993735726,0.150380653342725,0.9703429100826296,0.9378362608794556,0.032506649203174,tie,0.0123526228696496
GSM4138140,13,2,235,0.08936170212765958,0.13191489361702127,0.02841458387841392,0.12286503533246781,0.9368059644640492,0.9699730019986889,-0.0331670375346396,tie,0.0331670375346394
GSM4138140,14,1,453,0.06181015452538632,0.04415011037527594,-0.03931436369388517,0.1495102692182247,0.9653630651693114,0.9378362608794556,0.0275268042898557,tie,0.0173949011297369
GSM4138140,14,2,235,0.0851063829787234,0.11063829787234042,0.019469087640270843,0.1243397505321019,0.9402902213470636,0.9699730019986889,-0.0296827806516252,tie,0.0296827806516252
GSM4138140,15,1,532,0.02443609022556391,0.06766917293233082,0.035343347351685386,0.12209153702844681,0.9343486250429024,,,no_baseline,
GSM4138140,15,2,169,0.08284023668639054,0.1242603550295858,0.062235520425836764,0.12263526502018042,0.9230147268866352,0.9699730019986889,-0.0469582751120536,tie,0.0469582751120536
GSM4138140,16,1,701,0.05706134094151213,0.11697574893009986,0.22414975393592193,0.05388856096706341,0.9082641761136104,,,ambiguous,
GSM4138140,17,1,700,0.07571428571428572,0.15142857142857144,0.5408876358470825,0.014299252720126271,0.907470620139628,,,ambiguous,
GSM4138140,18,1,701,0.03138373751783167,0.09700427960057062,0.4493632285265411,0.01298376944674974,0.9082641761136104,,,ambiguous,
GSM4138140,19,1,232,0.09913793103448276,0.20689655172413793,0.47987221800286955,0.05380099313997922,0.9406414441511082,,,no_baseline,
GSM4138140,19,2,27,0.1111111111111111,0.07407407407407407,0.3765201094799004,0.05580982525314747,1.0,,,no_baseline,
GSM4138140,19,3,236,0.08050847457627118,0.1906779661016949,0.4839592162136837,0.05025075044639325,0.9229578701998014,,,ambiguous,
GSM4138140,19,4,197,0.1218274111675127,0.14213197969543148,0.3539100878457018,0.060545113917340805,0.901050468988494,,,ambiguous,
GSM4138140,20,1,285,0.056140350877192984,0.08070175438596491,0.00920442943662216,0.12604001573997212,0.9847102613594932,0.9378362608794556,0.0468740004800376,tie,0.0
GSM4138140,20,2,297,0.13804713804713806,0.11784511784511785,0.010248395801617292,0.13841429044916229,0.9049617829867264,0.9755490876823468,-0.0705873046956204,less_pure,0.0705873046956202
GSM4138140,20,3,116,0.08620689655172414,0.008620689655172414,-0.05197924729846563,0.15835540025560307,0.9678776126421986,0.9699730019986889,-0.0020953893564902,tie,0.0020953893564901
GSM4138140,21,1,419,0.07637231503579953,0.1575178997613365,0.07555324687744994,0.10917398952002956,0.9071236634675988,0.9755490876823468,-0.068425424214748,less_pure,
GSM4138140,21,2,275,0.10181818181818182,0.06909090909090909,0.013734903103292378,0.12265378541048762,0.9847667013606304,0.9378362608794556,0.0469304404811747,tie,
GSM4138140,22,1,283,0.07420494699646643,0.0812720848056537,0.008011860929073867,0.1262999005840623,0.9847197791116448,0.9378362608794556,0.0468835182321891,tie,
GSM4138140,22,2,294,0.1598639455782313,0.12244897959183673,0.01166425076288706,0.1379034863439,0.9044918610439266,0.9755490876823468,-0.0710572266384201,less_pure,
GSM4138140,22,3,117,0.1282051282051282,0.008547008547008548,-0.04481376557943653,0.15168134919535572,0.9638748277293626,0.9699730019986889,-0.0060981742693262,tie,
GSM4138140,23,1,287,0.08362369337979095,0.08362369337979095,0.004939715128569954,0.1260293813369805,0.9846284056508235,0.9378362608794556,0.0467921447713679,tie,
GSM4138140,23,2,292,0.16095890410958905,0.11986301369863013,0.00642367929743401,0.13966571752952903,0.9049230735716464,0.9755490876823468,-0.0706260141107004,less_pure,
GSM4138140,23,3,115,0.10434782608695652,0.008695652173913044,-0.039137285828603166,0.14917335180933283,0.9674900318597094,0.9699730019986889,-0.0024829701389794,tie,
GSM4138140,24,1,699,0.02145922746781116,0.09728183118741059,0.28369808505050914,0.03328404020460327,0.9064463299847378,0.9699730019986889,-0.063526672013951,less_pure,
GSM4138140,25,1,15,0.13333333333333333,0.06666666666666667,0.2758971125646306,0.059461658438390595,1.0,,,ambiguous,
GSM4138140,25,2,110,0.12727272727272726,0.09090909090909091,0.24768602748570723,0.08495204406131314,0.917563357656308,0.9577957427797844,-0.0402323851234763,tie,
GSM4138140,25,3,162,0.16049382716049382,0.17901234567901234,0.29867353740881813,0.0752330293482891,0.8917337493062508,,,ambiguous,
GSM4138140,25,4,294,0.11904761904761904,0.10884353741496598,0.2865730476920268,0.07008949153238857,0.9640612845891174,,,no_baseline,
GSM4138140,25,6,119,0.15966386554621848,0.06722689075630252,0.23756923080715642,0.07707403548542889,0.9489870194978262,,,ambiguous,
GSM4138140,26,1,161,0.16149068322981366,0.16770186335403728,0.06892145385606278,0.09441460874554772,0.9019907083382034,,,ambiguous,
GSM4138140,26,2,318,0.11006289308176101,0.10062893081761007,0.0829476691654189,0.07910180644569656,0.9537073749764742,,,ambiguous,
GSM4138140,26,4,219,0.1917808219178082,0.0547945205479452,0.030515899543484805,0.10798216936442989,0.9445718510457476,,,ambiguous,
GSM4138140,27,1,423,0.14184397163120568,0.1536643026004728,0.08378450516618026,0.08406018157265546,0.9028652927609216,,,ambiguous,
GSM4138140,27,3,269,0.17100371747211895,0.07063197026022305,0.05196494860258609,0.09589516130254255,0.9575885661944168,,,ambiguous,
GSM4138140,28,1,701,0.0,0.0042796005706134095,0.13171828027922552,0.041810823028518705,0.9072690990059876,,,ambiguous,
GSM4138140,29,1,455,0.14725274725274726,0.2087912087912088,0.16870509293766967,0.07012522492097983,0.8984085878463441,,,ambiguous,
GSM4138140,29,11,16,0.0625,0.0,0.05627334019313561,0.05906006852496906,0.9879031920033992,,,ambiguous,
GSM4138140,29,2,114,0.07017543859649122,0.17543859649122806,0.17800349345987698,0.049866830023689385,0.9635735412706072,,,ambiguous,
GSM4138140,29,3,79,0.13924050632911392,0.02531645569620253,0.06148119231542638,0.0993681211168208,0.9599027487158986,0.9577957427797844,0.0021070059361142,tie,
GSM4138140,29,8,18,0.05555555555555555,0.0,0.009026675668149782,0.10808637131070094,1.0,,,ambiguous,
GSM4138140,30,1,661,0.08018154311649017,0.11951588502269289,0.28577067124445493,0.023292534198922122,0.9103396619867732,,,ambiguous,
GSM4138140,30,2,29,0.0,0.06896551724137931,0.2043055892730366,0.04007765818606665,0.996485524076578,,,ambiguous,
GSM4138140,31,1,53,0.11320754716981132,0.018867924528301886,0.1868851353144808,0.06387209833021334,0.994268623251624,0.9577957427797844,0.0364728804718396,tie,
GSM4138140,31,2,309,0.10679611650485436,0.12297734627831715,0.21728067929865824,0.050413962418432864,0.93833604002103,,,ambiguous,
GSM4138140,31,3,209,0.07177033492822966,0.18181818181818182,0.23583998972106288,0.049742136721335255,0.8848290128238321,,,ambiguous,
GSM4138140,31,5,127,0.14173228346456693,0.07874015748031496,0.20502284955221803,0.06215343987475144,0.9490101641874,,,ambiguous,
GSM4138140,32,1,704,0.08806818181818182,0.11505681818181818,0.12629346320399726,0.052408864815649034,0.9085840626298254,,,no_baseline,
GSM4138140,33,1,74,0.13513513513513514,0.04054054054054054,0.1428038104105563,0.06671106655537387,0.9624729595916852,,,ambiguous,
GSM4138140,33,2,290,0.12413793103448276,0.15172413793103448,0.1672399649232526,0.055878178657302394,0.8931478939001591,,,ambiguous,
GSM4138140,33,3,330,0.1303030303030303,0.10606060606060606,0.14801476182998577,0.054854860491802486,0.9406965079346558,,,no_baseline,
GSM4138140,34,1,471,0.06369426751592357,0.21443736730360935,0.2898373972077425,0.04315300974259737,0.9004358633203925,,,ambiguous,
GSM4138140,34,2,84,0.10714285714285714,0.05952380952380952,0.19944824648102707,0.05988703383619773,0.9861789671844712,0.9577957427797844,0.0283832244046867,tie,
GSM4138140,34,5,59,0.2033898305084746,0.0,0.0902368601944564,0.08954694668991163,0.9726251602963836,,,ambiguous,
GSM4138140,34,9,72,0.125,0.013888888888888888,0.11546693971313976,0.08818158748868003,0.954094713078773,,,ambiguous,
GSM4138140,35,1,481,0.06444906444906445,0.20374220374220375,0.33397873034630426,0.04615119678895999,0.8988034908348969,,,no_baseline,
GSM4138140,35,2,77,0.03896103896103896,0.11688311688311688,0.2968772175949268,0.050479286068998805,0.986092711824081,,,ambiguous,
GSM4138140,35,3,56,0.08928571428571429,0.125,0.27798696424416874,0.04936615588599783,0.9810955981750226,,,ambiguous,
GSM4138140,35,5,73,0.1917808219178082,0.0,0.12758569141487408,0.08655969617017284,0.962654238588298,,,ambiguous,
GSM4138141,3,1,300,0.023333333333333334,0.04,0.3800937992537081,0.07565905022529076,0.9027039895511914,,,ambiguous,
GSM4138141,3,2,257,0.11284046692607004,0.1867704280155642,1.0954996630395692,0.11516301810577824,0.6935921468808754,,,ambiguous,
GSM4138141,3,3,75,0.02666666666666667,0.04,0.11281578717145126,0.06102425793825705,0.9147605259729388,,,ambiguous,
GSM4138141,4,1,294,0.01020408163265306,0.061224489795918366,0.5840259932905497,0.05095041901841722,0.9068391083874362,,,ambiguous,
GSM4138141,4,2,245,0.11428571428571428,0.11836734693877551,0.727778730349749,0.11367710890174021,0.7178051372681549,,,ambiguous,
GSM4138141,4,3,74,0.013513513513513514,0.04054054054054054,0.2004361817156856,0.07645182175359426,0.91584042337479,,,ambiguous,
GSM4138141,4,4,19,0.10526315789473684,0.10526315789473684,0.025548018834652655,0.12014899887343554,0.9469821716081,,,ambiguous,
GSM4138141,5,1,294,0.003401360544217687,0.07142857142857142,0.4764936993434186,0.05271314124290183,0.9068391083874362,,,ambiguous,
GSM4138141,5,2,235,0.11914893617021277,0.16595744680851063,0.6393749688859345,0.11425446988699703,0.7275276070362975,,,ambiguous,
GSM4138141,5,3,74,0.013513513513513514,0.04054054054054054,0.14814669783217474,0.07919357400174933,0.91584042337479,,,ambiguous,
GSM4138141,5,4,19,0.10526315789473684,0.10526315789473684,0.06435986924230011,0.11765667106368896,0.9469821716081,,,ambiguous,
GSM4138141,6,1,303,0.026402640264026403,0.07920792079207921,0.3398435509704002,0.06960797859694694,0.8779881339978622,,,ambiguous,
GSM4138141,6,2,172,0.11046511627906977,0.09302325581395349,0.36602825228050956,0.0847196822356039,0.7405548032071125,0.7646439714392582,-0.0240891682321456,tie,0.0323433706001324
GSM4138141,6,3,58,0.1896551724137931,0.1724137931034483,0.024990153005002395,0.15093765927822952,0.8557321118961789,0.8124580686420484,0.0432740432541305,tie,0.0233879052987839
GSM4138141,6,4,19,0.15789473684210525,0.15789473684210525,0.03642577251318952,0.1123371384797095,0.9469821716081,,,ambiguous,
GSM4138141,6,5,70,0.0,0.1,0.23008164159799266,0.0874627024963774,0.9220778673883754,0.9165508686482304,0.0055269987401449,tie,0.0
GSM4138141,7,1,295,0.01694915254237288,0.07457627118644068,0.25441472858410685,0.07138730672689336,0.894415114261546,,,no_baseline,
GSM4138141,7,2,95,0.10526315789473684,0.15789473684210525,0.2974173553060658,0.09031900375939726,0.8243632076845719,0.7646439714392582,0.0597192362453137,purer,0.0295124977737076
GSM4138141,7,3,57,0.21052631578947367,0.15789473684210525,0.0492074447108395,0.1331687875784534,0.8747465570091368,0.8124580686420484,0.0622884883670884,purer,0.00948426968502
GSM4138141,7,4,81,0.06172839506172839,0.2222222222222222,0.31143010072390137,0.08958542876787978,0.7758937932120452,,,ambiguous,
GSM4138141,7,5,22,0.13636363636363635,0.18181818181818182,0.11069937688508452,0.1091963184297531,0.9504603206790256,,,ambiguous,
GSM4138141,7,6,72,0.0,0.125,0.2454528949854898,0.08059626251138913,0.9165508686482304,0.9165508686482304,0.0,tie,0.0
GSM4138141,8,1,292,0.023972602739726026,0.07876712328767123,0.22559036311695088,0.071132983547563,0.8966669389235868,,,no_baseline,
GSM4138141,8,2,95,0.08421052631578947,0.15789473684210525,0.31548889070481423,0.08785745959358604,0.8012862308380416,0.7646439714392582,0.0366422593987834,tie,0.0264194807129868
GSM4138141,8,3,64,0.21875,0.203125,0.08285812935293509,0.1275959455786152,0.8632695625355349,0.8124580686420484,0.0508114938934864,purer,0.0238692487832539
GSM4138141,8,4,76,0.06578947368421052,0.21052631578947367,0.24956105315907892,0.09714013318269844,0.7876325428278055,,,ambiguous,
GSM4138141,8,5,21,0.09523809523809523,0.19047619047619047,0.10933425846170815,0.10075434448337221,0.9491170180223923,,,ambiguous,
GSM4138141,8,6,72,0.0,0.125,0.23061545686816906,0.07529093426875409,0.9165508686482304,0.9165508686482304,0.0,tie,0.0
GSM4138141,9,1,286,0.02097902097902098,0.06993006993006994,0.1949543715231098,0.0730195970140493,0.8947403222520465,,,no_baseline,
GSM4138141,9,2,95,0.07368421052631578,0.2,0.29447518634466413,0.08499725656665516,0.8334045494392543,0.7646439714392582,0.0687605779999961,purer,0.0090659275889417
GSM4138141,9,3,56,0.25,0.17857142857142858,0.0420607784082222,0.13140227027608736,0.8713083151131708,0.8124580686420484,0.0588502464711223,purer,0.0096565672863868
GSM4138141,9,4,37,0.21621621621621623,0.32432432432432434,0.33063296068643905,0.09267067395505964,0.8350654052781903,,,ambiguous,
GSM4138141,9,5,21,0.09523809523809523,0.19047619047619047,0.10327867169513871,0.09361423532707383,0.9491170180223923,,,ambiguous,
GSM4138141,9,6,72,0.0,0.1111111111111111,0.18678915586200176,0.07962708482527697,0.9165508686482304,0.9165508686482304,0.0,tie,0.0
GSM4138141,9,8,53,0.018867924528301886,0.20754716981132076,0.2189180573566519,0.08491105735832398,0.8827440521678653,0.7646439714392582,0.1181000807286071,purer,0.0
GSM4138141,10,1,207,0.05314009661835749,0.11594202898550725,0.030995271479334088,0.12161577162402964,0.9286476366704656,0.8153267211987012,0.1133209154717643,purer,0.0223022345537018
GSM4138141,10,2,67,0.1044776119402985,0.1791044776119403,0.1240446786771959,0.11312051017729478,0.9458500263333344,0.9724074031211092,-0.0265573767877748,tie,0.0337122330791421
GSM4138141,10,3,99,0.030303030303030304,0.30303030303030304,0.2592750830963514,0.09246618928878002,0.8356393113913131,0.7646439714392582,0.0709953399520548,purer,0.0085261402222653
GSM4138141,10,4,62,0.1774193548387097,0.1935483870967742,0.09569579921625555,0.12246075268439248,0.8685347144884038,0.8124580686420484,0.0560766458463554,purer,0.0265394605360497
GSM4138141,10,5,22,0.09090909090909091,0.18181818181818182,0.05910569117340054,0.11481754256193132,0.9495144952302128,,,ambiguous,
GSM4138141,10,6,37,0.08108108108108109,0.5945945945945946,0.36747667637627235,0.08763549499243962,0.8325844683838861,,,ambiguous,
GSM4138141,10,7,73,0.0,0.1506849315068493,0.20611199338848007,0.07858777694718072,0.915848528113676,0.9165508686482304,-0.0007023405345544,tie,0.0007023405345545
GSM4138141,10,9,53,0.018867924528301886,0.22641509433962265,0.19208833135766812,0.08720212513617757,0.8827440521678653,0.7646439714392582,0.1181000807286071,purer,0.0
GSM4138141,11,1,290,0.03103448275862069,0.06551724137931035,0.13757133055624204,0.07598430729566318,0.8529343021025548,,,ambiguous,
GSM4138141,11,2,85,0.1411764705882353,0.18823529411764706,0.24531389239902143,0.08836585241653883,0.8384247593345463,0.7646439714392582,0.073780787895288,purer,0.0263134101897152
GSM4138141,11,3,46,0.2608695652173913,0.15217391304347827,0.02432309942165174,0.12577508937504547,0.8876425828499767,0.8124580686420484,0.0751845142079282,purer,0.0017038859358259
GSM4138141,11,5,32,0.1875,0.4375,0.29696732268159687,0.09323294637261623,0.8407396806244632,,,ambiguous,
GSM4138141,11,6,73,0.0,0.1506849315068493,0.1985481408071546,0.07593332368908512,0.915848528113676,0.9165508686482304,-0.0007023405345544,tie,0.0007023405345545
GSM4138141,11,8,27,0.25925925925925924,0.1111111111111111,0.04900139072637182,0.10811620977479595,0.9633604359519826,,,ambiguous,
GSM4138141,11,9,53,0.018867924528301886,0.22641509433962265,0.19792428361466516,0.08348092552050781,0.8827440521678653,0.7646439714392582,0.1181000807286071,purer,0.0
GSM4138141,12,1,207,0.04830917874396135,0.13043478260869565,0.03198124864006648,0.12109789961996562,0.908701635666062,0.8153267211987012,0.0933749144673607,purer,0.0244899450647743
GSM4138141,12,10,53,0.018867924528301886,0.22641509433962265,0.16680768381970215,0.0865793174949638,0.8827440521678653,0.7646439714392582,0.1181000807286071,purer,0.0
GSM4138141,12,2,61,0.09836065573770492,0.16393442622950818,0.08166496434850115,0.11500142540505941,0.973525328845283,0.9724074031211092,0.0011179257241737,tie,0.0060369305671934
GSM4138141,12,3,98,0.030612244897959183,0.336734693877551,0.23675745838205198,0.08848909325514429,0.8229794749797104,0.7646439714392582,0.0583355035404521,purer,0.0473487177969437
GSM4138141,12,4,49,0.1836734693877551,0.16326530612244897,0.04176570473333377,0.11728281880670123,0.8971458057912821,0.8124580686420484,0.0846877371492337,purer,-0.0089418135670845
GSM4138141,12,5,36,0.1111111111111111,0.5277777777777778,0.29798430199431636,0.09193003602718927,0.8293813586329108,,,ambiguous,
GSM4138141,12,7,73,0.0,0.1506849315068493,0.1922099740044882,0.07898332909636396,0.915848528113676,0.9165508686482304,-0.0007023405345544,tie,0.0007023405345545
GSM4138141,12,9,30,0.03333333333333333,0.16666666666666666,0.01991656346994704,0.11267720520730148,0.9575318770820528,,,ambiguous,
GSM4138141,13,1,208,0.0625,0.12980769230769232,0.028620746956619408,0.1221308507696563,0.9060730523630908,0.8153267211987012,0.0907463311643895,purer,0.0243585058819512
GSM4138141,13,10,53,0.018867924528301886,0.24528301886792453,0.15822743722852742,0.08345014961311038,0.8827440521678653,0.7646439714392582,0.1181000807286071,purer,0.0
GSM4138141,13,2,62,0.12903225806451613,0.16129032258064516,0.07245132442230157,0.11661545767759622,0.9670839416862133,0.9724074031211092,-0.0053234614348959,tie,0.0124783177262632
GSM4138141,13,3,100,0.03,0.35,0.22216817443173933,0.086940531655567,0.8188426081377531,0.7646439714392582,0.0541986366984948,purer,0.0431508475147356
GSM4138141,13,4,51,0.19607843137254902,0.17647058823529413,0.04639685580014894,0.11908501529325889,0.8932614228700199,0.8124580686420484,0.0808033542279714,purer,-0.0045597013380268
GSM4138141,13,5,36,0.1111111111111111,0.5277777777777778,0.30052565288727695,0.08797577220310128,0.8293813586329108,,,ambiguous,
GSM4138141,13,6,72,0.0,0.1388888888888889,0.17980930911821882,0.0762525346795185,0.9165508686482304,0.9165508686482304,0.0,tie,0.0
GSM4138141,13,9,28,0.03571428571428571,0.14285714285714285,0.029482214985693766,0.11037191928045195,0.9646053659496772,,,ambiguous,
GSM4138141,14,1,203,0.07389162561576355,0.12807881773399016,0.023463893052050013,0.11804414407422135,0.922759059057298,0.8153267211987012,0.1074323378585968,purer,0.0092636641153297
GSM4138141,14,10,28,0.07142857142857142,0.07142857142857142,0.022249256684326677,0.10587514453079112,0.9719092617652704,,,ambiguous,
GSM4138141,14,11,52,0.038461538461538464,0.25,0.1307574318852828,0.09774686680959563,0.872610460662363,0.7646439714392582,0.1079664892231048,purer,0.0
GSM4138141,14,2,69,0.10144927536231885,0.2318840579710145,0.1009032042570571,0.10672772735810897,0.9454562480011156,0.9724074031211092,-0.0269511551199935,tie,0.0341060114113609
GSM4138141,14,3,77,0.0,0.4675324675324675,0.28259592368049763,0.07518662221695299,0.8673360344875756,0.7646439714392582,0.1026920630483173,purer,0.0022712966698008
GSM4138141,14,4,55,0.16363636363636364,0.23636363636363636,0.09666459696089177,0.11654311914395937,0.8910076218252874,0.8124580686420484,0.0785495531832389,purer,0.0036725831082604
GSM4138141,14,5,19,0.10526315789473684,0.3157894736842105,0.20403228749819022,0.10183950407190605,1.0,,,ambiguous,
GSM4138141,14,6,35,0.11428571428571428,0.5428571428571428,0.31848581346797433,0.0860994992556088,0.8283143524291859,,,ambiguous,
GSM4138141,14,7,72,0.0,0.16666666666666666,0.17529219587512337,0.07322308383582357,0.9202560349379756,0.9165508686482304,0.0037051662897451,tie,0.0011534545231199
GSM4138141,15,1,259,0.02702702702702703,0.1891891891891892,0.15221948858602918,0.09884315620042478,0.8601447969230982,,,no_baseline,
GSM4138141,15,2,83,0.08433734939759036,0.39759036144578314,0.3602284894153119,0.08657331413765246,0.8378987901819578,0.9724074031211092,-0.1345086129391514,less_pure,0.1345086129391512
GSM4138141,15,3,76,0.05263157894736842,0.4868421052631579,0.4470799592396464,0.08115914480882559,0.8538094073830355,,,ambiguous,
GSM4138141,15,4,73,0.1095890410958904,0.1506849315068493,0.08603578865314657,0.12493747176132117,0.9152968488179668,0.9165508686482304,-0.0012540198302636,tie,0.0021132657577135
GSM4138141,15,6,36,0.08333333333333333,0.16666666666666666,0.10264352990918273,0.09623304767004943,0.9524770245996516,,,ambiguous,
GSM4138141,15,8,36,0.08333333333333333,0.2222222222222222,0.2507475586466198,0.11419337954189432,0.9206820398386972,0.7646439714392582,0.156038068399439,purer,0.0304243354909958
GSM4138141,15,9,31,0.12903225806451613,0.25806451612903225,0.14756042234740924,0.15733854665997601,0.8967552661645241,0.7646439714392582,0.1321112947252658,purer,0.0
GSM4138141,16,1,535,0.08224299065420561,0.12710280373831775,0.20823222749933226,0.056488271896999565,0.7175195547862171,,,ambiguous,
GSM4138141,16,2,24,0.20833333333333334,0.041666666666666664,-0.03796897470730436,0.17599685436717238,0.9503814446079576,,,ambiguous,
GSM4138141,16,4,52,0.17307692307692307,0.019230769230769232,0.0005991392243104555,0.12607528219830116,0.9055818990138778,,,ambiguous,
GSM4138141,17,1,488,0.0778688524590164,0.26434426229508196,0.5293363073757008,0.02124805586490709,0.7176003654559986,,,ambiguous,
GSM4138141,17,2,79,0.17721518987341772,0.06329113924050633,0.1804849281527294,0.09648067295877369,0.872884211290669,0.9165508686482304,-0.0436666573575614,tie,0.0568658615304025
GSM4138141,17,3,46,0.2391304347826087,0.06521739130434782,0.17823169489323898,0.05939776745817727,0.9010852453912294,,,ambiguous,
GSM4138141,18,1,534,0.0749063670411985,0.13670411985018727,0.4136133467987386,0.0223469613121483,0.7199673470750997,,,ambiguous,
GSM4138141,18,2,49,0.20408163265306123,0.04081632653061224,0.11001813246957208,0.17115090503458974,0.94419174837021,0.9165508686482304,0.0276408797219795,tie,-0.0049404030075548
GSM4138141,18,5,31,0.3870967741935484,0.03225806451612903,-0.03154411193155165,0.2268814724538992,0.9515205699218068,,,ambiguous,
GSM4138141,19,1,74,0.10810810810810811,0.21621621621621623,0.514329792238669,0.054911752624656564,0.8959502778440134,,,no_baseline,
GSM4138141,19,2,107,0.018691588785046728,0.1588785046728972,0.31271766073359336,0.05171612155501816,0.8652505151286508,0.9165508686482304,-0.0513003535195796,less_pure,0.0561589743324447
GSM4138141,19,3,123,0.07317073170731707,0.34959349593495936,0.5532643390280481,0.04431032353442747,0.8398871911972158,,,ambiguous,
GSM4138141,19,4,178,0.19662921348314608,0.1797752808988764,0.3156872695282267,0.07644159674444566,0.7531235722898386,,,ambiguous,
GSM4138141,19,5,31,0.1935483870967742,0.16129032258064516,0.30726627099964693,0.103272263219181,0.9488986837279444,0.7646439714392582,0.1842547122886861,purer,-0.0428295332632523
GSM4138141,19,6,49,0.3469387755102041,0.10204081632653061,0.2125645171942202,0.07855307011403001,0.913069009202294,,,ambiguous,
GSM4138141,19,7,19,0.2631578947368421,0.05263157894736842,0.08411750902335174,0.10342579937442747,0.9532185792020352,,,ambiguous,
GSM4138141,19,8,35,0.45714285714285713,0.0,-0.13849335996580647,0.2388074248447526,0.922378827537007,0.7646439714392582,0.1577348560977487,purer,0.0
GSM4138141,20,1,121,0.09917355371900827,0.14049586776859505,0.027629156494410608,0.12076466064928618,0.9502143607984448,0.8153267211987012,0.1348876395997436,purer,0.0042973197064772
GSM4138141,20,10,33,0.030303030303030304,0.09090909090909091,0.0569209594838865,0.10156826225656154,0.9564651596766038,,,ambiguous,
GSM4138141,20,11,51,0.0196078431372549,0.27450980392156865,0.12568717764857204,0.0816045038118412,0.8792801775913128,0.7646439714392582,0.1146362061520546,purer,0.0
GSM4138141,20,2,159,0.13836477987421383,0.23270440251572327,0.06967039699152629,0.11892604096926208,0.7983424214228234,0.9545746132723032,-0.1562321918494797,less_pure,0.1691092467885643
GSM4138141,20,3,42,0.11904761904761904,0.07142857142857142,0.013890922817218213,0.11233484022474585,0.9638958579707972,0.9724074031211092,-0.0085115451503119,tie,0.0156664014416793
GSM4138141,20,4,56,0.16071428571428573,0.19642857142857142,0.060970419142859285,0.11367927358033,0.8906383968747128,0.8124580686420484,0.0781803282326644,purer,0.0043149692108733
GSM4138141,20,6,32,0.125,0.65625,0.2716842405119909,0.09107750347217311,0.8340660959377291,,,ambiguous,
GSM4138141,20,7,37,0.02702702702702703,0.4864864864864865,0.2014032909024055,0.08729176243067575,0.8895003476296034,0.7646439714392582,0.1248563761903451,purer,0.0
GSM4138141,20,8,72,0.06944444444444445,0.1527777777777778,0.05580736747122626,0.1230607082959341,0.9167167719710088,,,ambiguous,
GSM4138141,21,1,189,0.15343915343915343,0.2222222222222222,0.08578006375752455,0.10798650204048088,0.8434350743597537,0.9545746132723032,-0.1111395389125494,less_pure,
GSM4138141,21,10,15,0.0,0.13333333333333333,0.10457795255103372,0.098141472285507,0.9631599718478564,0.7646439714392582,0.1985160004085981,purer,
GSM4138141,21,11,31,0.06451612903225806,0.0967741935483871,0.052176748251588204,0.1011237155172004,0.9467248234943836,,,ambiguous,
GSM4138141,21,12,27,0.25925925925925924,0.2222222222222222,0.10217303672532113,0.12397912506429908,0.9306647024476415,,,ambiguous,
GSM4138141,21,13,51,0.058823529411764705,0.17647058823529413,0.08504512171548236,0.0978188722908455,0.8804258338467484,0.7646439714392582,0.1157818624074902,purer,
GSM4138141,21,2,116,0.14655172413793102,0.12931034482758622,0.031684936442062515,0.11697740848861579,0.9639151264861524,0.8153267211987012,0.1485884052874512,purer,
GSM4138141,21,3,54,0.16666666666666666,0.16666666666666666,0.0641017212905124,0.11364156079211922,0.8722083710840246,0.8124580686420484,0.0597503024419762,purer,
GSM4138141,21,4,15,0.06666666666666667,0.2,0.16610808719557432,0.11594285973153119,0.9793340764298976,,,ambiguous,
GSM4138141,21,5,74,0.0,0.14864864864864866,0.13294053777339815,0.07617335868837444,0.9284337743257558,0.9165508686482304,0.0118829056775253,tie,
GSM4138141,21,7,29,0.034482758620689655,0.5172413793103449,0.2744475994582652,0.08938992417390108,0.8332888537941149,,,ambiguous,
GSM4138141,22,1,119,0.11764705882352941,0.1092436974789916,0.02604705683497655,0.11469334334367808,0.9645529654108236,0.8153267211987012,0.1492262442121223,purer,
GSM4138141,22,12,31,0.06451612903225806,0.22580645161290322,0.06577378625766579,0.09892350987342141,0.9467248234943836,,,ambiguous,
GSM4138141,22,14,31,0.03225806451612903,0.3225806451612903,0.14284176078770178,0.11604451991767395,0.9314963485417396,,,ambiguous,
GSM4138141,22,15,51,0.0784313725490196,0.2549019607843137,0.0817319983982338,0.09860924162657798,0.8804258338467484,0.7646439714392582,0.1157818624074902,purer,
GSM4138141,22,2,131,0.1450381679389313,0.2595419847328244,0.07661087210220821,0.1148514584321087,0.8818619455416806,0.9545746132723032,-0.0727126677306225,less_pure,
GSM4138141,22,3,45,0.08888888888888889,0.08888888888888889,0.024663222037023966,0.10523461653801357,0.9726054587879772,0.9724074031211092,0.000198055666868,tie,
GSM4138141,22,4,56,0.125,0.19642857142857142,0.05830183239091543,0.1116649757494504,0.8819348910225047,0.8124580686420484,0.0694768223804562,purer,
GSM4138141,22,5,20,0.05,0.35,0.13731180419974437,0.11464692995183046,0.981038198116558,,,ambiguous,
GSM4138141,22,6,73,0.0,0.1917808219178082,0.12989948283466116,0.0720294430996148,0.9208857359590832,0.9165508686482304,0.0043348673108527,tie,
GSM4138141,22,9,30,0.06666666666666667,0.6,0.28234631346173433,0.08937945206722207,0.832889007077799,,,ambiguous,
GSM4138141,23,1,117,0.10256410256410256,0.1111111111111111,0.02211882691519631,0.11609639824623787,0.9713280382483798,0.8153267211987012,0.1560013170496785,purer,
GSM4138141,23,13,31,0.06451612903225806,0.3225806451612903,0.1289663791358153,0.11940191755851762,0.9314963485417396,,,ambiguous,
GSM4138141,23,14,31,0.06451612903225806,0.16129032258064516,0.058443464820111715,0.09965303229124518,0.9467248234943836,,,ambiguous,
GSM4138141,23,15,51,0.0784313725490196,0.27450980392156865,0.08242237833088267,0.09746698822247236,0.8804258338467484,0.7646439714392582,0.1157818624074902,purer,
GSM4138141,23,2,139,0.1366906474820144,0.23741007194244604,0.06413514229629678,0.11656802152664571,0.8639689626405884,0.9545746132723032,-0.0906056506317147,less_pure,
GSM4138141,23,3,43,0.11627906976744186,0.09302325581395349,0.029590310574574664,0.10188225308421997,0.9652146135197603,0.9724074031211092,-0.0071927896013488,tie,
GSM4138141,23,4,54,0.1111111111111111,0.18518518518518517,0.06030334201429485,0.10838836815283753,0.8722083710840246,0.8124580686420484,0.0597503024419762,purer,
GSM4138141,23,6,73,0.0,0.1917808219178082,0.1237788662162927,0.07238202756793008,0.9208857359590832,0.9165508686482304,0.0043348673108527,tie,
GSM4138141,23,8,30,0.06666666666666667,0.6,0.2755751887186433,0.08932869512949745,0.832889007077799,,,ambiguous,
GSM4138141,24,1,344,0.055232558139534885,0.22965116279069767,0.3617919731854353,0.03739195923820376,0.8006613325864103,0.9724074031211092,-0.1717460705346989,less_pure,
GSM4138141,24,2,92,0.25,0.2391304347826087,0.20472078103131502,0.08879250229832922,0.8357845336704274,,,ambiguous,
GSM4138141,24,4,70,0.04285714285714286,0.04285714285714286,0.06983316908949318,0.09800677220784232,0.921628957275999,0.9165508686482304,0.0050780886277685,tie,
GSM4138141,24,5,36,0.3611111111111111,0.0,0.10621509131238453,0.07727420399451193,0.9526325498156656,,,ambiguous,
GSM4138141,24,7,33,0.36363636363636365,0.030303030303030304,0.03716184223925233,0.14200968400089842,0.9024588769011984,0.7646439714392582,0.1378149054619402,purer,
GSM4138141,24,8,22,0.4090909090909091,0.13636363636363635,0.15744892840178706,0.1313565775104302,0.9061969394483546,0.7646439714392582,0.1415529680090963,purer,
GSM4138141,25,1,116,0.0603448275862069,0.31896551724137934,0.3660175818583004,0.05115823510666639,0.826661365668203,,,ambiguous,
GSM4138141,25,14,19,0.15789473684210525,0.0,-0.04587378928546273,0.17928975814367337,0.9723050564616394,,,ambiguous,
GSM4138141,25,2,115,0.0782608695652174,0.2782608695652174,0.3810067479566665,0.0666824873090342,0.7889655304951975,0.7646439714392582,0.0243215590559392,tie,
GSM4138141,25,3,74,0.0945945945945946,0.47297297297297297,0.5081042244937563,0.06062306567731959,0.8415779908960137,,,ambiguous,
GSM4138141,25,4,201,0.1791044776119403,0.15920398009950248,0.2463672705234409,0.09748963531865609,0.8665999463531581,0.9165508686482304,-0.0499509222950723,tie,
GSM4138141,25,6,70,0.15714285714285714,0.15714285714285714,0.17378559054365267,0.11329076204632095,0.8857304377091018,,,ambiguous,
GSM4138141,26,1,211,0.12322274881516587,0.4075829383886256,0.18367773136406174,0.0795329584455055,0.7293260147995254,,,ambiguous,
GSM4138141,26,2,150,0.18666666666666668,0.06,0.02933009429595159,0.11673502950308169,0.8877920548602911,,,ambiguous,
GSM4138141,26,20,16,0.0625,0.25,0.09205872622231262,0.08372636690370411,0.9664779211836736,,,ambiguous,
GSM4138141,26,4,221,0.18099547511312217,0.167420814479638,0.07191139922677989,0.09131185828580314,0.7422820832091126,,,ambiguous,
GSM4138141,27,1,419,0.11933174224343675,0.3221957040572792,0.15174166469188602,0.06798840761813212,0.7171129014338147,,,ambiguous,
GSM4138141,27,13,15,0.4666666666666667,0.13333333333333333,0.04773520385914973,0.12925800773832108,1.0,,,ambiguous,
GSM4138141,27,16,18,0.2222222222222222,0.05555555555555555,-0.017644319381600236,0.1326624718062538,0.9647950883027926,,,ambiguous,
GSM4138141,27,3,115,0.1826086956521739,0.06956521739130435,0.02034724150726947,0.10922228504255431,0.8993742440202661,,,ambiguous,
GSM4138141,27,8,36,0.2222222222222222,0.16666666666666666,0.08798001266647817,0.08434807914473798,0.8795025232088832,,,ambiguous,
GSM4138141,28,1,488,0.022540983606557378,0.22540983606557377,0.25735458300758307,0.02932489128256493,0.7255545376047826,,,ambiguous,
GSM4138141,28,2,59,0.11864406779661017,0.11864406779661017,0.11811285361953014,0.07766899705451744,0.880232922788694,0.7646439714392582,0.1155889513494358,purer,
GSM4138141,28,3,19,0.47368421052631576,0.10526315789473684,0.035154406413410125,0.13427560640134314,0.9810778003700256,,,ambiguous,
GSM4138141,28,4,34,0.058823529411764705,0.058823529411764705,0.08536807939687645,0.09569032195314056,0.939975037256186,,,ambiguous,
GSM4138141,28,9,21,0.42857142857142855,0.0,-0.06578173331407905,0.19831374040075703,0.9603591058723802,,,ambiguous,
GSM4138141,29,1,251,0.1553784860557769,0.23904382470119523,0.1824019236399347,0.06999590422102958,0.7794752136355022,,,ambiguous,
GSM4138141,29,11,23,0.2608695652173913,0.0,0.037702388207658026,0.09805910945871102,0.9153757149432844,,,ambiguous,
GSM4138141,29,12,39,0.28205128205128205,0.0,-0.004730621747495877,0.1172308533924738,0.944776191760789,,,ambiguous,
GSM4138141,29,2,77,0.18181818181818182,0.2857142857142857,0.18479791117291205,0.07211666574673369,0.8028541763582485,,,ambiguous,
GSM4138141,29,3,170,0.2529411764705882,0.08235294117647059,0.05206337224950996,0.12176340958538286,0.735414057486244,0.7646439714392582,-0.0292299139530142,tie,
GSM4138141,29,8,30,0.3,0.0,0.03985512888813896,0.10357912645654228,0.9059933510163292,,,ambiguous,
GSM4138141,30,1,453,0.17218543046357615,0.23178807947019867,0.2992416935472005,0.031998061038918335,0.7206778694528114,,,ambiguous,
GSM4138141,30,12,16,0.4375,0.0,0.06939134545753427,0.08143928434022772,0.9390981599497722,,,ambiguous,
GSM4138141,30,2,31,0.25806451612903225,0.25806451612903225,0.3076906020259522,0.03999924404169626,0.8521389730388483,,,ambiguous,
GSM4138141,30,6,106,0.3867924528301887,0.009433962264150943,0.06557210362825142,0.09991374428277722,0.7952867653063903,,,ambiguous,
GSM4138141,31,1,50,0.16,0.26,0.3493749152090895,0.05545678760299237,0.8224070493937583,0.7646439714392582,0.0577630779545,purer,
GSM4138141,31,2,206,0.14563106796116504,0.2766990291262136,0.28622763957485114,0.054020882283727326,0.7276004115571908,,,ambiguous,
GSM4138141,31,3,254,0.08661417322834646,0.4251968503937008,0.35151610541556794,0.034058716241664226,0.7501013221763828,,,ambiguous,
GSM4138141,31,5,92,0.2826086956521739,0.03260869565217391,0.0936921399261308,0.12778428216010845,0.895294301450689,,,ambiguous,
GSM4138141,32,1,604,0.08609271523178808,0.22185430463576158,0.15667000137763124,0.05260656097191703,0.7015971265008432,0.9165508686482304,-0.2149537421473872,less_pure,
GSM4138141,33,1,70,0.17142857142857143,0.3142857142857143,0.23537558864762045,0.06541431722421465,0.7791421636944607,,,ambiguous,
GSM4138141,33,12,17,0.11764705882352941,0.4117647058823529,0.2505296518278439,0.03645375063832002,0.9717457283747732,,,ambiguous,
GSM4138141,33,2,357,0.07563025210084033,0.4061624649859944,0.24467306068575204,0.057569207324101354,0.715787001101292,,,ambiguous,
GSM4138141,33,3,165,0.21212121212121213,0.17575757575757575,0.12103857882975604,0.0923914334810033,0.7833443929316186,0.9165508686482304,-0.1332064757166118,less_pure,
GSM4138141,34,1,342,0.1111111111111111,0.3216374269005848,0.3211162023980101,0.045793976535795346,0.7408932945457796,,,ambiguous,
GSM4138141,34,2,59,0.15254237288135594,0.22033898305084745,0.2786654141929138,0.06241804821014622,0.833007102436266,0.7646439714392582,0.0683631309970077,purer,
GSM4138141,34,3,30,0.13333333333333333,0.13333333333333333,0.20260379449604352,0.051669846219900756,0.9044307280274136,,,no_baseline,
GSM4138141,34,5,139,0.2302158273381295,0.11510791366906475,0.1598890132618117,0.09961111363645302,0.7892623369758924,,,ambiguous,
GSM4138141,34,9,38,0.3157894736842105,0.05263157894736842,0.09413328615250187,0.13734629685124555,0.9165578722579056,,,ambiguous,
GSM4138141,35,1,367,0.10626702997275204,0.24250681198910082,0.2963141872866072,0.06847278931145691,0.7658815261378606,0.9165508686482304,-0.1506693425103697,less_pure,
GSM4138141,35,18,41,0.36585365853658536,0.12195121951219512,0.17831534118003292,0.11037378054197834,0.8650327634003943,,,ambiguous,
GSM4138141,35,2,50,0.16,0.26,0.35059072738591435,0.05822612093460654,0.8474408190303664,,,ambiguous,
GSM4138141,35,3,26,0.038461538461538464,0.15384615384615385,0.28984703173656273,0.049211935985388824,0.9822162423205408,,,ambiguous,
GSM4138141,35,4,20,0.3,0.15,0.1464268996900647,0.08938327807720815,0.97015409572725,,,ambiguous,
GSM4138141,35,5,73,0.273972602739726,0.1643835616438356,0.25165114448522075,0.06831714688404711,0.8160602165758635,,,ambiguous,
GSM4138142,3,1,689,0.0,0.001451378809869376,0.29699917575103313,0.05374341446824065,0.908776416664459,,,ambiguous,
GSM4138142,4,1,689,0.001451378809869376,0.005805515239477504,0.4652611506437453,0.062284130881733235,0.908776416664459,,,ambiguous,
GSM4138142,5,1,689,0.001451378809869376,0.005805515239477504,0.3724454893733041,0.06404429297045282,0.908776416664459,,,ambiguous,
GSM4138142,6,1,689,0.002902757619738752,0.005805515239477504,0.28304130946927814,0.07016953897500688,0.9106069169972388,,,ambiguous,
GSM4138142,7,1,686,0.0029154518950437317,0.007288629737609329,0.23915264887573284,0.07548502000528899,0.909926812416912,0.96720459775112,-0.057277785334208,less_pure,0.057277785334208
GSM4138142,8,1,686,0.0029154518950437317,0.007288629737609329,0.20310498900863053,0.07924350382634719,0.909926812416912,0.96720459775112,-0.057277785334208,less_pure,0.057277785334208
GSM4138142,9,1,682,0.002932551319648094,0.007331378299120235,0.17132009980201054,0.08661075175208538,0.909247432318442,0.96720459775112,-0.057957165432678,less_pure,0.0579571654326779
GSM4138142,10,1,489,0.05112474437627812,0.07975460122699386,-0.02938621037522324,0.15379866584215487,0.954234742726078,0.920204129281547,0.0340306134445309,tie,0.0057529459470627
GSM4138142,10,2,192,0.041666666666666664,0.078125,0.027149013463501834,0.12504186068103137,0.9525511573838954,0.9665257719433304,-0.013974614559435,tie,0.013974614559435
GSM4138142,11,1,686,0.0014577259475218659,0.007288629737609329,0.11804128430693782,0.08397806758549763,0.9052958356018416,,,ambiguous,
GSM4138142,12,1,484,0.05785123966942149,0.08057851239669421,-0.018756190082621936,0.15059299718876024,0.9590551423533856,0.920204129281547,0.0388510130718385,tie,0.0010502449739857
GSM4138142,12,2,198,0.050505050505050504,0.09090909090909091,0.050374719198833844,0.11470946400329439,0.9432529314583888,0.9665257719433304,-0.0232728404849416,tie,0.0232728404849417
GSM4138142,13,1,484,0.05991735537190083,0.08264462809917356,-0.012176295790752271,0.15018609148395184,0.955448638690628,0.920204129281547,0.0352445094090809,tie,0.0046867472147132
GSM4138142,13,2,197,0.04568527918781726,0.08121827411167512,0.04306921834211685,0.11546848223703461,0.947239917708687,0.9665257719433304,-0.0192858542346434,tie,0.0192858542346434
GSM4138142,14,1,479,0.06680584551148225,0.08768267223382047,-0.012423370389427861,0.15006937032187892,0.9540561807656042,0.920204129281547,0.0338520514840571,tie,0.0063979716086178
GSM4138142,14,2,204,0.058823529411764705,0.09313725490196079,0.03630368469436102,0.11429624494690398,0.9389222093654436,0.9665257719433304,-0.0276035625778868,tie,0.0276035625778869
GSM4138142,15,1,529,0.02835538752362949,0.052930056710775046,0.026526546382569797,0.13173079666788787,0.923566810038148,0.96720459775112,-0.043637787712972,tie,0.043637787712972
GSM4138142,15,2,160,0.06875,0.0875,0.04741713335348298,0.10723934744461708,0.952721569267562,0.9665257719433304,-0.0138042026757684,tie,0.0138042026757685
GSM4138142,16,1,687,0.07714701601164484,0.08879184861717612,0.22457098253554442,0.05237337013110416,0.9081704615567284,,,ambiguous,
GSM4138142,17,1,686,0.09620991253644315,0.20845481049562684,0.5611442082502032,0.015307829658160915,0.9073387779406183,,,ambiguous,
GSM4138142,18,1,688,0.03488372093023256,0.09156976744186046,0.45358102796461297,0.015435874966301706,0.9083915205313742,,,ambiguous,
GSM4138142,19,1,208,0.0673076923076923,0.23076923076923078,0.5287289128258366,0.050386625440045324,0.9356507772917956,,,no_baseline,
GSM4138142,19,2,23,0.0,0.2608695652173913,0.48787037222011437,0.05577029350211302,0.96272162546172,,,no_baseline,
GSM4138142,19,3,290,0.08275862068965517,0.28620689655172415,0.5352496021521976,0.04607964735160186,0.9180899558463114,,,ambiguous,
GSM4138142,19,4,157,0.05732484076433121,0.2611464968152866,0.48627960925514974,0.049986135857647794,0.9036944160511848,,,ambiguous,
GSM4138142,20,1,345,0.07246376811594203,0.0927536231884058,-0.0014919527642622069,0.12471179829086732,0.974729227658678,0.920204129281547,0.0545250983771309,purer,0.0
GSM4138142,20,2,206,0.1941747572815534,0.17475728155339806,0.024720752690545935,0.13233884019656708,0.9193009306584377,0.9473976527957454,-0.0280967221373077,tie,0.0280967221373077
GSM4138142,20,3,138,0.050724637681159424,0.043478260869565216,-0.02798197093420565,0.13458646177391334,0.9692333430648978,0.9665257719433304,0.0027075711215673,tie,-0.0008099264925188
GSM4138142,21,1,356,0.08426966292134831,0.23876404494382023,0.11489349834459084,0.09517625355600158,0.8983862493340193,0.9473976527957454,-0.049011403461726,tie,
GSM4138142,21,2,329,0.0972644376899696,0.0668693009118541,0.011038283817255527,0.12143745342458381,0.9773708979917058,0.920204129281547,0.0571667687101588,purer,
GSM4138142,22,1,342,0.08771929824561403,0.09064327485380116,-0.001142003353951737,0.123181410237365,0.9794368226303288,0.920204129281547,0.0592326933487817,purer,
GSM4138142,22,2,204,0.22058823529411764,0.1715686274509804,0.025683619400498976,0.12897834207670905,0.9239842147279504,0.9473976527957454,-0.0234134380677949,tie,
GSM4138142,22,3,139,0.06474820143884892,0.02877697841726619,-0.019660199250954573,0.13050419226868798,0.9690761323191958,0.9665257719433304,0.0025503603758653,tie,
GSM4138142,23,1,345,0.08115942028985507,0.08405797101449275,-0.00039817582137578907,0.12316257076346503,0.9761939027050316,0.920204129281547,0.0559897734234845,purer,
GSM4138142,23,2,203,0.2315270935960591,0.16748768472906403,0.020866757975921097,0.13023098845005032,0.9246636241137576,0.9473976527957454,-0.0227340286819878,tie,
GSM4138142,23,3,137,0.058394160583941604,0.043795620437956206,-0.01853868522408857,0.13054128413566565,0.9691043367896524,0.9665257719433304,0.0025785648463219,tie,
GSM4138142,24,1,680,0.011764705882352941,0.11911764705882352,0.28655289272717893,0.03476904706371683,0.906247588281762,0.9665257719433304,-0.0602781836615684,less_pure,
GSM4138142,25,1,39,0.1282051282051282,0.05128205128205128,0.25931888963224253,0.07495726519970454,0.9799749524521504,,,ambiguous,
GSM4138142,25,2,101,0.21782178217821782,0.0891089108910891,0.22488745762789444,0.08953221425701803,0.9546250303496132,0.9454906207626952,0.009134409586918,tie,
GSM4138142,25,3,158,0.17088607594936708,0.17721518987341772,0.2793570143284473,0.07710616670434256,0.8864922599818655,,,ambiguous,
GSM4138142,25,4,276,0.14130434782608695,0.17391304347826086,0.31930679256939126,0.06762273185569405,0.9520708461232036,,,no_baseline,
GSM4138142,25,6,103,0.1553398058252427,0.23300970873786409,0.28194261641731005,0.08037438141549984,0.9267999191282036,,,ambiguous,
GSM4138142,26,1,172,0.18604651162790697,0.16279069767441862,0.06765251908498196,0.09410722826994021,0.8890287563302612,,,ambiguous,
GSM4138142,26,2,290,0.12413793103448276,0.14482758620689656,0.07729150220671446,0.08567349602976625,0.9527447996810104,,,ambiguous,
GSM4138142,26,4,211,0.2037914691943128,0.11848341232227488,0.053242149722311435,0.09704791208935032,0.928042931393504,,,ambiguous,
GSM4138142,27,1,441,0.1360544217687075,0.20408163265306123,0.09747334480798682,0.07723177820675654,0.8868130174987967,,,ambiguous,
GSM4138142,27,11,15,0.13333333333333333,0.0,0.013763040740914275,0.08533118769002593,0.9893541376104212,,,ambiguous,
GSM4138142,27,3,214,0.16355140186915887,0.09345794392523364,0.05720675786927912,0.08864019098253355,0.9499958617893318,,,ambiguous,
GSM4138142,28,1,688,0.0014534883720930232,0.0029069767441860465,0.12927724357953352,0.04085347171577922,0.9084524688879768,,,ambiguous,
GSM4138142,29,1,435,0.13793103448275862,0.20689655172413793,0.17279044877058697,0.06766730249488355,0.9098733511375302,,,ambiguous,
GSM4138142,29,2,115,0.017391304347826087,0.3217391304347826,0.21801544091101022,0.046435215188787606,0.9476312671044396,,,ambiguous,
GSM4138142,29,3,76,0.17105263157894737,0.05263157894736842,0.057058344399917305,0.095081435678941,0.9457793118491964,0.9454906207626952,0.0002886910865012,tie,
GSM4138142,29,8,28,0.17857142857142858,0.0,0.04674688287373868,0.08321107320779288,0.9942060165916302,,,ambiguous,
GSM4138142,30,1,655,0.11755725190839694,0.1618320610687023,0.2901867956847899,0.02739659734257425,0.907722333107507,,,ambiguous,
GSM4138142,30,2,26,0.038461538461538464,0.07692307692307693,0.2434346444300891,0.026365023135061394,0.985981729151378,,,ambiguous,
GSM4138142,31,1,57,0.14035087719298245,0.10526315789473684,0.21851337463256196,0.06429265773835705,0.9859953390031952,0.9454906207626952,0.0405047182405,tie,
GSM4138142,31,2,303,0.1254125412541254,0.15181518151815182,0.2337442080587897,0.05050709557424535,0.9318623999323222,,,ambiguous,
GSM4138142,31,3,188,0.13829787234042554,0.14361702127659576,0.21914438594237204,0.05447304153656777,0.8823283403390378,,,ambiguous,
GSM4138142,31,5,134,0.14925373134328357,0.09701492537313433,0.20064211119702927,0.056771055317725715,0.946507605060578,,,ambiguous,
GSM4138142,32,1,685,0.10218978102189781,0.15036496350364964,0.13142901855709346,0.05346652693566054,0.909568759704363,,,no_baseline,
GSM4138142,33,1,68,0.14705882352941177,0.10294117647058823,0.1399581878661105,0.06627618298547736,0.9721902357089988,,,ambiguous,
GSM4138142,33,2,298,0.19463087248322147,0.1476510067114094,0.16416887301158548,0.0604535859879868,0.8979858665362519,,,ambiguous,
GSM4138142,33,3,306,0.16993464052287582,0.16013071895424835,0.15602125287455437,0.057774695882356966,0.9425262910373996,,,no_baseline,
GSM4138142,34,1,466,0.07510729613733906,0.26394849785407726,0.311016984338923,0.04027648152077836,0.9074813647843244,,,ambiguous,
GSM4138142,34,15,15,0.06666666666666667,0.0,0.08388314833191754,0.07468047817313408,1.0,,,ambiguous,
GSM4138142,34,2,77,0.14285714285714285,0.12987012987012986,0.21187869506640616,0.0616731824527031,0.9730673285944637,0.9454906207626952,0.0275767078317684,tie,
GSM4138142,34,5,55,0.34545454545454546,0.0,0.09676853541856309,0.08979851390481375,0.9655091481682224,,,ambiguous,
GSM4138142,34,9,67,0.2537313432835821,0.029850746268656716,0.1205228081824122,0.08255124588744112,0.9840947824705676,,,ambiguous,
GSM4138142,35,1,488,0.05942622950819672,0.2520491803278688,0.3520519244741645,0.04648980116137439,0.9119429832561752,,,no_baseline,
GSM4138142,35,2,60,0.05,0.23333333333333334,0.29549760502989914,0.052460698110128094,0.9871964167186345,,,ambiguous,
GSM4138142,35,3,48,0.14583333333333334,0.20833333333333334,0.2947224690421051,0.05944144847383865,0.9650978868871908,,,ambiguous,
GSM4138142,35,5,76,0.25,0.02631578947368421,0.14087510428865918,0.08289620842976901,0.977480255376518,,,ambiguous,
GSM4138143,3,1,176,0.13068181818181818,0.23295454545454544,0.9402893263017859,0.08299949487190196,0.8301280506690583,,,ambiguous,
GSM4138143,3,2,170,0.10588235294117647,0.27647058823529413,1.5728293571054341,0.07784039945656047,0.7018335990743826,,,ambiguous,
GSM4138143,3,3,47,0.0,0.0,0.05561874075281695,0.058421388270790894,0.9316124284876988,,,ambiguous,
GSM4138143,4,1,147,0.1292517006802721,0.14285714285714285,0.6276687794761429,0.08908367320866725,0.8339243964475664,,,ambiguous,
GSM4138143,4,2,196,0.12244897959183673,0.21428571428571427,0.9806585008297701,0.08244673653013126,0.7148877979137864,,,ambiguous,
GSM4138143,4,3,48,0.0,0.0,0.06986729660210932,0.09030500739820581,0.9235207914849688,,,ambiguous,
GSM4138143,5,1,153,0.12418300653594772,0.16339869281045752,0.5619259113088876,0.09014488656437716,0.8389408479330955,,,ambiguous,
GSM4138143,5,2,159,0.13836477987421383,0.2893081761006289,0.8860514754577298,0.08581290801925202,0.7227659296837639,,,ambiguous,
GSM4138143,5,3,48,0.0,0.020833333333333332,0.03351893197053776,0.10190943410250249,0.9235207914849688,,,ambiguous,
GSM4138143,5,5,31,0.0,0.03225806451612903,0.12525914401620303,0.06721902135697394,0.9748135904112316,0.9748135904112316,0.0,tie,0.0
GSM4138143,6,1,145,0.14482758620689656,0.0896551724137931,0.31659303550116535,0.0936766381626214,0.8187811757987067,,,ambiguous,
GSM4138143,6,2,141,0.07801418439716312,0.19858156028368795,0.39097387857881144,0.08085004540510726,0.7841178639233746,0.7974127699611427,-0.0132949060377681,tie,0.016892235208151
GSM4138143,6,3,29,0.1724137931034483,0.1724137931034483,0.20402981390053745,0.11107761257593751,0.88842253879132,0.7385317125013253,0.1498908262899947,purer,0.0
GSM4138143,6,5,45,0.022222222222222223,0.022222222222222223,0.12153923806062923,0.11926474069928765,0.9287322613330776,0.9295762244202338,-0.0008439630871561,tie,0.0
GSM4138143,6,6,31,0.0,0.03225806451612903,0.1411648319118855,0.0645133315442105,0.9748135904112316,0.9748135904112316,0.0,tie,0.0
GSM4138143,7,1,135,0.1111111111111111,0.0962962962962963,0.2873186555328368,0.0925143262001102,0.8356963884394084,,,no_baseline,
GSM4138143,7,2,99,0.1717171717171717,0.06060606060606061,0.09519955664112555,0.12636481099073962,0.7778354547913591,0.7974127699611427,-0.0195773151697836,tie,0.0468452345926323
GSM4138143,7,3,23,0.043478260869565216,0.2608695652173913,0.29861047389494016,0.08884581861669096,0.9114122576070792,0.7385317125013253,0.1728805451057539,purer,0.0
GSM4138143,7,4,58,0.06896551724137931,0.1724137931034483,0.2805666528289983,0.0709007506541818,0.8032684253802751,,,ambiguous,
GSM4138143,7,6,45,0.022222222222222223,0.022222222222222223,0.1435961521138702,0.10830439815934495,0.9287322613330776,0.9295762244202338,-0.0008439630871561,tie,0.0
GSM4138143,7,7,31,0.0,0.03225806451612903,0.11919234283072822,0.06359157829341885,0.9748135904112316,0.9748135904112316,0.0,tie,0.0
GSM4138143,8,1,134,0.11940298507462686,0.1417910447761194,0.2701616953534642,0.09073077644442407,0.8437084385825578,,,no_baseline,
GSM4138143,8,2,96,0.19791666666666666,0.09375,0.08788581040257543,0.13035920598767703,0.7752258115120115,0.7974127699611427,-0.0221869584491312,tie,0.0494548778719798
GSM4138143,8,4,58,0.06896551724137931,0.1896551724137931,0.24968963246940962,0.08069191417748442,0.8032684253802751,,,ambiguous,
GSM4138143,8,6,46,0.021739130434782608,0.043478260869565216,0.13399116416667464,0.10038255139087625,0.9295762244202338,0.9295762244202338,0.0,tie,0.0
GSM4138143,8,8,31,0.0,0.03225806451612903,0.12310773968424062,0.0648986253565923,0.9748135904112316,0.9748135904112316,0.0,tie,0.0
GSM4138143,9,1,132,0.11363636363636363,0.15151515151515152,0.2220433616300755,0.09001861595591444,0.8272382686759612,,,no_baseline,
GSM4138143,9,2,100,0.16,0.12,0.10662396003155865,0.12681879349879133,0.7736439553886619,0.7974127699611427,-0.0237688145724808,tie,0.0241866905511508
GSM4138143,9,4,16,0.125,0.3125,0.28957852032886877,0.11562587157902889,0.9182267048767272,,,ambiguous,
GSM4138143,9,6,45,0.022222222222222223,0.044444444444444446,0.1361542656265245,0.09524479606331146,0.9287322613330776,0.9295762244202338,-0.0008439630871561,tie,0.0
GSM4138143,9,8,43,0.046511627906976744,0.2558139534883721,0.3203753286480746,0.08197673686804628,0.8492030477372928,0.7974127699611427,0.05179027777615,purer,0.0
GSM4138143,9,9,31,0.0,0.03225806451612903,0.1395693562773121,0.05493523818537075,0.9748135904112316,0.9748135904112316,0.0,tie,0.0
GSM4138143,10,1,80,0.05,0.1875,0.15945605501177967,0.09114307095838342,0.8690310045834176,0.886201598540746,-0.0171705939573283,tie,0.0577841788527778
GSM4138143,10,10,31,0.0,0.03225806451612903,0.13735677749435599,0.05379619831322258,0.9748135904112316,0.9748135904112316,0.0,tie,0.0
GSM4138143,10,2,44,0.022727272727272728,0.3181818181818182,0.19894184161318157,0.11258189785919794,0.945674053745517,,,no_baseline,
GSM4138143,10,3,102,0.0392156862745098,0.2647058823529412,0.16969612028332962,0.10992679243174999,0.7687836398699405,0.7974127699611427,-0.0286291300912022,tie,0.0460963662690425
GSM4138143,10,4,16,0.0625,0.3125,0.13980328199860398,0.0950058962489364,0.958233788371468,0.7385317125013253,0.2197020758701426,purer,0.0106444426600501
GSM4138143,10,6,17,0.0,0.4117647058823529,0.42235920243526853,0.09168866593508737,0.9332355890764402,,,ambiguous,
GSM4138143,10,7,46,0.0,0.08695652173913043,0.13648109591830887,0.10027677656398963,0.9295762244202338,0.9295762244202338,0.0,tie,0.0
GSM4138143,10,9,42,0.023809523809523808,0.3333333333333333,0.3057949535890671,0.07368690471934192,0.8539487688654224,0.7974127699611427,0.0565359989042796,purer,0.0
GSM4138143,11,1,143,0.13986013986013987,0.17482517482517482,0.17320364486461837,0.0949868627383758,0.8490201144617288,,,ambiguous,
GSM4138143,11,10,31,0.0,0.03225806451612903,0.11280777079993512,0.06341529279586712,0.9748135904112316,0.9748135904112316,0.0,tie,0.0
GSM4138143,11,2,93,0.1827956989247312,0.1827956989247312,0.10784994817907853,0.11947996143602002,0.7702001452661079,0.7974127699611427,-0.0272126246950348,tie,0.0505241565685462
GSM4138143,11,6,44,0.022727272727272728,0.045454545454545456,0.10547332994868878,0.08884965018127323,0.9278565087879328,0.9295762244202338,-0.0017197156323009,tie,0.0
GSM4138143,11,9,42,0.047619047619047616,0.3333333333333333,0.27191998937645634,0.07935113830596137,0.8439454984635562,0.7974127699611427,0.0465327285024134,tie,0.0
GSM4138143,12,1,79,0.0379746835443038,0.17721518987341772,0.13655171626066862,0.09046080863639543,0.8581069965280834,0.886201598540746,-0.0280946020126625,tie,0.0609152438141672
GSM4138143,12,10,42,0.023809523809523808,0.3333333333333333,0.25140086207714835,0.07508633358693664,0.8539487688654224,0.7974127699611427,0.0565359989042796,purer,0.0
GSM4138143,12,11,31,0.0,0.03225806451612903,0.10589175104677896,0.062443841619712497,0.9748135904112316,0.9748135904112316,0.0,tie,0.0
GSM4138143,12,2,46,0.043478260869565216,0.30434782608695654,0.17076698638851154,0.10903681769076028,0.9486514486678004,,,no_baseline,
GSM4138143,12,3,102,0.049019607843137254,0.24509803921568626,0.14593427574400217,0.10877960519755518,0.7687836398699405,0.7974127699611427,-0.0286291300912022,tie,0.0460963662690425
GSM4138143,12,5,18,0.05555555555555555,0.3333333333333333,0.30163186158024924,0.09925565106626012,0.9070828170616644,,,ambiguous,
GSM4138143,12,7,46,0.0,0.08695652173913043,0.12196668886359134,0.09343610830079616,0.9295762244202338,0.9295762244202338,0.0,tie,0.0
GSM4138143,13,1,78,0.05128205128205128,0.1794871794871795,0.12470217524279796,0.09257587205495821,0.87408426825541,0.886201598540746,-0.012117330285336,tie,0.0527309151807855
GSM4138143,13,10,42,0.023809523809523808,0.3333333333333333,0.2443441943381066,0.07151224788149826,0.8539487688654224,0.7974127699611427,0.0565359989042796,purer,0.0
GSM4138143,13,11,31,0.0,0.03225806451612903,0.1071486331223929,0.05997424045239465,0.9748135904112316,0.9748135904112316,0.0,tie,0.0
GSM4138143,13,2,44,0.045454545454545456,0.29545454545454547,0.15511049891333453,0.11059279463422868,0.9549806369356806,,,no_baseline,
GSM4138143,13,3,105,0.047619047619047616,0.26666666666666666,0.12630121945292702,0.1102718603205156,0.7629980808385337,0.7974127699611427,-0.034414689122609,tie,0.0520344426021173
GSM4138143,13,5,17,0.058823529411764705,0.35294117647058826,0.35484821313477277,0.08254675720887539,0.9332355890764402,,,ambiguous,
GSM4138143,13,6,46,0.0,0.08695652173913043,0.11918643436073059,0.09313498099974267,0.9295762244202338,0.9295762244202338,0.0,tie,0.0
GSM4138143,14,1,76,0.05263157894736842,0.19736842105263158,0.11931036667866643,0.09105975453083642,0.8701859384621052,0.886201598540746,-0.0160156600786407,tie,0.058741087814471
GSM4138143,14,11,42,0.023809523809523808,0.3333333333333333,0.2271883195024286,0.07691908877548953,0.8539487688654224,0.7974127699611427,0.0565359989042796,purer,0.0
GSM4138143,14,12,31,0.0,0.03225806451612903,0.08071987052616995,0.06796772642111025,0.9748135904112316,0.9748135904112316,0.0,tie,0.0
GSM4138143,14,2,46,0.043478260869565216,0.30434782608695654,0.18759764491693146,0.0969556568942217,0.9645239694188512,,,no_baseline,
GSM4138143,14,3,88,0.045454545454545456,0.3068181818181818,0.14699088169705948,0.10310060079618792,0.8056811000887172,0.7974127699611427,0.0082683301275744,tie,0.0351462870463601
GSM4138143,14,4,16,0.0625,0.3125,0.176669251997345,0.08827858456488695,0.965490188441538,0.7385317125013253,0.2269584759402126,purer,0.0
GSM4138143,14,6,20,0.15,0.3,0.26788356883784514,0.09730276253579234,0.8780733536181439,,,ambiguous,
GSM4138143,14,7,46,0.0,0.06521739130434782,0.10287698679620479,0.0925500924386283,0.9295762244202338,0.9295762244202338,0.0,tie,0.0
GSM4138143,15,1,156,0.02564102564102564,0.38461538461538464,0.44665590476814887,0.059133590963009124,0.7081118396801025,,,no_baseline,
GSM4138143,15,10,31,0.0,0.03225806451612903,0.07420761814884506,0.06884850636778567,0.9748135904112316,0.9748135904112316,0.0,tie,0.0
GSM4138143,15,2,66,0.015151515151515152,0.6212121212121212,0.6762511707591112,0.056236289232958425,0.9002153267927986,,,no_baseline,
GSM4138143,15,3,37,0.0,0.6486486486486487,0.6120919482754202,0.03959155547217054,0.8495890642159081,,,ambiguous,
GSM4138143,15,4,47,0.02127659574468085,0.06382978723404255,0.13760976687146334,0.09313214459426225,0.9263186865944552,0.9295762244202338,-0.0032575378257786,tie,0.0067749629848279
GSM4138143,15,8,34,0.029411764705882353,0.29411764705882354,0.3230266222408047,0.05910201578638718,0.8941034039054023,0.7974127699611427,0.0966906339442595,purer,0.0
GSM4138143,16,1,311,0.03536977491961415,0.24437299035369775,0.3147224819297772,0.04111718162030113,0.7217958195171283,,,ambiguous,
GSM4138143,16,2,32,0.1875,0.03125,0.012413921119947942,0.1612796574572672,0.9418482384530354,,,ambiguous,
GSM4138143,16,4,15,0.06666666666666667,0.06666666666666667,0.07515715838230906,0.09310953251348014,0.9845546467384754,,,ambiguous,
GSM4138143,16,5,21,0.38095238095238093,0.0,-0.19726016431391527,0.27872509351669483,0.9718703199017852,0.9748135904112316,-0.0029432705094464,tie,0.0
GSM4138143,17,1,309,0.06472491909385113,0.3851132686084142,0.6102973791705391,0.013115910643033708,0.7136559401875107,,,ambiguous,
GSM4138143,17,2,49,0.02040816326530612,0.04081632653061224,0.15622155596146992,0.06795406681823331,0.9010230088025778,0.9295762244202338,-0.028553215617656,tie,0.02498105037044
GSM4138143,17,4,26,0.3076923076923077,0.0,-0.12284389993128067,0.2308991098223023,0.9711950399790478,0.9748135904112316,-0.0036185504321838,tie,0.0
GSM4138143,18,1,310,0.07741935483870968,0.23548387096774193,0.4906238495829795,0.015771687246316526,0.7178905277216622,,,ambiguous,
GSM4138143,18,2,37,0.10810810810810811,0.02702702702702703,0.07263854563452607,0.15650671893688814,0.9334948679180304,0.9295762244202338,0.0039186434977965,tie,0.0013444074917674
GSM4138143,18,3,20,0.25,0.0,-0.16743188913718132,0.3095709030221389,0.979053076647643,0.9748135904112316,0.0042394862364113,tie,0.0
GSM4138143,19,1,37,0.10810810810810811,0.3783783783783784,0.4740592121320324,0.061473378953768025,0.866830982818861,1.0,-0.133169017181139,less_pure,
GSM4138143,19,10,30,0.1,0.0,-0.05779439025072726,0.20824219347806755,0.9743123859516258,0.9748135904112316,-0.0005012044596057,tie,0.0
GSM4138143,19,2,72,0.05555555555555555,0.18055555555555555,0.29412208694704267,0.06548796316039195,0.8500180784381237,0.9295762244202338,-0.07955814598211,less_pure,0.07955814598211
GSM4138143,19,3,89,0.10112359550561797,0.4606741573033708,0.6466364376671253,0.04563376321356728,0.7930792146409225,,,ambiguous,
GSM4138143,19,4,100,0.22,0.23,0.36165612387742946,0.07426799884005036,0.7685674065795238,,,ambiguous,
GSM4138143,19,8,45,0.24444444444444444,0.0,-0.029859631090270435,0.16954539640882185,0.8294229748995839,0.7974127699611427,0.0320102049384412,tie,0.0
GSM4138143,20,1,53,0.018867924528301886,0.2830188679245283,0.14396707474919543,0.07271329682170324,0.9464242758653566,0.886201598540746,0.0602226773246106,purer,0.0043457864017105
GSM4138143,20,11,45,0.0,0.35555555555555557,0.14940426724394384,0.0657546097259744,0.8197670719706046,0.7974127699611427,0.0223543020094618,tie,0.0
GSM4138143,20,13,31,0.0,0.03225806451612903,0.07015154565454189,0.06533485440548308,0.9748135904112316,0.9748135904112316,0.0,tie,0.0
GSM4138143,20,2,129,0.06976744186046512,0.4806201550387597,0.19894162388513426,0.09351698661400433,0.7262296743299649,0.951511954161871,-0.225282279831906,less_pure,0.2126121868585139
GSM4138143,20,3,19,0.10526315789473684,0.05263157894736842,0.036912041797452784,0.10508648624624788,0.9897775680840812,,,no_baseline,
GSM4138143,20,4,20,0.05,0.35,0.11044407120284609,0.0826261128827824,0.8936040260125188,0.7385317125013253,0.1550723135111934,purer,0.0
GSM4138143,20,7,27,0.1111111111111111,0.25925925925925924,0.03739700926861755,0.13412972942029797,0.9341244823744888,0.7974127699611427,0.136711712413346,purer,0.0
GSM4138143,20,8,45,0.08888888888888889,0.08888888888888889,-0.04120465339384294,0.1687387719633227,0.9313349856786912,,,ambiguous,
GSM4138143,21,1,122,0.16393442622950818,0.3114754098360656,0.12291366230351831,0.10743697629030127,0.8402181735689015,0.951511954161871,-0.1112937805929694,less_pure,
GSM4138143,21,10,19,0.21052631578947367,0.05263157894736842,-0.025470220976178935,0.1467411525243032,0.971932934684026,0.7974127699611427,0.1745201647228832,purer,
GSM4138143,21,12,20,0.3,0.25,0.02704477283905928,0.1499808961952736,0.9475225688639096,,,ambiguous,
GSM4138143,21,13,42,0.047619047619047616,0.30952380952380953,0.13521654383004983,0.0838276979781937,0.8526542770970115,0.7974127699611427,0.0552415071358687,purer,
GSM4138143,21,16,31,0.0,0.03225806451612903,0.04903908547075983,0.07186912862203566,0.9748135904112316,0.9748135904112316,0.0,tie,
GSM4138143,21,2,48,0.041666666666666664,0.16666666666666666,0.0892856894953612,0.07794156424237897,0.9573449776263429,0.886201598540746,0.0711433790855968,purer,
GSM4138143,21,3,16,0.125,0.25,0.07008260213718509,0.08939095453408077,0.9770487520641364,0.7385317125013253,0.2385170395628111,purer,
GSM4138143,21,4,17,0.0,0.47058823529411764,0.24005221210495248,0.08800221599083957,0.9633782590059086,,,ambiguous,
GSM4138143,21,5,46,0.021739130434782608,0.08695652173913043,0.06282510981303358,0.10150615405309185,0.9314662826112464,0.9295762244202338,0.0018900581910126,tie,
GSM4138143,22,1,50,0.04,0.24,0.1125489260696916,0.07599716390455011,0.944958614607542,0.886201598540746,0.058757016066796,purer,
GSM4138143,22,10,20,0.1,0.15,0.040763495345403244,0.14209644241469915,0.972783391127392,0.7974127699611427,0.1753706211662492,purer,
GSM4138143,22,14,20,0.25,0.35,0.050472905746013666,0.14078504531142508,0.9476409462141616,,,ambiguous,
GSM4138143,22,15,42,0.047619047619047616,0.3333333333333333,0.13964120536644847,0.08642755243396177,0.8526542770970115,0.7974127699611427,0.0552415071358687,purer,
GSM4138143,22,16,31,0.0,0.03225806451612903,0.0483777714717561,0.07270285646271687,0.9748135904112316,0.9748135904112316,0.0,tie,
GSM4138143,22,2,100,0.1,0.34,0.12688057954718007,0.1060728967552826,0.8173592559735315,0.951511954161871,-0.1341526981883394,less_pure,
GSM4138143,22,3,18,0.1111111111111111,0.05555555555555555,0.013702834120428322,0.10043739806223223,0.98909196379151,,,no_baseline,
GSM4138143,22,4,17,0.058823529411764705,0.29411764705882354,0.09973050228688739,0.0810301378849014,0.9571556404872722,0.7385317125013253,0.2186239279859468,purer,
GSM4138143,22,5,17,0.0,0.5882352941176471,0.23025828309413077,0.09104792189619194,0.9633782590059086,,,ambiguous,
GSM4138143,22,6,46,0.0,0.13043478260869565,0.05732823495777533,0.10060478004728736,0.9314662826112464,0.9295762244202338,0.0018900581910126,tie,
GSM4138143,23,1,50,0.04,0.24,0.10735548713462634,0.07555030224879462,0.944958614607542,0.886201598540746,0.058757016066796,purer,
GSM4138143,23,10,19,0.10526315789473684,0.10526315789473684,-0.015709003424527197,0.14733619145467025,0.971932934684026,0.7974127699611427,0.1745201647228832,purer,
GSM4138143,23,13,20,0.3,0.35,0.0448194209207492,0.1405402515061387,0.9476409462141616,,,ambiguous,
GSM4138143,23,15,42,0.047619047619047616,0.3333333333333333,0.13413575398343014,0.08579817629954575,0.8526542770970115,0.7974127699611427,0.0552415071358687,purer,
GSM4138143,23,17,31,0.0,0.03225806451612903,0.04469109503984691,0.0761727130027391,0.9748135904112316,0.9748135904112316,0.0,tie,
GSM4138143,23,2,101,0.1188118811881188,0.3564356435643564,0.13215233898444248,0.10624119171931001,0.8100293900131348,0.951511954161871,-0.1414825641487361,less_pure,
GSM4138143,23,3,18,0.1111111111111111,0.1111111111111111,0.012008085466840394,0.1018750902809413,0.98909196379151,,,no_baseline,
GSM4138143,23,4,17,0.058823529411764705,0.29411764705882354,0.09657113804497498,0.08080889095131114,0.9571556404872722,0.7385317125013253,0.2186239279859468,purer,
GSM4138143,23,5,17,0.058823529411764705,0.5882352941176471,0.23039130364159757,0.09423280821806647,0.9633782590059086,,,ambiguous,
GSM4138143,23,6,46,0.0,0.13043478260869565,0.05616551678903268,0.09985771851985216,0.9314662826112464,0.9295762244202338,0.0018900581910126,tie,
GSM4138143,24,1,202,0.10891089108910891,0.4504950495049505,0.4740416805811801,0.036323992428851225,0.7655126351035428,,,no_baseline,
GSM4138143,24,10,31,0.0,0.0,0.05370075578107102,0.0576399575188214,0.9748135904112316,,,ambiguous,
GSM4138143,24,2,53,0.24528301886792453,0.24528301886792453,0.3336678861571334,0.059717593609102324,0.8214899978131369,,,ambiguous,
GSM4138143,24,3,15,0.13333333333333333,0.2,0.42910092589190146,0.053791445477984555,0.978027601611388,,,ambiguous,
GSM4138143,24,4,46,0.06521739130434782,0.021739130434782608,0.050436780453833756,0.10390591412252656,0.9295762244202338,0.9295762244202338,0.0,tie,
GSM4138143,24,7,36,0.19444444444444445,0.08333333333333333,0.0981105766485167,0.09723060829719594,0.8472855260377874,0.7974127699611427,0.0498727560766446,tie,
GSM4138143,25,1,19,0.21052631578947367,0.15789473684210525,0.2676172278253615,0.0702432627066365,0.9430093425683356,,,ambiguous,
GSM4138143,25,14,17,0.5294117647058824,0.0,-0.23894261728859748,0.3637513875398287,0.9657170425691364,,,ambiguous,
GSM4138143,25,2,95,0.08421052631578947,0.43157894736842106,0.4905915915699907,0.06612843905669051,0.7472518929944105,0.7974127699611427,-0.0501608769667322,less_pure,
GSM4138143,25,3,119,0.09243697478991597,0.6218487394957983,0.604428097097373,0.05127273861822235,0.7914683636160676,,,ambiguous,
GSM4138143,25,4,65,0.23076923076923078,0.24615384615384617,0.2451277530095941,0.10689042343415185,0.8679061616538224,0.9295762244202338,-0.0616700627664114,less_pure,
GSM4138143,25,6,32,0.125,0.03125,0.05093531889600048,0.13525926390908347,0.85852359688585,,,ambiguous,
GSM4138143,25,7,32,0.0,0.0,0.030152367316570575,0.09687676219826048,0.9615409723823874,0.9748135904112316,-0.0132726180288441,tie,
GSM4138143,26,1,177,0.0847457627118644,0.4745762711864407,0.1936555817333828,0.06861488530403838,0.7129017740562985,,,ambiguous,
GSM4138143,26,2,84,0.16666666666666666,0.25,0.0565321707095629,0.11388991373186483,0.8913213076467571,,,ambiguous,
GSM4138143,26,4,82,0.23170731707317074,0.2804878048780488,0.09314306937322425,0.09159651679294023,0.8022562718924553,,,ambiguous,
GSM4138143,26,5,33,0.0,0.0,0.005734808078628993,0.11757454195929123,0.972909094474286,0.9748135904112316,-0.0019044959369456,tie,
GSM4138143,27,1,226,0.09292035398230089,0.42035398230088494,0.17513926530927645,0.06264310739703463,0.7040786257312939,,,ambiguous,
GSM4138143,27,13,18,0.3333333333333333,0.1111111111111111,0.0370482013905658,0.0849221749211797,1.0,,,ambiguous,
GSM4138143,27,3,66,0.19696969696969696,0.13636363636363635,0.0570876143701577,0.08628380149354432,0.9208660485049612,,,ambiguous,
GSM4138143,27,4,32,0.0,0.0,0.021433415928339833,0.08740603027833099,0.9615409723823874,0.9748135904112316,-0.0132726180288441,tie,
GSM4138143,28,1,269,0.026022304832713755,0.3643122676579926,0.3185670675238408,0.028324112843441097,0.6851860976314934,,,ambiguous,
GSM4138143,28,10,30,0.2,0.03333333333333333,-0.04652210898091406,0.1727074247792291,0.9737154237070116,,,ambiguous,
GSM4138143,28,2,45,0.06666666666666667,0.17777777777777778,0.13329054361624013,0.06656423203790113,0.831847788316789,0.7974127699611427,0.0344350183556462,tie,
GSM4138143,28,4,16,0.25,0.0,-0.03409505022003518,0.18152664475671815,0.9742486366552752,,,ambiguous,
GSM4138143,28,9,22,0.22727272727272727,0.0,0.0018022467276802997,0.12294759889208545,0.9473045569620412,,,ambiguous,
GSM4138143,29,1,167,0.11377245508982035,0.47305389221556887,0.25948427389324985,0.060253844671898316,0.7101223179727001,,,ambiguous,
GSM4138143,29,10,17,0.35294117647058826,0.058823529411764705,-0.04198155486282406,0.20389617525675302,0.976156397399629,,,ambiguous,
GSM4138143,29,11,15,0.4,0.0,0.04973021401284896,0.11831733298154913,0.9723200946005413,,,ambiguous,
GSM4138143,29,12,24,0.375,0.0,-0.08251329908707139,0.2028018783326694,0.9564696640417928,,,ambiguous,
GSM4138143,29,2,56,0.19642857142857142,0.23214285714285715,0.15366380061494134,0.0948549274743095,0.8912908193488108,,,ambiguous,
GSM4138143,29,3,67,0.26865671641791045,0.08955223880597014,0.01737153156558785,0.15172614611144286,0.8054927812558058,0.7974127699611427,0.008080011294663,tie,
GSM4138143,29,9,32,0.0,0.0,0.031384760371299655,0.07623948040656756,0.9615409723823874,,,ambiguous,
GSM4138143,30,1,278,0.20863309352517986,0.31654676258992803,0.32959468143517173,0.0317060889593222,0.7133280996865561,,,ambiguous,
GSM4138143,30,5,23,0.4782608695652174,0.0,-0.10628091360925924,0.283194859516925,0.978475773866194,,,ambiguous,
GSM4138143,30,6,54,0.35185185185185186,0.0,0.016138157474337552,0.14749338442511914,0.8955293513149145,,,ambiguous,
GSM4138143,31,2,100,0.21,0.39,0.33393485085151875,0.04828159792218953,0.7318446790282034,,,ambiguous,
GSM4138143,31,3,154,0.06493506493506493,0.6103896103896104,0.4403686146202845,0.03000351912753228,0.7847140490468268,,,ambiguous,
GSM4138143,31,5,80,0.1625,0.125,0.13030251382433836,0.12176743619674366,0.8678672950176041,,,ambiguous,
GSM4138143,31,7,31,0.03225806451612903,0.0,0.0064606821047415545,0.11066120692850995,0.9748135904112316,0.9748135904112316,0.0,tie,
GSM4138143,32,1,350,0.11714285714285715,0.33714285714285713,0.1867744887666511,0.04819904191626848,0.715302642964796,0.9295762244202338,-0.2142735814554378,less_pure,
GSM4138143,32,8,24,0.125,0.0,-0.012578075473353559,0.13436060156574614,0.9717398705702684,,,ambiguous,
GSM4138143,33,1,22,0.18181818181818182,0.3181818181818182,0.26999967689223536,0.05116879063109561,0.9450041546933092,,,ambiguous,
GSM4138143,33,10,28,0.2857142857142857,0.0,-0.06912343763585571,0.19353045900405982,0.9743980634716354,,,ambiguous,
GSM4138143,33,2,197,0.06091370558375635,0.6192893401015228,0.32901533943094735,0.03947885551432275,0.7284902632120716,,,ambiguous,
GSM4138143,33,3,124,0.11290322580645161,0.16129032258064516,0.14402346709766495,0.07418897799913934,0.7439800806670329,0.9295762244202338,-0.1855961437532008,less_pure,
GSM4138143,34,1,212,0.09433962264150944,0.5094339622641509,0.39367526371231415,0.040749746679167066,0.7339048984546834,,,ambiguous,
GSM4138143,34,18,24,0.041666666666666664,0.0,-0.025084327787298438,0.1650175234493863,0.9730661654851048,,,ambiguous,
GSM4138143,34,2,24,0.20833333333333334,0.125,0.3300366562609169,0.06406097279110966,0.941622508252348,0.7974127699611427,0.1442097382912052,purer,
GSM4138143,34,5,82,0.3048780487804878,0.07317073170731707,0.0921853220593607,0.12253613606981931,0.7676296181960895,,,ambiguous,
GSM4138143,34,9,23,0.2608695652173913,0.043478260869565216,0.08639618955282863,0.12746288810290496,0.9141489927474592,,,ambiguous,
GSM4138143,35,1,239,0.11715481171548117,0.3807531380753138,0.3760563022727519,0.06315540689050621,0.7584063204119327,0.9295762244202338,-0.1711699040083011,less_pure,
GSM4138143,35,13,24,0.041666666666666664,0.0,-0.02295703538592185,0.163160257281381,0.9730661654851048,,,ambiguous,
GSM4138143,35,18,22,0.3181818181818182,0.045454545454545456,0.185402761919123,0.10056536234248407,0.9323167486657932,,,ambiguous,
GSM4138143,35,2,18,0.16666666666666666,0.3333333333333333,0.3910025068166071,0.05442689438370509,1.0,,,ambiguous,
GSM4138143,35,3,16,0.1875,0.1875,0.3415647275145215,0.05603431638691701,0.9740523568232816,,,ambiguous,
GSM4138143,35,5,42,0.19047619047619047,0.14285714285714285,0.2509503457627015,0.0665244563787099,0.8800039323446047,,,ambiguous,
GSM4138144,3,1,298,0.0,0.020134228187919462,0.4521144628785703,0.060704490246511957,0.8498831569088204,,,ambiguous,
GSM4138144,4,1,298,0.0,0.050335570469798654,0.6636829978637204,0.04816874255086781,0.8498831569088204,,,ambiguous,
GSM4138144,5,1,298,0.0,0.050335570469798654,0.509313876919722,0.05379814851779716,0.8498831569088204,,,ambiguous,
GSM4138144,6,1,292,0.0,0.04452054794520548,0.3661483134413559,0.06438146888509845,0.8638741106677961,,,ambiguous,
GSM4138144,7,1,278,0.0,0.02877697841726619,0.28272864683092663,0.07422070266755057,0.8933690019173579,,,no_baseline,
GSM4138144,7,2,20,0.1,0.35,0.4330073833170537,0.07793072080423871,0.970804511114238,0.8857225642654714,0.0850819468487666,purer,0.0
GSM4138144,8,1,278,0.0,0.03597122302158273,0.2342268880117638,0.08109255013399624,0.8933690019173579,,,no_baseline,
GSM4138144,8,2,20,0.1,0.35,0.38350317410660695,0.07766542368423754,0.970804511114238,0.8857225642654714,0.0850819468487666,purer,0.0
GSM4138144,9,1,276,0.0,0.03260869565217391,0.1996005548962727,0.08556080577753472,0.9043740859975282,,,no_baseline,
GSM4138144,9,2,22,0.09090909090909091,0.36363636363636365,0.3832114554929839,0.07152976012500772,0.9721106090046372,0.8857225642654714,0.0863880447391658,purer,0.0
GSM4138144,10,1,162,0.043209876543209874,0.07407407407407407,-0.004687831789976263,0.15202390707789587,0.9431139606107838,0.9366753735624748,0.006438587048309,tie,0.0248798511113369
GSM4138144,10,2,110,0.02727272727272727,0.08181818181818182,0.033133899881221146,0.12143458675153666,0.9578988846245348,0.9749122264211482,-0.0170133417966134,tie,0.0170133417966134
GSM4138144,10,3,25,0.04,0.52,0.3385652369560324,0.06553723004248199,0.9781844894572164,0.8857225642654714,0.092461925191745,purer,0.0
GSM4138144,11,1,282,0.0035460992907801418,0.04609929078014184,0.14574598339729208,0.08316576136591688,0.8910884895574768,,,ambiguous,
GSM4138144,11,2,16,0.1875,0.5,0.2943825229378108,0.07099450798491828,0.9890847932339238,0.8857225642654714,0.1033622289684524,purer,0.0
GSM4138144,12,1,162,0.037037037037037035,0.09259259259259259,-0.0030401456901218583,0.15174626264431126,0.9436351263659076,0.9366753735624748,0.0069597528034328,tie,0.0227350178424713
GSM4138144,12,2,111,0.036036036036036036,0.07207207207207207,0.03558459841957998,0.11709612988778845,0.9270735286286376,0.9749122264211482,-0.0478386977925106,tie,0.0478386977925104
GSM4138144,12,3,24,0.041666666666666664,0.5833333333333334,0.30946673913074063,0.06401123450070076,0.9774820464942098,0.8857225642654714,0.0917594822287384,purer,0.0
GSM4138144,13,1,160,0.04375,0.08125,-0.0007521592840034053,0.1520942287320159,0.9496769213849404,0.9366753735624748,0.0130015478224656,tie,0.0182122855538965
GSM4138144,13,2,112,0.03571428571428571,0.07142857142857142,0.0265697821678712,0.12063599057572638,0.927765175482923,0.9749122264211482,-0.0471470509382251,tie,0.0471470509382251
GSM4138144,13,3,25,0.04,0.6,0.28300186981146674,0.06501593866453019,0.968640976663588,0.8857225642654714,0.0829184123981165,purer,0.0
GSM4138144,14,1,160,0.0375,0.08125,0.0009253648672201758,0.14674340952172327,0.9428714601487436,0.9366753735624748,0.0061960865862688,tie,0.024940067806335
GSM4138144,14,2,113,0.035398230088495575,0.07079646017699115,0.029921178465621083,0.11420754569904797,0.9271743188607212,0.9749122264211482,-0.0477379075604269,tie,0.0477379075604268
GSM4138144,14,3,24,0.041666666666666664,0.5833333333333334,0.29808473284729303,0.06726249972235947,0.9774820464942098,0.8857225642654714,0.0917594822287384,purer,0.0
GSM4138144,15,1,199,0.03015075376884422,0.12562814070351758,0.07932228696845871,0.12367289759174233,0.853913734927467,,,no_baseline,
GSM4138144,15,2,99,0.030303030303030304,0.10101010101010101,0.03828267636979898,0.11961431346543376,0.8948567715401324,0.9749122264211482,-0.0800554548810157,less_pure,0.0800554548810157
GSM4138144,16,1,296,0.09797297297297297,0.20270270270270271,0.25942143810023954,0.05519524913209074,0.8447301209011375,,,ambiguous,
GSM4138144,17,1,296,0.10472972972972973,0.2702702702702703,0.5800863521455417,0.015107201137429822,0.8447301209011375,,,ambiguous,
GSM4138144,18,1,297,0.05387205387205387,0.16835016835016836,0.47944608730033966,0.012572891599584109,0.8497744864323267,,,ambiguous,
GSM4138144,19,1,154,0.16233766233766234,0.2532467532467532,0.49036871774610785,0.05853033058695591,0.8962082477268277,,,no_baseline,
GSM4138144,19,2,22,0.18181818181818182,0.13636363636363635,0.353154379057633,0.08089543478418662,0.9485012162310874,,,no_baseline,
GSM4138144,19,3,75,0.13333333333333333,0.37333333333333335,0.5246700590884944,0.05029800774866205,0.8849908636291652,,,ambiguous,
GSM4138144,19,4,48,0.10416666666666667,0.1875,0.42610455592242086,0.05388867659861322,0.868086461085937,,,ambiguous,
GSM4138144,20,1,97,0.13402061855670103,0.14432989690721648,-0.0032036797810368195,0.14383041367651528,0.9871133400484164,0.9366753735624748,0.0504379664859416,purer,0.0
GSM4138144,20,2,118,0.13559322033898305,0.1016949152542373,0.07225272519546419,0.11211132321207258,0.8365707471416368,0.8857225642654714,-0.0491518171238345,tie,0.0491518171238345
GSM4138144,20,3,82,0.06097560975609756,0.04878048780487805,-0.046156047606115407,0.15413430529032934,0.9668495044311832,0.9749122264211482,-0.0080627219899649,tie,0.0075119920877124
GSM4138144,21,1,197,0.07614213197969544,0.233502538071066,0.12717598132845073,0.08980170317828465,0.8473792566968044,0.8857225642654714,-0.0383433075686669,tie,
GSM4138144,21,2,98,0.15306122448979592,0.1326530612244898,0.011296291270286656,0.13952662568585456,0.9795367991993076,0.9366753735624748,0.0428614256368328,tie,
GSM4138144,22,1,100,0.12,0.18,0.005243979759877988,0.13841365486423113,0.984393643733703,0.9366753735624748,0.0477182701712282,tie,
GSM4138144,22,2,114,0.11403508771929824,0.17543859649122806,0.08147855369542195,0.11330972795564259,0.8381342925385944,0.8857225642654714,-0.0475882717268769,tie,
GSM4138144,22,3,81,0.08641975308641975,0.04938271604938271,-0.037847292007287384,0.14421423988413745,0.966719772450764,0.9749122264211482,-0.0081924539703841,tie,
GSM4138144,23,1,101,0.10891089108910891,0.16831683168316833,0.015665377026038957,0.13574651691717687,0.9840972706167198,0.9366753735624748,0.047421897054245,tie,
GSM4138144,23,2,113,0.12389380530973451,0.1504424778761062,0.07138512610179301,0.11545199636241275,0.8423711672296154,0.8857225642654714,-0.043351397035856,tie,
GSM4138144,23,3,81,0.08641975308641975,0.04938271604938271,-0.03444902755816332,0.14288317562973113,0.966719772450764,0.9749122264211482,-0.0081924539703841,tie,
GSM4138144,24,1,295,0.02711864406779661,0.18305084745762712,0.28823563078362413,0.038809680207789125,0.8455049299862669,0.9749122264211482,-0.1294072964348812,less_pure,
GSM4138144,25,2,86,0.22093023255813954,0.18604651162790697,0.2945733559715229,0.07594462279784381,0.8738856690973693,0.8857225642654714,-0.011836895168102,tie,
GSM4138144,25,3,87,0.13793103448275862,0.3448275862068966,0.39858069357011777,0.05780090263753189,0.8450668703864003,,,ambiguous,
GSM4138144,25,4,87,0.27586206896551724,0.09195402298850575,0.20537288941738757,0.1028564067553153,0.940506459057265,,,no_baseline,
GSM4138144,25,6,31,0.22580645161290322,0.1935483870967742,0.27931794550167366,0.08314336651646187,0.9757330639193724,,,ambiguous,
GSM4138144,26,1,135,0.15555555555555556,0.2,0.09526739057513163,0.08882362945066434,0.8220044534418847,,,ambiguous,
GSM4138144,26,2,69,0.2028985507246377,0.15942028985507245,0.07579367309279259,0.09742379625160077,0.9605811549237758,,,ambiguous,
GSM4138144,26,4,92,0.17391304347826086,0.08695652173913043,0.042004086970898864,0.10654379543650667,0.9193411338723996,,,ambiguous,
GSM4138144,27,1,238,0.1638655462184874,0.20588235294117646,0.09544841615891986,0.08365249731753936,0.8439847367365534,,,ambiguous,
GSM4138144,27,3,50,0.28,0.08,0.043917268208722104,0.1046260609400214,0.9704190153023784,,,ambiguous,
GSM4138144,28,1,297,0.0,0.02356902356902357,0.13817197083186591,0.04477905177453982,0.8503552949440727,,,ambiguous,
GSM4138144,29,1,198,0.15656565656565657,0.22727272727272727,0.15400193962654776,0.07818767525520069,0.8399454124570633,,,ambiguous,
GSM4138144,29,2,44,0.11363636363636363,0.2727272727272727,0.1724317792508202,0.06258543402910774,0.9626493513810258,,,ambiguous,
GSM4138144,29,3,44,0.3181818181818182,0.06818181818181818,0.058490159415302334,0.10841669452224117,0.9146579131322784,0.8857225642654714,0.028935348866807,tie,
GSM4138144,30,1,287,0.1672473867595819,0.21254355400696864,0.2904694298464009,0.03221895153043071,0.8459239571052259,,,ambiguous,
GSM4138144,31,1,23,0.21739130434782608,0.08695652173913043,0.2434096749887178,0.06175516091864983,0.9781106021495592,0.8857225642654714,0.0923880378840878,purer,
GSM4138144,31,2,91,0.07692307692307693,0.2857142857142857,0.2806866993230403,0.0369649004868494,0.9498631541177948,,,ambiguous,
GSM4138144,31,3,154,0.17532467532467533,0.2077922077922078,0.2556982133839939,0.05094269682263687,0.8194868033632765,,,ambiguous,
GSM4138144,31,5,32,0.15625,0.0625,0.1355069247685491,0.07408137927208935,0.9579076990975328,,,ambiguous,
GSM4138144,32,1,303,0.1254125412541254,0.18811881188118812,0.13443195701123326,0.05843249852314501,0.8410605888263032,,,no_baseline,
GSM4138144,33,1,19,0.21052631578947367,0.10526315789473684,0.1534724521769515,0.051768367174837744,1.0,,,ambiguous,
GSM4138144,33,2,208,0.14903846153846154,0.22115384615384615,0.1935426301911726,0.051240203616783095,0.8412564681162538,,,ambiguous,
GSM4138144,33,3,72,0.1388888888888889,0.1111111111111111,0.13444010493833863,0.06733976615203245,0.9387557918685,,,no_baseline,
GSM4138144,34,1,245,0.07755102040816327,0.3469387755102041,0.3287569028305429,0.041104202060889036,0.8376366833688076,,,ambiguous,
GSM4138144,34,2,24,0.08333333333333333,0.08333333333333333,0.2338774008329528,0.05074387572215674,0.9908965761848384,0.8857225642654714,0.105174011919367,purer,
GSM4138144,34,5,15,0.26666666666666666,0.0,0.08428420887022824,0.10160718763768578,0.981346782073502,,,ambiguous,
GSM4138144,35,1,242,0.08677685950413223,0.30991735537190085,0.3533484354203623,0.04821151559792953,0.8467023885522786,,,no_baseline,
GSM4138144,35,3,23,0.08695652173913043,0.34782608695652173,0.3872470175122747,0.05092568382466021,0.9830874564649584,,,ambiguous,
GSM4138145,3,1,290,0.1,0.12413793103448276,0.6709604297460189,0.0877584240617174,0.8110523551377966,,,ambiguous,
GSM4138145,3,2,197,0.1319796954314721,0.26903553299492383,1.1681955617126916,0.11576119001160227,0.7109001270720096,,,ambiguous,
GSM4138145,3,3,47,0.0,0.0425531914893617,0.17916852268038583,0.07288042119821543,0.9349715777979,,,ambiguous,
GSM4138145,4,1,279,0.0967741935483871,0.10752688172043011,0.5956569339876767,0.06717405571818211,0.7946404926322501,,,ambiguous,
GSM4138145,4,2,172,0.10465116279069768,0.2558139534883721,1.3564988177793698,0.07031926470783192,0.7310335742938701,,,ambiguous,
GSM4138145,4,3,46,0.0,0.043478260869565216,0.07016607654513102,0.0991563859586363,0.9472622152517468,,,ambiguous,
GSM4138145,4,4,37,0.21621621621621623,0.08108108108108109,-0.08898150140357021,0.16817762762245092,0.9301123877602014,,,ambiguous,
GSM4138145,5,1,283,0.09187279151943463,0.127208480565371,0.5002686923347285,0.06705452911024454,0.7915138099644659,,,ambiguous,
GSM4138145,5,2,166,0.10843373493975904,0.3132530120481928,1.1487259596935329,0.07058025949239327,0.7288359779231,,,ambiguous,
GSM4138145,5,3,46,0.0,0.021739130434782608,0.05680179131790131,0.10408443202379208,0.9472622152517468,,,ambiguous,
GSM4138145,5,4,37,0.21621621621621623,0.08108108108108109,-0.06115682051700572,0.16511391200854258,0.9301123877602014,,,ambiguous,
GSM4138145,6,1,258,0.09689922480620156,0.09302325581395349,0.3354818991287098,0.07702148467274313,0.8164540397626308,,,ambiguous,
GSM4138145,6,2,178,0.11797752808988764,0.23595505617977527,0.5111025238447682,0.08109795443076924,0.7410749749983234,0.7535493269325659,-0.0124743519342425,tie,0.0031830938911592
GSM4138145,6,3,17,0.23529411764705882,0.11764705882352941,0.23792078960549023,0.09276122538282461,0.9668025194701134,0.8162928621790009,0.1505096572911125,purer,0.0
GSM4138145,6,4,34,0.11764705882352941,0.058823529411764705,-0.09819642345062665,0.14772246443434603,0.9293402607821224,,,ambiguous,
GSM4138145,6,5,45,0.0,0.044444444444444446,0.16718591488535908,0.08505475889361197,0.945258029964264,0.9472622152517468,-0.0020041852874828,tie,0.0
GSM4138145,7,1,231,0.08225108225108226,0.11255411255411256,0.30563273166983307,0.06827721592111348,0.8318687849949159,,,no_baseline,
GSM4138145,7,2,180,0.16111111111111112,0.10555555555555556,0.09638225727434364,0.11934338733339388,0.7667565339396528,0.7535493269325659,0.0132072070070868,tie,-0.0024411699494453
GSM4138145,7,3,16,0.25,0.125,0.2189241188070219,0.0930881679092533,1.0,0.8162928621790009,0.1837071378209991,purer,0.0
GSM4138145,7,4,27,0.07407407407407407,0.2962962962962963,0.29554856378937594,0.11851939491531799,0.8974993227115186,,,ambiguous,
GSM4138145,7,5,33,0.12121212121212122,0.030303030303030304,-0.15226920784050224,0.1529228974559893,0.929787372445318,,,ambiguous,
GSM4138145,7,6,45,0.022222222222222223,0.06666666666666667,0.15932198559726024,0.08141083687685263,0.945258029964264,0.9472622152517468,-0.0020041852874828,tie,0.0
GSM4138145,8,1,232,0.07758620689655173,0.12931034482758622,0.26589095366883914,0.06923552702161029,0.836332172520328,,,no_baseline,
GSM4138145,8,2,179,0.16201117318435754,0.12290502793296089,0.09787531350494748,0.12124152531609751,0.7629010906015434,0.7535493269325659,0.0093517636689774,tie,0.001414273388664
GSM4138145,8,4,27,0.07407407407407407,0.2962962962962963,0.25962450597861286,0.12167933263889974,0.8974993227115186,,,ambiguous,
GSM4138145,8,5,32,0.125,0.03125,-0.09248783102491238,0.1418844036149056,0.9532232009804208,,,ambiguous,
GSM4138145,8,6,45,0.0,0.06666666666666667,0.15265673064709945,0.0826552938921587,0.945258029964264,0.9472622152517468,-0.0020041852874828,tie,0.0
GSM4138145,9,1,229,0.08733624454148471,0.11353711790393013,0.23343191165383115,0.07007442305247745,0.8321884233162319,,,no_baseline,
GSM4138145,9,2,178,0.16292134831460675,0.11797752808988764,0.09525602419495177,0.1193136574057811,0.7721260857373694,0.7535493269325659,0.0185767588048034,tie,-0.0075613877685213
GSM4138145,9,5,35,0.14285714285714285,0.05714285714285714,-0.02125780971412031,0.13927949636843195,0.9302855066721588,,,ambiguous,
GSM4138145,9,6,45,0.0,0.06666666666666667,0.11192285536747579,0.09511442952320083,0.945258029964264,0.9472622152517468,-0.0020041852874828,tie,0.0
GSM4138145,9,8,18,0.1111111111111111,0.2222222222222222,0.16998577562144274,0.12065979540714183,0.9782002683833608,0.7535493269325659,0.2246509414507949,purer,0.0
GSM4138145,10,1,186,0.03763440860215054,0.20430107526881722,0.16943099813404022,0.08670373299500687,0.8532364317746807,0.8845972805340161,-0.0313608487593354,tie,0.0556636091249337
GSM4138145,10,2,38,0.15789473684210525,0.21052631578947367,0.13400353762570796,0.1087122234349103,0.9795749355481274,,,no_baseline,
GSM4138145,10,3,184,0.07065217391304347,0.18478260869565216,0.14400322291415565,0.10564769133996924,0.7668870532963505,0.7535493269325659,0.0133377263637846,tie,-0.0006220844465004
GSM4138145,10,5,31,0.03225806451612903,0.1935483870967742,-0.010167290313883252,0.12086031407925155,0.942008677521702,,,ambiguous,
GSM4138145,10,7,45,0.0,0.06666666666666667,0.10656320367671888,0.11214804285160442,0.945258029964264,0.9472622152517468,-0.0020041852874828,tie,0.0
GSM4138145,10,9,18,0.05555555555555555,0.2777777777777778,0.18923865732405093,0.10090127129321884,0.9782002683833608,0.7535493269325659,0.2246509414507949,purer,0.0
GSM4138145,11,1,241,0.07883817427385892,0.15352697095435686,0.18773979892123838,0.07317334829986974,0.8335781055658897,,,ambiguous,
GSM4138145,11,2,174,0.14942528735632185,0.10919540229885058,0.10570122320665389,0.11394379875921015,0.7725903251773645,0.7535493269325659,0.0190409982447985,tie,-0.00132439947092
GSM4138145,11,4,29,0.13793103448275862,0.10344827586206896,-0.030679558848240057,0.12044383828582302,0.9414228321643344,,,ambiguous,
GSM4138145,11,6,45,0.0,0.06666666666666667,0.10177326820121846,0.10270214064864168,0.945258029964264,0.9472622152517468,-0.0020041852874828,tie,0.0
GSM4138145,11,9,18,0.1111111111111111,0.2777777777777778,0.1564239445449567,0.11178319090313732,0.9782002683833608,0.7535493269325659,0.2246509414507949,purer,0.0
GSM4138145,12,1,185,0.02702702702702703,0.21081081081081082,0.14694145179278004,0.08735183119628155,0.8545163101233489,0.8845972805340161,-0.0300809704106671,tie,0.0624447361798168
GSM4138145,12,10,18,0.05555555555555555,0.2777777777777778,0.16666638450705212,0.09835697490504293,0.9782002683833608,0.7535493269325659,0.2246509414507949,purer,0.0
GSM4138145,12,2,41,0.14634146341463414,0.21951219512195122,0.11263268467155682,0.10453471856938337,0.9792952262363795,,,no_baseline,
GSM4138145,12,3,183,0.07650273224043716,0.17486338797814208,0.12704782949881535,0.1068787658038146,0.7699996296091056,0.7535493269325659,0.0164503026765396,tie,6.71376626603104e-05
GSM4138145,12,4,15,0.06666666666666667,0.2,0.18574156256281807,0.0797549063082131,0.9659682215407984,0.8162928621790009,0.1496753593617975,purer,0.0
GSM4138145,12,6,30,0.0,0.2,-0.0034046643605015812,0.11591761546690928,0.9418463823255908,,,ambiguous,
GSM4138145,12,7,45,0.0,0.06666666666666667,0.08825322060395002,0.11427695591971782,0.945258029964264,0.9472622152517468,-0.0020041852874828,tie,0.0
GSM4138145,13,1,186,0.03225806451612903,0.1881720430107527,0.1390234301649756,0.08751388017752224,0.8545983959082528,0.8845972805340161,-0.0299988846257632,tie,0.0623626503949129
GSM4138145,13,10,18,0.05555555555555555,0.2777777777777778,0.168773782031865,0.09156323920244512,0.9782002683833608,0.7535493269325659,0.2246509414507949,purer,0.0
GSM4138145,13,2,41,0.14634146341463414,0.21951219512195122,0.10140805362505481,0.1067264678371344,0.9802384907154092,,,no_baseline,
GSM4138145,13,3,189,0.07407407407407407,0.1693121693121693,0.11933115383564898,0.1030856154718678,0.7529662578269433,0.7535493269325659,-0.0005830691056226,tie,-0.005639951321969
GSM4138145,13,6,45,0.0,0.06666666666666667,0.09565362821837721,0.10817080588460773,0.945258029964264,0.9472622152517468,-0.0020041852874828,tie,0.0
GSM4138145,13,7,26,0.0,0.2692307692307692,0.10580723127759904,0.08347620409377199,0.9168951668569012,,,ambiguous,
GSM4138145,14,1,181,0.027624309392265192,0.2541436464088398,0.15164531515626556,0.08664045271062255,0.8524061454351264,0.8845972805340161,-0.0321911350988897,tie,0.0690625194160788
GSM4138145,14,11,19,0.05263157894736842,0.2631578947368421,0.15288413998503567,0.09073951197895286,0.9536282277938718,0.7535493269325659,0.2000789008613058,purer,0.0
GSM4138145,14,2,47,0.1276595744680851,0.2553191489361702,0.11535268022929303,0.10051612485926753,0.9806039766108234,,,no_baseline,
GSM4138145,14,3,167,0.0658682634730539,0.25748502994011974,0.14565489349809474,0.09651268070244373,0.7635287790397172,0.7535493269325659,0.0099794521071512,tie,0.0090879887172466
GSM4138145,14,4,15,0.06666666666666667,0.26666666666666666,0.1685408120782639,0.07759233703832619,0.9659682215407984,0.8162928621790009,0.1496753593617975,purer,0.0
GSM4138145,14,5,20,0.1,0.5,0.20670415142806214,0.11752995983437617,0.9699966410804104,,,ambiguous,
GSM4138145,14,7,45,0.0,0.06666666666666667,0.08070158723664415,0.10539355948739029,0.945258029964264,0.9472622152517468,-0.0020041852874828,tie,0.0
GSM4138145,14,9,23,0.043478260869565216,0.17391304347826086,0.031061570765517906,0.11737263829252086,0.9193074037825676,,,ambiguous,
GSM4138145,15,1,285,0.017543859649122806,0.3263157894736842,0.3006228118178339,0.06721121664910526,0.7814708349624531,,,no_baseline,
GSM4138145,15,2,87,0.022988505747126436,0.5977011494252874,0.7031627045835294,0.051164068541666795,0.8536682243349272,,,no_baseline,
GSM4138145,15,3,22,0.0,0.5909090909090909,0.5880340846389623,0.05733757405515189,0.943672757917949,,,ambiguous,
GSM4138145,15,4,47,0.0,0.1276595744680851,0.11871350141881531,0.10612525998838031,0.957709996143703,0.9472622152517468,0.0104477808919561,tie,-0.0104477808919561
GSM4138145,15,5,23,0.043478260869565216,0.21739130434782608,0.1935540162487044,0.08343127663879688,0.9472399049012434,,,ambiguous,
GSM4138145,15,8,17,0.11764705882352941,0.29411764705882354,0.2935691233755212,0.09017383731210682,1.0,0.7535493269325659,0.246450673067434,purer,0.0
GSM4138145,15,9,31,0.0,0.5806451612903226,0.47962271526617345,0.0832524378302463,0.8824145369766442,0.7535493269325659,0.1288652100440782,purer,0.0
GSM4138145,16,1,475,0.05473684210526316,0.19789473684210526,0.2979738296898927,0.041870390667891194,0.6984666882423356,,,ambiguous,
GSM4138145,16,2,41,0.12195121951219512,0.024390243902439025,0.0002773221046306929,0.20431615892544525,0.9554398505142112,,,ambiguous,
GSM4138145,16,4,15,0.13333333333333333,0.13333333333333333,0.013002403412776899,0.18981124959286627,0.9620728769110692,,,ambiguous,
GSM4138145,17,1,464,0.09482758620689655,0.36853448275862066,0.5895943574196052,0.015363433805499925,0.7054932007101462,,,ambiguous,
GSM4138145,17,2,59,0.03389830508474576,0.13559322033898305,0.21431274636519054,0.09487564929560173,0.8730018788423619,0.9472622152517468,-0.0742603364093849,less_pure,0.0742603364093849
GSM4138145,18,1,470,0.06808510638297872,0.16382978723404254,0.4438444775987717,0.01816799585586098,0.701373273797524,,,ambiguous,
GSM4138145,18,2,44,0.25,0.045454545454545456,0.04723741159148989,0.22580496765335967,0.908706393767824,0.9472622152517468,-0.0385558214839227,tie,0.0453815462974371
GSM4138145,19,1,95,0.1368421052631579,0.3263157894736842,0.5238311386878205,0.06051141049551312,0.8536951843824321,,,no_baseline,
GSM4138145,19,2,92,0.09782608695652174,0.1956521739130435,0.33497935578891236,0.07275915132303175,0.857409039823668,0.9472622152517468,-0.0898531754280788,less_pure,0.0898531754280788
GSM4138145,19,3,62,0.11290322580645161,0.3064516129032258,0.4912597240619287,0.05891900775567954,0.8377621725980363,,,ambiguous,
GSM4138145,19,4,125,0.232,0.288,0.39039696423277176,0.06503971150732872,0.7808218874970205,,,ambiguous,
GSM4138145,19,5,28,0.21428571428571427,0.39285714285714285,0.4458303299438287,0.07494594406933676,0.8729758896287911,0.7535493269325659,0.1194265626962252,purer,0.0555052285632983
GSM4138145,19,7,97,0.20618556701030927,0.28865979381443296,0.38807436655370736,0.06764009335161274,0.8431358558035205,,,ambiguous,
GSM4138145,19,8,29,0.1724137931034483,0.034482758620689655,0.12128149669726934,0.13298023225802952,0.9232233361332292,0.7535493269325659,0.1696740092006632,purer,0.0
GSM4138145,20,1,132,0.030303030303030304,0.22727272727272727,0.09934077972985934,0.08441546363183748,0.8883608799822684,0.8845972805340161,0.0037635994482523,tie,0.0332538683966846
GSM4138145,20,11,22,0.045454545454545456,0.3181818181818182,0.16170093410477876,0.08730161819064988,0.9150097785106474,0.7535493269325659,0.1614604515780814,purer,0.0
GSM4138145,20,2,146,0.08904109589041095,0.363013698630137,0.0965432716637977,0.10709410566756353,0.8169896678716086,0.8826813409519234,-0.0656916730803147,less_pure,0.0667477602355485
GSM4138145,20,3,27,0.037037037037037035,0.1111111111111111,0.07252334992021707,0.08416410339509123,0.969513271085743,,,no_baseline,
GSM4138145,20,4,19,0.05263157894736842,0.21052631578947367,0.18097210735059258,0.07408607326322049,0.9776996983623804,0.8162928621790009,0.1614068361833794,purer,0.0
GSM4138145,20,5,34,0.0,0.35294117647058826,0.19721982268740337,0.06870040123809565,0.9306617522367178,,,ambiguous,
GSM4138145,20,7,96,0.10416666666666667,0.22916666666666666,0.1068574861037302,0.1084491262199111,0.8225978488599279,0.7535493269325659,0.069048521927362,purer,0.0028225577481465
GSM4138145,20,8,44,0.022727272727272728,0.045454545454545456,-0.019960104069737375,0.15948455668345188,0.9467966603574602,,,ambiguous,
GSM4138145,21,1,136,0.16176470588235295,0.23529411764705882,0.09293907581915646,0.11196908544406907,0.8658989841107735,0.8826813409519234,-0.0167823568411499,tie,
GSM4138145,21,10,61,0.19672131147540983,0.06557377049180328,0.015238922457631466,0.11198111287177959,0.9187088431762012,0.7535493269325659,0.1651595162436352,purer,
GSM4138145,21,12,39,0.28205128205128205,0.3333333333333333,0.08932922091977201,0.13079860246237174,0.825145940843034,,,ambiguous,
GSM4138145,21,13,20,0.1,0.2,0.07154100961158989,0.10777163323154904,0.9361827373720396,0.7535493269325659,0.1826334104394736,purer,
GSM4138145,21,2,120,0.058333333333333334,0.2833333333333333,0.11136407487996855,0.08408970306829142,0.8810831793003574,0.8845972805340161,-0.0035141012336586,tie,
GSM4138145,21,3,16,0.125,0.1875,0.14690791206227755,0.08229210276454779,1.0,0.8162928621790009,0.1837071378209991,purer,
GSM4138145,21,4,52,0.038461538461538464,0.38461538461538464,0.17614763579365647,0.09605189624082189,0.9031013037312978,,,ambiguous,
GSM4138145,21,5,45,0.0,0.044444444444444446,0.042215793751564853,0.10631201133643024,0.945258029964264,0.9472622152517468,-0.0020041852874828,tie,
GSM4138145,21,6,26,0.038461538461538464,0.19230769230769232,0.061720963743256516,0.10243451375719165,0.9193776727581144,,,ambiguous,
GSM4138145,22,1,115,0.02608695652173913,0.30434782608695654,0.09137593916083896,0.08396264955456667,0.8816720215129583,0.8845972805340161,-0.0029252590210577,tie,
GSM4138145,22,10,62,0.12903225806451613,0.11290322580645161,0.025514019592367963,0.10863518165012892,0.9080499348863618,0.7535493269325659,0.1545006079537958,purer,
GSM4138145,22,14,46,0.15217391304347827,0.391304347826087,0.13085497555829126,0.12262296295654747,0.8240553159418978,,,ambiguous,
GSM4138145,22,15,19,0.05263157894736842,0.2631578947368421,0.08846384842260518,0.09956635001639341,0.9536282277938718,0.7535493269325659,0.2000789008613058,purer,
GSM4138145,22,2,109,0.11926605504587157,0.3302752293577982,0.07602504969049588,0.1158506406472198,0.8683456224359389,0.8826813409519234,-0.0143357185159844,tie,
GSM4138145,22,3,27,0.07407407407407407,0.14814814814814814,0.08336704777252847,0.08181552134397971,0.9805938509504234,,,no_baseline,
GSM4138145,22,4,17,0.11764705882352941,0.17647058823529413,0.13610049235721633,0.0878212763511088,1.0,0.8162928621790009,0.1837071378209991,purer,
GSM4138145,22,5,46,0.0,0.4782608695652174,0.1392427511289693,0.09842427595497645,0.9228316281807164,,,ambiguous,
GSM4138145,22,6,45,0.0,0.06666666666666667,0.042852029140801176,0.10576866272137862,0.945258029964264,0.9472622152517468,-0.0020041852874828,tie,
GSM4138145,22,7,27,0.037037037037037035,0.25925925925925924,0.06474851352837793,0.1001263041547779,0.9199732676288676,,,ambiguous,
GSM4138145,23,1,104,0.028846153846153848,0.28846153846153844,0.07744682924960014,0.08693409726406666,0.9177810643724426,0.8845972805340161,0.0331837838384264,tie,
GSM4138145,23,10,62,0.12903225806451613,0.12903225806451613,0.028633678367309123,0.10831826162530991,0.9080499348863618,0.7535493269325659,0.1545006079537958,purer,
GSM4138145,23,13,49,0.12244897959183673,0.40816326530612246,0.12625933078686993,0.12140421727369138,0.805314676610725,,,ambiguous,
GSM4138145,23,15,19,0.05263157894736842,0.2631578947368421,0.08623202910823183,0.10214231804292455,0.9536282277938718,0.7535493269325659,0.2000789008613058,purer,
GSM4138145,23,2,114,0.10526315789473684,0.3157894736842105,0.07184100552807453,0.11567125897739008,0.8734382845358094,0.8826813409519234,-0.009243056416114,tie,
GSM4138145,23,3,28,0.03571428571428571,0.21428571428571427,0.0869928775608998,0.08326885089835637,0.9809638555727724,,,no_baseline,
GSM4138145,23,4,17,0.11764705882352941,0.17647058823529413,0.13617859689207606,0.08672712094268963,1.0,0.8162928621790009,0.1837071378209991,purer,
GSM4138145,23,5,33,0.030303030303030304,0.3939393939393939,0.12132270908330016,0.10045085477635259,0.9180253231114878,,,ambiguous,
GSM4138145,23,6,45,0.0,0.044444444444444446,0.04290285373974591,0.10367714955589206,0.945258029964264,0.9472622152517468,-0.0020041852874828,tie,
GSM4138145,23,7,32,0.1875,0.1875,0.04382954427727343,0.14707621712785898,0.9266476956265042,,,ambiguous,
GSM4138145,24,1,373,0.1260053619302949,0.35924932975871315,0.4269338370977246,0.040792977576923885,0.7408491523551617,,,no_baseline,
GSM4138145,24,2,50,0.32,0.2,0.26103058267463947,0.06322374407309873,0.8659493016377362,,,ambiguous,
GSM4138145,24,4,42,0.38095238095238093,0.023809523809523808,-0.014685686969333978,0.12806507781129475,0.9442288794945704,0.9472622152517468,-0.0030333357571764,tie,
GSM4138145,24,7,16,0.1875,0.0625,0.10124177604334177,0.10257461313235323,0.9855746406760972,0.7535493269325659,0.2320253137435313,purer,
GSM4138145,24,8,25,0.36,0.16,0.32289367297879645,0.08794610049604878,0.8769382129207146,0.7535493269325659,0.1233888859881486,purer,
GSM4138145,25,1,35,0.02857142857142857,0.2857142857142857,0.440910830363618,0.0472187065979604,0.9060074664314972,,,ambiguous,
GSM4138145,25,14,26,0.38461538461538464,0.0,-0.019205810830743693,0.1589512183677394,0.9581089901147832,,,ambiguous,
GSM4138145,25,2,224,0.10267857142857142,0.4419642857142857,0.4460813741948213,0.050578057418180215,0.7290574327973118,0.7535493269325659,-0.0244918941352541,tie,
GSM4138145,25,3,90,0.1,0.6333333333333333,0.6046735885241061,0.04759153650158764,0.8160935514828201,,,ambiguous,
GSM4138145,25,4,48,0.16666666666666666,0.25,0.28272731371158305,0.10454639894378996,0.924606498297817,0.9472622152517468,-0.0226557169539297,tie,
GSM4138145,25,5,71,0.056338028169014086,0.23943661971830985,0.3476994699283127,0.04696441777251554,0.8974436423282107,0.9472795976060506,-0.0498359552778399,tie,
GSM4138145,25,6,15,0.13333333333333333,0.0,0.01491580345857881,0.1595508753867959,1.0,,,ambiguous,
GSM4138145,26,1,318,0.10377358490566038,0.44339622641509435,0.18522132501204328,0.06279106568351057,0.7218193207833907,,,ambiguous,
GSM4138145,26,18,18,0.1111111111111111,0.1111111111111111,0.05987635917442676,0.08371629313079272,0.9578012327774194,,,ambiguous,
GSM4138145,26,2,45,0.17777777777777778,0.2222222222222222,0.08957447183686335,0.09083633172224741,0.9488111654310984,,,ambiguous,
GSM4138145,26,20,16,0.25,0.0625,0.037192934794910634,0.11953319407161908,0.9434602854587902,,,ambiguous,
GSM4138145,26,4,117,0.18803418803418803,0.19658119658119658,0.07048840724152389,0.09433779396938315,0.8254803997010659,,,ambiguous,
GSM4138145,27,1,326,0.15030674846625766,0.294478527607362,0.13312503043977467,0.07115968611146295,0.7574598896677688,,,ambiguous,
GSM4138145,27,13,45,0.17777777777777778,0.17777777777777778,0.05836640581331402,0.08346099175208914,0.8762169703736634,,,ambiguous,
GSM4138145,27,16,43,0.27906976744186046,0.06976744186046512,0.018077905613094296,0.10330591384448932,0.8776987420799107,,,ambiguous,
GSM4138145,27,3,33,0.18181818181818182,0.18181818181818182,0.06863332235182498,0.08929466848846672,0.9747544562565004,,,ambiguous,
GSM4138145,27,8,66,0.15151515151515152,0.19696969696969696,0.09700787241795658,0.07222951664366942,0.8225007982802863,,,ambiguous,
GSM4138145,28,1,452,0.024336283185840708,0.31194690265486724,0.3001165291628604,0.024372779600258097,0.7012089169507836,,,ambiguous,
GSM4138145,28,2,31,0.16129032258064516,0.1935483870967742,0.16887329708525994,0.06812294193320462,0.8497662209739627,0.7535493269325659,0.0962168940413967,purer,
GSM4138145,28,4,35,0.14285714285714285,0.02857142857142857,0.044565130260566,0.1168206774349604,0.92519124980079,,,ambiguous,
GSM4138145,29,1,199,0.1708542713567839,0.3065326633165829,0.19487198023792837,0.07271224247898936,0.7724951526381966,,,ambiguous,
GSM4138145,29,12,35,0.2,0.0,-0.039415633855047344,0.16065404049571616,0.9691345405871008,,,ambiguous,
GSM4138145,29,2,67,0.1044776119402985,0.373134328358209,0.20838197677187006,0.06314536136524722,0.8286683128604613,,,ambiguous,
GSM4138145,29,3,201,0.19402985074626866,0.13432835820895522,0.1026766941391239,0.08705306390602273,0.721642022402152,0.7535493269325659,-0.0319073045304139,tie,
GSM4138145,30,1,398,0.12060301507537688,0.3542713567839196,0.338719622660995,0.02376205961493394,0.7166910235042872,,,ambiguous,
GSM4138145,30,2,32,0.15625,0.46875,0.3953052864151798,0.021261960923038566,0.948758392851149,,,ambiguous,
GSM4138145,30,6,82,0.45121951219512196,0.012195121951219513,0.05509359548227778,0.11553137154546347,0.845576246678304,,,ambiguous,
GSM4138145,31,1,49,0.12244897959183673,0.40816326530612246,0.3821724488026149,0.04276515682091417,0.9459839749800962,0.7535493269325659,0.1924346480475303,purer,
GSM4138145,31,2,111,0.2072072072072072,0.2882882882882883,0.27848110118430575,0.0637485325364185,0.7551637289421447,,,ambiguous,
GSM4138145,31,3,309,0.0744336569579288,0.5436893203883495,0.4051025524151216,0.02654902673535915,0.7320915996719721,,,ambiguous,
GSM4138145,31,5,41,0.21951219512195122,0.14634146341463414,0.13784912683780937,0.1113983185246073,0.9072986718005588,,,ambiguous,
GSM4138145,32,1,517,0.13152804642166344,0.2263056092843327,0.14663925745262077,0.061224733331894855,0.6916958778795366,0.9472622152517468,-0.2555663373722102,less_pure,
GSM4138145,33,1,53,0.07547169811320754,0.4339622641509434,0.27850957043854996,0.042252406242549806,0.8372703433756835,,,ambiguous,
GSM4138145,33,2,401,0.06483790523690773,0.5112219451371571,0.2849950800744843,0.03872174916745508,0.7260286724845386,,,ambiguous,
GSM4138145,33,3,60,0.16666666666666666,0.13333333333333333,0.11319196045630221,0.10510512155321033,0.904473641046243,0.9472622152517468,-0.0427885742055038,tie,
GSM4138145,34,1,329,0.0668693009118541,0.4376899696048632,0.3722884805419136,0.037058171815700286,0.7615574085753255,,,ambiguous,
GSM4138145,34,2,21,0.09523809523809523,0.2857142857142857,0.3351341839105969,0.04707747674659886,0.97460901705681,0.7535493269325659,0.2210596901242441,purer,
GSM4138145,34,3,86,0.12790697674418605,0.1744186046511628,0.2529219600731342,0.048325972588110666,0.8283646471725634,0.9472795976060506,-0.1189149504334872,less_pure,
GSM4138145,34,5,78,0.20512820512820512,0.0641025641025641,0.1187245603371132,0.10036210634236142,0.8387601252914979,,,ambiguous,
GSM4138145,35,1,294,0.10204081632653061,0.3741496598639456,0.36643077163518334,0.057770344822105385,0.7644918435873707,0.9472622152517468,-0.1827703716643761,less_pure,
GSM4138145,35,12,21,0.2857142857142857,0.14285714285714285,0.28369082344083985,0.05621621579719806,1.0,,,ambiguous,
GSM4138145,35,15,53,0.4528301886792453,0.03773584905660377,0.11909169142505892,0.0910399365542302,0.9422854650464516,,,ambiguous,
GSM4138145,35,18,68,0.3382352941176471,0.014705882352941176,0.14472574017227324,0.08672550619126436,0.8615464488930192,,,ambiguous,
GSM4138145,35,2,23,0.21739130434782608,0.34782608695652173,0.3481879365576067,0.058809617822287684,1.0,,,ambiguous,
GSM4138145,35,3,18,0.16666666666666666,0.1111111111111111,0.25111657799672177,0.05957828671099551,1.0,,,ambiguous,
GSM4138145,35,5,26,0.23076923076923078,0.11538461538461539,0.2810349536116085,0.06395280285679664,0.9381286122045156,,,ambiguous,
GSM4138146,3,1,461,0.0,0.004338394793926247,0.46827739957759035,0.04783533545135994,0.8890286325827184,,,ambiguous,
GSM4138146,4,1,461,0.0021691973969631237,0.010845986984815618,0.485846400896337,0.05376248016097006,0.8890286325827184,,,ambiguous,
GSM4138146,5,1,461,0.0021691973969631237,0.013015184381778741,0.39012550116015127,0.05589787887673277,0.8890286325827184,,,ambiguous,
GSM4138146,6,1,460,0.004347826086956522,0.021739130434782608,0.3071100121413173,0.06229586734295713,0.8893332715472475,,,ambiguous,
GSM4138146,7,1,455,0.004395604395604396,0.017582417582417582,0.2671315170260653,0.0682916907754646,0.8998833118367539,,,no_baseline,
GSM4138146,8,1,455,0.004395604395604396,0.01978021978021978,0.228528307286846,0.07464724481088394,0.8998833118367539,,,no_baseline,
GSM4138146,9,1,453,0.0,0.03090507726269316,0.20614129060507716,0.07650879864706052,0.904075408127974,,,no_baseline,
GSM4138146,10,1,159,0.03773584905660377,0.031446540880503145,-0.0914083970889176,0.16219506565119457,0.9502974700164852,0.9146938667766904,0.0356036032397948,tie,0.0190949945691886
GSM4138146,10,2,291,0.024054982817869417,0.06872852233676977,0.05279545206652924,0.11000077382623058,0.9292688100228726,0.9622686828921564,-0.0329998728692837,tie,0.0329998728692838
GSM4138146,11,1,456,0.0043859649122807015,0.010964912280701754,0.12896372535337491,0.07628924441298598,0.8958474724633743,,,ambiguous,
GSM4138146,12,1,159,0.050314465408805034,0.025157232704402517,-0.0547350587973607,0.1521359882124647,0.9478180664779088,0.9146938667766904,0.0331241997012183,tie,0.0211687861919812
GSM4138146,12,2,291,0.027491408934707903,0.061855670103092786,0.08481110964419573,0.10126564753204882,0.9287535037083648,0.9622686828921564,-0.0335151791837915,tie,0.0335151791837917
GSM4138146,13,1,161,0.062111801242236024,0.031055900621118012,-0.04420143248265409,0.1509000469457875,0.9473344042730056,0.9146938667766904,0.0326405374963152,tie,0.0248372240434147
GSM4138146,13,2,289,0.02768166089965398,0.058823529411764705,0.07513568847729259,0.1032813705895784,0.9289540883838,0.9622686828921564,-0.0333145945083563,tie,0.0333145945083565
GSM4138146,14,1,160,0.0625,0.0375,-0.0432704747041288,0.150730949467913,0.9472615859273164,0.9146938667766904,0.0325677191506259,tie,0.0210312325052133
GSM4138146,14,2,290,0.02413793103448276,0.05517241379310345,0.06732761308136091,0.10366470575143259,0.929108002631038,0.9622686828921564,-0.0331606802611184,tie,0.0331606802611186
GSM4138146,15,1,191,0.020942408376963352,0.08376963350785341,0.05560306464206337,0.11809121394188109,0.8867169813558312,,,no_baseline,
GSM4138146,15,2,269,0.03717472118959108,0.040892193308550186,0.039633577867902045,0.11799954801467478,0.930013726434456,0.9622686828921564,-0.0322549564577003,tie,0.0322549564577003
GSM4138146,16,1,458,0.07205240174672489,0.15938864628820962,0.26131564247272787,0.043319183349423966,0.8883689139165786,,,ambiguous,
GSM4138146,17,1,453,0.09933774834437085,0.26048565121412803,0.5806681329466225,0.015611164794247073,0.8821015458178882,,,ambiguous,
GSM4138146,18,1,458,0.028384279475982533,0.17685589519650655,0.48287713506476865,0.009950683205791368,0.8883689139165786,,,ambiguous,
GSM4138146,19,1,147,0.08843537414965986,0.32653061224489793,0.5107122393320447,0.053879885779472385,0.905284565144202,,,no_baseline,
GSM4138146,19,2,33,0.09090909090909091,0.24242424242424243,0.35245613383392754,0.10130670873091106,0.9432680247753138,,,no_baseline,
GSM4138146,19,3,208,0.09615384615384616,0.3076923076923077,0.4975936233345424,0.04898205665229843,0.8907580424879347,,,ambiguous,
GSM4138146,19,4,63,0.1111111111111111,0.2222222222222222,0.44686391928029523,0.050601359327900254,0.9076724044755662,,,ambiguous,
GSM4138146,19,6,17,0.11764705882352941,0.17647058823529413,0.4675206453662102,0.0465020133390971,0.9761193237871254,,,ambiguous,
GSM4138146,20,1,133,0.08270676691729323,0.09022556390977443,0.0028351260821307686,0.13089987329395547,0.9801847764245536,0.9146938667766904,0.0654909096478632,purer,0.0
GSM4138146,20,2,75,0.2,0.09333333333333334,-0.01941330558541204,0.1604060560615502,0.8990723689251013,0.95357514339019,-0.0545027744650886,less_pure,0.0545027744650885
GSM4138146,20,3,252,0.06746031746031746,0.027777777777777776,-0.011216157328219251,0.13774895871165982,0.959985168398041,0.9622686828921564,-0.0022835144941153,tie,0.0046320994634858
GSM4138146,21,1,325,0.08307692307692308,0.3507692307692308,0.15339528051818405,0.09168014708887483,0.8918552278311422,0.95357514339019,-0.0617199155590477,less_pure,
GSM4138146,21,2,135,0.0962962962962963,0.05925925925925926,0.011002994090519002,0.12812052809989474,0.9796740229974928,0.9146938667766904,0.0649801562208024,purer,
GSM4138146,22,1,134,0.08208955223880597,0.08208955223880597,-0.00046009308755425504,0.12707671328068357,0.9805008638278602,0.9146938667766904,0.0658069970511697,purer,
GSM4138146,22,2,72,0.2361111111111111,0.1111111111111111,0.0033804667170696454,0.15130661618124785,0.9034383771970144,0.95357514339019,-0.0501367661931756,less_pure,
GSM4138146,22,3,253,0.05533596837944664,0.03557312252964427,-0.009442426916991889,0.13589939281388438,0.9602453469468204,0.9622686828921564,-0.0020233359453359,tie,
GSM4138146,23,1,136,0.08088235294117647,0.07352941176470588,-0.0016813265728551569,0.12660645024020536,0.9848233023625114,0.9146938667766904,0.0701294355858209,purer,
GSM4138146,23,2,71,0.23943661971830985,0.1267605633802817,0.0002789787465544741,0.15312302086823407,0.9029514943430658,0.95357514339019,-0.0506236490471242,less_pure,
GSM4138146,23,3,252,0.06349206349206349,0.04365079365079365,-0.00781414936236459,0.13338510323263528,0.959985168398041,0.9622686828921564,-0.0022835144941153,tie,
GSM4138146,24,1,460,0.010869565217391304,0.06739130434782609,0.19693534304483074,0.05021694367593445,0.8883510388317877,0.9622686828921564,-0.0739176440603687,less_pure,
GSM4138146,25,1,87,0.16091954022988506,0.10344827586206896,0.26974965898042147,0.07599185715029547,0.9359065199347092,,,ambiguous,
GSM4138146,25,2,64,0.140625,0.15625,0.3072723687981255,0.06454308855972823,0.9530926270263694,0.95357514339019,-0.0004825163638205,tie,
GSM4138146,25,3,178,0.1797752808988764,0.25280898876404495,0.33178225620150825,0.07174574022914239,0.8571825036550854,,,ambiguous,
GSM4138146,25,4,98,0.11224489795918367,0.07142857142857142,0.237296562396149,0.07882698360908312,0.9516954379033328,,,no_baseline,
GSM4138146,25,6,40,0.1,0.025,0.1610269285840691,0.08430876086283738,0.9546550343093816,,,ambiguous,
GSM4138146,26,1,244,0.18442622950819673,0.19262295081967212,0.0742592635139443,0.08625699166557937,0.8709625814774962,,,ambiguous,
GSM4138146,26,2,118,0.11864406779661017,0.1440677966101695,0.07715634192101059,0.08627556513448745,0.9392044234458352,,,ambiguous,
GSM4138146,26,4,102,0.2647058823529412,0.06862745098039216,0.01871732346038315,0.11574465590231267,0.9415245433516052,,,ambiguous,
GSM4138146,27,1,350,0.18285714285714286,0.21714285714285714,0.08887081952785568,0.08246447325025309,0.8870491539398575,,,ambiguous,
GSM4138146,27,3,99,0.1919191919191919,0.13131313131313133,0.06652776390483843,0.08564120397635773,0.9520822081795136,,,ambiguous,
GSM4138146,28,1,461,0.0021691973969631237,0.004338394793926247,0.08704101662545916,0.05956999667650708,0.8890286325827184,,,ambiguous,
GSM4138146,29,1,318,0.12264150943396226,0.27358490566037735,0.18764518780900186,0.06276399323255749,0.8827238075747738,,,ambiguous,
GSM4138146,29,2,83,0.060240963855421686,0.2891566265060241,0.2010146151136461,0.04988971957917525,0.9349443359174066,,,ambiguous,
GSM4138146,29,3,35,0.2571428571428571,0.05714285714285714,0.03447758276279086,0.11415048015002761,0.9823225976039642,0.95357514339019,0.0287474542137742,tie,
GSM4138146,30,1,446,0.1367713004484305,0.1367713004484305,0.28126894305702344,0.02782472965582177,0.8888220642089607,,,ambiguous,
GSM4138146,31,1,37,0.32432432432432434,0.02702702702702703,0.22124735649327318,0.07171911070519642,0.9523453261838354,0.95357514339019,-0.0012298172063546,tie,
GSM4138146,31,2,161,0.18012422360248448,0.14285714285714285,0.22116436048975235,0.05168976678781152,0.9217663244574672,,,ambiguous,
GSM4138146,31,3,149,0.2483221476510067,0.1342281879194631,0.22050464098115527,0.059443157095588055,0.8547304683957887,,,ambiguous,
GSM4138146,31,5,121,0.2644628099173554,0.0743801652892562,0.16259862668972663,0.06646894262611198,0.902860373185728,,,ambiguous,
GSM4138146,32,1,470,0.15106382978723404,0.14468085106382977,0.1291588996471456,0.054997354073451354,0.8857931167125466,,,no_baseline,
GSM4138146,33,1,33,0.5151515151515151,0.0,0.10732517669500745,0.09429768566306221,0.9489555466915008,,,ambiguous,
GSM4138146,33,2,224,0.2857142857142857,0.11160714285714286,0.13759125114801135,0.07800263034519417,0.8716406255804616,,,ambiguous,
GSM4138146,33,3,208,0.1778846153846154,0.1201923076923077,0.14947693338848847,0.061917737320687574,0.9068558488653568,,,no_baseline,
GSM4138146,34,1,352,0.08522727272727272,0.26136363636363635,0.29768123211020997,0.0443861899780697,0.8853189496132783,,,ambiguous,
GSM4138146,34,2,42,0.30952380952380953,0.07142857142857142,0.16904165650642797,0.07861443219433902,0.9433126283187354,0.95357514339019,-0.0102625150714545,tie,
GSM4138146,34,5,33,0.45454545454545453,0.0,0.04101078340716923,0.149387465565673,0.9387300213147216,,,ambiguous,
GSM4138146,34,9,39,0.28205128205128205,0.0,0.08710226766670214,0.08740981379453701,0.9406752652676188,,,ambiguous,
GSM4138146,35,1,375,0.08533333333333333,0.232,0.33636206944521746,0.04979077264392358,0.882037644093421,,,no_baseline,
GSM4138146,35,2,34,0.17647058823529413,0.08823529411764706,0.25403573288014725,0.06831637000688102,0.9549704297276964,,,ambiguous,
GSM4138146,35,3,26,0.15384615384615385,0.15384615384615385,0.31980375815719875,0.05707260604901522,0.9642807952180126,,,ambiguous,
GSM4138146,35,5,31,0.3225806451612903,0.0,0.1390656775201229,0.08528018767331658,0.967895383423036,,,ambiguous,
GSM4138147,3,2,16,0.125,0.3125,0.5510917462121273,0.12721797375202715,0.8620234746447977,,,ambiguous,
GSM4138147,3,3,32,0.0,0.0,-0.3227186392349293,0.14785361666587254,0.925292417692126,,,ambiguous,
GSM4138147,4,2,19,0.15789473684210525,0.42105263157894735,1.0016135311169752,0.08197596317829078,0.8730933452623457,,,ambiguous,
GSM4138147,4,3,32,0.0,0.0,-0.17687139460210732,0.1420850667585331,0.925292417692126,,,ambiguous,
GSM4138147,5,2,19,0.15789473684210525,0.42105263157894735,0.8250518435595536,0.08252680628861565,0.8730933452623457,,,ambiguous,
GSM4138147,5,3,32,0.0,0.0,-0.13949566135224067,0.14195995331108455,0.925292417692126,,,ambiguous,
GSM4138147,6,5,31,0.0,0.03225806451612903,0.16643507526028678,0.12021356680991362,0.935324749011505,0.935324749011505,0.0,tie,0.0
GSM4138147,7,2,15,0.13333333333333333,0.2,0.19663457629729203,0.13388633116306295,0.9840307386621786,,,no_baseline,
GSM4138147,7,6,31,0.0,0.03225806451612903,0.15568941598210226,0.11848491947049904,0.935324749011505,0.935324749011505,0.0,tie,0.0
GSM4138147,8,2,15,0.13333333333333333,0.26666666666666666,0.14802746970458722,0.14349675309652682,0.9840307386621786,,,no_baseline,
GSM4138147,8,6,31,0.0,0.03225806451612903,0.18876853979469155,0.11577510032731991,0.935324749011505,0.935324749011505,0.0,tie,0.0
GSM4138147,9,2,15,0.13333333333333333,0.2,0.1075540114818311,0.14872249421586167,0.9840307386621786,,,no_baseline,
GSM4138147,9,6,31,0.0,0.03225806451612903,0.17616173980707603,0.10129830120429144,0.935324749011505,0.935324749011505,0.0,tie,0.0
GSM4138147,10,3,15,0.0,0.3333333333333333,0.19716250793415088,0.1124842232466096,0.9840307386621786,,,no_baseline,
GSM4138147,10,7,31,0.0,0.06451612903225806,0.14573686279751025,0.1189335598684956,0.935324749011505,0.935324749011505,0.0,tie,0.0
GSM4138147,11,2,15,0.13333333333333333,0.26666666666666666,0.12587594309262232,0.13914659679776434,0.9840307386621786,,,no_baseline,
GSM4138147,11,6,31,0.0,0.03225806451612903,0.1267923705558171,0.11161573932570315,0.935324749011505,0.935324749011505,0.0,tie,0.0
GSM4138147,12,3,15,0.0,0.26666666666666666,0.16433208627868928,0.11038706519757162,0.9840307386621786,,,no_baseline,
GSM4138147,12,7,31,0.0,0.0967741935483871,0.11458911928131328,0.12238627601741545,0.935324749011505,0.935324749011505,0.0,tie,0.0
GSM4138147,13,3,15,0.0,0.26666666666666666,0.1428374781258754,0.11459656015998283,0.9840307386621786,,,no_baseline,
GSM4138147,13,6,31,0.0,0.0967741935483871,0.12197283802814418,0.11457177666807346,0.935324749011505,0.935324749011505,0.0,tie,0.0
GSM4138147,14,7,31,0.0,0.0967741935483871,0.10836475356817106,0.11220759676446569,0.935324749011505,0.935324749011505,0.0,tie,0.0
GSM4138147,15,4,32,0.03125,0.0625,0.12448925230764417,0.08204090960217002,0.925292417692126,0.935324749011505,-0.0100323313193789,tie,0.0100323313193789
GSM4138147,16,1,26,0.038461538461538464,0.3076923076923077,0.3244342632076025,0.03900780799345075,0.7697945846460826,,,ambiguous,
GSM4138147,16,2,29,0.10344827586206896,0.0,-0.029680672193196388,0.16030400909348597,0.926339647205751,,,ambiguous,
GSM4138147,17,1,23,0.08695652173913043,0.34782608695652173,0.5442867303346307,0.017353840944470213,0.7769606233087982,,,ambiguous,
GSM4138147,17,2,32,0.0,0.0,0.15268651808861974,0.07156824624717703,0.925292417692126,0.935324749011505,-0.0100323313193789,tie,0.0100323313193789
GSM4138147,18,1,25,0.04,0.32,0.48398146556797905,0.009480458880608316,0.7658591325311571,,,ambiguous,
GSM4138147,18,2,24,0.16666666666666666,0.0,-0.06456827171242518,0.242939729287196,0.9442204133905738,0.935324749011505,0.0088956643790688,tie,0.0009884611242967
GSM4138147,19,2,33,0.030303030303030304,0.0,0.08707964342214157,0.08896964049704276,0.9252308986279258,0.935324749011505,-0.0100938503835791,tie,0.0100938503835791
GSM4138147,20,8,31,0.16129032258064516,0.06451612903225806,0.00023333288762901472,0.15860027921296205,0.935324749011505,,,ambiguous,
GSM4138147,21,5,31,0.06451612903225806,0.06451612903225806,0.05380850905468288,0.12327634039537964,0.935324749011505,0.935324749011505,0.0,tie,
GSM4138147,22,6,32,0.03125,0.0625,0.06445160020044095,0.10745373478675865,0.925292417692126,0.935324749011505,-0.0100323313193789,tie,
GSM4138147,23,6,31,0.06451612903225806,0.06451612903225806,0.06373272767697133,0.10791142089536905,0.935324749011505,0.935324749011505,0.0,tie,
GSM4138147,24,1,16,0.25,0.3125,0.41053975593521985,0.05254420480247983,0.9694994529801976,,,no_baseline,
GSM4138147,24,4,29,0.06896551724137931,0.0,0.04247255575854555,0.10430681982611403,0.9551302400191756,0.935324749011505,0.0198054910076705,tie,
GSM4138147,25,3,20,0.4,0.3,0.20055794499821658,0.13995120210138984,0.9713393334025764,,,ambiguous,
GSM4138147,25,4,15,0.6666666666666666,0.0,-0.1599821246521267,0.27426956027728294,0.9543762539198436,0.935324749011505,0.0190515049083386,tie,
GSM4138147,26,1,32,0.0625,0.40625,0.1369846553704691,0.10819815413788095,0.8917806972767873,,,ambiguous,
GSM4138147,26,2,20,0.3,0.0,-0.15258772176715554,0.30637867577438305,0.9673104958342548,,,ambiguous,
GSM4138147,27,1,24,0.20833333333333334,0.4166666666666667,0.17303352683742945,0.07057044506594609,0.8421904957703741,,,ambiguous,
GSM4138147,28,1,25,0.0,0.24,0.3543308148170099,0.02587968212204533,0.8447938271833922,,,ambiguous,
GSM4138147,28,9,19,0.42105263157894735,0.0,-0.023236107319853833,0.13172452988819083,0.9740174225343547,,,ambiguous,
GSM4138147,29,1,16,0.0625,0.375,0.2543159430521584,0.05323221768883771,0.9840296613352888,,,ambiguous,
GSM4138147,29,12,19,0.5789473684210527,0.0,-0.10333923292341125,0.2037287217880073,0.950061592562616,,,ambiguous,
GSM4138147,30,1,15,0.2,0.26666666666666666,0.3555442443959019,0.031192374192619835,0.958917617449581,,,ambiguous,
GSM4138147,30,6,36,0.3611111111111111,0.0,-0.053344163297787205,0.19874954283575136,0.9040123123449252,,,ambiguous,
GSM4138147,31,2,20,0.25,0.3,0.23943855266343456,0.0904517840104228,0.9622640149585232,,,ambiguous,
GSM4138147,31,5,26,0.038461538461538464,0.0,-0.01300944515483411,0.16879302036433622,0.9593463046023094,,,ambiguous,
GSM4138147,32,1,57,0.05263157894736842,0.14035087719298245,0.09747757892801326,0.07138587293452484,0.8001443249451339,0.935324749011505,-0.1351804240663711,less_pure,
GSM4138147,33,2,17,0.058823529411764705,0.29411764705882354,0.18490084534899143,0.07437053577593965,0.9313480566745398,,,ambiguous,
GSM4138147,33,3,37,0.10810810810810811,0.08108108108108109,0.023298794225711694,0.15544522579862996,0.9173719194413265,0.935324749011505,-0.0179528295701785,tie,
GSM4138147,34,1,18,0.2777777777777778,0.2222222222222222,0.2546026572301118,0.08708318654530549,0.9426658227505184,,,ambiguous,
GSM4138147,34,5,30,0.3,0.1,0.05673155055904185,0.15414423596886948,0.9250793609439518,,,ambiguous,
GSM4138147,35,1,45,0.15555555555555556,0.15555555555555556,0.1650835667586758,0.10531590240576297,0.8673123938678995,0.935324749011505,-0.0680123551436054,less_pure,
GSM4138148,3,1,178,0.0,0.02247191011235955,0.49306494325980377,0.054943993363078036,0.848786243228475,,,ambiguous,
GSM4138148,4,1,177,0.0,0.03389830508474576,0.6462664659757017,0.04859092500953816,0.8569403051496318,,,ambiguous,
GSM4138148,5,1,177,0.0,0.03389830508474576,0.5205237977622714,0.05112828687892733,0.8569403051496318,,,ambiguous,
GSM4138148,6,1,174,0.005747126436781609,0.05747126436781609,0.40240638503239845,0.06168140000588926,0.8619332230195504,,,ambiguous,
GSM4138148,7,1,169,0.005917159763313609,0.05325443786982249,0.32418383393709943,0.06931505586567696,0.8734551110742803,,,no_baseline,
GSM4138148,8,1,169,0.005917159763313609,0.05917159763313609,0.27909926827970577,0.07275716352717987,0.8734551110742803,,,no_baseline,
GSM4138148,9,1,167,0.0,0.0658682634730539,0.23305022366643088,0.08022133839397023,0.8766033380248794,,,no_baseline,
GSM4138148,10,1,109,0.045871559633027525,0.13761467889908258,-0.011710475736945678,0.15825925410645844,0.9468203139209714,0.935303562563987,0.0115167513569844,tie,0.0372968338018063
GSM4138148,10,2,52,0.019230769230769232,0.17307692307692307,0.11440948084243387,0.10292103988805847,0.9250748096306702,0.969263534838498,-0.0441887252078277,tie,0.0441887252078279
GSM4138148,10,3,15,0.06666666666666667,0.4666666666666667,0.29713972993620724,0.07528763865271917,0.9935131467076675,0.96950449814767,0.0240086485599975,tie,0.0
GSM4138148,11,1,169,0.005917159763313609,0.05917159763313609,0.148253361437136,0.08931715509738744,0.8734551110742803,,,ambiguous,
GSM4138148,12,1,107,0.04672897196261682,0.14953271028037382,-0.010394481178869543,0.15718861660030126,0.9472388843963008,0.935303562563987,0.0119353218323138,tie,0.0354516277946841
GSM4138148,12,2,54,0.018518518518518517,0.18518518518518517,0.11931736192685856,0.10637480503272763,0.9226793120388356,0.969263534838498,-0.0465842227996624,tie,0.0465842227996626
GSM4138148,12,3,15,0.06666666666666667,0.4666666666666667,0.257858237533903,0.07279652584343194,0.9935131467076675,0.96950449814767,0.0240086485599975,tie,0.0
GSM4138148,13,1,107,0.04672897196261682,0.14953271028037382,-0.004939155325037497,0.15471715647217044,0.9472388843963008,0.935303562563987,0.0119353218323138,tie,0.0354516277946841
GSM4138148,13,2,54,0.018518518518518517,0.18518518518518517,0.11204568679423589,0.10790142453251618,0.9226793120388356,0.969263534838498,-0.0465842227996624,tie,0.0465842227996626
GSM4138148,13,3,15,0.06666666666666667,0.4666666666666667,0.24303093373213455,0.07284486899557821,0.9935131467076675,0.96950449814767,0.0240086485599975,tie,0.0
GSM4138148,14,1,106,0.08490566037735849,0.14150943396226415,-0.007430002349112881,0.15284306716683757,0.9539217854207942,0.935303562563987,0.0186182228568072,tie,0.0305492082008334
GSM4138148,14,2,57,0.017543859649122806,0.17543859649122806,0.1150793663977339,0.10475916825018292,0.9143177973338644,0.969263534838498,-0.0549457375046336,less_pure,0.0549457375046337
GSM4138148,15,1,128,0.0234375,0.1796875,0.10111809252720341,0.11485612940329648,0.8716150072058095,,,no_baseline,
GSM4138148,15,2,50,0.02,0.18,0.12704405046493414,0.10892402130084018,0.9138822780712698,0.969263534838498,-0.0553812567672282,less_pure,0.0553812567672283
GSM4138148,16,1,175,0.10285714285714286,0.25142857142857145,0.2967652013245915,0.04556668235880865,0.8491022885876082,,,ambiguous,
GSM4138148,17,1,176,0.10795454545454546,0.2897727272727273,0.6057046659123297,0.013519056848270677,0.84862915163583,,,ambiguous,
GSM4138148,18,1,177,0.05649717514124294,0.22033898305084745,0.4998940287954783,0.012183648598167557,0.8486461862551625,,,ambiguous,
GSM4138148,19,1,52,0.09615384615384616,0.28846153846153844,0.5078373895466228,0.05457849270752134,0.9398720848775444,,,no_baseline,
GSM4138148,19,2,22,0.09090909090909091,0.13636363636363635,0.2829039879812292,0.10439548299214017,0.9849286486561124,,,no_baseline,
GSM4138148,19,3,59,0.0847457627118644,0.3559322033898305,0.5669361866019524,0.0448077890235398,0.8828601378348894,,,ambiguous,
GSM4138148,19,4,51,0.2549019607843137,0.27450980392156865,0.4520633231434097,0.06403514746617343,0.8896403436650279,,,ambiguous,
GSM4138148,20,1,79,0.13924050632911392,0.13924050632911392,-0.014705728599879675,0.15208763096901998,0.9868284210311709,0.935303562563987,0.0515248584671839,purer,0.0
GSM4138148,20,2,59,0.06779661016949153,0.15254237288135594,0.09072101991412736,0.08922127428865814,0.8794938603800935,0.9694416070410732,-0.0899477466609797,less_pure,0.0899477466609796
GSM4138148,20,3,41,0.07317073170731707,0.04878048780487805,-0.013213775872605436,0.13756081891249,0.9683296849104478,0.969263534838498,-0.0009338499280502,tie,0.0009338499280503
GSM4138148,21,1,102,0.08823529411764706,0.28431372549019607,0.1577836366209449,0.08278457998282374,0.856972982615688,0.9694416070410732,-0.1124686244253851,less_pure,
GSM4138148,21,2,76,0.17105263157894737,0.11842105263157894,-0.001935342615369989,0.14440453818054355,0.9813937555481648,0.935303562563987,0.0460901929841778,tie,
GSM4138148,22,1,80,0.15,0.15,-0.008814131722562964,0.14231895819740845,0.9837777485054802,0.935303562563987,0.0484741859414932,tie,
GSM4138148,22,2,57,0.08771929824561403,0.19298245614035087,0.100257601701571,0.09679176616743337,0.8833086954250143,0.9694416070410732,-0.0861329116160588,less_pure,
GSM4138148,22,3,41,0.07317073170731707,0.04878048780487805,-0.009650128281145011,0.13821197115420208,0.9683296849104478,0.969263534838498,-0.0009338499280502,tie,
GSM4138148,23,1,80,0.15,0.15,-0.010128190072215442,0.1432691987328545,0.9837777485054802,0.935303562563987,0.0484741859414932,tie,
GSM4138148,23,2,57,0.08771929824561403,0.17543859649122806,0.09082971418102269,0.09777264897573197,0.8833086954250143,0.9694416070410732,-0.0861329116160588,less_pure,
GSM4138148,23,3,41,0.07317073170731707,0.04878048780487805,-0.008602815700821557,0.13821762486672948,0.9683296849104478,0.969263534838498,-0.0009338499280502,tie,
GSM4138148,24,1,177,0.022598870056497175,0.1864406779661017,0.29982861703795494,0.045883927135608696,0.8487694660039073,0.969263534838498,-0.1204940688345906,less_pure,
GSM4138148,25,2,26,0.2692307692307692,0.23076923076923078,0.3099686792709877,0.07734648506363359,0.960915524953354,0.96950449814767,-0.008588973194316,tie,
GSM4138148,25,3,70,0.18571428571428572,0.42857142857142855,0.4460545275840829,0.06434759265620844,0.8371200886635638,,,ambiguous,
GSM4138148,25,4,71,0.2676056338028169,0.16901408450704225,0.2654141560248319,0.09850268635042214,0.9555741329221022,,,no_baseline,
GSM4138148,25,6,15,0.3333333333333333,0.06666666666666667,0.22727251946916655,0.08400887067463367,0.9674124107284402,,,ambiguous,
GSM4138148,26,1,70,0.17142857142857143,0.34285714285714286,0.11258694889567801,0.0819873409033739,0.8435064120145525,,,ambiguous,
GSM4138148,26,2,73,0.1643835616438356,0.1506849315068493,0.062499069245161985,0.09703483413084742,0.9550780251989822,,,ambiguous,
GSM4138148,26,4,35,0.2571428571428571,0.05714285714285714,0.04457701291402404,0.10885150450256423,0.964214856114364,,,ambiguous,
GSM4138148,27,1,112,0.19642857142857142,0.20535714285714285,0.10381071876965178,0.08194847191074724,0.8545199695120254,,,ambiguous,
GSM4138148,27,3,61,0.26229508196721313,0.13114754098360656,0.06125455048413003,0.09718650949349437,0.9616481210539182,,,ambiguous,
GSM4138148,28,1,178,0.0,0.016853932584269662,0.14770159155844415,0.04537873949155836,0.848786243228475,,,ambiguous,
GSM4138148,29,1,134,0.11194029850746269,0.3208955223880597,0.2045197123550128,0.06514163698264157,0.8446470205190629,,,ambiguous,
GSM4138148,29,2,29,0.06896551724137931,0.27586206896551724,0.18412078106779567,0.05408930629525531,0.9412432843918952,,,ambiguous,
GSM4138148,30,1,169,0.15976331360946747,0.21301775147928995,0.2934264260167866,0.029717351384319954,0.8521602488867244,,,ambiguous,
GSM4138148,31,2,58,0.1724137931034483,0.1206896551724138,0.24217428509857497,0.0497652850645164,0.9656879650300716,,,ambiguous,
GSM4138148,31,3,65,0.12307692307692308,0.3076923076923077,0.3266999790053824,0.04186448387092353,0.8543172680349452,,,ambiguous,
GSM4138148,31,5,51,0.2549019607843137,0.09803921568627451,0.16096220584794815,0.08112576638141286,0.942422150427448,,,ambiguous,
GSM4138148,32,1,186,0.15591397849462366,0.1827956989247312,0.1359811609053624,0.05619881236505179,0.8488234114698443,,,no_baseline,
GSM4138148,33,2,78,0.14102564102564102,0.32051282051282054,0.2017683760572526,0.053830433866834296,0.8426645481789197,,,ambiguous,
GSM4138148,33,3,92,0.22826086956521738,0.18478260869565216,0.14493077858668663,0.07081799917887953,0.9334361562318276,,,no_baseline,
GSM4138148,34,1,132,0.08333333333333333,0.4090909090909091,0.34864230146167513,0.03667794628397303,0.8425423385871764,,,ambiguous,
GSM4138148,34,2,17,0.17647058823529413,0.17647058823529413,0.22387439336957096,0.06744090429686594,0.989321255187336,0.96950449814767,0.019816757039666,tie,
GSM4138148,34,9,20,0.45,0.0,0.08736706396040672,0.12957147826210458,0.9475053477532688,,,ambiguous,
GSM4138148,35,1,147,0.08843537414965986,0.3945578231292517,0.38646952890577235,0.047964827884623897,0.8496153101549062,,,no_baseline,
GSM4138148,35,3,15,0.26666666666666666,0.0,0.2525286239313855,0.06664498534241474,0.990232479568528,,,ambiguous,
GSM4138149,3,2,28,0.14285714285714285,0.21428571428571427,0.9675972819582874,0.10818172005602389,0.8921049657218465,,,ambiguous,
GSM4138149,4,2,28,0.03571428571428571,0.10714285714285714,0.49633437959514887,0.09966723124706578,0.8925847752595351,,,ambiguous,
GSM4138149,5,2,22,0.09090909090909091,0.13636363636363635,0.48310035807614776,0.11039417533405413,0.913724330125635,,,ambiguous,
GSM4138149,6,2,16,0.125,0.1875,0.2816897940303199,0.10152328888410218,0.9431629675052704,,,no_baseline,
GSM4138149,16,1,25,0.0,0.16,0.2594433378126791,0.043015271993764,0.8837849547463279,,,ambiguous,
GSM4138149,17,1,24,0.20833333333333334,0.25,0.38501940770789683,0.058454359095410656,0.9201138462142596,,,ambiguous,
GSM4138149,18,1,25,0.16,0.12,0.37122627858277013,0.03562938575993203,0.8837849547463279,,,ambiguous,
GSM4138149,26,1,18,0.1111111111111111,0.7222222222222222,0.30171472966147683,0.05775214857552302,0.9429360644816812,,,ambiguous,
GSM4138149,28,1,23,0.043478260869565216,0.6086956521739131,0.41679636909679946,0.026958447043755128,0.9080311860750584,,,ambiguous,
GSM4138149,29,1,15,0.2,0.6,0.3421114619650257,0.056826864790240905,0.98088284603621,,,ambiguous,
GSM4138149,32,1,26,0.23076923076923078,0.5384615384615384,0.2732197196906263,0.03887561164857988,0.884129069640535,,,no_baseline,
GSM4138150,3,1,190,0.0,0.005263157894736842,0.37009230825887623,0.06021777268090098,0.897909786957394,,,ambiguous,
GSM4138150,4,1,190,0.0,0.005263157894736842,0.5508167628414784,0.05647497207535639,0.897909786957394,,,ambiguous,
GSM4138150,5,1,190,0.0,0.005263157894736842,0.4264973820550554,0.06267432164923854,0.897909786957394,,,ambiguous,
GSM4138150,6,1,189,0.0,0.010582010582010581,0.3562156137017903,0.06937312500579904,0.9065579601561824,,,ambiguous,
GSM4138150,7,1,188,0.0,0.02127659574468085,0.28312686193161124,0.07554413769907721,0.913776868372756,,,no_baseline,
GSM4138150,8,1,188,0.0,0.02127659574468085,0.24465400158907719,0.07832897523906399,0.913776868372756,,,no_baseline,
GSM4138150,9,1,188,0.0,0.047872340425531915,0.20720183659941346,0.07958496927041497,0.913776868372756,,,no_baseline,
GSM4138150,10,1,127,0.11023622047244094,0.08661417322834646,-0.029932501496988256,0.15030635069700296,0.950117535846074,0.946407681415232,0.0037098544308419,tie,0.0209466854300388
GSM4138150,10,2,61,0.0,0.13114754098360656,0.05910205546807881,0.11206924423274628,0.9398843820277918,0.9785444665693842,-0.0386600845415924,tie,0.0386600845415924
GSM4138150,11,1,189,0.0,0.026455026455026454,0.13495900052465903,0.08272444530005496,0.9065579601561824,,,ambiguous,
GSM4138150,12,1,124,0.10483870967741936,0.07258064516129033,-0.01557093675240238,0.1455006972415259,0.9453497235757008,0.946407681415232,-0.0010579578395312,tie,0.0248581428441002
GSM4138150,12,2,64,0.03125,0.140625,0.03853324004407137,0.1166763543777138,0.929194523924484,0.9785444665693842,-0.0493499426449002,tie,0.0493499426449002
GSM4138150,13,1,124,0.11290322580645161,0.06451612903225806,-0.019388877217244384,0.14772998413064906,0.9531692135789532,0.946407681415232,0.0067615321637212,tie,0.0172035309150979
GSM4138150,13,2,64,0.015625,0.15625,0.03971263799685343,0.11608230624117899,0.924230557247112,0.9785444665693842,-0.0543139093222722,less_pure,0.054313909322272
GSM4138150,14,1,122,0.13114754098360656,0.05737704918032787,-0.02790912066938983,0.1502618771664459,0.9475348639877884,0.946407681415232,0.0011271825725563,tie,0.0282486327071623
GSM4138150,14,2,66,0.015151515151515152,0.15151515151515152,0.05880250966334357,0.10961995967882483,0.925990220151516,0.9785444665693842,-0.0525542464178682,less_pure,0.0525542464178681
GSM4138150,15,1,140,0.05714285714285714,0.07857142857142857,0.043920503688692304,0.1206142194510686,0.9311054897028854,,,no_baseline,
GSM4138150,15,2,50,0.02,0.08,0.04438448740855666,0.10483590836437079,0.933156686964368,0.9785444665693842,-0.0453877796050161,tie,0.0453877796050162
GSM4138150,16,1,189,0.09523809523809523,0.13756613756613756,0.23533275127650696,0.05276643783173708,0.9005636086565314,,,ambiguous,
GSM4138150,17,1,190,0.08421052631578947,0.2631578947368421,0.569827630915217,0.013450275489871221,0.897909786957394,,,ambiguous,
GSM4138150,18,1,190,0.042105263157894736,0.22631578947368422,0.48160804032497356,0.01034669905574333,0.897909786957394,,,ambiguous,
GSM4138150,19,1,54,0.07407407407407407,0.2777777777777778,0.5786879547224674,0.049067260155209375,0.933254606791996,,,no_baseline,
GSM4138150,19,2,17,0.11764705882352941,0.17647058823529413,0.274324943795585,0.08597835696355503,1.0,,,no_baseline,
GSM4138150,19,3,90,0.03333333333333333,0.35555555555555557,0.5473268076889446,0.04514250429378451,0.9431059304893772,,,ambiguous,
GSM4138150,19,4,37,0.0,0.1891891891891892,0.4754296894247407,0.048752086546794055,0.9322942219050698,,,ambiguous,
GSM4138150,20,1,69,0.13043478260869565,0.15942028985507245,0.035128218463646575,0.11845555078593434,0.9708753005372068,0.946407681415232,0.0244676191219748,tie,0.0
GSM4138150,20,2,79,0.22784810126582278,0.13924050632911392,-0.007147659117306969,0.14606557269816317,0.9104178317197876,,,no_baseline,
GSM4138150,20,3,43,0.06976744186046512,0.0,-0.055685962851560224,0.1503242693898043,0.9740456671545704,0.9785444665693842,-0.0044987994148137,tie,0.0039821505411132
GSM4138150,21,1,118,0.11016949152542373,0.19491525423728814,0.08294555223457069,0.11043786535927354,0.9074984660988544,,,no_baseline,
GSM4138150,21,2,71,0.15492957746478872,0.09859154929577464,0.039697800005427865,0.11460597251650174,0.970224173620586,0.946407681415232,0.0238164922053539,tie,
GSM4138150,22,1,72,0.16666666666666666,0.09722222222222222,0.020954762371711184,0.12408580009024599,0.9703165692313958,0.946407681415232,0.0239088878161637,tie,
GSM4138150,22,2,73,0.2191780821917808,0.1506849315068493,0.015778340888104963,0.13849205553808425,0.899937941267147,,,no_baseline,
GSM4138150,22,3,44,0.06818181818181818,0.022727272727272728,-0.04257784094276582,0.14037217140000374,0.9737514870661323,0.9785444665693842,-0.0047929795032518,tie,
GSM4138150,23,1,73,0.1780821917808219,0.1232876712328767,0.016583767602265067,0.12379994237157907,0.970564795373091,0.946407681415232,0.024157113957859,tie,
GSM4138150,23,2,73,0.2054794520547945,0.1232876712328767,0.011366744991477142,0.13804730690692882,0.9205366753667132,,,no_baseline,
GSM4138150,23,3,43,0.06976744186046512,0.023255813953488372,-0.03547790008881827,0.13669951798086358,0.9740456671545704,0.9785444665693842,-0.0044987994148137,tie,
GSM4138150,24,1,189,0.026455026455026454,0.1164021164021164,0.2914209802416155,0.036789011103016994,0.898024798914653,0.9785444665693842,-0.0805196676547311,less_pure,
GSM4138150,25,3,44,0.20454545454545456,0.20454545454545456,0.2975345482406117,0.08525797913618276,0.9077574869771372,,,ambiguous,
GSM4138150,25,4,91,0.14285714285714285,0.15384615384615385,0.30330983962095176,0.08098890719854414,0.9482928606721144,,,no_baseline,
GSM4138150,25,6,48,0.2708333333333333,0.16666666666666666,0.29367932400103075,0.08027216298155747,0.9752702255441816,,,ambiguous,
GSM4138150,26,1,37,0.24324324324324326,0.21621621621621623,0.08159351918605799,0.10290473083185744,0.9115847715748452,,,ambiguous,
GSM4138150,26,2,96,0.15625,0.09375,0.05047158654384945,0.09509284238750504,0.9441688046485892,,,ambiguous,
GSM4138150,26,4,62,0.20967741935483872,0.04838709677419355,0.03184617297479161,0.11057759874032784,0.9555032743909002,,,ambiguous,
GSM4138150,27,1,111,0.08108108108108109,0.18018018018018017,0.10282713754589319,0.06891525563147391,0.8964564638721256,,,ambiguous,
GSM4138150,27,3,77,0.22077922077922077,0.05194805194805195,0.04816126177488921,0.09701874389488985,0.951306471835463,,,ambiguous,
GSM4138150,28,1,190,0.0,0.005263157894736842,0.13687624244509544,0.03750939804999689,0.897909786957394,,,ambiguous,
GSM4138150,29,1,128,0.1328125,0.28125,0.17719449697170314,0.06856939837096271,0.8932735443893663,,,ambiguous,
GSM4138150,29,2,33,0.06060606060606061,0.21212121212121213,0.16872531334755222,0.054579317107123264,0.9669441203729164,,,ambiguous,
GSM4138150,29,3,17,0.17647058823529413,0.11764705882352941,0.04734775007923231,0.10167065035237227,1.0,,,no_baseline,
GSM4138150,30,1,181,0.11049723756906077,0.13812154696132597,0.28709068191889286,0.028157325214857518,0.9079758798328028,,,ambiguous,
GSM4138150,31,1,15,0.13333333333333333,0.06666666666666667,0.2721573097650548,0.061676540365015506,0.986483361435744,,,no_baseline,
GSM4138150,31,2,68,0.17647058823529413,0.17647058823529413,0.2591958465945245,0.05019993012228326,0.9748276806829624,,,ambiguous,
GSM4138150,31,3,70,0.12857142857142856,0.2571428571428571,0.23834947237366155,0.05086468123734918,0.9096296993191272,,,ambiguous,
GSM4138150,31,5,46,0.15217391304347827,0.043478260869565216,0.1446233597419731,0.07295979100856793,0.9335900487357444,,,ambiguous,
GSM4138150,32,1,199,0.09547738693467336,0.1658291457286432,0.13870667666371989,0.048761002517148856,0.8961811886435664,,,no_baseline,
GSM4138150,33,1,17,0.17647058823529413,0.0,0.12535194673314254,0.07201782138602836,1.0,,,ambiguous,
GSM4138150,33,2,101,0.1485148514851485,0.18811881188118812,0.1670204962877393,0.0560373643115652,0.8854514068560927,,,ambiguous,
GSM4138150,33,3,78,0.11538461538461539,0.10256410256410256,0.13981065364704398,0.06562916842275318,0.9373656893472798,,,no_baseline,
GSM4138150,34,1,146,0.08904109589041095,0.2671232876712329,0.304094857204403,0.043741734511589365,0.887633449404236,,,ambiguous,
GSM4138150,34,2,15,0.06666666666666667,0.13333333333333333,0.2263939160990177,0.05558527592542518,0.9773405481284488,,,no_baseline,
GSM4138150,34,9,26,0.38461538461538464,0.0,0.06633158010833819,0.13723777639270632,0.9646799859695312,,,ambiguous,
GSM4138150,35,1,155,0.03225806451612903,0.23225806451612904,0.34217334477229144,0.045752492275812934,0.8918141379480476,,,no_baseline,
GSM4138150,35,2,16,0.0,0.3125,0.3705416758573826,0.03603587676883706,0.9782133558177772,,,ambiguous,
GSM4138150,35,3,17,0.17647058823529413,0.29411764705882354,0.3147921107196573,0.05196552284976692,0.9892352450968226,,,ambiguous,
GSM4138151,3,3,16,0.0,0.0,0.1196382078494221,0.032062210532901335,0.9891966018729946,,,ambiguous,
GSM4138151,4,3,15,0.0,0.0,-0.2286416768333868,0.14720218952791686,0.980639233755004,,,ambiguous,
GSM4138151,5,3,15,0.0,0.0,-0.14261054849376292,0.12408425727837886,0.980639233755004,,,ambiguous,
GSM4138151,6,5,15,0.0,0.0,0.09664049568203842,0.0995349969488927,0.980639233755004,0.980639233755004,0.0,tie,0.0
GSM4138151,7,6,15,0.0,0.0,0.16264196664707184,0.07524423247240235,0.980639233755004,0.980639233755004,0.0,tie,0.0
GSM4138151,8,6,15,0.0,0.0,0.13221281456083783,0.07231005867839083,0.980639233755004,0.980639233755004,0.0,tie,0.0
GSM4138151,9,6,15,0.0,0.0,0.10046900211661763,0.08514337325571239,0.980639233755004,0.980639233755004,0.0,tie,0.0
GSM4138151,10,7,15,0.0,0.0,0.07243240238227683,0.11673897208017422,0.980639233755004,0.980639233755004,0.0,tie,0.0
GSM4138151,11,6,15,0.0,0.0,0.0946852041304649,0.1044672665429983,0.980639233755004,0.980639233755004,0.0,tie,0.0
GSM4138151,12,7,15,0.0,0.0,0.06430638977410212,0.12162921760865278,0.980639233755004,0.980639233755004,0.0,tie,0.0
GSM4138151,13,6,15,0.0,0.0,0.06539667133593477,0.11812819451679997,0.980639233755004,0.980639233755004,0.0,tie,0.0
GSM4138151,14,7,15,0.0,0.0,0.03004771294366844,0.12187554385103593,0.980639233755004,0.980639233755004,0.0,tie,0.0
GSM4138151,15,4,15,0.0,0.0,0.03533589954818599,0.08754223492384723,0.980639233755004,0.980639233755004,0.0,tie,0.0
GSM4138151,16,1,19,0.21052631578947367,0.15789473684210525,0.15836200718627783,0.07741831370424852,0.9728008636809744,,,ambiguous,
GSM4138151,17,1,18,0.2222222222222222,0.3333333333333333,0.6339373681355129,0.014502955346143721,0.971129544509469,,,ambiguous,
GSM4138151,17,2,18,0.0,0.05555555555555555,0.1724269358284728,0.04751029941135292,0.9603088755093212,0.980639233755004,-0.0203303582456827,tie,0.0203303582456828
GSM4138151,18,1,18,0.16666666666666666,0.16666666666666666,0.4687702941533598,0.026359755931344472,0.971129544509469,,,ambiguous,
GSM4138151,19,2,19,0.0,0.10526315789473684,0.15560128887639274,0.09390449166465495,0.9631186668798004,0.980639233755004,-0.0175205668752035,tie,0.0175205668752035
GSM4138151,21,5,15,0.0,0.0,0.04351446764932903,0.11713089383303942,0.980639233755004,0.980639233755004,0.0,tie,
GSM4138151,22,6,15,0.0,0.0,0.053325826004365535,0.11208288763469852,0.980639233755004,0.980639233755004,0.0,tie,
GSM4138151,23,6,15,0.0,0.0,0.049801807379202916,0.11422997601252798,0.980639233755004,0.980639233755004,0.0,tie,
GSM4138151,24,1,20,0.0,0.35,0.44090364833831314,0.03489523663882514,0.9732530846343233,,,no_baseline,
GSM4138151,24,4,15,0.13333333333333333,0.0,0.004255608377332352,0.10907555153855068,0.980639233755004,0.980639233755004,0.0,tie,
GSM4138151,25,3,16,0.1875,0.375,0.35942062616426584,0.07413872593722555,0.9883208049368682,,,ambiguous,
GSM4138151,26,1,16,0.25,0.5,0.15264039777309418,0.09943467250513227,0.9863213404874402,,,ambiguous,
GSM4138151,28,1,20,0.05,0.5,0.28329362049387957,0.020084859985844368,0.9732530846343233,,,ambiguous,
GSM4138151,28,9,15,0.2,0.0,0.0037974101302577206,0.11141686888557899,0.980639233755004,,,ambiguous,
GSM4138151,30,6,21,0.42857142857142855,0.047619047619047616,0.06226269870130897,0.13902268137007398,1.0,,,ambiguous,
GSM4138151,31,5,15,0.06666666666666667,0.0,-0.008431026848528091,0.14564878262839856,0.9669266222405304,,,ambiguous,
GSM4138151,32,1,36,0.05555555555555555,0.08333333333333333,0.11200525460804085,0.07981030436882643,0.959274516187753,0.980639233755004,-0.021364717567251,tie,
GSM4138151,33,2,15,0.2,0.6,0.2575055589922049,0.10808690164473678,0.9771949359846178,,,ambiguous,
GSM4138151,33,3,19,0.10526315789473684,0.15789473684210525,0.07790395369618672,0.1164941512040665,0.9731641747117764,0.980639233755004,-0.0074750590432275,tie,
GSM4138151,34,1,16,0.125,0.4375,0.34122091733432286,0.04094893553663045,1.0,,,ambiguous,
GSM4138151,35,1,25,0.2,0.28,0.1965060940680972,0.10510793366908143,0.9731552107617376,0.980639233755004,-0.0074840229932663,tie,
GSM4138152,3,1,462,0.0021645021645021645,0.012987012987012988,0.5088166366710979,0.05599506551133538,0.8568259520075167,,,ambiguous,
GSM4138152,4,1,461,0.0,0.026030368763557483,0.7827089939685625,0.04773356021510145,0.8615241308228656,,,ambiguous,
GSM4138152,5,1,461,0.0,0.026030368763557483,0.6216259161183971,0.04918488735828565,0.8615241308228656,,,ambiguous,
GSM4138152,6,1,459,0.0,0.02832244008714597,0.5104747894803157,0.052967514204586626,0.8696110470806976,,,ambiguous,
GSM4138152,7,1,447,0.0,0.020134228187919462,0.4118499901783016,0.059598320381443456,0.9018983641004332,0.9520007247267992,-0.0501023606263659,less_pure,0.0501023606263657
GSM4138152,7,2,15,0.06666666666666667,0.4,0.5205693671416133,0.07924755945710787,0.9905377356009476,0.9275689836639188,0.0629687519370287,purer,0.0
GSM4138152,8,1,447,0.0,0.020134228187919462,0.3522061346571383,0.06341253334412414,0.9018983641004332,0.9520007247267992,-0.0501023606263659,less_pure,0.0501023606263657
GSM4138152,8,2,15,0.06666666666666667,0.4,0.4746101477761869,0.07814328352574104,0.9905377356009476,0.9275689836639188,0.0629687519370287,purer,0.0
GSM4138152,9,1,445,0.0,0.029213483146067417,0.3082892661753923,0.06651032216833276,0.9057714060010406,0.9520007247267992,-0.0462293187257586,tie,0.0462293187257585
GSM4138152,9,2,17,0.058823529411764705,0.47058823529411764,0.4189525495575599,0.06858548852479773,0.9871090852553972,0.9275689836639188,0.0595401015914783,purer,0.0
GSM4138152,10,1,303,0.0462046204620462,0.18151815181518152,0.11511362773193044,0.11644619568456545,0.9415305772599164,0.9123151404438744,0.0292154368160419,tie,0.0090167023501056
GSM4138152,10,2,138,0.036231884057971016,0.09420289855072464,0.07601792391886265,0.10727960789910725,0.9234939884514818,0.9413199538988823,-0.0178259654474005,tie,0.0178259654474005
GSM4138152,10,3,20,0.05,0.65,0.44147914789212506,0.07679439537494005,0.9745412407235609,0.9275689836639188,0.046972257059642,tie,0.0
GSM4138152,11,1,449,0.0,0.026726057906458798,0.22235734478301253,0.0631041788854507,0.8950058053173011,,,ambiguous,
GSM4138152,12,1,300,0.043333333333333335,0.19,0.10479258763493463,0.11377194696967569,0.939872404622066,0.9123151404438744,0.0275572641781916,tie,0.0110504704078364
GSM4138152,12,2,142,0.04929577464788732,0.11267605633802817,0.09932003433335028,0.10298423403119653,0.9220154256462136,0.9413199538988823,-0.0193045282526687,tie,0.0193045282526688
GSM4138152,12,3,20,0.05,0.65,0.38305576769809,0.07490745728245028,0.9745412407235609,0.9275689836639188,0.046972257059642,tie,0.0
GSM4138152,13,1,297,0.050505050505050504,0.18181818181818182,0.09450719059128579,0.11592175562427127,0.9410014769400854,0.9123151404438744,0.0286863364962109,tie,0.0093362592764995
GSM4138152,13,2,145,0.04827586206896552,0.12413793103448276,0.09225068487029385,0.10427015308735665,0.9219681967952902,0.9413199538988823,-0.0193517571035921,tie,0.0193517571035921
GSM4138152,13,3,20,0.05,0.65,0.3602723606370642,0.07210763747939004,0.9745412407235609,0.9275689836639188,0.046972257059642,tie,0.0
GSM4138152,14,1,294,0.04081632653061224,0.18027210884353742,0.08701401606303914,0.11321142642124807,0.9419831871496142,0.9123151404438744,0.0296680467057397,tie,0.011040598927354
GSM4138152,14,2,152,0.046052631578947366,0.15789473684210525,0.1255120299974342,0.09309130013993638,0.900026171867411,0.9413199538988823,-0.0412937820314713,tie,0.0412937820314713
GSM4138152,14,3,16,0.0,0.625,0.36306538471795474,0.07896112026726951,0.9836064257281304,0.9275689836639188,0.0560374420642115,purer,0.0
GSM4138152,15,1,338,0.026627218934911243,0.14497041420118342,0.14652158468365473,0.0905626631940241,0.8741767273904651,0.9520007247267992,-0.077823997336334,less_pure,0.0778239973363339
GSM4138152,15,2,124,0.04838709677419355,0.0967741935483871,0.06076886410297177,0.11056434953759539,0.911210898179354,0.9413199538988823,-0.0301090557195283,tie,0.0301090557195283
GSM4138152,16,1,459,0.08278867102396514,0.1895424836601307,0.26899139936493377,0.04624566704790585,0.8566229961551394,,,ambiguous,
GSM4138152,16,2,16,0.0,0.0625,0.052649746345270726,0.13838169920111065,0.992154406195808,,,ambiguous,
GSM4138152,17,1,458,0.0851528384279476,0.37554585152838427,0.6346532214695978,0.010714190018900397,0.8564057272384606,,,ambiguous,
GSM4138152,17,2,17,0.0,0.058823529411764705,0.1537731866706934,0.08089862196647657,0.9921940205963988,0.992154406195808,3.961440059085941e-05,tie,-3.961440059085941e-05
GSM4138152,18,1,459,0.0392156862745098,0.13507625272331156,0.4945768167074015,0.012911419499011182,0.8566229961551394,,,ambiguous,
GSM4138152,18,2,17,0.0,0.17647058823529413,0.13620849228944346,0.12477979816066628,0.9921940205963988,0.992154406195808,3.961440059085941e-05,tie,-3.961440059085941e-05
GSM4138152,19,1,126,0.07936507936507936,0.4126984126984127,0.62469775273638,0.05025363778542113,0.9306328775738212,,,no_baseline,
GSM4138152,19,2,39,0.02564102564102564,0.23076923076923078,0.3897612701140116,0.05914992935071427,0.9516666396360196,0.992154406195808,-0.0404877665597883,tie,0.0404877665597883
GSM4138152,19,3,143,0.07692307692307693,0.46153846153846156,0.6358295208099044,0.045853679093244795,0.9017754069009112,,,ambiguous,
GSM4138152,19,4,158,0.0759493670886076,0.4810126582278481,0.6297797561852351,0.042333554997367864,0.8719779809393212,,,ambiguous,
GSM4138152,20,1,136,0.11029411764705882,0.22058823529411764,0.05340454351503152,0.11701354492813218,0.9804976732413412,0.9123151404438744,0.0681825327974667,purer,0.0
GSM4138152,20,2,217,0.17511520737327188,0.2534562211981567,0.07222747576610618,0.12148799312514158,0.8648840127633586,0.9422903143010684,-0.0774063015377097,less_pure,0.0774063015377098
GSM4138152,20,3,108,0.10185185185185185,0.05555555555555555,-0.026637410461780545,0.15071339381320323,0.9398910887385644,0.9413199538988823,-0.0014288651603179,tie,0.0014288651603179
GSM4138152,21,1,328,0.11280487804878049,0.35365853658536583,0.1568031597288876,0.09101658039836974,0.8551268282492628,0.9422903143010684,-0.0871634860518055,less_pure,
GSM4138152,21,2,133,0.16541353383458646,0.21804511278195488,0.05809678167971093,0.11077710689298118,0.978141396388819,0.9123151404438744,0.0658262559449446,purer,
GSM4138152,22,1,138,0.12318840579710146,0.2391304347826087,0.043920039452182064,0.11603509952907096,0.9801545584314048,0.9123151404438744,0.0678394179875303,purer,
GSM4138152,22,2,215,0.18604651162790697,0.31627906976744186,0.09056922023459668,0.11733669852342977,0.8648208678198199,0.9422903143010684,-0.0774694464812484,less_pure,
GSM4138152,22,3,108,0.1111111111111111,0.09259259259259259,-0.007734518802601019,0.1395651334679309,0.9398910887385644,0.9413199538988823,-0.0014288651603179,tie,
GSM4138152,23,1,138,0.15217391304347827,0.2391304347826087,0.04773806502750447,0.11638368226331328,0.9800533927824148,0.9123151404438744,0.0677382523385403,purer,
GSM4138152,23,2,215,0.18604651162790697,0.31627906976744186,0.08560533546597418,0.11810201818055101,0.8645664591235219,0.9422903143010684,-0.0777238551775464,less_pure,
GSM4138152,23,3,108,0.09259259259259259,0.09259259259259259,-0.008651034413557678,0.139807751903604,0.9398910887385644,0.9413199538988823,-0.0014288651603179,tie,
GSM4138152,24,1,460,0.02608695652173913,0.28043478260869564,0.3585332679046173,0.033121757315402296,0.8561490589467028,0.9413199538988823,-0.0851708949521795,less_pure,
GSM4138152,24,4,15,0.0,0.06666666666666667,0.08142361151975845,0.09643755645804945,0.9775928259929392,0.992154406195808,-0.0145615802028687,tie,
GSM4138152,25,1,38,0.18421052631578946,0.3157894736842105,0.350816291987383,0.0638500363230725,0.9700053204500008,,,ambiguous,
GSM4138152,25,2,46,0.21739130434782608,0.17391304347826086,0.2984599812136185,0.08131365458134512,0.9224127302616753,0.9275689836639188,-0.0051562534022435,tie,
GSM4138152,25,3,63,0.1746031746031746,0.3333333333333333,0.38327875387283383,0.06402395114806152,0.842164565598612,,,ambiguous,
GSM4138152,25,4,257,0.14007782101167315,0.25680933852140075,0.33918643113845637,0.07559051750717288,0.9037530271965792,0.992154406195808,-0.0884013789992287,less_pure,
GSM4138152,25,6,63,0.1746031746031746,0.36507936507936506,0.39320840547766245,0.05942125267507345,0.9560032303100388,,,ambiguous,
GSM4138152,26,1,116,0.16379310344827586,0.21551724137931033,0.08738926218058157,0.09551088251049035,0.8196041867675325,,,ambiguous,
GSM4138152,26,2,125,0.2,0.168,0.0756633520962333,0.09565042181312577,0.944289753382056,,,ambiguous,
GSM4138152,26,4,231,0.18614718614718614,0.19480519480519481,0.072393097485859,0.09251495690532678,0.9064809265843604,,,ambiguous,
GSM4138152,27,1,376,0.15425531914893617,0.3404255319148936,0.13089626317919842,0.06833565885189896,0.8494304539895114,,,ambiguous,
GSM4138152,27,3,86,0.2441860465116279,0.19767441860465115,0.07315008452040722,0.09909913268431178,0.9586895284534064,,,ambiguous,
GSM4138152,28,1,462,0.0021645021645021645,0.030303030303030304,0.16390453095207658,0.04239089446039341,0.8568259520075167,,,ambiguous,
GSM4138152,29,1,357,0.11204481792717087,0.38095238095238093,0.22217413745217182,0.05779890644633737,0.8588755386172926,,,ambiguous,
GSM4138152,29,2,54,0.05555555555555555,0.4074074074074074,0.24703445477469105,0.04659380627194116,0.9474930625668674,,,ambiguous,
GSM4138152,29,3,29,0.3448275862068966,0.10344827586206896,0.09072653927646951,0.08862452368170771,0.9640558364500984,0.9275689836639188,0.0364868527861795,tie,
GSM4138152,29,8,22,0.13636363636363635,0.0,0.0756448224339786,0.08171735724685301,1.0,,,ambiguous,
GSM4138152,30,1,449,0.133630289532294,0.2962138084632517,0.3241689134700771,0.0233662931356626,0.863098517101133,,,ambiguous,
GSM4138152,30,6,16,0.25,0.0625,0.0919979902877821,0.08751217258529834,0.9739221589639572,,,ambiguous,
GSM4138152,31,1,25,0.24,0.08,0.2509292629226961,0.07727870511992094,0.979264209758147,0.9275689836639188,0.0516952260942281,purer,
GSM4138152,31,2,126,0.15873015873015872,0.14285714285714285,0.2525037675701205,0.04825968130593067,0.927060945721204,,,ambiguous,
GSM4138152,31,3,260,0.1423076923076923,0.2692307692307692,0.2811324870783864,0.043806036343095635,0.8475343446656544,,,ambiguous,
GSM4138152,31,5,57,0.15789473684210525,0.12280701754385964,0.20973097889055284,0.07317988904589344,0.9264121323957843,,,ambiguous,
GSM4138152,32,1,472,0.1271186440677966,0.20127118644067796,0.14624318326381489,0.049049006976297965,0.8542814007331436,0.992154406195808,-0.1378730054626643,less_pure,
GSM4138152,33,1,20,0.5,0.05,0.15900810118041625,0.09535530652883725,0.9896741817262468,,,ambiguous,
GSM4138152,33,2,366,0.14207650273224043,0.24863387978142076,0.1899628024554447,0.05419933508848305,0.8523389456025889,,,ambiguous,
GSM4138152,33,3,84,0.32142857142857145,0.16666666666666666,0.12594831258121578,0.10165729285800225,0.9214963279854405,0.992154406195808,-0.0706580782103675,less_pure,
GSM4138152,34,1,401,0.06234413965087282,0.40399002493765584,0.3655426757338128,0.03526814869899887,0.8573709535726864,,,ambiguous,
GSM4138152,34,2,24,0.16666666666666666,0.16666666666666666,0.28756348359693357,0.058617788642348005,0.9818245729460482,0.9275689836639188,0.0542555892821293,purer,
GSM4138152,34,5,27,0.37037037037037035,0.037037037037037035,0.06595972161577411,0.12915394989589069,0.9229551728755684,,,ambiguous,
GSM4138152,34,9,16,0.25,0.0625,0.16291837147837257,0.09059873372339572,0.9840886641955144,,,ambiguous,
GSM4138152,35,1,396,0.07575757575757576,0.43686868686868685,0.4149325525143674,0.042090237435985556,0.8455891417659218,0.992154406195808,-0.1465652644298861,less_pure,
GSM4138152,35,2,22,0.0,0.2727272727272727,0.3547010264656963,0.04598316150959645,1.0,,,ambiguous,
GSM4138152,35,3,45,0.13333333333333333,0.4888888888888889,0.4103455570460054,0.040225061493398405,0.93718462453794,,,ambiguous,
GSM4138153,3,1,24,0.125,0.20833333333333334,0.5887876690011201,0.12740934844126023,0.9607837655747116,,,ambiguous,
GSM4138153,3,2,38,0.07894736842105263,0.2631578947368421,1.5183090012487024,0.06940727120963083,0.8525394418287568,,,ambiguous,
GSM4138153,4,1,19,0.15789473684210525,0.10526315789473684,0.49686957860101333,0.11375920534235581,1.0,,,ambiguous,
GSM4138153,4,2,43,0.11627906976744186,0.13953488372093023,0.9615904413093691,0.06780399775765861,0.7982978552799926,,,ambiguous,
GSM4138153,5,1,19,0.15789473684210525,0.10526315789473684,0.4044024052630987,0.11226524367808476,1.0,,,ambiguous,
GSM4138153,5,2,36,0.1388888888888889,0.2222222222222222,0.8710173860058738,0.0748245538506509,0.7996953545449202,,,ambiguous,
GSM4138153,6,1,20,0.2,0.1,0.4039485921425845,0.10716924204604299,0.970288946387194,,,ambiguous,
GSM4138153,6,2,27,0.07407407407407407,0.3333333333333333,0.5580149125860743,0.09351139338065383,0.8756505205390447,0.9378503541294222,-0.0621998335903775,less_pure,0.0592274568235465
GSM4138153,7,1,19,0.05263157894736842,0.2631578947368421,0.6177715225255965,0.0760137328659615,0.895311369775414,,,no_baseline,
GSM4138153,7,2,24,0.16666666666666666,0.125,0.4427876717842891,0.08694905882393168,0.9253293528897512,0.9378503541294222,-0.012521001239671,tie,0.0223975010643019
GSM4138153,8,1,19,0.05263157894736842,0.3157894736842105,0.5616916286863536,0.0755810186635169,0.895311369775414,,,no_baseline,
GSM4138153,8,2,23,0.21739130434782608,0.17391304347826086,0.3203785701965035,0.10666885180846078,0.922645268527941,0.9378503541294222,-0.0152050856014811,tie,0.009934124685671
GSM4138153,9,1,17,0.058823529411764705,0.29411764705882354,0.35748431969090266,0.0761542367654735,0.9864745868198048,,,no_baseline,
GSM4138153,9,2,23,0.2608695652173913,0.17391304347826086,0.31151098155427714,0.10559527829143589,0.922645268527941,0.9378503541294222,-0.0152050856014811,tie,0.009934124685671
GSM4138153,10,3,23,0.08695652173913043,0.30434782608695654,0.345033064014563,0.08846937467910168,0.922645268527941,0.9378503541294222,-0.0152050856014811,tie,0.009934124685671
GSM4138153,11,1,20,0.05,0.45,0.4632675150274719,0.07246865448124833,0.895959818061408,,,ambiguous,
GSM4138153,11,2,22,0.2727272727272727,0.13636363636363635,0.20609522786703624,0.108889433791451,0.9327103754987808,0.9378503541294222,-0.0051399786306414,tie,0.0113170694044288
GSM4138153,12,3,23,0.08695652173913043,0.30434782608695654,0.30254024960340187,0.08663900429437234,0.922645268527941,0.9378503541294222,-0.0152050856014811,tie,0.009934124685671
GSM4138153,13,3,23,0.043478260869565216,0.2608695652173913,0.25080686912901595,0.08792775700415195,0.922645268527941,0.9378503541294222,-0.0152050856014811,tie,0.009934124685671
GSM4138153,14,3,18,0.05555555555555555,0.5555555555555556,0.364027198553605,0.07079805452088059,0.9459674588534742,0.9378503541294222,0.008117104724052,tie,-0.000779543584748
GSM4138153,15,1,26,0.07692307692307693,0.4230769230769231,0.48576703708201685,0.07223954955973665,0.946125684923842,,,no_baseline,
GSM4138153,16,1,53,0.05660377358490566,0.16981132075471697,0.28114918138193784,0.024196838750370885,0.7569725958310277,,,ambiguous,
GSM4138153,17,1,52,0.07692307692307693,0.40384615384615385,0.6102442756743186,0.010481567804248108,0.7571363845666212,,,ambiguous,
GSM4138153,18,1,53,0.11320754716981132,0.2830188679245283,0.4859367265860495,0.01516404882886846,0.7456886730549799,,,ambiguous,
GSM4138153,19,2,18,0.1111111111111111,0.1111111111111111,0.3389793839330506,0.0829487347676309,0.9638935759851114,,,no_baseline,
GSM4138153,19,4,23,0.17391304347826086,0.13043478260869565,0.30405357415029277,0.06348861652241333,0.9173217540319905,,,ambiguous,
GSM4138153,20,2,24,0.041666666666666664,0.5416666666666666,0.22694276529557708,0.10676605212885949,0.9444222930047868,,,no_baseline,
GSM4138153,21,1,15,0.2,0.4,0.17317215539969885,0.10296123351571256,0.9748447112733116,,,no_baseline,
GSM4138153,24,1,31,0.0967741935483871,0.7096774193548387,0.595410662736152,0.0313006730093351,0.9265211427899612,,,no_baseline,
GSM4138153,24,2,17,0.23529411764705882,0.17647058823529413,0.27198536881916824,0.057909037823433665,0.9446831119199453,,,ambiguous,
GSM4138153,25,2,21,0.09523809523809523,0.5714285714285714,0.6486507145891401,0.061806191907978036,0.910309137145151,0.9378503541294222,-0.0275412169842711,tie,
GSM4138153,25,4,15,0.26666666666666666,0.26666666666666666,0.2530590490504948,0.09069261041074503,0.9760832828068224,,,no_baseline,
GSM4138153,26,1,30,0.13333333333333333,0.4666666666666667,0.20894058668431753,0.07442908628204929,0.864580992300809,,,ambiguous,
GSM4138153,26,4,19,0.10526315789473684,0.21052631578947367,0.12847333503819774,0.08875806454686228,1.0,,,ambiguous,
GSM4138153,27,1,34,0.3235294117647059,0.5,0.16860398680677424,0.09039521570853475,0.8711913042418534,,,ambiguous,
GSM4138153,28,1,50,0.08,0.48,0.3967013568580965,0.02620788809561649,0.8186656431070771,,,ambiguous,
GSM4138153,29,1,31,0.16129032258064516,0.4838709677419355,0.26571119709036173,0.06310810331883475,0.8698834231937371,,,ambiguous,
GSM4138153,30,1,29,0.20689655172413793,0.4482758620689655,0.3814339147338145,0.021604262736865505,0.8991325257840511,,,ambiguous,
GSM4138153,30,6,33,0.3333333333333333,0.030303030303030304,0.0976928179784169,0.10088472560955222,0.785162575102454,,,ambiguous,
GSM4138153,31,3,43,0.13953488372093023,0.4883720930232558,0.40324665792756337,0.05018238123183999,0.7774255053687901,,,ambiguous,
GSM4138153,32,1,64,0.109375,0.21875,0.17651132363757852,0.04467085766274029,0.7529867139718938,,,no_baseline,
GSM4138153,33,2,49,0.12244897959183673,0.5306122448979592,0.26979622775500633,0.06545985367204175,0.8283970893899222,,,ambiguous,
GSM4138153,34,1,40,0.1,0.45,0.40452650948391955,0.050425920242713154,0.7454551793532356,,,ambiguous,
GSM4138153,34,5,17,0.47058823529411764,0.0,0.04824048885874735,0.15712140298146404,1.0,,,ambiguous,
GSM4138153,35,1,33,0.18181818181818182,0.3333333333333333,0.36257499997429193,0.0722227399383527,0.8862172038380409,,,no_baseline,
GSM4138153,35,3,17,0.11764705882352941,0.4117647058823529,0.46302488352806526,0.042045349276550535,0.8710507070707829,,,ambiguous,
GSM4138154,3,1,356,0.0,0.016853932584269662,0.4220950266085939,0.027822119752637757,0.8369290237563645,,,ambiguous,
GSM4138154,4,1,352,0.0,0.014204545454545454,0.8843562308596963,0.028146735077841687,0.8579446319199553,,,ambiguous,
GSM4138154,5,1,352,0.0,0.014204545454545454,0.7111153539875982,0.028874683441155482,0.8579446319199553,,,ambiguous,
GSM4138154,6,1,350,0.0,0.017142857142857144,0.5518145002963141,0.03466441269430758,0.8616792864768621,,,ambiguous,
GSM4138154,7,1,346,0.0,0.014450867052023121,0.44087644526810554,0.044128603002304125,0.8796474224109901,0.943462555263132,-0.0638151328521419,less_pure,0.0638151328521419
GSM4138154,8,1,346,0.0,0.02023121387283237,0.37107405633448826,0.046320945121282396,0.8796474224109901,0.943462555263132,-0.0638151328521419,less_pure,0.0638151328521419
GSM4138154,9,1,345,0.0,0.020289855072463767,0.3187405723625407,0.04965744728948989,0.8828113057778798,0.943462555263132,-0.0606512494852522,less_pure,0.0606512494852522
GSM4138154,10,1,289,0.01730103806228374,0.10380622837370242,0.12448426986899892,0.10122384462490144,0.9049546515737832,0.912084247109798,-0.0071295955360147,tie,0.0413821811143946
GSM4138154,10,2,52,0.09615384615384616,0.07692307692307693,-0.011224233211491725,0.12857548769276153,0.9473208759634056,0.951042806610867,-0.0037219306474614,tie,0.0037219306474615
GSM4138154,10,3,17,0.0,0.5294117647058824,0.3521781789499061,0.08717721205487072,0.9579609715788284,0.8775236679295477,0.0804373036492807,purer,0.0
GSM4138154,11,1,348,0.0,0.020114942528735632,0.23624094730639922,0.0506762128072365,0.8680948189420876,,,ambiguous,
GSM4138154,12,1,289,0.02422145328719723,0.10380622837370242,0.10207254582049283,0.10450309213490838,0.9049546515737832,0.912084247109798,-0.0071295955360147,tie,0.0413821811143946
GSM4138154,12,2,53,0.07547169811320754,0.05660377358490566,0.0221019920957524,0.1167517987348946,0.9465842145751644,0.951042806610867,-0.0044585920357026,tie,0.0044585920357027
GSM4138154,12,3,16,0.0,0.5,0.2756277689662858,0.08926552589178775,0.9333305365115374,0.8775236679295477,0.0558068685819896,purer,0.0
GSM4138154,13,1,289,0.02768166089965398,0.10380622837370242,0.1073482611128578,0.10227756259781508,0.9049546515737832,0.912084247109798,-0.0071295955360147,tie,0.0413821811143946
GSM4138154,13,2,52,0.07692307692307693,0.057692307692307696,0.009840676600050426,0.1195538566466571,0.9473208759634056,0.951042806610867,-0.0037219306474614,tie,0.0037219306474615
GSM4138154,13,3,17,0.0,0.5294117647058824,0.28206327022333394,0.08770659100728644,0.9579609715788284,0.8775236679295477,0.0804373036492807,purer,0.0
GSM4138154,14,1,289,0.031141868512110725,0.10380622837370242,0.09602339081978305,0.10297616383444372,0.9049546515737832,0.912084247109798,-0.0071295955360147,tie,0.0413821811143946
GSM4138154,14,2,52,0.09615384615384616,0.038461538461538464,-0.0002640863321558871,0.12585549204045834,0.9473208759634056,0.951042806610867,-0.0037219306474614,tie,0.0037219306474615
GSM4138154,14,3,17,0.0,0.5294117647058824,0.2987067286671891,0.08381725319596965,0.9579609715788284,0.8775236679295477,0.0804373036492807,purer,0.0
GSM4138154,15,1,310,0.016129032258064516,0.0967741935483871,0.13365082655137514,0.09232635424300566,0.8609049881694982,0.943462555263132,-0.0825575670936338,less_pure,0.0863306583022927
GSM4138154,15,2,48,0.10416666666666667,0.14583333333333334,0.1320022353029616,0.09880628064005009,0.8752982266392462,0.951042806610867,-0.0757445799716208,less_pure,0.0757445799716208
GSM4138154,16,1,358,0.04748603351955307,0.13966480446927373,0.2797176038831278,0.04751739501082197,0.828703408821198,,,ambiguous,
GSM4138154,17,1,358,0.10893854748603352,0.3854748603351955,0.6661170432814902,0.01244665553810584,0.828703408821198,,,ambiguous,
GSM4138154,18,1,358,0.027932960893854747,0.1340782122905028,0.5390202822370329,0.00941540524358597,0.828703408821198,,,ambiguous,
GSM4138154,19,1,193,0.06735751295336788,0.5284974093264249,0.7164418875981413,0.04532436545785335,0.8914204329550883,,,no_baseline,
GSM4138154,19,2,19,0.10526315789473684,0.05263157894736842,0.2569222697033674,0.0833025124098708,0.983382267848775,,,no_baseline,
GSM4138154,19,3,89,0.15730337078651685,0.5730337078651685,0.6735930767332916,0.043176321862641955,0.8412512746907681,,,ambiguous,
GSM4138154,19,4,66,0.06060606060606061,0.5,0.6616056580874417,0.03875469470924069,0.8488084246174009,,,ambiguous,
GSM4138154,20,1,189,0.08994708994708994,0.13756613756613756,0.053696360842465686,0.11286857344348052,0.9743967155278048,0.912084247109798,0.0623124684180068,purer,0.0
GSM4138154,20,2,128,0.1328125,0.234375,0.10446325045473388,0.10867502278818261,0.8590152299657374,0.9300654096595982,-0.0710501796938607,less_pure,0.0710501796938607
GSM4138154,20,3,37,0.13513513513513514,0.10810810810810811,-0.024555474290214686,0.15132453455695402,0.9432574029153667,0.951042806610867,-0.0077854036955002,tie,0.0066559833220651
GSM4138154,21,1,166,0.14457831325301204,0.28313253012048195,0.1528172338499114,0.08855913575145025,0.8550075112964165,0.9300654096595982,-0.0750578983631816,less_pure,
GSM4138154,21,2,188,0.11170212765957446,0.11702127659574468,0.040769035863830794,0.11770690415101046,0.9759346784503607,0.912084247109798,0.0638504313405627,purer,
GSM4138154,22,1,190,0.10526315789473684,0.14736842105263157,0.04375586232016821,0.11540606110736673,0.9749201806958402,0.912084247109798,0.0628359335860422,purer,
GSM4138154,22,2,127,0.2047244094488189,0.29133858267716534,0.10145783137852726,0.10984161401692022,0.8595906663999052,0.9300654096595982,-0.0704747432596929,less_pure,
GSM4138154,22,3,37,0.16216216216216217,0.10810810810810811,-0.024188633021846297,0.15099025212703232,0.9432574029153667,0.951042806610867,-0.0077854036955002,tie,
GSM4138154,23,1,189,0.1111111111111111,0.164021164021164,0.05429271027042359,0.1135644482319208,0.9730607889292482,0.912084247109798,0.0609765418194502,purer,
GSM4138154,23,2,127,0.1968503937007874,0.2992125984251969,0.11556371399731255,0.10953105965818258,0.8585641429920807,0.9300654096595982,-0.0715012666675174,less_pure,
GSM4138154,23,3,38,0.15789473684210525,0.13157894736842105,-0.009877293297181173,0.14611996740877145,0.949784965274012,0.951042806610867,-0.001257841336855,tie,
GSM4138154,24,1,358,0.019553072625698324,0.3659217877094972,0.4273303022044461,0.024832472284696764,0.828703408821198,0.951042806610867,-0.122339397789669,less_pure,
GSM4138154,25,2,24,0.25,0.125,0.2834551308638253,0.08535739090980055,0.8495275587722618,0.8775236679295477,-0.0279961091572858,tie,
GSM4138154,25,3,61,0.21311475409836064,0.4426229508196721,0.45310509387912457,0.07349348908096619,0.7949154387613808,,,ambiguous,
GSM4138154,25,4,203,0.11822660098522167,0.4729064039408867,0.476125060955021,0.06484656153946865,0.9058123862755938,,,no_baseline,
GSM4138154,25,6,65,0.18461538461538463,0.27692307692307694,0.358138270376509,0.07502254470114426,0.9392538532939988,,,ambiguous,
GSM4138154,26,1,126,0.19047619047619047,0.2619047619047619,0.09921799312500829,0.09181280774483482,0.7990133375862523,,,ambiguous,
GSM4138154,26,2,86,0.23255813953488372,0.1511627906976744,0.047663863858248036,0.10837631947524023,0.9221801470144576,,,ambiguous,
GSM4138154,26,4,152,0.17105263157894737,0.24342105263157895,0.08706485825788464,0.08690517670674452,0.9169647989653396,,,ambiguous,
GSM4138154,27,1,313,0.12140575079872204,0.3706070287539936,0.1441283078645714,0.0639357580176098,0.8278335665638402,,,ambiguous,
GSM4138154,27,3,43,0.3488372093023256,0.09302325581395349,0.03784620683774002,0.10852388739510874,0.9699478256876324,,,ambiguous,
GSM4138154,28,1,358,0.0,0.019553072625698324,0.18682542541845976,0.03455298786907507,0.828703408821198,,,ambiguous,
GSM4138154,29,1,248,0.1532258064516129,0.3870967741935484,0.2236142007397784,0.06480604366396724,0.8332378925864914,,,ambiguous,
GSM4138154,29,2,36,0.1111111111111111,0.4444444444444444,0.21819214134922005,0.06021578009955104,0.93848366060253,,,ambiguous,
GSM4138154,29,3,40,0.325,0.2,0.11720918368356277,0.08883886734043617,0.8476398328660761,0.8775236679295477,-0.0298838350634715,tie,
GSM4138154,29,8,32,0.40625,0.09375,0.069570090561669,0.09891592263499824,0.9663754317713332,,,ambiguous,
GSM4138154,30,1,356,0.10393258426966293,0.39325842696629215,0.35668297534193155,0.02312409752115563,0.8353988248827897,,,ambiguous,
GSM4138154,31,1,16,0.25,0.1875,0.26205090219900123,0.05721218366769561,0.986307278089598,0.8775236679295477,0.1087836101600502,purer,
GSM4138154,31,2,187,0.12299465240641712,0.39037433155080214,0.34988485584254386,0.04070053187682431,0.9259563843623464,,,ambiguous,
GSM4138154,31,3,140,0.14285714285714285,0.32857142857142857,0.3389392286769655,0.03966107978419013,0.8012041162854069,,,ambiguous,
GSM4138154,31,5,23,0.17391304347826086,0.043478260869565216,0.09565688331726063,0.1308373679197277,0.9436928219565748,,,ambiguous,
GSM4138154,32,1,367,0.16076294277929154,0.32697547683923706,0.16498588076054282,0.05207287315042444,0.8215770669167088,,,no_baseline,
GSM4138154,33,1,23,0.30434782608695654,0.21739130434782608,0.18588123811907634,0.07398303238579994,0.9834472041643324,,,ambiguous,
GSM4138154,33,2,288,0.1527777777777778,0.3333333333333333,0.22375146283455244,0.05144188509883054,0.8139941804981632,,,ambiguous,
GSM4138154,33,3,54,0.2037037037037037,0.2037037037037037,0.14945793400373833,0.08138536314604385,0.9473365534511062,,,no_baseline,
GSM4138154,34,1,310,0.03870967741935484,0.5548387096774193,0.41650530757098103,0.03150723113216636,0.8176915316587583,,,ambiguous,
GSM4138154,34,2,21,0.09523809523809523,0.38095238095238093,0.40344044434221804,0.036678738184886074,1.0,0.8775236679295477,0.1224763320704522,purer,
GSM4138154,34,5,20,0.4,0.0,0.1476987257776285,0.10198270203328745,0.97381577118727,,,ambiguous,
GSM4138154,34,9,15,0.26666666666666666,0.0,0.019965616973853073,0.1776953970281052,1.0,,,ambiguous,
GSM4138154,35,1,300,0.06,0.5266666666666666,0.45580871812535484,0.040769142095377714,0.812020114051311,,,no_baseline,
GSM4138154,35,2,28,0.14285714285714285,0.39285714285714285,0.3884963546247925,0.0512011671357373,0.972026643063672,,,ambiguous,
GSM4138154,35,3,18,0.2222222222222222,0.2222222222222222,0.366626573948295,0.06468940730493504,0.983083040924882,,,ambiguous,
GSM4138154,35,5,17,0.47058823529411764,0.058823529411764705,0.2055126381491786,0.08734852965811173,0.993368312829919,,,ambiguous,
GSM4138155,3,1,169,0.011834319526627219,0.20118343195266272,0.9930554831551642,0.032147159251550685,0.8075283621817204,,,ambiguous,
GSM4138155,3,2,472,0.038135593220338986,0.08686440677966102,0.7333447739074699,0.09626713184929367,0.5943668478181363,,,ambiguous,
GSM4138155,3,3,56,0.03571428571428571,0.07142857142857142,0.3395024982443447,0.032578623694738205,0.9049545656843128,,,ambiguous,
GSM4138155,4,1,189,0.0582010582010582,0.19047619047619047,1.1608929820331686,0.03599067104235637,0.8074305866859492,,,ambiguous,
GSM4138155,4,2,319,0.07523510971786834,0.12852664576802508,1.045505140299317,0.07051137291133687,0.6704713611675652,,,ambiguous,
GSM4138155,4,3,52,0.0,0.038461538461538464,0.26269617487901725,0.06470294736742069,0.9001000132765705,,,ambiguous,
GSM4138155,4,4,137,0.08029197080291971,0.10948905109489052,0.09973628477668033,0.11650000966407512,0.7258971638847893,,,ambiguous,
GSM4138155,5,1,190,0.05263157894736842,0.2,0.9415036506053462,0.03637534175432479,0.8038673549443942,,,ambiguous,
GSM4138155,5,2,300,0.07666666666666666,0.15666666666666668,0.9084992897445752,0.07253798976247548,0.6596681055935145,,,ambiguous,
GSM4138155,5,3,52,0.0,0.038461538461538464,0.21203232064089209,0.05919118089592452,0.9001000132765705,,,ambiguous,
GSM4138155,5,4,136,0.08823529411764706,0.11029411764705882,0.058727608282472,0.11889057837482815,0.723801876264266,,,ambiguous,
GSM4138155,5,5,19,0.0,0.0,0.25816071480738795,0.05331340010672627,0.9381206978557272,0.9381206978557272,0.0,tie,0.0
GSM4138155,6,1,193,0.06217616580310881,0.19689119170984457,0.7322382160636088,0.04587461410281999,0.8058474096074996,,,ambiguous,
GSM4138155,6,2,186,0.0913978494623656,0.1774193548387097,0.6019830563276657,0.06025564940887962,0.7058781911771544,0.7010983122032448,0.0047798789739096,tie,0.0141158651943342
GSM4138155,6,3,108,0.12037037037037036,0.24074074074074073,0.4992069533576708,0.0824458133294619,0.7139650764146923,0.6299154299118346,0.0840496465028577,purer,0.0093942669992064
GSM4138155,6,4,141,0.0851063829787234,0.15602836879432624,0.11423688075518565,0.11216413948294462,0.7434196239767549,,,ambiguous,
GSM4138155,6,5,50,0.02,0.02,0.20909582298701804,0.09329648304797883,0.904973189507882,0.9062361607604512,-0.0012629712525692,tie,0.0015917362602578
GSM4138155,6,6,19,0.0,0.0,0.2678546772466738,0.048709650912853786,0.9381206978557272,0.9381206978557272,0.0,tie,0.0
GSM4138155,7,1,182,0.06593406593406594,0.2032967032967033,0.6477899842193001,0.04585254292481774,0.8179259614326891,,,no_baseline,
GSM4138155,7,2,169,0.05325443786982249,0.24260355029585798,0.3922022462421933,0.07059002012593396,0.7156339822417607,0.7010983122032448,0.0145356700385158,tie,0.0132422248666156
GSM4138155,7,3,98,0.07142857142857142,0.2653061224489796,0.5189101794554575,0.0727718829975495,0.7283336337238286,0.6299154299118346,0.098418203811994,purer,0.0104181302758608
GSM4138155,7,4,36,0.1111111111111111,0.19444444444444445,0.20402591051214775,0.10438743077645586,0.8847240625256085,,,ambiguous,
GSM4138155,7,5,142,0.11267605633802817,0.176056338028169,0.1309189193858148,0.11022181243647165,0.7511792856748427,,,ambiguous,
GSM4138155,7,6,51,0.0196078431372549,0.0784313725490196,0.27233938471091385,0.08344066684885483,0.9011069531084976,0.9062361607604512,-0.0051292076519535,tie,0.0051292076519535
GSM4138155,7,7,19,0.0,0.0,0.28926251681039916,0.04828690210514977,0.9381206978557272,0.9381206978557272,0.0,tie,0.0
GSM4138155,8,1,184,0.043478260869565216,0.23369565217391305,0.5855954949771656,0.04607697922396817,0.8098973338371273,,,no_baseline,
GSM4138155,8,2,169,0.03550295857988166,0.27218934911242604,0.4002345140345697,0.0689073332931034,0.7308629917052845,0.7010983122032448,0.0297646795020396,tie,0.004961036819558
GSM4138155,8,3,30,0.06666666666666667,0.16666666666666666,0.17820017345682088,0.09728775361990465,0.9129001310080412,0.6299154299118346,0.2829847010962066,purer,0.0154095971997012
GSM4138155,8,4,38,0.13157894736842105,0.18421052631578946,0.16714523377954107,0.11311865841174928,0.8881655853528152,,,ambiguous,
GSM4138155,8,5,139,0.11510791366906475,0.18705035971223022,0.09440264533387589,0.11080296671313575,0.7403534637232381,,,ambiguous,
GSM4138155,8,6,51,0.0196078431372549,0.0784313725490196,0.23665715374095866,0.07965141558534461,0.9011069531084976,0.9062361607604512,-0.0051292076519535,tie,0.0051292076519535
GSM4138155,8,7,67,0.08955223880597014,0.3283582089552239,0.3730199061631817,0.09223019025250526,0.7438834925554043,0.6299154299118346,0.1139680626435697,purer,0.0
GSM4138155,8,8,19,0.0,0.0,0.28895199978889885,0.0510701847146387,0.9381206978557272,0.9381206978557272,0.0,tie,0.0
GSM4138155,9,1,175,0.045714285714285714,0.24,0.5238911362170202,0.04593303033010311,0.8234124432991177,,,no_baseline,
GSM4138155,9,2,172,0.040697674418604654,0.313953488372093,0.40897750301728025,0.06607364044533286,0.7216967425028984,0.7010983122032448,0.0205984302996535,tie,0.0163381472211368
GSM4138155,9,3,28,0.07142857142857142,0.21428571428571427,0.1469559472227297,0.09718569318240745,0.9395178704164566,0.6299154299118346,0.309602440504622,purer,0.0117832755722541
GSM4138155,9,4,20,0.1,0.25,0.2579054448346761,0.11031256165262433,0.9440258540886044,,,ambiguous,
GSM4138155,9,5,137,0.10218978102189781,0.1897810218978102,0.08571316003930485,0.10994335149252829,0.7401880464231294,,,ambiguous,
GSM4138155,9,6,51,0.0,0.09803921568627451,0.21643790622773915,0.07559405251140469,0.9011069531084976,0.9062361607604512,-0.0051292076519535,tie,0.0051292076519535
GSM4138155,9,7,70,0.08571428571428572,0.3142857142857143,0.340971585202094,0.09475384141057529,0.7516000281830764,0.6299154299118346,0.1216845982712417,purer,0.0
GSM4138155,9,8,25,0.08,0.28,0.14048803233079263,0.10282207665908173,0.9095891198160622,0.7010983122032448,0.2084908076128173,purer,0.0
GSM4138155,9,9,19,0.0,0.0,0.30715064891716254,0.04966347194396949,0.9381206978557272,0.9381206978557272,0.0,tie,0.0
GSM4138155,10,1,154,0.025974025974025976,0.34415584415584416,0.38075708835524297,0.0649837268519404,0.8449901466004469,0.8176768242132156,0.0273133223872312,tie,0.0273338712187188
GSM4138155,10,10,19,0.0,0.10526315789473684,0.283159501462568,0.052546824565193884,0.9381206978557272,0.9381206978557272,0.0,tie,0.0
GSM4138155,10,2,16,0.125,0.3125,0.16386251126456633,0.13902240053181303,0.9792580468538428,,,no_baseline,
GSM4138155,10,3,175,0.011428571428571429,0.4514285714285714,0.39467821374482986,0.06855154253833325,0.7274080823742917,0.7010983122032448,0.0263097701710468,tie,0.0109562379895672
GSM4138155,10,4,28,0.0,0.35714285714285715,0.19735232788346724,0.08790717409971573,0.9395178704164566,0.6299154299118346,0.309602440504622,purer,0.0117832755722541
GSM4138155,10,5,138,0.036231884057971016,0.2608695652173913,0.10345249115327357,0.1132853764009269,0.7288368957381659,,,ambiguous,
GSM4138155,10,6,20,0.1,0.5,0.3087473635034915,0.10051387219353185,0.9460654341862,,,ambiguous,
GSM4138155,10,7,51,0.0,0.09803921568627451,0.23506121748154196,0.06781678035180612,0.9011069531084976,0.9062361607604512,-0.0051292076519535,tie,0.0051292076519535
GSM4138155,10,8,71,0.0,0.5070422535211268,0.34825638901165334,0.09038290262805924,0.7536387235058393,0.6299154299118346,0.1237232935940046,purer,0.0
GSM4138155,10,9,25,0.04,0.28,0.16485257130988842,0.09344637249682211,0.9095891198160622,0.7010983122032448,0.2084908076128173,purer,0.0
GSM4138155,11,1,188,0.05319148936170213,0.28191489361702127,0.43195867210832933,0.04998087254935035,0.8173015597356368,,,ambiguous,
GSM4138155,11,10,19,0.0,0.05263157894736842,0.22774978703427104,0.05130651303104622,0.9381206978557272,0.9381206978557272,0.0,tie,0.0
GSM4138155,11,2,167,0.0658682634730539,0.3652694610778443,0.35148894468506586,0.07016334837269586,0.7214206096065487,0.7010983122032448,0.0203222974033039,tie,0.0157707966909599
GSM4138155,11,3,26,0.038461538461538464,0.2692307692307692,0.12448580945103595,0.09255446841436275,0.927332394803538,0.6299154299118346,0.2974169648917034,purer,-0.0007457426282871
GSM4138155,11,4,129,0.12403100775193798,0.20155038759689922,0.09661797411865009,0.10174226919576798,0.7511292212984091,,,ambiguous,
GSM4138155,11,5,20,0.2,0.35,0.27228984902828085,0.1009182122443671,0.963393454371854,,,ambiguous,
GSM4138155,11,6,51,0.0,0.09803921568627451,0.20473338375651984,0.0709064938746045,0.9011069531084976,0.9062361607604512,-0.0051292076519535,tie,0.0051292076519535
GSM4138155,11,7,69,0.10144927536231885,0.4057971014492754,0.30725558447540696,0.09268998144475545,0.7365508003819239,0.6299154299118346,0.1066353704700893,purer,0.0
GSM4138155,11,9,24,0.041666666666666664,0.2916666666666667,0.15750252167514536,0.08600838041355792,0.9291414544626152,0.7010983122032448,0.2280431422593704,purer,0.0
GSM4138155,12,1,159,0.025157232704402517,0.3710691823899371,0.3355314850361194,0.06791076830119683,0.8392213139754352,0.8176768242132156,0.0215444897622195,tie,0.0325416769166345
GSM4138155,12,10,23,0.043478260869565216,0.30434782608695654,0.12563581094602272,0.08946859559703835,0.9283079458378964,0.7010983122032448,0.2272096336346516,purer,0.0
GSM4138155,12,11,19,0.0,0.05263157894736842,0.21535187091013286,0.050914952461938605,0.9381206978557272,0.9381206978557272,0.0,tie,0.0
GSM4138155,12,3,176,0.011363636363636364,0.45454545454545453,0.3411730681334662,0.07075762016932897,0.7332891326839841,0.7010983122032448,0.0321908204807392,tie,0.0015684496013742
GSM4138155,12,4,28,0.0,0.32142857142857145,0.149503155967626,0.0884773735281205,0.9121517566245124,0.6299154299118346,0.2822363267126778,purer,0.0156775026139757
GSM4138155,12,5,21,0.09523809523809523,0.5238095238095238,0.2544447743374927,0.10261937733649719,0.945883456323077,,,ambiguous,
GSM4138155,12,6,132,0.030303030303030304,0.24242424242424243,0.10863931055684732,0.1049655628123838,0.7372703557647856,,,ambiguous,
GSM4138155,12,7,51,0.0,0.13725490196078433,0.20533899313561865,0.06598710465733786,0.9011069531084976,0.9062361607604512,-0.0051292076519535,tie,0.0051292076519535
GSM4138155,12,8,70,0.0,0.5,0.30172542948205266,0.08872678051643401,0.7386207611638049,0.6299154299118346,0.1087053312519703,purer,0.0
GSM4138155,13,1,164,0.024390243902439025,0.38414634146341464,0.3382336945142829,0.06528973005536996,0.8369994000149978,0.8176768242132156,0.0193225758017822,tie,0.0178768380779383
GSM4138155,13,10,23,0.043478260869565216,0.30434782608695654,0.13027335199615403,0.08410910313092503,0.9283079458378964,0.7010983122032448,0.2272096336346516,purer,0.0
GSM4138155,13,11,19,0.0,0.05263157894736842,0.21222711837168856,0.05092858861259106,0.9381206978557272,0.9381206978557272,0.0,tie,0.0
GSM4138155,13,2,15,0.13333333333333333,0.3333333333333333,0.12975528533298422,0.13367346999938784,1.0,,,no_baseline,
GSM4138155,13,3,190,0.005263157894736842,0.47368421052631576,0.34376049382729523,0.06930916951028673,0.7089471511192971,0.7010983122032448,0.0078488389160522,tie,0.0260700870055813
GSM4138155,13,4,28,0.0,0.32142857142857145,0.14613159270707804,0.08840095701882714,0.9121517566245124,0.6299154299118346,0.2822363267126778,purer,0.0156775026139757
GSM4138155,13,5,19,0.10526315789473684,0.47368421052631576,0.23351071889836952,0.1064966316405717,0.9624772457469352,,,ambiguous,
GSM4138155,13,6,51,0.0,0.11764705882352941,0.20083529740395592,0.06347297563524651,0.9011069531084976,0.9062361607604512,-0.0051292076519535,tie,0.0051292076519535
GSM4138155,13,7,114,0.043859649122807015,0.2807017543859649,0.11669433924891386,0.10428812642817793,0.7691099832874531,,,ambiguous,
GSM4138155,13,8,70,0.0,0.4857142857142857,0.2717931935564672,0.0861525125853598,0.7461020515003864,0.6299154299118346,0.1161866215885518,purer,0.0
GSM4138155,14,1,159,0.025157232704402517,0.4088050314465409,0.3384075536418041,0.06275340017137186,0.8385972494118595,0.8176768242132156,0.0209204251986439,tie,0.0161446712434825
GSM4138155,14,11,25,0.04,0.36,0.1603104599204478,0.07226810309727483,0.9292796927170468,0.7010983122032448,0.228181380513802,purer,0.0
GSM4138155,14,12,20,0.0,0.05,0.17615712286107615,0.051966832363943984,0.9252378509283148,0.9381206978557272,-0.0128828469274123,tie,0.0128828469274124
GSM4138155,14,2,16,0.0625,0.3125,0.22048951446453388,0.11302558676698801,0.962374094291284,,,no_baseline,
GSM4138155,14,3,162,0.006172839506172839,0.48148148148148145,0.3287304849057855,0.06751511185094307,0.7209680474448036,0.7010983122032448,0.0198697352415587,tie,0.0120067252282707
GSM4138155,14,4,28,0.0,0.35714285714285715,0.15879437264342958,0.09012735960767582,0.9134275492763824,0.6299154299118346,0.2835121193645478,purer,0.0156214083703697
GSM4138155,14,5,18,0.0,0.5,0.32476238529730406,0.0812101091288834,0.9632672001752302,,,ambiguous,
GSM4138155,14,6,19,0.15789473684210525,0.5263157894736842,0.23796330947550687,0.10657232715390208,0.9624772457469352,,,ambiguous,
GSM4138155,14,7,52,0.0,0.17307692307692307,0.17316804412244624,0.060705291949437176,0.9001000132765705,0.9062361607604512,-0.0061361474838806,tie,0.0061361474838806
GSM4138155,14,8,79,0.0,0.5316455696202531,0.2875350459944997,0.08229007506741146,0.7521556817144357,0.6299154299118346,0.1222402518026011,purer,-0.000481148667463
GSM4138155,14,9,114,0.043859649122807015,0.2982456140350877,0.11546127798381893,0.1065736216028986,0.7708925363303871,,,ambiguous,
GSM4138155,15,1,240,0.025,0.43333333333333335,0.3846005862275073,0.07017247410997106,0.7224381299526448,,,no_baseline,
GSM4138155,15,10,19,0.0,0.0,0.16001205215897538,0.06438222363937067,0.9381206978557272,0.9381206978557272,0.0,tie,0.0
GSM4138155,15,11,43,0.13953488372093023,0.09302325581395349,-0.12517286960263996,0.21721851482038887,0.8312288848240115,,,ambiguous,
GSM4138155,15,2,60,0.03333333333333333,0.8,0.8387251986014179,0.046484154802338654,0.8472247198450092,,,no_baseline,
GSM4138155,15,3,73,0.0136986301369863,0.6575342465753424,0.5575847796924865,0.06986137133028164,0.7804736479438831,,,ambiguous,
GSM4138155,15,4,41,0.07317073170731707,0.12195121951219512,0.09374756118177907,0.12454338828398526,0.924425136031742,0.9062361607604512,0.0181889752712908,tie,0.0064150830361902
GSM4138155,15,5,88,0.07954545454545454,0.4772727272727273,0.26308981914328783,0.08074855806402874,0.7913873345729519,,,ambiguous,
GSM4138155,15,7,60,0.18333333333333332,0.4166666666666667,0.3015198897406782,0.1136934894920314,0.6938549991487055,0.6299154299118346,0.0639395692368709,purer,0.1172900920895921
GSM4138155,15,9,50,0.06,0.44,0.41564198319944934,0.07680936854406824,0.8464434634915676,0.7010983122032448,0.1453451512883228,purer,0.0
GSM4138155,16,1,615,0.04227642276422764,0.1073170731707317,0.2979986656791561,0.04087803118836173,0.6007794980005285,,,ambiguous,
GSM4138155,16,2,20,0.15,0.05,-0.03600671276153185,0.16159195537425022,0.952380211724708,,,ambiguous,
GSM4138155,16,4,25,0.08,0.08,0.08225152785659126,0.08174254603783793,0.9384154121816364,,,ambiguous,
GSM4138155,16,5,16,0.1875,0.0,0.07553736168912291,0.13688201140574016,0.9491554127543788,0.9381206978557272,0.0110347148986515,tie,0.0
GSM4138155,16,9,15,0.2,0.0,-0.0696779367341289,0.15888185194895196,0.971250174174332,,,ambiguous,
GSM4138155,17,1,607,0.08237232289950576,0.3228995057660626,0.5831088273811214,0.01748643401971977,0.602115724827359,,,ambiguous,
GSM4138155,17,2,45,0.17777777777777778,0.06666666666666667,0.22304114580854448,0.10644749545026495,0.9313119615696804,0.9062361607604512,0.0250758008092292,tie,0.0086503584427701
GSM4138155,17,4,16,0.125,0.0,0.06338658558370945,0.12807160801083695,0.9491554127543788,0.9381206978557272,0.0110347148986515,tie,0.0
GSM4138155,17,9,17,0.5882352941176471,0.0,-0.0646313384400056,0.21502817605210994,0.9485427231163496,,,ambiguous,
GSM4138155,18,1,601,0.03494176372712146,0.11980033277870217,0.45080706106990787,0.019633269440648173,0.5964071851838298,,,ambiguous,
GSM4138155,18,2,19,0.10526315789473684,0.10526315789473684,0.15579878057450186,0.14507140620338968,0.956730351995526,0.9062361607604512,0.0504941912350748,purer,
GSM4138155,18,3,15,0.2,0.0,0.057871896513621915,0.11672397006758868,0.9689663485453668,0.9381206978557272,0.0308456506896396,tie,0.0
GSM4138155,18,5,32,0.3125,0.03125,-0.08145580596945236,0.23880605110007444,0.9280400344403574,,,ambiguous,
GSM4138155,18,6,15,0.0,0.0,-0.02428459577704583,0.14026135169067297,0.9664644543990648,,,ambiguous,
GSM4138155,19,1,159,0.16981132075471697,0.3018867924528302,0.4765977797504895,0.06072618672415391,0.6688493240861897,0.8539118148935525,-0.1850624908073628,less_pure,0.2098071962450386
GSM4138155,19,10,18,0.1111111111111111,0.0,0.0012665915222273992,0.1494363433211262,0.9484026808588524,0.9381206978557272,0.0102819830031252,tie,0.0
GSM4138155,19,2,74,0.05405405405405406,0.17567567567567569,0.2759086651248298,0.0791244218810596,0.8288724130441609,0.9062361607604512,-0.0773637477162902,less_pure,0.0773637477162902
GSM4138155,19,3,72,0.16666666666666666,0.5416666666666666,0.6393740254452271,0.05117013416010768,0.7691013848520127,,,ambiguous,
GSM4138155,19,4,122,0.21311475409836064,0.39344262295081966,0.5014799002070028,0.05893415585775667,0.7393146712723861,,,ambiguous,
GSM4138155,19,5,27,0.18518518518518517,0.2962962962962963,0.4339128233151732,0.06991019328387654,0.957828264566372,0.7010983122032448,0.2567299523631272,purer,0.0
GSM4138155,19,7,186,0.17204301075268819,0.1989247311827957,0.2649804568563489,0.08574246956136637,0.709765635241038,,,ambiguous,
GSM4138155,19,8,24,0.16666666666666666,0.08333333333333333,0.07799720560301567,0.15347950611726116,0.9247184697049348,0.7010983122032448,0.2236201575016899,purer,0.0
GSM4138155,20,1,128,0.0625,0.4140625,0.20036666293413657,0.08345536808159747,0.8786129276955227,0.8176768242132156,0.060936103482307,purer,0.0061754030780837
GSM4138155,20,11,39,0.02564102564102564,0.5641025641025641,0.2698079635763181,0.062219252482099544,0.8628185273664342,0.7010983122032448,0.1617202151631893,purer,0.0
GSM4138155,20,13,19,0.0,0.05263157894736842,0.12058438108784526,0.05037786416368645,0.9381206978557272,0.9381206978557272,0.0,tie,0.0
GSM4138155,20,2,113,0.02654867256637168,0.7345132743362832,0.3657345186175751,0.07395841705623664,0.7374099386539492,0.931747816210726,-0.1943378775567767,less_pure,0.2157562172102266
GSM4138155,20,4,51,0.0196078431372549,0.6274509803921569,0.2598516765540645,0.0810165478003167,0.833854176998833,0.6299154299118346,0.2039387470869984,purer,0.0694134242174687
GSM4138155,20,5,145,0.034482758620689655,0.4068965517241379,0.16488038359117188,0.09310277875699444,0.7562312517988034,,,ambiguous,
GSM4138155,20,6,20,0.05,0.65,0.35023322894260334,0.07236957927830455,0.8763656510162336,,,ambiguous,
GSM4138155,20,7,46,0.043478260869565216,0.5652173913043478,0.4066467345661407,0.07079514593887096,0.8468860458523446,0.7010983122032448,0.1457877336490998,purer,0.0
GSM4138155,20,8,52,0.07692307692307693,0.1346153846153846,-0.006370115258556798,0.1608268946212012,0.8982593382573131,,,ambiguous,
GSM4138155,20,9,64,0.015625,0.59375,0.27112283843722274,0.07981924249184275,0.784948900100905,0.6299154299118346,0.1550334701890704,purer,0.0057663823806279
GSM4138155,21,1,60,0.05,0.7166666666666667,0.3473670217055343,0.06400941085451492,0.8786937733298521,0.931747816210726,-0.0530540428808739,less_pure,
GSM4138155,21,12,132,0.07575757575757576,0.2878787878787879,0.19987106256164489,0.09564781271641988,0.7188768929315286,,,ambiguous,
GSM4138155,21,13,24,0.041666666666666664,0.3333333333333333,0.1270145375950394,0.06563036306120117,0.9300899948997904,0.7010983122032448,0.2289916826965455,purer,
GSM4138155,21,16,20,0.0,0.0,0.09457371883320279,0.05846754370369208,0.9252378509283148,0.9381206978557272,-0.0128828469274123,tie,
GSM4138155,21,2,130,0.06923076923076923,0.36923076923076925,0.2324404472082033,0.07263549760402266,0.8835326082875876,0.8176768242132156,0.0658557840743719,purer,
GSM4138155,21,3,33,0.0,0.36363636363636365,0.16544558046137714,0.0956820363866638,0.8990460344868179,0.6299154299118346,0.2691306045749833,purer,
GSM4138155,21,4,20,0.0,0.6,0.3117378587357821,0.07611890667026791,0.932010241785448,,,ambiguous,
GSM4138155,21,5,52,0.0,0.11538461538461539,0.13827589383924174,0.07146200776428671,0.9001000132765705,0.9062361607604512,-0.0061361474838806,tie,
GSM4138155,21,6,131,0.05343511450381679,0.32061068702290074,0.13143399091649963,0.0958877391579642,0.7525791190698576,,,ambiguous,
GSM4138155,21,8,53,0.018867924528301886,0.41509433962264153,0.18313980796145493,0.08675806266767556,0.8064783223682771,0.6299154299118346,0.1765628924564425,purer,
GSM4138155,22,1,129,0.05426356589147287,0.4496124031007752,0.22182562472126052,0.07353803655191787,0.902542371455552,0.8176768242132156,0.0848655472423364,purer,
GSM4138155,22,13,15,0.0,0.4666666666666667,0.23371383233491347,0.08768610987937225,0.8984164661950209,,,ambiguous,
GSM4138155,22,14,132,0.06818181818181818,0.44696969696969696,0.2114320895966408,0.09415241817368304,0.7124725002344525,,,ambiguous,
GSM4138155,22,15,24,0.041666666666666664,0.4166666666666667,0.1166436435988439,0.06851958275612134,0.9300899948997904,0.7010983122032448,0.2289916826965455,purer,
GSM4138155,22,16,20,0.0,0.05,0.08629499285259142,0.06854478438652639,0.9252378509283148,0.9381206978557272,-0.0128828469274123,tie,
GSM4138155,22,2,52,0.0,0.8076923076923077,0.3649580748668659,0.06172579589192785,0.8694692670166453,0.931747816210726,-0.0622785491940807,less_pure,
GSM4138155,22,4,33,0.0,0.42424242424242425,0.16812040797256708,0.09357083872768053,0.8990460344868179,0.6299154299118346,0.2691306045749833,purer,
GSM4138155,22,5,18,0.0,0.6666666666666666,0.311546630505134,0.07351818520794444,0.926206611119569,,,ambiguous,
GSM4138155,22,6,52,0.0,0.1346153846153846,0.13213399709134127,0.06796813272690368,0.9001000132765705,0.9062361607604512,-0.0061361474838806,tie,
GSM4138155,22,7,129,0.03875968992248062,0.3875968992248062,0.11448869805466355,0.09739826579307466,0.7525110511536623,,,ambiguous,
GSM4138155,22,8,56,0.017857142857142856,0.5178571428571429,0.17850225848141893,0.08770581199725518,0.7990651010880725,0.6299154299118346,0.1691496711762379,purer,
GSM4138155,23,1,104,0.07692307692307693,0.3942307692307692,0.16750690740810115,0.0804647284072891,0.8998863930542909,0.8176768242132156,0.0822095688410752,purer,
GSM4138155,23,11,47,0.02127659574468085,0.5319148936170213,0.1570104421885812,0.09013134743760295,0.7923624610659677,0.6299154299118346,0.1624470311541331,purer,
GSM4138155,23,13,134,0.06716417910447761,0.47761194029850745,0.21671744373132873,0.0906944680176345,0.7070076406564263,,,ambiguous,
GSM4138155,23,15,24,0.041666666666666664,0.4166666666666667,0.11332114328169995,0.0700740591592092,0.9300899948997904,0.7010983122032448,0.2289916826965455,purer,
GSM4138155,23,16,51,0.0784313725490196,0.4117647058823529,0.1166849499205765,0.10065854762065862,0.8379448339130693,0.6299154299118346,0.2080294040012347,purer,
GSM4138155,23,17,19,0.0,0.05263157894736842,0.08215828743312277,0.0714980271270713,0.9381206978557272,0.9381206978557272,0.0,tie,
GSM4138155,23,2,49,0.0,0.8571428571428571,0.3357887194022097,0.062470355613472806,0.8671891528119045,0.931747816210726,-0.0645586633988215,less_pure,
GSM4138155,23,4,33,0.0,0.42424242424242425,0.13496490482081713,0.09280502165115881,0.9162999766873804,0.6299154299118346,0.2863845467755458,purer,
GSM4138155,23,6,52,0.0,0.15384615384615385,0.13205962774918673,0.0674126734820957,0.9001000132765705,0.9062361607604512,-0.0061361474838806,tie,
GSM4138155,23,7,119,0.07563025210084033,0.42857142857142855,0.14710657927318077,0.09935055909160863,0.7779608041041611,,,ambiguous,
GSM4138155,23,9,16,0.0,0.5,0.31039385607020964,0.08152089223970341,0.8818822233096262,,,ambiguous,
GSM4138155,24,1,332,0.06325301204819277,0.6475903614457831,0.6054709448218998,0.026757769158686863,0.6377065939372841,,,no_baseline,
GSM4138155,24,10,21,0.09523809523809523,0.0,0.14412589388411562,0.04888049186769388,0.9189277696922749,,,ambiguous,
GSM4138155,24,2,204,0.1715686274509804,0.4166666666666667,0.4459075795027287,0.046073384278582805,0.6190083813904468,,,ambiguous,
GSM4138155,24,3,19,0.21052631578947367,0.5263157894736842,0.4679157112139221,0.03936463193932036,0.9368549333419304,,,ambiguous,
GSM4138155,24,4,45,0.3333333333333333,0.0,0.0027941606920309256,0.12395190049459695,0.9073759210517618,0.9062361607604512,0.0011397602913105,tie,
GSM4138155,24,8,44,0.22727272727272727,0.3181818181818182,0.4000533874193145,0.05399310949253968,0.8353278476099586,0.7010983122032448,0.1342295354067137,purer,
GSM4138155,25,1,46,0.043478260869565216,0.5869565217391305,0.5719627204657142,0.03237978803875034,0.8753667649756272,,,ambiguous,
GSM4138155,25,14,32,0.28125,0.0,0.03913242186958462,0.15119272621832708,0.9289652733788694,,,ambiguous,
GSM4138155,25,2,196,0.02040816326530612,0.6173469387755102,0.6319435925003615,0.03299037404439314,0.7130750762067832,0.7010983122032448,0.0119767640035384,tie,
GSM4138155,25,3,143,0.04895104895104895,0.7062937062937062,0.7016753483311323,0.04110415559567381,0.6797971928560078,,,ambiguous,
GSM4138155,25,4,38,0.18421052631578946,0.3157894736842105,0.3739933770501135,0.08146276209038449,0.936653089209068,0.9062361607604512,0.0304169284486167,tie,
GSM4138155,25,5,194,0.05154639175257732,0.3556701030927835,0.4059268580113681,0.058703903047493684,0.6836572739889144,0.7946287795248808,-0.1109715055359663,less_pure,
GSM4138155,25,6,15,0.5333333333333333,0.0,-0.006199728671766313,0.21404589177178604,0.9719757423190628,,,ambiguous,
GSM4138155,25,7,20,0.05,0.0,0.06901233015890998,0.053186574804075425,0.9252378509283148,0.9381206978557272,-0.0128828469274123,tie,
GSM4138155,26,1,447,0.06487695749440715,0.5883668903803132,0.2536639287358356,0.05203984785518367,0.62568516684147,,,ambiguous,
GSM4138155,26,16,47,0.1276595744680851,0.46808510638297873,0.143359838494805,0.07499218152638684,0.8015892336347901,,,ambiguous,
GSM4138155,26,18,36,0.19444444444444445,0.1111111111111111,0.0623151490360804,0.08296108920986114,0.8828496381479034,,,ambiguous,
GSM4138155,26,2,25,0.08,0.28,0.07003534962137474,0.1016455332529168,0.9218860440220356,,,ambiguous,
GSM4138155,26,4,86,0.16279069767441862,0.3372093023255814,0.12715769022211504,0.07893024757517236,0.7757894047725897,,,ambiguous,
GSM4138155,26,5,22,0.18181818181818182,0.0,8.257307861144304e-05,0.11584545639236955,0.9317418113969242,0.9381206978557272,-0.0063788864588029,tie,
GSM4138155,27,1,327,0.11926605504587157,0.5015290519877675,0.20285715010734323,0.06129637703582863,0.6423238758512585,,,ambiguous,
GSM4138155,27,13,53,0.1509433962264151,0.3584905660377358,0.12660542398035998,0.08364906555607735,0.7774570468684951,,,ambiguous,
GSM4138155,27,16,44,0.3181818181818182,0.09090909090909091,0.025115416483963326,0.10564820312222692,0.8047446297233103,,,ambiguous,
GSM4138155,27,4,24,0.125,0.08333333333333333,0.03824596931582342,0.0999672213622705,0.9017639578673994,0.9381206978557272,-0.0363567399883277,tie,
GSM4138155,27,8,210,0.11428571428571428,0.3142857142857143,0.1474685542415495,0.06809897725661658,0.6565268986925753,,,ambiguous,
GSM4138155,28,1,586,0.03583617747440273,0.38054607508532423,0.37341509736710043,0.02333775509481792,0.5963802448130194,,,ambiguous,
GSM4138155,28,10,17,0.058823529411764705,0.0,-0.0036755844349268345,0.1295499707144298,0.946614791400038,,,ambiguous,
GSM4138155,28,2,35,0.02857142857142857,0.17142857142857143,0.17928700116538954,0.06087142895052817,0.9076347282968148,0.7010983122032448,0.2065364160935699,purer,
GSM4138155,28,4,42,0.19047619047619047,0.0,0.07948978126519576,0.08914965236219856,0.919996727433974,,,ambiguous,
GSM4138155,29,1,225,0.1288888888888889,0.5377777777777778,0.29173469175776046,0.05764969281205969,0.6471946820116444,,,ambiguous,
GSM4138155,29,10,38,0.18421052631578946,0.21052631578947367,0.16291644683509962,0.09581943568450445,0.8373372621334937,,,ambiguous,
GSM4138155,29,12,21,0.47619047619047616,0.0,-0.07395378282160457,0.17830548693455675,0.9679777258203832,,,ambiguous,
GSM4138155,29,2,213,0.12206572769953052,0.47417840375586856,0.26564004872740293,0.05366354175032059,0.6074027890319446,,,ambiguous,
GSM4138155,29,3,110,0.22727272727272727,0.16363636363636364,0.0922413697832788,0.09766616433024175,0.6922819030300863,0.7010983122032448,-0.0088164091731585,tie,
GSM4138155,29,8,47,0.19148936170212766,0.02127659574468085,0.05521389218057143,0.08331208536994396,0.8253908825302742,,,ambiguous,
GSM4138155,29,9,21,0.09523809523809523,0.0,0.05019356403354512,0.08262640813054285,0.9189277696922749,,,ambiguous,
GSM4138155,30,1,525,0.09904761904761905,0.6038095238095238,0.44401778242887113,0.01860649174348438,0.6046178803419204,,,ambiguous,
GSM4138155,30,2,43,0.27906976744186046,0.4186046511627907,0.338800639165663,0.042165224842450104,0.8633847202041531,,,ambiguous,
GSM4138155,30,5,16,0.125,0.0,-0.0070048422844090005,0.13791133574403636,0.9462142711821664,,,ambiguous,
GSM4138155,30,6,67,0.373134328358209,0.0,0.05820304668553702,0.11248631629010455,0.7829955920533075,,,ambiguous,
GSM4138155,30,8,25,0.28,0.2,0.1659813440489154,0.08508502133125569,0.908776370264088,,,ambiguous,
GSM4138155,31,1,44,0.11363636363636363,0.5227272727272727,0.4560053999267323,0.03673793002608407,0.8127150040689415,0.7010983122032448,0.1116166918656966,purer,
GSM4138155,31,2,135,0.16296296296296298,0.45925925925925926,0.38718679356565683,0.04816934101117017,0.6352329618957906,,,ambiguous,
GSM4138155,31,3,261,0.10344827586206896,0.6168582375478927,0.4758292044499085,0.03283006211465761,0.6855753945926508,,,ambiguous,
GSM4138155,31,4,72,0.1111111111111111,0.5277777777777778,0.41350406838947273,0.043851789125520645,0.685409288031219,0.8539118148935525,-0.1685025268623334,less_pure,
GSM4138155,31,5,143,0.13986013986013987,0.6153846153846154,0.41538592934371343,0.042241743112913184,0.6726338245367443,,,ambiguous,
GSM4138155,31,7,20,0.15,0.0,0.016680337854834436,0.09604087710972757,0.9314419496852432,0.9381206978557272,-0.0066787481704839,tie,
GSM4138155,32,1,647,0.12364760432766615,0.38639876352395675,0.19131418743711218,0.05135190811975541,0.6105962578430075,0.9062361607604512,-0.2956399029174437,less_pure,
GSM4138155,32,8,16,0.125,0.0,0.0036181729575146997,0.07720456586578497,0.9445029886674018,,,ambiguous,
GSM4138155,33,1,73,0.1095890410958904,0.4383561643835616,0.2995178843307118,0.045225913952450965,0.7149728715597781,,,ambiguous,
GSM4138155,33,10,21,0.19047619047619047,0.0,-0.010290655225930787,0.12181212659298515,0.9059537731463008,,,ambiguous,
GSM4138155,33,15,18,0.16666666666666666,0.2777777777777778,0.21290081218682586,0.054999231726601025,0.916407670427804,,,ambiguous,
GSM4138155,33,2,401,0.06733167082294264,0.6109725685785536,0.32947266975340495,0.03644067978349914,0.6330178976546679,,,ambiguous,
GSM4138155,33,3,159,0.16981132075471697,0.32075471698113206,0.21173987839856873,0.07631540314726405,0.6685476465740295,0.9062361607604512,-0.2376885141864216,less_pure,
GSM4138155,34,1,313,0.07028753993610223,0.6166134185303515,0.4431653383290773,0.03395207774617392,0.6840050096253525,,,ambiguous,
GSM4138155,34,2,28,0.07142857142857142,0.2857142857142857,0.361251437859019,0.046810396199727766,0.8672129563572601,0.7010983122032448,0.1661146441540153,purer,
GSM4138155,34,3,167,0.07784431137724551,0.2215568862275449,0.2479119063857113,0.05272673131243348,0.6808857589096191,0.7946287795248808,-0.1137430206152616,less_pure,
GSM4138155,34,4,39,0.10256410256410256,0.5128205128205128,0.3728451552657393,0.050283167405932624,0.8222712648282073,,,ambiguous,
GSM4138155,34,5,74,0.24324324324324326,0.13513513513513514,0.17324574847841603,0.09001345106741585,0.7386342132831621,,,ambiguous,
GSM4138155,34,9,32,0.1875,0.34375,0.3000859912201015,0.06770929866066631,0.8595024915243781,,,ambiguous,
GSM4138155,35,1,285,0.09824561403508772,0.5157894736842106,0.4588500582685694,0.0551317811155766,0.6749665590857029,0.9062361607604512,-0.2312696016747483,less_pure,
GSM4138155,35,11,101,0.19801980198019803,0.24752475247524752,0.30466779796882176,0.06155999065969546,0.7531634305776993,,,ambiguous,
GSM4138155,35,13,16,0.125,0.0,0.0022347349242612174,0.1203329261604014,0.9432082684482594,,,ambiguous,
GSM4138155,35,15,62,0.3225806451612903,0.24193548387096775,0.22273819516749607,0.09605899975194702,0.8098727606215721,,,ambiguous,
GSM4138155,35,18,78,0.1794871794871795,0.14102564102564102,0.20583702617407335,0.07401365633162693,0.8156546936200488,,,ambiguous,
GSM4138155,35,2,30,0.2,0.3333333333333333,0.434782051123819,0.0500521201404152,0.8988426375305743,,,ambiguous,
GSM4138155,35,5,38,0.3157894736842105,0.23684210526315788,0.31301489147875816,0.07350374979022106,0.8964980369109866,,,ambiguous,
GSM4138155,35,6,41,0.07317073170731707,0.4878048780487805,0.49501209156445813,0.04033002473096334,0.8358425626506604,,,ambiguous,
GSM4138156,3,1,921,0.0,0.00760043431053203,0.3343503953651362,0.035700091423467015,0.896215523438854,,,ambiguous,
GSM4138156,4,1,919,0.0,0.011969532100108813,0.6169939373329069,0.035572837922655594,0.8972217973513263,,,ambiguous,
GSM4138156,5,1,919,0.0,0.013057671381936888,0.48213457954024547,0.04127825498096933,0.8972217973513263,,,ambiguous,
GSM4138156,6,1,916,0.0,0.02292576419213974,0.3741031604405485,0.05179257187326076,0.901151012079771,,,ambiguous,
GSM4138156,7,1,912,0.0021929824561403508,0.020833333333333332,0.30682146728620396,0.05835715469003577,0.9057935180236476,,,no_baseline,
GSM4138156,8,1,912,0.0010964912280701754,0.023026315789473683,0.27321578385734024,0.06115703129330622,0.9057935180236476,,,no_baseline,
GSM4138156,9,1,911,0.0021953896816684962,0.027442371020856202,0.23054058136572753,0.06778559612714433,0.90594980171286,,,no_baseline,
GSM4138156,10,1,649,0.012326656394453005,0.03852080123266564,-0.00733382261309913,0.12578610840225868,0.9559831593542804,0.9272161110073198,0.0287670483469605,tie,0.0097675817637488
GSM4138156,10,2,259,0.04247104247104247,0.10038610038610038,0.05517314119882456,0.1157978916952614,0.9426509533484064,0.9674540600296432,-0.0248031066812367,tie,0.0248031066812367
GSM4138156,11,1,915,0.001092896174863388,0.02185792349726776,0.14686595953829326,0.06935588475535709,0.902057158423738,,,ambiguous,
GSM4138156,12,1,648,0.018518518518518517,0.041666666666666664,0.022425388756059334,0.11636630755712117,0.9574145194074412,0.9272161110073198,0.0301984084001213,tie,0.0099383071576433
GSM4138156,12,2,261,0.04597701149425287,0.11494252873563218,0.0800895141880079,0.10766260882853422,0.9411989662363413,0.9674540600296432,-0.0262550937933019,tie,0.0262550937933021
GSM4138156,13,1,651,0.015360983102918587,0.043010752688172046,0.028363367246884326,0.11401084529515225,0.9539106245472356,0.9272161110073198,0.0266945135399158,tie,0.012221315293629
GSM4138156,13,2,256,0.046875,0.11328125,0.07070498305550464,0.10862150702899406,0.945417572940716,0.9674540600296432,-0.0220364870889271,tie,0.0220364870889272
GSM4138156,14,1,654,0.019877675840978593,0.04434250764525994,0.027594436335065968,0.1133274467214974,0.9534152590747456,0.9272161110073198,0.0261991480674257,tie,0.0123824189246894
GSM4138156,14,2,250,0.044,0.1,0.056527857785151105,0.10958761509032952,0.9312956430860472,0.9674540600296432,-0.036158416943596,tie,0.036158416943596
GSM4138156,14,3,15,0.0,0.4666666666666667,0.25617520451635106,0.08078387614159833,0.9878728504470986,0.943543967188031,0.0443288832590675,tie,0.0
GSM4138156,15,1,690,0.013043478260869565,0.05652173913043478,0.058431440339049574,0.10263214241580389,0.9169004307674348,,,no_baseline,
GSM4138156,15,2,230,0.05217391304347826,0.11739130434782609,0.056207638636363376,0.11538125201784045,0.9385290038592842,0.9674540600296432,-0.028925056170359,tie,0.0289250561703591
GSM4138156,16,1,917,0.05997818974918211,0.1297709923664122,0.24431656408454863,0.04627503280658363,0.8966911853530332,,,ambiguous,
GSM4138156,16,2,17,0.058823529411764705,0.058823529411764705,0.08391341869931214,0.093542799945791,0.9620408232828552,,,ambiguous,
GSM4138156,17,1,910,0.10329670329670329,0.2802197802197802,0.5980993664053643,0.013426618810401173,0.8942430469671653,,,ambiguous,
GSM4138156,17,2,19,0.0,0.05263157894736842,0.20552002665075156,0.06935713159504753,0.9620974772623492,0.9539837451128744,0.0081137321494747,tie,-0.0081137321494748
GSM4138156,18,1,918,0.0457516339869281,0.14052287581699346,0.47857046484048693,0.012558152459746324,0.8960803078668969,,,ambiguous,
GSM4138156,19,1,230,0.08695652173913043,0.3782608695652174,0.6038492692135627,0.04638452959195546,0.9220197494183476,,,no_baseline,
GSM4138156,19,2,57,0.07017543859649122,0.19298245614035087,0.40572325300027956,0.06516556723769727,0.9030082132579738,0.9539837451128744,-0.0509755318549006,less_pure,0.0509755318549005
GSM4138156,19,3,421,0.052256532066508314,0.3990498812351544,0.5866014127249635,0.03834387488499121,0.8861628669668482,,,ambiguous,
GSM4138156,19,4,195,0.12307692307692308,0.2,0.4220665062651077,0.057938594529888796,0.9153408984005148,,,ambiguous,
GSM4138156,19,6,24,0.16666666666666666,0.25,0.4353414925256937,0.05286220105848751,0.9590683560504036,,,ambiguous,
GSM4138156,20,1,613,0.06035889070146819,0.05872756933115824,0.009534004239811355,0.12131986268983243,0.9695759437770032,0.9272161110073198,0.0423598327696833,tie,0.0013372446851412
GSM4138156,20,2,84,0.11904761904761904,0.25,0.09547516691446227,0.10982103698307222,0.9104545423908424,0.9624123895856712,-0.0519578471948287,less_pure,0.0518218006168149
GSM4138156,20,3,220,0.11363636363636363,0.06818181818181818,-0.021362441596261973,0.13379563869237976,0.9540942662867076,0.9674540600296432,-0.0133597937429356,tie,0.0068326899122147
GSM4138156,21,1,285,0.06315789473684211,0.43508771929824563,0.1806732057239902,0.07987050611336088,0.915171921437617,0.9624123895856712,-0.0472404681480541,tie,
GSM4138156,21,2,628,0.07484076433121019,0.06210191082802548,0.022400926952422746,0.11568818728676632,0.9650915855846752,0.9272161110073198,0.0378754745773554,tie,
GSM4138156,21,5,15,0.0,0.13333333333333333,0.05239863632589952,0.10687297054878236,0.9539837451128744,0.9539837451128744,0.0,tie,
GSM4138156,22,1,616,0.0633116883116883,0.06818181818181818,0.010402833968198372,0.11794401074569577,0.9699326883026592,0.9272161110073198,0.0427165772953394,tie,
GSM4138156,22,2,79,0.12658227848101267,0.3291139240506329,0.10212928759114141,0.11454506486054451,0.9280768090299036,0.9624123895856712,-0.0343355805557675,tie,
GSM4138156,22,3,219,0.1461187214611872,0.0547945205479452,-0.02364363820130711,0.13473759657715828,0.9507748570360528,0.9674540600296432,-0.0166792029935903,tie,
GSM4138156,22,6,15,0.0,0.13333333333333333,0.059768913382528446,0.0982494824337794,0.9539837451128744,0.9539837451128744,0.0,tie,
GSM4138156,23,1,616,0.06655844155844155,0.0633116883116883,0.007198526829520514,0.11990807092228616,0.970893989838327,0.9272161110073198,0.0436778788310071,tie,
GSM4138156,23,2,81,0.13580246913580246,0.30864197530864196,0.08937154836455799,0.11322539950559599,0.9267579264964928,0.9624123895856712,-0.0356544630891784,tie,
GSM4138156,23,3,217,0.14746543778801843,0.055299539170506916,-0.02076149375217594,0.1336445161197197,0.9568908212022664,0.9674540600296432,-0.0105632388273767,tie,
GSM4138156,23,6,15,0.0,0.13333333333333333,0.0564879745624,0.09744552372349062,0.9539837451128744,0.9539837451128744,0.0,tie,
GSM4138156,24,1,917,0.026172300981461286,0.20828789531079608,0.30782853690162626,0.03563888363161124,0.8958033878025885,0.9674540600296432,-0.0716506722270546,less_pure,
GSM4138156,24,4,15,0.0,0.13333333333333333,0.06677160729827597,0.12193893977506169,0.9539837451128744,0.9539837451128744,0.0,tie,
GSM4138156,25,1,157,0.12738853503184713,0.1464968152866242,0.27419372881764575,0.06951062856640518,0.908651587788088,,,ambiguous,
GSM4138156,25,2,154,0.16233766233766234,0.19480519480519481,0.28551265800296866,0.07411317263455808,0.9088719476259524,0.943543967188031,-0.0346720195620786,tie,
GSM4138156,25,3,405,0.11604938271604938,0.21728395061728395,0.325870730462117,0.06723473895096745,0.8735385646862656,,,ambiguous,
GSM4138156,25,4,188,0.22872340425531915,0.1276595744680851,0.23879070281605866,0.090544991947118,0.9498693995175508,0.9539837451128744,-0.0041143455953236,tie,
GSM4138156,25,6,24,0.125,0.08333333333333333,0.28653834520950217,0.06804124311482974,0.9869609848914744,,,ambiguous,
GSM4138156,26,1,441,0.14058956916099774,0.20408163265306123,0.08052760858723039,0.08592416226644874,0.873353395600796,,,ambiguous,
GSM4138156,26,2,337,0.18991097922848665,0.1661721068249258,0.06887992074559253,0.09307438412763565,0.9475586376560082,,,ambiguous,
GSM4138156,26,4,140,0.2357142857142857,0.11428571428571428,0.04643420024845689,0.10506296449480966,0.9268702248642342,,,ambiguous,
GSM4138156,27,1,590,0.1423728813559322,0.2576271186440678,0.10551889848472452,0.07489512683225716,0.8809048845139332,,,ambiguous,
GSM4138156,27,11,35,0.08571428571428572,0.05714285714285714,0.04459883499350689,0.06993386626191227,0.9568723089526386,,,ambiguous,
GSM4138156,27,19,18,0.0,0.0,0.02994484257290969,0.05220520968113053,0.9785698127710264,,,ambiguous,
GSM4138156,27,3,275,0.28363636363636363,0.12363636363636364,0.042230088356827705,0.10395455467983376,0.9483247646169576,,,ambiguous,
GSM4138156,28,1,920,0.0,0.007608695652173913,0.12440213469641362,0.04620593783762411,0.8960918108622933,,,ambiguous,
GSM4138156,29,1,653,0.12863705972434916,0.31852986217457885,0.2007801474926602,0.06345918064706738,0.8853188921726693,,,ambiguous,
GSM4138156,29,10,25,0.2,0.04,0.02699886156541054,0.09255503804658932,0.9821693438799276,,,ambiguous,
GSM4138156,29,11,46,0.10869565217391304,0.0,0.037072977892677404,0.07433891457329747,0.9260697775686016,,,ambiguous,
GSM4138156,29,2,137,0.08759124087591241,0.24087591240875914,0.17140399842004375,0.05053497388429387,0.907263131615733,,,ambiguous,
GSM4138156,29,3,48,0.22916666666666666,0.041666666666666664,0.03560399461694092,0.09999561892618547,0.923574858641076,0.943543967188031,-0.0199691085469549,tie,
GSM4138156,30,1,888,0.12162162162162163,0.20833333333333334,0.3004237642372821,0.02560816593605917,0.8970180658589006,,,ambiguous,
GSM4138156,30,2,15,0.13333333333333333,0.0,0.1627578007295521,0.03398871246296876,0.9895976580669033,,,ambiguous,
GSM4138156,30,6,20,0.25,0.05,0.05319553579157791,0.09470803021263571,0.9518462660626058,,,ambiguous,
GSM4138156,31,1,52,0.15384615384615385,0.1346153846153846,0.22557584498185954,0.0674399966988666,0.9500589137879968,0.943543967188031,0.0065149465999657,tie,
GSM4138156,31,2,500,0.128,0.218,0.2493058382707249,0.046715186571027675,0.9184520164937616,,,ambiguous,
GSM4138156,31,3,196,0.15816326530612246,0.18877551020408162,0.2480655318861071,0.052083318175099855,0.8559679218366043,,,ambiguous,
GSM4138156,31,5,185,0.1783783783783784,0.11351351351351352,0.20487252575711,0.05822214850629529,0.9226835262226772,,,ambiguous,
GSM4138156,32,1,934,0.12633832976445397,0.20342612419700215,0.13979871864143337,0.05072258706325653,0.8922387955369508,0.9539837451128744,-0.0617449495759235,less_pure,
GSM4138156,33,1,66,0.4393939393939394,0.06060606060606061,0.12008694390738357,0.09240778774846847,0.9469279848262652,,,ambiguous,
GSM4138156,33,2,270,0.17777777777777778,0.1925925925925926,0.17774574448766337,0.0580727052094928,0.8666883585337543,,,ambiguous,
GSM4138156,33,3,594,0.15656565656565657,0.17845117845117844,0.15716875751934287,0.05745143755121029,0.9167655164180022,0.9539837451128744,-0.0372182286948722,tie,
GSM4138156,34,1,595,0.10252100840336134,0.25546218487394956,0.29668568823363567,0.04814629140446483,0.8810985621467756,,,ambiguous,
GSM4138156,34,15,18,0.2222222222222222,0.0,0.06927908827949156,0.08229527034175449,0.9827929777817233,,,ambiguous,
GSM4138156,34,2,83,0.21686746987951808,0.0963855421686747,0.1930892529156583,0.07478057587546641,0.9413102898951232,0.943543967188031,-0.0022336772929077,tie,
GSM4138156,34,5,163,0.3128834355828221,0.018404907975460124,0.11187986254058675,0.08737004900555254,0.8899479043233733,,,ambiguous,
GSM4138156,34,9,72,0.2916666666666667,0.027777777777777776,0.100862627378646,0.1045785688977463,0.9492035493987648,,,ambiguous,
GSM4138156,35,1,627,0.08931419457735247,0.2647527910685805,0.3403238329373249,0.050751124324304085,0.8764720543158587,0.9539837451128744,-0.0775116907970157,less_pure,
GSM4138156,35,2,73,0.2054794520547945,0.1232876712328767,0.25915998918533906,0.0713106960492458,0.9304250909184546,,,ambiguous,
GSM4138156,35,3,59,0.1864406779661017,0.1694915254237288,0.2871218035380986,0.055705308071955346,0.94523726772838,,,ambiguous,
GSM4138156,35,5,167,0.2994011976047904,0.03592814371257485,0.17206829106607463,0.07708316121647228,0.9260540182105907,,,ambiguous,
GSM4138157,3,1,53,0.1509433962264151,0.24528301886792453,0.45148998037303223,0.1403505274812762,0.8918496428508003,,,ambiguous,
GSM4138157,3,2,106,0.1320754716981132,0.1509433962264151,0.7942727903166609,0.1164987438360326,0.751350561572474,,,ambiguous,
GSM4138157,3,3,17,0.058823529411764705,0.0,-0.22781799363690625,0.15066945930744013,0.9480389776479722,,,ambiguous,
GSM4138157,4,1,51,0.09803921568627451,0.19607843137254902,0.4464661137866261,0.10816085255794736,0.9284703486310912,,,ambiguous,
GSM4138157,4,2,91,0.10989010989010989,0.15384615384615385,0.574334262965615,0.11867477839236183,0.8072243720056547,,,ambiguous,
GSM4138157,4,3,17,0.058823529411764705,0.0,-0.28686533236340817,0.21981521257172662,0.9480389776479722,,,ambiguous,
GSM4138157,4,4,17,0.17647058823529413,0.058823529411764705,0.13523453156981313,0.0967486056864254,0.9599457953890572,,,ambiguous,
GSM4138157,5,1,52,0.07692307692307693,0.19230769230769232,0.3445602561982431,0.10677110887045276,0.8931310440079556,,,ambiguous,
GSM4138157,5,2,80,0.1375,0.2,0.5668345505372911,0.11788713740275276,0.7741459420303799,,,ambiguous,
GSM4138157,5,3,17,0.058823529411764705,0.0,-0.23371659898877056,0.22239075947150155,0.9480389776479722,,,ambiguous,
GSM4138157,5,4,17,0.17647058823529413,0.058823529411764705,0.10574889876800443,0.09673156696069396,0.9599457953890572,,,ambiguous,
GSM4138157,6,1,51,0.11764705882352941,0.17647058823529413,0.24429862183972445,0.1178935558957393,0.8837468795189103,,,ambiguous,
GSM4138157,6,2,60,0.15,0.23333333333333334,0.4487582324033864,0.08986057301670537,0.8301790069109647,0.8709308666726747,-0.04075185976171,tie,0.0468834217160298
GSM4138157,6,3,23,0.21739130434782608,0.2608695652173913,0.3509217476215181,0.09939683219854484,0.9499196703255944,0.8168706613307802,0.1330490089948142,purer,0.0
GSM4138157,6,4,17,0.17647058823529413,0.058823529411764705,0.04877033805606985,0.11173943139452185,0.9582374872899588,,,ambiguous,
GSM4138157,6,5,16,0.0625,0.0625,-0.09581915858871372,0.1949218318949439,0.978093154163344,0.9771060119735836,0.0009871421897603,tie,0.0
GSM4138157,7,1,50,0.08,0.2,0.26375897969138096,0.1076894633144772,0.9268573649155646,,,no_baseline,
GSM4138157,7,2,48,0.1875,0.16666666666666666,0.18366642927833401,0.11963719337982098,0.8289049480989218,0.8709308666726747,-0.0420259185737529,tie,0.0529036546960087
GSM4138157,7,3,19,0.2631578947368421,0.3684210526315789,0.3217640963715654,0.10885487809232613,0.9635954523219944,0.8168706613307802,0.1467247909912141,purer,0.0
GSM4138157,7,5,20,0.15,0.2,0.20530900222531515,0.10153039037795623,0.9292279759815614,,,ambiguous,
GSM4138157,7,6,16,0.0625,0.125,0.018574969215278975,0.16748287568539694,0.978093154163344,0.9771060119735836,0.0009871421897603,tie,0.0
GSM4138157,8,1,52,0.09615384615384616,0.17307692307692307,0.2420787118767233,0.1030991518621803,0.9620102155866254,,,no_baseline,
GSM4138157,8,2,47,0.2765957446808511,0.14893617021276595,0.18214274030820854,0.12220340204501501,0.8066575218846397,0.8709308666726747,-0.064273344788035,less_pure,0.0751510809102908
GSM4138157,8,5,19,0.15789473684210525,0.2631578947368421,0.2162712977054111,0.10586571393888304,0.9443334080919772,,,ambiguous,
GSM4138157,8,6,16,0.0625,0.1875,-0.05244899978242105,0.1958457067014793,0.978093154163344,0.9771060119735836,0.0009871421897603,tie,0.0
GSM4138157,9,1,50,0.1,0.2,0.1822599562494679,0.10753405685074564,0.9178522576550264,,,no_baseline,
GSM4138157,9,2,49,0.24489795918367346,0.1836734693877551,0.16976411068850641,0.11935289016772009,0.8102586814352237,0.8709308666726747,-0.0606721852374509,less_pure,0.0795009167065343
GSM4138157,9,5,20,0.15,0.3,0.2643906845728563,0.09784506547765061,0.9377220805312816,,,ambiguous,
GSM4138157,9,6,16,0.0625,0.1875,-0.02870155730294952,0.1823811783938286,0.978093154163344,0.9771060119735836,0.0009871421897603,tie,0.0
GSM4138157,10,1,28,0.07142857142857142,0.25,0.12134576377805008,0.12747031968957473,0.9659744337085672,0.9673513117174696,-0.0013768780089024,tie,0.0180590282676341
GSM4138157,10,3,53,0.09433962264150944,0.3018867924528302,0.20271174251848653,0.10958105472791793,0.8129768990298566,0.8709308666726747,-0.0579539676428181,less_pure,0.0739184809179415
GSM4138157,10,5,20,0.05,0.35,0.2743564359954915,0.09368559316439669,0.9291599734980016,,,ambiguous,
GSM4138157,10,7,16,0.0,0.1875,-0.03919295161504642,0.17914625531606326,0.978093154163344,0.9771060119735836,0.0009871421897603,tie,0.0
GSM4138157,11,1,53,0.1509433962264151,0.18867924528301888,0.09796350209231036,0.11273853627226095,0.9266246657287442,,,ambiguous,
GSM4138157,11,2,48,0.25,0.2708333333333333,0.1549028410227376,0.11905635163512336,0.8090122247138243,0.8709308666726747,-0.0619186419588504,less_pure,0.0807473734279338
GSM4138157,11,4,16,0.0625,0.3125,0.2134606538335634,0.10213581614650438,0.9640498925168104,,,ambiguous,
GSM4138157,11,6,16,0.0625,0.1875,0.007124776124412115,0.1697662440346984,0.978093154163344,0.9771060119735836,0.0009871421897603,tie,0.0
GSM4138157,12,1,28,0.10714285714285714,0.2857142857142857,0.10116207529974267,0.12579285039795385,0.9659744337085672,0.9673513117174696,-0.0013768780089024,tie,0.0180590282676341
GSM4138157,12,3,53,0.11320754716981132,0.32075471698113206,0.1658473741155356,0.10970428751960107,0.8129768990298566,0.8709308666726747,-0.0579539676428181,less_pure,0.0739184809179415
GSM4138157,12,6,18,0.1111111111111111,0.3333333333333333,0.1717419268709368,0.10701072124865517,0.939252019116912,,,ambiguous,
GSM4138157,12,7,16,0.0,0.1875,-0.019671017335570872,0.17320391991825534,0.978093154163344,0.9771060119735836,0.0009871421897603,tie,0.0
GSM4138157,13,1,33,0.09090909090909091,0.30303030303030304,0.12314882791315282,0.12095810568508261,0.9450667062653104,0.9673513117174696,-0.0222846054521591,tie,0.0383909129438116
GSM4138157,13,3,55,0.12727272727272726,0.34545454545454546,0.16532612941907124,0.10724289540774823,0.7916267332641858,0.8709308666726747,-0.0793041334084889,less_pure,0.0952686466836123
GSM4138157,13,6,16,0.0,0.1875,0.0010908113072163363,0.16385869177968096,0.978093154163344,0.9771060119735836,0.0009871421897603,tie,0.0
GSM4138157,14,1,26,0.07692307692307693,0.2692307692307692,0.09834029925764093,0.12489274297232816,0.9754184021971838,0.9673513117174696,0.0080670904797142,tie,0.0086150597790174
GSM4138157,14,2,15,0.06666666666666667,0.2,0.14270119474312495,0.11548004498707826,0.9757348775192252,,,no_baseline,
GSM4138157,14,3,49,0.10204081632653061,0.42857142857142855,0.2012411161225402,0.1055826201915505,0.7936400908507981,0.8709308666726747,-0.0772907758218766,less_pure,0.0939224060427916
GSM4138157,14,7,16,0.0,0.1875,0.010030320476289467,0.15799675703767985,0.978093154163344,0.9771060119735836,0.0009871421897603,tie,0.0
GSM4138157,15,1,56,0.03571428571428571,0.42857142857142855,0.3098907378238621,0.09956319165653975,0.8678315511053379,,,no_baseline,
GSM4138157,15,2,40,0.05,0.45,0.5742310986045213,0.07569330979420943,0.8947877441486624,,,no_baseline,
GSM4138157,15,4,17,0.058823529411764705,0.17647058823529413,0.10116710590798854,0.1537540515897153,0.94644079528598,0.9771060119735836,-0.0306652166876035,tie,0.05355920471402
GSM4138157,16,1,147,0.02040816326530612,0.17006802721088435,0.2748923445134619,0.04148879827680654,0.7116056144776074,,,ambiguous,
GSM4138157,17,1,137,0.15328467153284672,0.24087591240875914,0.4897914358395949,0.03218244953988494,0.7077876819974431,,,ambiguous,
GSM4138157,17,2,18,0.05555555555555555,0.1111111111111111,0.20393873112862013,0.090397901354745,0.946518885650642,0.9771060119735836,-0.0305871263229415,tie,0.0281811532257304
GSM4138157,18,1,143,0.055944055944055944,0.15384615384615385,0.41746744017074205,0.02372938157726036,0.7090044310400205,,,ambiguous,
GSM4138157,19,2,33,0.06060606060606061,0.12121212121212122,0.2857231104354605,0.08145629257900369,0.95160693577285,0.9771060119735836,-0.0254990762007335,tie,0.0254990762007335
GSM4138157,19,3,23,0.08695652173913043,0.391304347826087,0.6132056699889965,0.04660763240991397,0.947773738389176,,,ambiguous,
GSM4138157,19,4,36,0.19444444444444445,0.2222222222222222,0.3126880008902488,0.08124097817313933,0.8951402367105733,,,ambiguous,
GSM4138157,19,7,26,0.2692307692307692,0.11538461538461539,0.2161860098589577,0.09314901266142792,0.9135479826635006,,,ambiguous,
GSM4138157,20,1,19,0.10526315789473684,0.15789473684210525,0.00564182747592232,0.1398585741993916,0.9760519546443948,0.9673513117174696,0.0087006429269251,tie,0.0074868008739398
GSM4138157,20,2,55,0.10909090909090909,0.4,0.157081581592518,0.1039058408151721,0.8703010604663866,,,no_baseline,
GSM4138157,20,4,17,0.17647058823529413,0.4117647058823529,0.23301342455354118,0.09258304120702728,0.9524169648486808,0.8168706613307802,0.1355463035179005,purer,0.0
GSM4138157,20,5,19,0.0,0.3157894736842105,0.16754210822360968,0.08530886586638975,0.9465172833955128,,,ambiguous,
GSM4138157,21,1,45,0.15555555555555556,0.28888888888888886,0.12271052675338191,0.11511101925665582,0.9066688033653906,,,no_baseline,
GSM4138157,21,12,17,0.17647058823529413,0.17647058823529413,0.12081367775932436,0.12551242238480642,0.9441986101519791,,,ambiguous,
GSM4138157,21,2,20,0.1,0.2,0.06476314440168854,0.11833153984480993,1.0,0.9673513117174696,0.0326486882825304,tie,
GSM4138157,21,5,16,0.0,0.25,0.04815414649554469,0.13120758355541248,0.978093154163344,0.9771060119735836,0.0009871421897603,tie,
GSM4138157,22,1,18,0.05555555555555555,0.16666666666666666,0.010006107432019929,0.13327323836830562,0.9873284018410976,0.9673513117174696,0.019977090123628,tie,
GSM4138157,22,14,17,0.17647058823529413,0.35294117647058826,0.13001551811588183,0.11414625835841563,0.9511385690573504,,,ambiguous,
GSM4138157,22,2,36,0.1111111111111111,0.2777777777777778,0.1164998917047344,0.11230800045654371,0.9103674810535008,,,no_baseline,
GSM4138157,22,6,17,0.058823529411764705,0.23529411764705882,0.02482647482859784,0.1391022030931723,0.9480389776479722,0.9771060119735836,-0.0290670343256114,tie,
GSM4138157,23,13,17,0.17647058823529413,0.35294117647058826,0.11738586839237944,0.11718409564338651,0.9511385690573504,,,ambiguous,
GSM4138157,23,2,36,0.1388888888888889,0.2777777777777778,0.084361469667368,0.11614285655479757,0.922670828775137,,,no_baseline,
GSM4138157,23,6,16,0.0,0.25,0.04116733812724698,0.13179210728314542,0.978093154163344,0.9771060119735836,0.0009871421897603,tie,
GSM4138157,23,7,19,0.10526315789473684,0.2631578947368421,0.018365504609933088,0.13990472767086423,0.9430125102188464,,,ambiguous,
GSM4138157,24,1,91,0.16483516483516483,0.37362637362637363,0.42340028154346204,0.04400123404976492,0.7817232391173197,,,no_baseline,
GSM4138157,24,2,35,0.2571428571428571,0.37142857142857144,0.3377676348326459,0.0735434300735589,0.8724513281525399,,,ambiguous,
GSM4138157,25,1,29,0.06896551724137931,0.27586206896551724,0.3890639243973645,0.054618305347079295,0.9348546338861944,,,ambiguous,
GSM4138157,25,2,22,0.0,0.5909090909090909,0.5701998562832489,0.04034280649431427,0.9414113300326457,0.8709308666726747,0.0704804633599709,purer,
GSM4138157,25,3,44,0.09090909090909091,0.6818181818181818,0.6911047550337766,0.042187589506514564,0.8523869632288235,,,ambiguous,
GSM4138157,25,4,15,0.3333333333333333,0.0,0.07800096304427934,0.13860431645428645,1.0,0.9771060119735836,0.0228939880264164,tie,
GSM4138157,25,5,20,0.0,0.2,0.2291158632456182,0.05852192632694868,0.9542126143822076,,,no_baseline,
GSM4138157,26,1,98,0.10204081632653061,0.46938775510204084,0.20248238221227047,0.07607707668025404,0.754053016062356,,,ambiguous,
GSM4138157,26,4,43,0.23255813953488372,0.18604651162790697,0.09457709398140716,0.08697551951735595,0.9662668154969928,,,ambiguous,
GSM4138157,27,1,103,0.14563106796116504,0.3592233009708738,0.15306928302958706,0.07792948434349634,0.8325274946095157,,,ambiguous,
GSM4138157,27,13,17,0.29411764705882354,0.17647058823529413,0.0404794463299557,0.10378570342603893,0.9589455109598048,,,ambiguous,
GSM4138157,27,8,22,0.13636363636363635,0.18181818181818182,0.08721745409365432,0.07897109718480838,0.9560440608048968,,,ambiguous,
GSM4138157,28,1,141,0.0425531914893617,0.41134751773049644,0.32383244700966163,0.02472322881504597,0.7171019679960526,,,ambiguous,
GSM4138157,29,1,55,0.21818181818181817,0.38181818181818183,0.21938750865926962,0.08152095161513848,0.8900682995846896,,,ambiguous,
GSM4138157,29,2,36,0.25,0.2222222222222222,0.16956365747217428,0.07796275398056912,0.9051270829984966,,,ambiguous,
GSM4138157,29,3,35,0.14285714285714285,0.08571428571428572,0.07891178451702625,0.08883638760044402,0.9571145200794398,0.8709308666726747,0.086183653406765,purer,
GSM4138157,30,1,103,0.1941747572815534,0.2912621359223301,0.3306088645726124,0.034552826872332104,0.7539122593855015,,,ambiguous,
GSM4138157,30,6,36,0.3055555555555556,0.05555555555555555,0.11518571105362795,0.07898409295241622,0.8737051310200528,,,ambiguous,
GSM4138157,31,2,61,0.16393442622950818,0.29508196721311475,0.2992134987922875,0.060262068149430026,0.8495441647944235,,,ambiguous,
GSM4138157,31,3,60,0.03333333333333333,0.6,0.444385675510032,0.021214127308155074,0.8546528895044665,,,ambiguous,
GSM4138157,31,5,30,0.2,0.26666666666666666,0.2111049961088564,0.10395853253897328,0.9041097624130646,,,ambiguous,
GSM4138157,32,1,161,0.15527950310559005,0.22981366459627328,0.1625915810514912,0.05360163609735727,0.7037001183324372,0.9771060119735836,-0.2734058936411464,less_pure,
GSM4138157,33,2,85,0.058823529411764705,0.49411764705882355,0.30705320358247096,0.03800591272453378,0.8331005147686582,,,ambiguous,
GSM4138157,33,3,53,0.24528301886792453,0.16981132075471697,0.15070637524446379,0.08710873923734112,0.8494952323167022,0.9771060119735836,-0.1276107796568814,less_pure,
GSM4138157,34,1,79,0.12658227848101267,0.379746835443038,0.34713537242165804,0.05461970942534014,0.8391120361295956,,,ambiguous,
GSM4138157,34,3,27,0.1111111111111111,0.037037037037037035,0.1562177339246625,0.061833897798097504,0.950170440655286,,,no_baseline,
GSM4138157,34,5,43,0.046511627906976744,0.18604651162790697,0.2044656806739729,0.07114249539516035,0.8497336557758928,,,ambiguous,
GSM4138157,35,1,64,0.15625,0.328125,0.3344523550198905,0.06466064598863336,0.8784622006856847,0.9771060119735836,-0.0986438112878989,less_pure,
GSM4138157,35,3,15,0.06666666666666667,0.2,0.2919464371876184,0.050310624372818004,1.0,,,ambiguous,
GSM4138157,35,4,19,0.15789473684210525,0.10526315789473684,0.21414160535540439,0.06815884522082376,1.0,,,ambiguous,
GSM4138157,35,5,31,0.1935483870967742,0.12903225806451613,0.2813571112508827,0.06199782917600169,0.8822893391944083,,,ambiguous,
GSM4138158,3,1,277,0.0036101083032490976,0.01444043321299639,0.3103064665447759,0.05374294277793917,0.8953909489090076,,,ambiguous,
GSM4138158,4,1,275,0.0036363636363636364,0.02909090909090909,0.5160505136149492,0.056089289027563306,0.8990372377107105,,,ambiguous,
GSM4138158,5,1,276,0.0036231884057971015,0.028985507246376812,0.40652466128900794,0.06231094500068328,0.8973834055759495,,,ambiguous,
GSM4138158,6,1,272,0.0,0.03308823529411765,0.30775785209466916,0.0695017011597874,0.9039463259653716,,,ambiguous,
GSM4138158,7,1,268,0.0,0.018656716417910446,0.24895288772486476,0.07404986370283784,0.9295715463367556,,,no_baseline,
GSM4138158,8,1,268,0.0,0.018656716417910446,0.20730821955647408,0.08341069652753601,0.9295715463367556,,,no_baseline,
GSM4138158,9,1,266,0.0,0.022556390977443608,0.1645233692411215,0.08881151710590982,0.9410311607422924,,,no_baseline,
GSM4138158,10,1,220,0.022727272727272728,0.06363636363636363,-0.004383829227246365,0.14957330281380865,0.960017448473548,0.9577852629673984,0.0022321855061495,tie,0.0155316900637429
GSM4138158,10,2,43,0.09302325581395349,0.13953488372093023,0.03433336557564116,0.12200748446899531,0.968852038785162,0.98524799556037,-0.0163959567752079,tie,0.0163959567752079
GSM4138158,11,1,270,0.003703703703703704,0.022222222222222223,0.12888774049199916,0.08379722290228614,0.9210505693943016,,,ambiguous,
GSM4138158,12,1,219,0.0228310502283105,0.0684931506849315,-0.0009573695930719015,0.14793984029917662,0.9600257014766186,0.9577852629673984,0.0022404385092201,tie,0.0155718119991644
GSM4138158,12,2,45,0.08888888888888889,0.15555555555555556,0.05531100026526506,0.10940503671322005,0.9726374535449928,0.98524799556037,-0.0126105420153772,tie,0.0126105420153772
GSM4138158,13,1,218,0.027522935779816515,0.07339449541284404,0.005589910576011501,0.14611140526960492,0.9634719548477954,0.9577852629673984,0.0056866918803969,tie,0.0121255586279876
GSM4138158,13,2,45,0.08888888888888889,0.13333333333333333,0.028027120620728308,0.11364530227164592,0.9746002240330242,0.98524799556037,-0.0106477715273458,tie,0.0106477715273459
GSM4138158,14,1,218,0.027522935779816515,0.07339449541284404,-0.000787540347271914,0.1495964902587278,0.9634719548477954,0.9577852629673984,0.0056866918803969,tie,0.0121255586279876
GSM4138158,14,2,46,0.08695652173913043,0.06521739130434782,0.019652926814335295,0.11529833449577664,0.9733626153768709,0.98524799556037,-0.0118853801834991,tie,0.0118853801834993
GSM4138158,15,1,240,0.025,0.0625,0.05875383135322355,0.12898099895208917,0.9282848569555708,,,no_baseline,
GSM4138158,15,2,37,0.0,0.1891891891891892,0.1198608583145562,0.10112332632503529,0.9499824410065132,0.98524799556037,-0.0352655545538568,tie,0.0352655545538568
GSM4138158,16,1,277,0.05054151624548736,0.10108303249097472,0.2169990979687906,0.05333637232349322,0.8965181318576152,,,ambiguous,
GSM4138158,17,1,277,0.04693140794223827,0.148014440433213,0.5353772179442128,0.012995080296958929,0.895562265736303,,,ambiguous,
GSM4138158,18,1,278,0.025179856115107913,0.09352517985611511,0.4358668760615581,0.012948673924243011,0.8955717529007992,,,ambiguous,
GSM4138158,19,1,77,0.025974025974025976,0.15584415584415584,0.45609547206702866,0.05144596812423946,0.9710141240876334,,,no_baseline,
GSM4138158,19,2,23,0.08695652173913043,0.13043478260869565,0.4025610350154025,0.08688094209223593,1.0,,,no_baseline,
GSM4138158,19,3,126,0.10317460317460317,0.19047619047619047,0.43076664015910504,0.05604957720892707,0.9115220417216016,,,ambiguous,
GSM4138158,19,4,53,0.07547169811320754,0.20754716981132076,0.4569089418028934,0.058977169423250805,0.956442125748736,,,ambiguous,
GSM4138158,20,1,174,0.08045977011494253,0.06321839080459771,-0.02389638620046746,0.14503787664194434,0.9889969962282096,0.9577852629673984,0.0312117332608111,tie,0.0
GSM4138158,20,2,79,0.10126582278481013,0.12658227848101267,0.06711979176072362,0.11972879792106295,0.9195830424091648,0.9728171800182522,-0.0532341376090874,less_pure,0.0532341376090873
GSM4138158,20,3,23,0.0,0.043478260869565216,-0.046024297029474324,0.13646497832186094,0.98394650777816,0.98524799556037,-0.00130148778221,tie,0.00130148778221
GSM4138158,21,1,101,0.13861386138613863,0.19801980198019803,0.11025225092360005,0.105391772836354,0.8994672761279253,0.9728171800182522,-0.0733499038903269,less_pure,
GSM4138158,21,2,172,0.11627906976744186,0.046511627906976744,-0.013561776046347711,0.14532326431708628,0.9889495527338518,0.9577852629673984,0.0311642897664533,tie,
GSM4138158,22,1,174,0.09195402298850575,0.06321839080459771,-0.016430441156459627,0.14137234575284116,0.9887561688475592,0.9577852629673984,0.0309709058801608,tie,
GSM4138158,22,2,75,0.13333333333333333,0.12,0.062264979647515976,0.12696995726152796,0.9175911421130012,0.9728171800182522,-0.055226037905251,less_pure,
GSM4138158,22,3,24,0.041666666666666664,0.08333333333333333,-0.05926502434516321,0.1482144690387194,0.9836737996587906,0.98524799556037,-0.0015741959015793,tie,
GSM4138158,23,1,174,0.09770114942528736,0.05172413793103448,-0.015930089631510682,0.14157593591977954,0.9887561688475592,0.9577852629673984,0.0309709058801608,tie,
GSM4138158,23,2,76,0.14473684210526316,0.13157894736842105,0.054703832828033594,0.12796301888617875,0.9238310535167916,0.9728171800182522,-0.0489861265014606,tie,
GSM4138158,23,3,23,0.043478260869565216,0.08695652173913043,-0.05351583722350091,0.14781252243538606,0.9843392228366392,0.98524799556037,-0.0009087727237307,tie,
GSM4138158,24,1,272,0.025735294117647058,0.15073529411764705,0.32020835037988565,0.03453994029000102,0.8945348202503257,0.98524799556037,-0.0907131753100443,less_pure,
GSM4138158,25,2,56,0.17857142857142858,0.07142857142857142,0.21412688879347433,0.08841633476739716,0.9606814976560988,0.9711664758645068,-0.0104849782084079,tie,
GSM4138158,25,3,72,0.1388888888888889,0.20833333333333334,0.32405557089712633,0.06948371652447702,0.8834506749801909,,,ambiguous,
GSM4138158,25,4,100,0.17,0.09,0.26708482501528624,0.08365263969236171,0.9537395348636464,,,no_baseline,
GSM4138158,25,6,34,0.11764705882352941,0.08823529411764706,0.2933400993015265,0.06856115272931444,0.9927141959903232,,,ambiguous,
GSM4138158,26,1,91,0.13186813186813187,0.17582417582417584,0.08455660412454663,0.08628323100794552,0.904623384247462,,,ambiguous,
GSM4138158,26,2,80,0.1625,0.0625,0.04548576919246937,0.11223283160130795,0.9841240375464432,,,ambiguous,
GSM4138158,26,4,96,0.16666666666666666,0.0625,0.05228917156682037,0.10533827898386822,0.9607256601179992,,,ambiguous,
GSM4138158,27,1,193,0.07253886010362694,0.14507772020725387,0.10751584768613189,0.06271950821023195,0.8966799086267793,,,ambiguous,
GSM4138158,27,3,62,0.20967741935483872,0.06451612903225806,0.03885104205530292,0.10713516754370112,0.9835569140527812,,,ambiguous,
GSM4138158,28,1,278,0.0,0.017985611510791366,0.14079249794379597,0.04201195304239334,0.8955717529007992,,,ambiguous,
GSM4138158,29,1,164,0.11585365853658537,0.1951219512195122,0.1782561218915216,0.06435277606109269,0.8981250753621944,,,ambiguous,
GSM4138158,29,2,42,0.023809523809523808,0.11904761904761904,0.1809140208485632,0.05367464509405223,0.9756887412655928,,,ambiguous,
GSM4138158,29,3,39,0.10256410256410256,0.02564102564102564,0.05653061003581365,0.09171249427546035,0.988144252484856,0.9711664758645068,0.0169777766203492,tie,
GSM4138158,29,8,16,0.125,0.0,0.04933770640023633,0.0832986961939225,1.0,,,ambiguous,
GSM4138158,30,1,261,0.08812260536398467,0.16091954022988506,0.2854556313651642,0.025085452199729137,0.8935264521283869,,,ambiguous,
GSM4138158,31,1,21,0.14285714285714285,0.047619047619047616,0.20941587625349647,0.04971994782102943,0.9933976935400902,0.9711664758645068,0.0222312176755834,tie,
GSM4138158,31,2,110,0.07272727272727272,0.17272727272727273,0.2398530148385957,0.051836032511348565,0.9518828950682392,,,ambiguous,
GSM4138158,31,3,101,0.1188118811881188,0.1782178217821782,0.23760293143515684,0.04928638503604936,0.8969594110433469,,,ambiguous,
GSM4138158,31,5,47,0.10638297872340426,0.06382978723404255,0.1721265989770282,0.05702131001175148,0.9706516963942686,,,ambiguous,
GSM4138158,32,1,282,0.08156028368794327,0.1276595744680851,0.12421291183533287,0.05269741045476316,0.8908521723578889,,,no_baseline,
GSM4138158,33,1,33,0.15151515151515152,0.09090909090909091,0.14573675460555574,0.060804805608850834,0.992705314472581,,,ambiguous,
GSM4138158,33,2,137,0.13138686131386862,0.1386861313868613,0.1526388587127556,0.06027706463963597,0.8965725549534294,,,ambiguous,
GSM4138158,33,3,104,0.07692307692307693,0.08653846153846154,0.13038321638108277,0.06598241501803306,0.968337848213927,,,no_baseline,
GSM4138158,34,1,177,0.062146892655367235,0.20903954802259886,0.28950859030346354,0.04223711907863063,0.8849933234350935,,,ambiguous,
GSM4138158,34,2,36,0.05555555555555555,0.05555555555555555,0.19674988667259816,0.05353073701676428,0.993105813903701,0.9711664758645068,0.0219393380391942,tie,
GSM4138158,34,5,33,0.24242424242424243,0.0,0.12184549141511196,0.09170797959463411,0.9865153810360652,,,ambiguous,
GSM4138158,34,9,25,0.12,0.0,0.09877031124990478,0.08716434473144792,0.9712454213199764,,,ambiguous,
GSM4138158,35,1,178,0.07303370786516854,0.24157303370786518,0.3259327137063425,0.053798175303807955,0.8975438232338373,,,no_baseline,
GSM4138158,35,2,39,0.0,0.10256410256410256,0.32279385801212435,0.03581408740529097,0.9897184364822998,,,ambiguous,
GSM4138158,35,3,27,0.0,0.1111111111111111,0.28510016569423213,0.050291103821979294,1.0,,,ambiguous,
GSM4138158,35,5,28,0.14285714285714285,0.07142857142857142,0.18062590050595242,0.08274944763856931,0.9778452913646822,,,ambiguous,
GSM4138159,3,1,46,0.15217391304347827,0.1956521739130435,0.08246775249676375,0.2045774858975746,0.9012987074404556,,,ambiguous,
GSM4138159,3,2,88,0.19318181818181818,0.22727272727272727,0.7227549104939069,0.14757673614650588,0.7706742052670038,,,ambiguous,
GSM4138159,4,1,50,0.16,0.12,0.10908339925617094,0.15177149922492408,0.950907559926564,,,ambiguous,
GSM4138159,4,2,75,0.05333333333333334,0.14666666666666667,0.6211354646714149,0.13602773838114585,0.7414897667455603,,,ambiguous,
GSM4138159,5,1,50,0.16,0.18,0.10166850710668142,0.15058038146261243,0.950907559926564,,,ambiguous,
GSM4138159,5,2,74,0.06756756756756757,0.16216216216216217,0.5484867797939229,0.13358683015412395,0.7255477856648588,,,ambiguous,
GSM4138159,6,1,53,0.16981132075471697,0.22641509433962265,0.21400687656607137,0.13543917731089478,0.9410856453243512,,,ambiguous,
GSM4138159,6,2,50,0.12,0.12,0.3737565054308676,0.09004755326616927,0.7598414970023137,0.774082064685566,-0.0142405676832522,tie,0.0264882020262799
GSM4138159,6,3,20,0.3,0.3,0.0729762779881792,0.1528139075641043,0.9735035046871444,0.8696457764255141,0.1038577282616303,purer,0.0
GSM4138159,7,1,53,0.1509433962264151,0.22641509433962265,0.2571396831298746,0.12325615974067684,0.9410856453243512,,,no_baseline,
GSM4138159,7,2,45,0.15555555555555556,0.08888888888888889,0.16089419057715526,0.13957516629327504,0.8089205054940727,0.774082064685566,0.0348384408085067,tie,0.014851268655767
GSM4138159,7,3,18,0.2222222222222222,0.2222222222222222,0.231581663257885,0.1170396505102466,0.9708356744047856,0.8696457764255141,0.1011898979792714,purer,0.0
GSM4138159,8,1,53,0.1320754716981132,0.22641509433962265,0.2298821866465663,0.12296092481027332,0.9410856453243512,,,no_baseline,
GSM4138159,8,2,45,0.13333333333333333,0.08888888888888889,0.1883117739294869,0.13082663836534866,0.8089205054940727,0.774082064685566,0.0348384408085067,tie,0.014851268655767
GSM4138159,8,3,18,0.2777777777777778,0.16666666666666666,0.18132590576047278,0.13482165042353023,0.9708356744047856,0.8696457764255141,0.1011898979792714,purer,0.0
GSM4138159,9,1,54,0.14814814814814814,0.24074074074074073,0.21742690709995394,0.11926931398784853,0.9233524300960048,,,no_baseline,
GSM4138159,9,2,45,0.13333333333333333,0.15555555555555556,0.20741349768209763,0.11942861779868146,0.8089205054940727,0.774082064685566,0.0348384408085067,tie,0.014851268655767
GSM4138159,9,3,16,0.3125,0.125,0.10338439752267581,0.1378647162579102,0.9729532809172062,0.8696457764255141,0.1033075044916921,purer,0.0
GSM4138159,10,1,36,0.05555555555555555,0.2777777777777778,0.14692435487045222,0.10053984796394576,0.958876157576403,0.9468764067983804,0.0119997507780226,tie,-0.000302887461212
GSM4138159,10,3,46,0.06521739130434782,0.2608695652173913,0.2014587412857805,0.11925493872965083,0.8172620913720567,0.774082064685566,0.0431800266864907,tie,0.0065096827777829
GSM4138159,10,4,16,0.125,0.25,0.1501201673949405,0.12835049958128344,0.9729532809172062,0.8696457764255141,0.1033075044916921,purer,0.0
GSM4138159,11,1,54,0.1111111111111111,0.24074074074074073,0.1542853003791022,0.11609973554285888,0.9297769282995094,,,ambiguous,
GSM4138159,11,2,45,0.13333333333333333,0.15555555555555556,0.1611481756294461,0.1279411885829113,0.8089205054940727,0.774082064685566,0.0348384408085067,tie,0.014851268655767
GSM4138159,11,3,16,0.3125,0.1875,0.08481140624526258,0.13409931981319578,0.9729532809172062,0.8696457764255141,0.1033075044916921,purer,0.0
GSM4138159,12,1,35,0.02857142857142857,0.2571428571428571,0.12340086673087196,0.10424111982957183,0.958545633698794,0.9468764067983804,0.0116692269004136,tie,0.0066765060338089
GSM4138159,12,3,46,0.06521739130434782,0.2608695652173913,0.17494066323906682,0.12016205848192524,0.8172620913720567,0.774082064685566,0.0431800266864907,tie,0.0065096827777829
GSM4138159,12,4,16,0.125,0.1875,0.13573181745913213,0.1181757989635297,0.9729532809172062,0.8696457764255141,0.1033075044916921,purer,0.0
GSM4138159,13,1,37,0.02702702702702703,0.2702702702702703,0.11219097405862238,0.10643425746979691,0.9585261368230338,0.9468764067983804,0.0116497300246534,tie,0.0005835424583823
GSM4138159,13,3,48,0.041666666666666664,0.22916666666666666,0.17274399236202762,0.11724758762362457,0.8221683201176513,0.774082064685566,0.0480862554320853,tie,0.0016034540321884
GSM4138159,13,4,15,0.13333333333333333,0.2,0.13916762990362874,0.11203951911070183,0.9724161174370888,0.8696457764255141,0.1027703410115746,purer,0.0
GSM4138159,14,1,33,0.030303030303030304,0.30303030303030304,0.11730532622764177,0.10116647982025274,0.9573735732866906,0.9468764067983804,0.0104971664883102,tie,0.0097956475506508
GSM4138159,14,3,44,0.06818181818181818,0.22727272727272727,0.1815119549462899,0.11063280993691733,0.8265876274154917,0.774082064685566,0.0525055627299257,purer,-0.002815853265652
GSM4138159,14,4,16,0.0625,0.1875,0.16453737428630968,0.10932408282266742,0.983011753359908,0.8696457764255141,0.1133659769343938,purer,0.0
GSM4138159,15,1,46,0.021739130434782608,0.21739130434782608,0.22045927761573117,0.10894467508233034,0.8879528223352231,,,no_baseline,
GSM4138159,15,2,34,0.0,0.6470588235294118,0.7926464214667046,0.044476120324346585,0.856082249160297,,,no_baseline,
GSM4138159,15,3,27,0.14814814814814814,0.5185185185185185,0.40360800029488364,0.09064774287505467,0.9330044428316822,,,ambiguous,
GSM4138159,16,1,132,0.015151515151515152,0.19696969696969696,0.30330865827860265,0.035448165048083874,0.7334372078259165,,,ambiguous,
GSM4138159,17,1,129,0.07751937984496124,0.26356589147286824,0.5136758877805253,0.02398517371122451,0.7292001878706018,,,ambiguous,
GSM4138159,18,1,132,0.022727272727272728,0.15151515151515152,0.39858697089445194,0.019107584264341237,0.7334372078259165,,,ambiguous,
GSM4138159,19,3,37,0.2702702702702703,0.32432432432432434,0.49975253462926394,0.07545141948829015,0.8160755989384472,,,ambiguous,
GSM4138159,19,4,32,0.34375,0.0625,0.1624644320624509,0.10501427511373994,0.9051261471810188,,,ambiguous,
GSM4138159,19,7,32,0.21875,0.0625,0.20987462731198386,0.10006995088863095,0.9345191588167738,,,ambiguous,
GSM4138159,20,1,32,0.0,0.1875,0.11739035746517867,0.10358453253894566,0.9583003372717273,0.9468764067983804,0.0114239304733468,tie,0.0168978070890745
GSM4138159,20,2,26,0.19230769230769232,0.38461538461538464,0.17457975415729246,0.12763421790679622,0.94421133281786,,,no_baseline,
GSM4138159,20,4,20,0.2,0.2,0.11190019895411603,0.1156599494759866,0.9704074075688318,0.8696457764255141,0.1007616311433177,purer,0.014704867433722
GSM4138159,20,7,24,0.08333333333333333,0.2916666666666667,0.1355976456139216,0.10816694909347484,0.8829285891253892,0.774082064685566,0.1088465244398232,purer,-0.0142146832374387
GSM4138159,21,1,24,0.16666666666666666,0.25,0.18481009284451433,0.11672434910767128,0.9292954593086656,,,no_baseline,
GSM4138159,21,12,19,0.21052631578947367,0.15789473684210525,0.05041016090622149,0.16958816220989806,0.9442694389059322,,,ambiguous,
GSM4138159,21,2,30,0.06666666666666667,0.26666666666666666,0.12633489950246674,0.09604569757796895,0.9658219618424168,0.9468764067983804,0.0189455550440363,tie,
GSM4138159,21,3,18,0.2222222222222222,0.1111111111111111,0.10183905364453412,0.11421304723514417,0.9852608915805804,0.8696457764255141,0.1156151151550662,purer,
GSM4138159,22,1,27,0.037037037037037035,0.37037037037037035,0.10444636417175526,0.09615786912342655,0.9600781637208256,0.9468764067983804,0.0132017569224451,tie,
GSM4138159,22,14,20,0.2,0.2,0.05225498476133211,0.16075911042231436,0.954360080077778,,,ambiguous,
GSM4138159,22,2,16,0.1875,0.375,0.2136760354827633,0.11851891739418473,1.0,,,no_baseline,
GSM4138159,22,4,18,0.2222222222222222,0.2222222222222222,0.10360369489209374,0.10944475505611635,0.9852815417001184,0.8696457764255141,0.1156357652746042,purer,
GSM4138159,23,13,20,0.2,0.25,0.045155532668979426,0.16172524967646174,0.954360080077778,,,ambiguous,
GSM4138159,23,4,18,0.16666666666666666,0.1111111111111111,0.08782993267105367,0.110882694983758,0.9852815417001184,0.8696457764255141,0.1156357652746042,purer,
GSM4138159,23,7,24,0.125,0.125,0.015218186400915204,0.14334193471715662,0.9289969207228588,,,ambiguous,
GSM4138159,24,1,81,0.12345679012345678,0.35802469135802467,0.44592179579087887,0.03878568575669375,0.7935147400934722,,,no_baseline,
GSM4138159,24,2,35,0.34285714285714286,0.2571428571428571,0.23633753701313417,0.09534977192484567,0.9353218106767288,,,ambiguous,
GSM4138159,25,1,15,0.2,0.26666666666666666,0.34982780909951067,0.06547796214286256,0.9535193099295344,,,ambiguous,
GSM4138159,25,2,37,0.0,0.6486486486486487,0.6282929194433543,0.029764948602945082,0.9186003548034176,0.774082064685566,0.1445182901178516,purer,
GSM4138159,25,3,44,0.06818181818181818,0.6818181818181818,0.6617058185231657,0.045745254898867965,0.8094635628289634,,,ambiguous,
GSM4138159,25,5,22,0.045454545454545456,0.22727272727272727,0.24182487247822063,0.07174074832146275,0.9641875535145784,,,no_baseline,
GSM4138159,26,1,102,0.058823529411764705,0.5392156862745098,0.23984538204995232,0.054794121560642436,0.7273881520034011,,,ambiguous,
GSM4138159,26,4,21,0.2857142857142857,0.23809523809523808,0.08280305283551488,0.09842221907051589,0.9531041399667332,,,ambiguous,
GSM4138159,27,1,87,0.14942528735632185,0.3563218390804598,0.15979434013860794,0.0659319227618428,0.779684553602844,,,ambiguous,
GSM4138159,27,13,15,0.13333333333333333,0.13333333333333333,0.08868971814395374,0.08349641139514136,1.0,,,ambiguous,
GSM4138159,27,8,22,0.18181818181818182,0.18181818181818182,0.09423468249943628,0.0869134651175916,0.942481639891779,,,ambiguous,
GSM4138159,28,1,127,0.015748031496062992,0.31496062992125984,0.3168778077500035,0.023997750316519788,0.7016065712083426,,,ambiguous,
GSM4138159,29,1,55,0.16363636363636364,0.32727272727272727,0.2364725506700153,0.06430911477465252,0.8116053826364197,,,ambiguous,
GSM4138159,29,11,15,0.3333333333333333,0.13333333333333333,0.09844581621173425,0.08579863284796556,0.9478221668274684,,,ambiguous,
GSM4138159,29,2,22,0.18181818181818182,0.18181818181818182,0.1547028199085997,0.08652318801371083,0.8839287187998744,,,ambiguous,
GSM4138159,29,3,39,0.1794871794871795,0.07692307692307693,0.0699803645285705,0.09454539115666706,0.9223194820336372,0.774082064685566,0.1482374173480712,purer,
GSM4138159,30,1,99,0.20202020202020202,0.3838383838383838,0.3589499535673139,0.03129908989751955,0.7682724239630577,,,ambiguous,
GSM4138159,30,6,18,0.3888888888888889,0.0,0.06638253765514181,0.09714647946533082,0.9492457583526338,,,ambiguous,
GSM4138159,31,1,15,0.06666666666666667,0.3333333333333333,0.3954312779498619,0.03621893454844579,1.0,0.774082064685566,0.225917935314434,purer,
GSM4138159,31,2,64,0.09375,0.390625,0.37151090906667045,0.027767182107223898,0.8138282678274428,,,ambiguous,
GSM4138159,31,3,46,0.06521739130434782,0.5869565217391305,0.4211852211439003,0.028617826276516153,0.8535013149064756,,,ambiguous,
GSM4138159,32,1,140,0.18571428571428572,0.2785714285714286,0.1621415361842094,0.06218468874508665,0.7272305800783054,,,no_baseline,
GSM4138159,33,1,19,0.05263157894736842,0.42105263157894735,0.27481651556593717,0.040194896027688845,1.0,,,ambiguous,
GSM4138159,33,2,75,0.10666666666666667,0.5733333333333334,0.2918411368232747,0.06044790624287724,0.7950325258926036,,,ambiguous,
GSM4138159,33,3,34,0.14705882352941177,0.29411764705882354,0.19123928572806145,0.06096874743898843,0.901135977537712,,,no_baseline,
GSM4138159,34,1,51,0.11764705882352941,0.5686274509803921,0.41146315928338756,0.039002040849839104,0.8152411808736675,,,ambiguous,
GSM4138159,34,3,28,0.10714285714285714,0.03571428571428571,0.17000547731720866,0.06319491243561491,0.949333309769808,,,no_baseline,
GSM4138159,34,5,46,0.1956521739130435,0.15217391304347827,0.21363627602317475,0.07721085209747053,0.8476239171787481,,,ambiguous,
GSM4138159,35,1,51,0.1568627450980392,0.35294117647058826,0.33366254723974414,0.06694363949656582,0.8360033509346598,,,no_baseline,
GSM4138159,35,5,31,0.12903225806451613,0.25806451612903225,0.3092085959429193,0.05847523022958208,0.9062333306521916,,,ambiguous,
GSM4138160,3,1,485,0.0,0.002061855670103093,0.1422715932715011,0.06463708455836283,0.8973504704889755,,,ambiguous,
GSM4138160,3,3,23,0.0,0.043478260869565216,0.1086624671532915,0.029069076822943647,0.980833886723325,,,ambiguous,
GSM4138160,4,1,485,0.0,0.008247422680412371,0.3175645260454947,0.08165465027355308,0.8973504704889755,,,ambiguous,
GSM4138160,4,3,23,0.0,0.043478260869565216,0.003972987383840501,0.0810949080284875,0.980833886723325,,,ambiguous,
GSM4138160,5,1,485,0.0,0.006185567010309278,0.24770137747479454,0.08504335073789268,0.8973504704889755,,,ambiguous,
GSM4138160,5,3,23,0.0,0.043478260869565216,-0.00036733957741165625,0.08390913451440567,0.980833886723325,,,ambiguous,
GSM4138160,6,1,485,0.0,0.006185567010309278,0.16587907949589561,0.09433544587048948,0.9020943888560352,,,ambiguous,
GSM4138160,6,5,22,0.0,0.0,-0.24538096122371938,0.20639259498357526,0.9826077730887752,0.980833886723325,0.0017738863654501,tie,0.0
GSM4138160,7,1,481,0.0,0.004158004158004158,0.13656800245329298,0.10193236311172092,0.9194571607494754,,,no_baseline,
GSM4138160,7,6,22,0.0,0.0,-0.18996509447939627,0.19995324583156326,0.9826077730887752,0.980833886723325,0.0017738863654501,tie,0.0
GSM4138160,8,1,481,0.0,0.008316008316008316,0.12365665178556709,0.09695256959948854,0.9194571607494754,,,no_baseline,
GSM4138160,8,6,22,0.0,0.0,-0.15876989295694155,0.1964094844440346,0.9826077730887752,0.980833886723325,0.0017738863654501,tie,0.0
GSM4138160,9,1,480,0.0,0.014583333333333334,0.10208172778998957,0.10063125229910841,0.9189586536240124,,,no_baseline,
GSM4138160,9,6,23,0.0,0.043478260869565216,-0.043287133888998006,0.1721032761956882,0.980833886723325,0.980833886723325,0.0,tie,0.0
GSM4138160,10,1,414,0.07004830917874397,0.057971014492753624,-0.031221576194288014,0.14045584176210896,0.9398099476786864,0.940852276736166,-0.0010423290574795,tie,0.0267168453908602
GSM4138160,10,2,65,0.09230769230769231,0.1076923076923077,-0.014726373382621248,0.14827219944791595,0.9587210442728092,0.9900033659049698,-0.0312823216321606,tie,0.0312823216321607
GSM4138160,10,7,23,0.0,0.043478260869565216,-0.08747208554754078,0.24099086506919637,0.980833886723325,0.980833886723325,0.0,tie,0.0
GSM4138160,11,1,482,0.0,0.012448132780082987,0.0945477879484986,0.09252983943127462,0.9140249351178305,,,ambiguous,
GSM4138160,11,6,22,0.0,0.0,-0.12401685723436318,0.21731748825798275,0.9826077730887752,0.980833886723325,0.0017738863654501,tie,0.0
GSM4138160,12,1,409,0.07334963325183375,0.061124694376528114,-0.018368566534435873,0.13915701390648144,0.9425071165839448,0.940852276736166,0.0016548398477788,tie,0.0246599908816849
GSM4138160,12,2,69,0.10144927536231885,0.08695652173913043,-0.02586132708941754,0.1497245281124813,0.9602521359547022,0.9900033659049698,-0.0297512299502676,tie,0.0297512299502676
GSM4138160,12,7,23,0.0,0.043478260869565216,-0.08340734516857756,0.2485904961779091,0.980833886723325,0.980833886723325,0.0,tie,0.0
GSM4138160,13,1,413,0.07263922518159806,0.06053268765133172,-0.009389097754438464,0.13711112803886394,0.9393514338278184,0.940852276736166,-0.0015008429083476,tie,0.0267057683099132
GSM4138160,13,2,66,0.12121212121212122,0.06060606060606061,-0.021515738627288387,0.1478993845955679,0.9601998808485408,0.9900033659049698,-0.029803485056429,tie,0.0298034850564291
GSM4138160,13,6,23,0.0,0.043478260869565216,-0.054741834284228304,0.22242452118754794,0.980833886723325,0.980833886723325,0.0,tie,0.0
GSM4138160,14,1,412,0.0825242718446602,0.050970873786407765,-0.009974568068975788,0.13831956084035282,0.9392416750870132,0.940852276736166,-0.0016106016491528,tie,0.0269556770149435
GSM4138160,14,2,66,0.15151515151515152,0.06060606060606061,-0.02521876125447572,0.1474594518878143,0.9590178389818664,0.9900033659049698,-0.0309855269231034,tie,0.0309855269231033
GSM4138160,14,7,23,0.0,0.043478260869565216,-0.04247777629555831,0.20703367763879468,0.980833886723325,0.980833886723325,0.0,tie,0.0
GSM4138160,15,1,431,0.03944315545243619,0.058004640371229696,0.029940268814063063,0.11781646651657074,0.9250421804664584,,,no_baseline,
GSM4138160,15,2,54,0.05555555555555555,0.1111111111111111,0.037122604870078985,0.14377866894769792,0.9398474611694868,0.9900033659049698,-0.050155904735483,less_pure,0.050155904735483
GSM4138160,15,4,22,0.045454545454545456,0.045454545454545456,0.05333052175634565,0.09968334256809225,0.9799809267543612,0.980833886723325,-0.0008529599689638,tie,0.0
GSM4138160,16,1,485,0.05979381443298969,0.1134020618556701,0.24439773558008424,0.04552848960761564,0.8973504704889755,,,ambiguous,
GSM4138160,16,2,22,0.0,0.0,-0.009913667176786456,0.11704353580498524,0.9799809267543612,,,ambiguous,
GSM4138160,17,1,483,0.051759834368530024,0.2629399585921325,0.5801388252504546,0.010140392819009476,0.8970156359462313,,,ambiguous,
GSM4138160,17,2,23,0.043478260869565216,0.0,0.027267685007979,0.08702180434966801,0.980833886723325,0.980833886723325,0.0,tie,0.0
GSM4138160,18,1,485,0.02268041237113402,0.14845360824742268,0.47560807902221836,0.010272725397795585,0.8973504704889755,,,ambiguous,
GSM4138160,19,1,171,0.09941520467836257,0.29239766081871343,0.5226005800681467,0.056116979511491305,0.9017903753049537,,,no_baseline,
GSM4138160,19,2,34,0.058823529411764705,0.08823529411764706,0.19889073371694121,0.08751724984793856,0.9389568183929358,0.980833886723325,-0.0418770683303892,tie,0.0418770683303892
GSM4138160,19,3,191,0.08900523560209424,0.27225130890052357,0.477346505399209,0.0547641932830582,0.9145485720165316,,,ambiguous,
GSM4138160,19,4,108,0.08333333333333333,0.2777777777777778,0.45424579832470835,0.057530123355347074,0.9303520376139996,,,ambiguous,
GSM4138160,20,1,353,0.1048158640226629,0.08498583569405099,-0.004677269115393904,0.13128639162620562,0.9697800379575768,0.940852276736166,0.0289277612214108,tie,0.0
GSM4138160,20,2,83,0.27710843373493976,0.13253012048192772,-0.0016744126271503745,0.14746230111053638,0.8843360570859243,0.9625059869198346,-0.0781699298339102,less_pure,0.0781699298339102
GSM4138160,20,3,49,0.08163265306122448,0.061224489795918366,-0.051124536134927165,0.1499211338296689,0.980626465055982,0.9900033659049698,-0.0093769008489877,tie,0.0088734120295483
GSM4138160,20,8,22,0.0,0.0,-0.059463739285892124,0.1936320741971126,0.9826077730887752,,,ambiguous,
GSM4138160,21,1,141,0.23404255319148937,0.19858156028368795,0.060308328187246754,0.11996329665690039,0.884359833597603,0.9625059869198346,-0.0781461533222316,less_pure,
GSM4138160,21,2,339,0.15339233038348082,0.09144542772861357,0.016983707950146292,0.12706966121246646,0.962115889331729,0.940852276736166,0.0212636125955629,tie,
GSM4138160,21,5,23,0.0,0.043478260869565216,-0.012046788231131334,0.19135572005730012,0.980833886723325,0.980833886723325,0.0,tie,
GSM4138160,22,1,352,0.13636363636363635,0.10227272727272728,0.002154219287983546,0.12624893532156725,0.9691573709382804,0.940852276736166,0.0283050942021143,tie,
GSM4138160,22,2,78,0.28205128205128205,0.1282051282051282,-0.009765210913829142,0.1477078256314868,0.8812344597079036,0.9625059869198346,-0.0812715272119309,less_pure,
GSM4138160,22,3,50,0.1,0.08,-0.05132213271279167,0.14829792938735925,0.9883864818383264,0.9900033659049698,-0.0016168840666433,tie,
GSM4138160,22,6,23,0.0,0.043478260869565216,-0.009920900401510413,0.17825259696683216,0.980833886723325,0.980833886723325,0.0,tie,
GSM4138160,23,1,355,0.13802816901408452,0.09577464788732394,-0.0022838832820481114,0.12836998847279213,0.9694521173572432,0.940852276736166,0.0285998406210772,tie,
GSM4138160,23,2,76,0.3026315789473684,0.10526315789473684,-0.015291869621421308,0.14842990616017138,0.8799470539772218,0.9625059869198346,-0.0825589329426127,less_pure,
GSM4138160,23,3,49,0.10204081632653061,0.061224489795918366,-0.04914837082783413,0.14876897204303227,0.980626465055982,0.9900033659049698,-0.0093769008489877,tie,
GSM4138160,23,6,23,0.0,0.043478260869565216,-0.009063374202585267,0.1767735964884869,0.980833886723325,0.980833886723325,0.0,tie,
GSM4138160,24,1,481,0.014553014553014554,0.24532224532224534,0.3410157612540517,0.028978875981675138,0.8956790460234736,0.9900033659049698,-0.0943243198814962,less_pure,
GSM4138160,24,4,23,0.08695652173913043,0.043478260869565216,0.044739362211981576,0.09658739879657005,0.980833886723325,0.980833886723325,0.0,tie,
GSM4138160,25,1,22,0.13636363636363635,0.09090909090909091,0.24991560492078665,0.0679019738120222,0.9886859083534224,,,ambiguous,
GSM4138160,25,2,138,0.18115942028985507,0.13043478260869565,0.2608919768311939,0.07993078439307715,0.9375135287434172,0.96831801867635,-0.0308044899329328,tie,
GSM4138160,25,3,203,0.11822660098522167,0.20689655172413793,0.31179184221807793,0.06479442262692428,0.8906080482016582,,,ambiguous,
GSM4138160,25,4,120,0.3333333333333333,0.058333333333333334,0.20495158408899902,0.10833035537267913,0.9158482075876406,0.980833886723325,-0.0649856791356844,less_pure,
GSM4138160,26,1,296,0.11486486486486487,0.23310810810810811,0.0953151390959237,0.083148114882396,0.8884010600041028,,,ambiguous,
GSM4138160,26,14,24,0.20833333333333334,0.0,-0.05462179991851309,0.15414050014007533,0.9464707919585732,,,ambiguous,
GSM4138160,26,2,150,0.20666666666666667,0.14666666666666667,0.050462499732266866,0.10170609523461878,0.9381475186442868,,,ambiguous,
GSM4138160,26,4,32,0.28125,0.09375,0.03138377129427085,0.1168843043603253,0.9859577811690596,,,ambiguous,
GSM4138160,27,1,329,0.1276595744680851,0.3009118541033435,0.11895425997782288,0.06937382096581891,0.8999646395023637,,,ambiguous,
GSM4138160,27,11,47,0.14893617021276595,0.10638297872340426,0.025987173362252872,0.09266070115903284,0.928269107213396,,,ambiguous,
GSM4138160,27,3,108,0.25,0.05555555555555555,0.038628179120557576,0.09994546934665248,0.9608892400668956,,,ambiguous,
GSM4138160,28,1,485,0.0,0.002061855670103093,0.1390979371083972,0.045976505892673734,0.8973504704889755,,,ambiguous,
GSM4138160,28,9,22,0.13636363636363635,0.0,-0.0012907111090143136,0.13546376611157196,0.9826077730887752,,,ambiguous,
GSM4138160,29,1,369,0.12195121951219512,0.2791327913279133,0.1850630264350455,0.06248568590661993,0.8953181758533778,,,ambiguous,
GSM4138160,29,2,67,0.029850746268656716,0.3283582089552239,0.2107302149472435,0.045570278286043965,0.9490051867139578,,,ambiguous,
GSM4138160,29,3,30,0.1,0.03333333333333333,0.08950714489520277,0.08342884813442106,0.9927602422413708,0.96831801867635,0.0244422235650207,tie,
GSM4138160,30,1,478,0.10669456066945607,0.2196652719665272,0.304016781016362,0.02366819459308617,0.9032107135943754,,,ambiguous,
GSM4138160,31,1,36,0.25,0.08333333333333333,0.21685063283288575,0.0729272128242376,0.9846486457956748,0.96831801867635,0.0163306271193247,tie,
GSM4138160,31,2,196,0.08163265306122448,0.24489795918367346,0.27545828217928936,0.042216537588582646,0.939349047028819,,,ambiguous,
GSM4138160,31,3,170,0.14705882352941177,0.23529411764705882,0.25629040174640116,0.05186081470664311,0.8763108267240594,,,ambiguous,
GSM4138160,31,5,98,0.1836734693877551,0.07142857142857142,0.134563643840791,0.08037135800944853,0.8986521391381616,,,ambiguous,
GSM4138160,32,1,501,0.12574850299401197,0.17764471057884232,0.13321275392571813,0.05650990335982655,0.8636459248362292,0.980833886723325,-0.1171879618870959,less_pure,
GSM4138160,33,1,32,0.28125,0.03125,0.13345593098864497,0.07956335271092499,0.9919392778404096,,,ambiguous,
GSM4138160,33,2,255,0.16862745098039217,0.1607843137254902,0.16690710480606719,0.0619117763925465,0.886849478896166,,,ambiguous,
GSM4138160,33,3,210,0.18571428571428572,0.11428571428571428,0.1288934669496464,0.06832687888460505,0.8807801732749099,0.980833886723325,-0.1000537134484151,less_pure,
GSM4138160,34,1,358,0.06983240223463687,0.30446927374301674,0.3176667753860424,0.039736072359691656,0.8944606232853084,,,ambiguous,
GSM4138160,34,2,38,0.21052631578947367,0.10526315789473684,0.1997594445507483,0.07252024269348555,0.9883850299750356,0.96831801867635,0.0200670112986856,tie,
GSM4138160,34,5,52,0.28846153846153844,0.0,0.05765300838706119,0.13711569012097585,0.9341810938547632,,,ambiguous,
GSM4138160,34,9,48,0.25,0.0,0.07544579936520925,0.12533110719510238,0.913901248400043,,,ambiguous,
GSM4138160,35,1,394,0.09137055837563451,0.2614213197969543,0.3328367539925961,0.0532093223455989,0.8513707449805303,0.980833886723325,-0.1294631417427947,less_pure,
GSM4138160,35,2,42,0.14285714285714285,0.23809523809523808,0.326977601073971,0.054740142872014064,0.9913739457169192,,,ambiguous,
GSM4138160,35,3,19,0.05263157894736842,0.2631578947368421,0.3179827543967059,0.04957243299200671,0.983962396258635,,,ambiguous,
GSM4138160,35,5,37,0.2702702702702703,0.0,0.13256982410612647,0.09438636444817908,0.974928934099731,,,ambiguous,
GSM4138161,3,1,129,0.031007751937984496,0.14728682170542637,0.644883200315756,0.07065845831969847,0.8341010413621635,,,ambiguous,
GSM4138161,3,2,200,0.145,0.125,0.5118035795383422,0.12222667841249119,0.677074239552154,,,ambiguous,
GSM4138161,3,3,114,0.017543859649122806,0.05263157894736842,0.35560101443662767,0.02179537071059785,0.8479373521728306,,,ambiguous,
GSM4138161,4,1,137,0.10948905109489052,0.10218978102189781,0.5247735778094562,0.07363435559634517,0.835957856195919,,,ambiguous,
GSM4138161,4,2,147,0.14285714285714285,0.10204081632653061,0.6883745455091258,0.10155921485372499,0.7073285172955495,,,ambiguous,
GSM4138161,4,3,113,0.008849557522123894,0.061946902654867256,0.3741249783395994,0.03346533739555115,0.860021817300931,,,ambiguous,
GSM4138161,4,4,46,0.10869565217391304,0.06521739130434782,0.050752673080535604,0.10219152721828594,0.8564055556061472,,,ambiguous,
GSM4138161,5,1,140,0.11428571428571428,0.12142857142857143,0.42997300322893306,0.07492801405528728,0.827374275886676,,,ambiguous,
GSM4138161,5,2,136,0.16911764705882354,0.1323529411764706,0.6409911172403648,0.10338987209657305,0.6958845739271229,,,ambiguous,
GSM4138161,5,3,113,0.008849557522123894,0.061946902654867256,0.29275593316902904,0.041803095238708655,0.860021817300931,,,ambiguous,
GSM4138161,5,4,46,0.13043478260869565,0.06521739130434782,0.047651593499023016,0.10124412230572129,0.8564055556061472,,,ambiguous,
GSM4138161,6,1,133,0.08270676691729323,0.12781954887218044,0.31200795253477487,0.07168474058768468,0.8542793943988874,,,ambiguous,
GSM4138161,6,2,136,0.14705882352941177,0.19852941176470587,0.3836678067338255,0.09616726297064375,0.6758665173454972,0.6918033483531927,-0.0159368310076954,tie,0.009499977761139
GSM4138161,6,4,47,0.1276595744680851,0.10638297872340426,0.0015896001013159327,0.11860275415080618,0.8435735821300716,,,ambiguous,
GSM4138161,6,5,105,0.0,0.047619047619047616,0.34772351048685646,0.04715809006410991,0.882884773226156,0.8488491714550629,0.0340356017710931,tie,-0.0012311922149609
GSM4138161,7,1,126,0.0873015873015873,0.09523809523809523,0.22779656491339073,0.07785186526758063,0.8706415677673353,,,no_baseline,
GSM4138161,7,2,94,0.1595744680851064,0.1702127659574468,0.17629377503877827,0.11811326998149142,0.7543310480738157,0.6918033483531927,0.062527699720623,purer,-0.000480279741759
GSM4138161,7,4,43,0.13953488372093023,0.2558139534883721,0.3392130233580807,0.0945032256871531,0.788745171673816,,,ambiguous,
GSM4138161,7,5,51,0.13725490196078433,0.13725490196078433,0.07124481262693451,0.1277858923948835,0.8329962008477572,,,ambiguous,
GSM4138161,7,6,107,0.0,0.07476635514018691,0.29666166283861023,0.049534185823103184,0.8669479000470499,0.8488491714550629,0.018098728591987,tie,-0.0096324795306378
GSM4138161,8,1,128,0.09375,0.109375,0.2075649840475203,0.07942116252707482,0.8709928800848282,,,no_baseline,
GSM4138161,8,2,94,0.1595744680851064,0.18085106382978725,0.1657761982646874,0.1150142616142946,0.7543310480738157,0.6918033483531927,0.062527699720623,purer,-0.000480279741759
GSM4138161,8,4,41,0.17073170731707318,0.2926829268292683,0.3065275276198133,0.093283542609932,0.8066195142324782,,,ambiguous,
GSM4138161,8,5,53,0.09433962264150944,0.18867924528301888,0.17759515082869973,0.09746969809451561,0.8414714167931125,,,ambiguous,
GSM4138161,8,6,107,0.0,0.08411214953271028,0.23746215737468968,0.06085304354617178,0.8669479000470499,0.8488491714550629,0.018098728591987,tie,-0.0096324795306378
GSM4138161,9,1,117,0.07692307692307693,0.11965811965811966,0.1891811611100758,0.07875070853263452,0.8733135200858709,,,no_baseline,
GSM4138161,9,2,95,0.1368421052631579,0.15789473684210525,0.178088337843906,0.11158600830911182,0.7553037197008686,0.6918033483531927,0.0635003713476759,purer,0.0101332476197296
GSM4138161,9,4,40,0.175,0.25,0.2839995332978394,0.08377890100473459,0.7717763550064234,,,ambiguous,
GSM4138161,9,5,55,0.12727272727272726,0.18181818181818182,0.14303105897253718,0.10494827353994793,0.8330403254709634,,,ambiguous,
GSM4138161,9,6,107,0.0,0.07476635514018691,0.18677947036935155,0.07079109570710576,0.8669479000470499,0.8488491714550629,0.018098728591987,tie,-0.0096324795306378
GSM4138161,10,1,97,0.05154639175257732,0.25773195876288657,0.14201038833405905,0.08839216403288667,0.8972736526686034,0.8112926743286786,0.0859809783399248,purer,0.0394771330534895
GSM4138161,10,2,18,0.16666666666666666,0.16666666666666666,0.00897116271520153,0.17892819316505879,0.9722161736903612,,,no_baseline,
GSM4138161,10,3,101,0.04950495049504951,0.26732673267326734,0.15699687302679247,0.11004541305093027,0.7538115245275605,0.6918033483531927,0.0620081761743678,purer,0.0140770115527826
GSM4138161,10,5,51,0.0392156862745098,0.35294117647058826,0.2208653699423553,0.09775512780784264,0.8454658928113352,,,ambiguous,
GSM4138161,10,6,40,0.05,0.325,0.2737830129899644,0.0796456654534586,0.7626224722900904,,,ambiguous,
GSM4138161,10,7,107,0.0,0.07476635514018691,0.2000011199082729,0.06554764853691912,0.8669479000470499,0.8488491714550629,0.018098728591987,tie,-0.0096324795306378
GSM4138161,11,1,127,0.09448818897637795,0.12598425196850394,0.13565162702921957,0.08311436218611508,0.8720102627117101,,,ambiguous,
GSM4138161,11,2,90,0.12222222222222222,0.26666666666666666,0.18479662608224282,0.11205515315208482,0.7614576825014798,0.6918033483531927,0.0696543341482871,purer,0.0162303507013128
GSM4138161,11,4,42,0.14285714285714285,0.23809523809523808,0.13252522847453888,0.09542407333921817,0.9069330387221768,,,ambiguous,
GSM4138161,11,5,37,0.16216216216216217,0.24324324324324326,0.2911437553923916,0.07194986197400384,0.771258255435791,,,ambiguous,
GSM4138161,11,6,107,0.0,0.07476635514018691,0.20431726249341656,0.05775359267973252,0.8669479000470499,0.8488491714550629,0.018098728591987,tie,-0.0096324795306378
GSM4138161,12,1,99,0.04040404040404041,0.2727272727272727,0.13247713640728231,0.08747875067723168,0.8979564509330547,0.8112926743286786,0.086663776604376,purer,0.0245213880980642
GSM4138161,12,3,101,0.0594059405940594,0.2871287128712871,0.156959783356247,0.10721462329058408,0.7583812722599772,0.6918033483531927,0.0665779239067845,purer,0.0208654208080085
GSM4138161,12,5,40,0.05,0.35,0.2677746430436182,0.07414045618310307,0.771102781303785,,,ambiguous,
GSM4138161,12,6,42,0.047619047619047616,0.35714285714285715,0.15828830282918052,0.095434128387947,0.8713939860263733,,,ambiguous,
GSM4138161,12,7,107,0.0,0.07476635514018691,0.1843077550896392,0.06137827889814352,0.8669479000470499,0.8488491714550629,0.018098728591987,tie,-0.0096324795306378
GSM4138161,13,1,100,0.04,0.3,0.13500620832550347,0.0852329128437803,0.8933179358356652,0.8112926743286786,0.0820252615069866,purer,0.0051861945385913
GSM4138161,13,2,15,0.13333333333333333,0.06666666666666667,0.03207129008137281,0.14897769722930482,0.9778744371708028,,,no_baseline,
GSM4138161,13,3,106,0.05660377358490566,0.330188679245283,0.16230324696608003,0.10290492729293259,0.7486235949958235,0.6918033483531927,0.0568202466426308,purer,0.0117813589023865
GSM4138161,13,5,37,0.05405405405405406,0.2972972972972973,0.24892852285875602,0.07481617520266365,0.809659964434754,,,ambiguous,
GSM4138161,13,6,107,0.0,0.07476635514018691,0.1787327151756707,0.06048601035793574,0.8669479000470499,0.8488491714550629,0.018098728591987,tie,-0.0096324795306378
GSM4138161,13,7,36,0.05555555555555555,0.3611111111111111,0.1728453144811667,0.08188794354814727,0.8604289408814503,,,ambiguous,
GSM4138161,14,1,97,0.041237113402061855,0.3711340206185567,0.1586193736175207,0.08750617067180845,0.8921396298939573,0.8112926743286786,0.0808469555652787,purer,0.0295984471745422
GSM4138161,14,10,16,0.0625,0.4375,0.21191706200253477,0.08338688346059253,1.0,,,ambiguous,
GSM4138161,14,2,17,0.11764705882352941,0.11764705882352941,0.003189138137920055,0.12112790842999498,1.0,,,no_baseline,
GSM4138161,14,3,86,0.03488372093023256,0.313953488372093,0.15828411218395122,0.10257115968373737,0.7913312655994775,0.6918033483531927,0.0995279172462848,purer,-0.0001725089340394
GSM4138161,14,5,20,0.0,0.45,0.2015978050265676,0.0772273593698383,0.9446548415515036,,,ambiguous,
GSM4138161,14,6,40,0.05,0.375,0.26249221759597385,0.07392944572146268,0.780723563841082,,,ambiguous,
GSM4138161,14,7,109,0.0,0.09174311926605505,0.1530517495329585,0.06283299804941556,0.8612630074632638,0.8488491714550629,0.0124138360082008,tie,-0.0039475869468517
GSM4138161,14,9,29,0.0,0.27586206896551724,0.053791107085756025,0.10755982630806421,0.8932288307899074,,,ambiguous,
GSM4138161,15,1,160,0.0375,0.43125,0.2841273447614483,0.06772043729453248,0.7944452084965428,,,no_baseline,
GSM4138161,15,2,52,0.019230769230769232,0.6153846153846154,0.6086905492069171,0.07228892216974843,0.8564666525805499,,,no_baseline,
GSM4138161,15,3,17,0.058823529411764705,0.6470588235294118,0.6309624801799443,0.06298343745963528,0.9708271648902996,,,ambiguous,
GSM4138161,15,4,105,0.09523809523809523,0.0761904761904762,0.03547875793865327,0.14662967197352228,0.8468478783225208,0.8488491714550629,-0.002001293132542,tie,0.0171397620523879
GSM4138161,15,5,31,0.0967741935483871,0.3548387096774194,0.17314476304018747,0.11351860543918547,0.9148483833124144,,,ambiguous,
GSM4138161,15,6,17,0.17647058823529413,0.4117647058823529,0.21300953514851134,0.10071536912149977,0.9738603422328004,,,ambiguous,
GSM4138161,15,9,26,0.038461538461538464,0.46153846153846156,0.345887447445661,0.11118221362504992,0.8910170060380173,0.6918033483531927,0.1992136576848245,purer,0.0
GSM4138161,16,1,316,0.07911392405063292,0.1360759493670886,0.2610224215892102,0.05361267811608401,0.6616904258259255,,,ambiguous,
GSM4138161,16,2,71,0.15492957746478872,0.014084507042253521,-0.06507944610728666,0.18373414919899522,0.8945527231886002,,,ambiguous,
GSM4138161,16,4,21,0.09523809523809523,0.047619047619047616,0.054102777234876734,0.09648259096282187,0.972519838385353,,,ambiguous,
GSM4138161,16,9,25,0.12,0.0,-0.11340299469968391,0.18731833909058349,0.9368329701420804,,,ambiguous,
GSM4138161,17,1,283,0.1166077738515901,0.303886925795053,0.5631947554111009,0.017786599436263605,0.6733900120003447,,,ambiguous,
GSM4138161,17,2,107,0.1588785046728972,0.037383177570093455,0.08977178711324028,0.13229532538437486,0.8388476215445075,0.8488491714550629,-0.0100015499105553,tie,0.0173698461090827
GSM4138161,17,3,33,0.18181818181818182,0.06060606060606061,0.1427550809263361,0.10343140363726679,0.8624332887908328,,,ambiguous,
GSM4138161,18,1,307,0.06188925081433225,0.1758957654723127,0.4327524601951537,0.02112328226982453,0.6618015702603262,,,ambiguous,
GSM4138161,18,2,43,0.20930232558139536,0.023255813953488372,0.040703552247043,0.2359949039296133,0.9210275606572668,0.8488491714550629,0.0721783892022038,purer,0.0048116548826104
GSM4138161,18,5,63,0.2698412698412698,0.0,-0.024192052390407663,0.20592239217570435,0.9070617342272452,,,ambiguous,
GSM4138161,19,1,43,0.023255813953488372,0.46511627906976744,0.6003675335540086,0.04696335252134806,0.9462311864268632,,,no_baseline,
GSM4138161,19,2,126,0.031746031746031744,0.023809523809523808,0.15078818616569256,0.06484921415533858,0.8500216824485292,0.8488491714550629,0.0011725109934662,tie,-0.0011725109934662
GSM4138161,19,3,64,0.125,0.359375,0.5442502989908904,0.05438084251783696,0.8419737154641439,,,ambiguous,
GSM4138161,19,4,66,0.18181818181818182,0.3181818181818182,0.40792274446938764,0.06434599749823185,0.7910253489260999,,,ambiguous,
GSM4138161,19,5,17,0.4117647058823529,0.17647058823529413,0.2699852895493103,0.11182577660478274,0.9172136581933517,0.6918033483531927,0.2254103098401589,purer,0.0011375865824558
GSM4138161,19,6,29,0.2413793103448276,0.06896551724137931,0.2462507463680794,0.08197183175171083,0.8993663003914687,,,ambiguous,
GSM4138161,19,7,66,0.18181818181818182,0.07575757575757576,0.20825985398076569,0.07106963028579655,0.805067953451275,,,ambiguous,
GSM4138161,20,1,73,0.0410958904109589,0.3424657534246575,0.13645010970862576,0.0769048921188774,0.9200322143803084,0.8112926743286786,0.1087395400516297,purer,0.0032544154022047
GSM4138161,20,10,17,0.23529411764705882,0.35294117647058826,0.06485829048511164,0.1155442511254801,1.0,,,ambiguous,
GSM4138161,20,2,101,0.0891089108910891,0.504950495049505,0.16909516498869467,0.0957381141771743,0.7944152080159557,0.9504514438950702,-0.1560362358791145,less_pure,0.1507807624352862
GSM4138161,20,5,39,0.02564102564102564,0.3333333333333333,0.13004582349932298,0.08643862452321625,0.9211714048972784,,,ambiguous,
GSM4138161,20,6,25,0.0,0.48,0.23911675531605384,0.07561647386196127,0.8365038739909008,,,ambiguous,
GSM4138161,20,7,20,0.1,0.2,0.13819427903943682,0.11443702284040953,0.956628296426271,0.6918033483531927,0.2648249480730783,purer,0.0
GSM4138161,20,8,111,0.009009009009009009,0.07207207207207207,0.081127326610657,0.09778272899965967,0.8622978152679901,,,ambiguous,
GSM4138161,21,1,84,0.20238095238095238,0.3333333333333333,0.1286735539054397,0.10492282680083215,0.8209654869673192,0.9504514438950702,-0.129485956927751,less_pure,
GSM4138161,21,11,17,0.058823529411764705,0.35294117647058826,0.15437487800966596,0.087523401189782,0.9761475658978112,,,ambiguous,
GSM4138161,21,12,37,0.1891891891891892,0.32432432432432434,0.09505338518574337,0.11521551919267263,0.8050395837104509,,,ambiguous,
GSM4138161,21,2,65,0.07692307692307693,0.3076923076923077,0.1451988281902858,0.07973888638814229,0.9293784820106388,0.8112926743286786,0.1180858076819602,purer,
GSM4138161,21,4,15,0.06666666666666667,0.2,0.10988507819693662,0.08954526506367005,0.9639563789762648,,,ambiguous,
GSM4138161,21,5,110,0.00909090909090909,0.08181818181818182,0.11968427443663412,0.07325627213652997,0.8652914915931531,0.8488491714550629,0.0164423201380902,tie,
GSM4138161,21,6,33,0.15151515151515152,0.09090909090909091,0.040062121364776146,0.11344967156120812,0.8956856900136616,,,ambiguous,
GSM4138161,21,9,19,0.10526315789473684,0.10526315789473684,0.07525451275277137,0.0971205620683084,0.970312234539238,,,ambiguous,
GSM4138161,22,1,67,0.05970149253731343,0.40298507462686567,0.1377038671023305,0.08320009143491947,0.9295115144166756,0.8112926743286786,0.1182188400879969,purer,
GSM4138161,22,11,18,0.05555555555555555,0.16666666666666666,0.0888721098287044,0.0923661296969062,0.969455234270804,,,ambiguous,
GSM4138161,22,12,17,0.11764705882352941,0.47058823529411764,0.12274184583608407,0.09867385882008818,0.9761475658978112,,,ambiguous,
GSM4138161,22,14,40,0.1,0.4,0.1149953943170005,0.10818038195582765,0.7944005110977201,,,ambiguous,
GSM4138161,22,2,70,0.1,0.44285714285714284,0.1208847769456818,0.10762850013291321,0.8543260834581169,0.9504514438950702,-0.0961253604369533,less_pure,
GSM4138161,22,6,109,0.0,0.08256880733944955,0.11165354446349834,0.07217685219408926,0.8657483378897807,0.8488491714550629,0.0168991664347177,tie,
GSM4138161,22,7,33,0.06060606060606061,0.2727272727272727,0.04199066475659507,0.11056340345909554,0.8956856900136616,,,ambiguous,
GSM4138161,23,1,53,0.09433962264150944,0.39622641509433965,0.09484329303260723,0.09370455002730244,0.972283571993709,0.8112926743286786,0.1609908976650303,purer,
GSM4138161,23,12,17,0.11764705882352941,0.29411764705882354,0.08811480345945982,0.09170216696247323,1.0,,,ambiguous,
GSM4138161,23,13,39,0.10256410256410256,0.5128205128205128,0.12368778083465504,0.10575746778607549,0.8026412825212593,,,ambiguous,
GSM4138161,23,14,17,0.11764705882352941,0.4117647058823529,0.13191213677095942,0.08845781419465842,1.0,,,ambiguous,
GSM4138161,23,2,70,0.1,0.44285714285714284,0.10849270018351453,0.110725964453148,0.8628586631304629,0.9504514438950702,-0.0875927807646073,less_pure,
GSM4138161,23,6,109,0.0,0.09174311926605505,0.10733088860156755,0.07158350745261087,0.8657483378897807,0.8488491714550629,0.0168991664347177,tie,
GSM4138161,23,7,40,0.1,0.225,0.05700250358894039,0.1306773554124373,0.8864710467694492,,,ambiguous,
GSM4138161,24,1,188,0.12234042553191489,0.40425531914893614,0.42284698771716295,0.04101593934481199,0.7431317158988462,,,no_baseline,
GSM4138161,24,2,40,0.175,0.4,0.382890529415175,0.044049389392733465,0.8637312302719582,,,ambiguous,
GSM4138161,24,3,35,0.17142857142857143,0.2571428571428571,0.3415967092246612,0.04586478413234138,0.8044619878647824,,,ambiguous,
GSM4138161,24,4,105,0.11428571428571428,0.01904761904761905,0.03350542234802434,0.1174467549148509,0.8774691178007636,0.8488491714550629,0.0286199463457007,tie,
GSM4138161,24,5,25,0.32,0.08,0.17293595822060517,0.09114428820182237,0.9071051847697972,,,ambiguous,
GSM4138161,24,8,17,0.47058823529411764,0.35294117647058826,0.26834530981666227,0.08877798570583877,0.9136812261203564,0.6918033483531927,0.2218778777671637,purer,
GSM4138161,25,1,57,0.03508771929824561,0.38596491228070173,0.3996440986524803,0.05064812498955094,0.8643958578851201,,,ambiguous,
GSM4138161,25,14,71,0.22535211267605634,0.014084507042253521,-0.042170847656366264,0.1981610504032565,0.895607030001512,,,ambiguous,
GSM4138161,25,2,92,0.06521739130434782,0.4782608695652174,0.4632537060543083,0.04352587718576578,0.8126014589959225,0.6918033483531927,0.1207981106427298,purer,
GSM4138161,25,3,67,0.13432835820895522,0.5671641791044776,0.5230748564048708,0.06298042064173669,0.8316975187193373,,,ambiguous,
GSM4138161,25,4,60,0.26666666666666666,0.25,0.20065186372816857,0.13867597610691174,0.8953309707027046,0.8488491714550629,0.0464817992476417,tie,
GSM4138161,25,5,49,0.061224489795918366,0.14285714285714285,0.24250405519720825,0.06259712413902055,0.861980513657902,0.9143416827923284,-0.0523611691344264,less_pure,
GSM4138161,26,1,264,0.10227272727272728,0.42803030303030304,0.17056349411836302,0.08200952925844364,0.6892566210777726,,,ambiguous,
GSM4138161,26,18,16,0.125,0.1875,0.09541313904093342,0.08107176569073507,0.9466614661152926,,,ambiguous,
GSM4138161,26,2,46,0.13043478260869565,0.2391304347826087,0.0664611035849011,0.12626764093037018,0.9169662041122782,,,ambiguous,
GSM4138161,26,20,18,0.1111111111111111,0.3333333333333333,0.1469202071220299,0.06715736165262366,0.9263806715572768,,,ambiguous,
GSM4138161,26,4,71,0.15492957746478872,0.16901408450704225,0.07311230048877586,0.08683062323508259,0.8113327671435595,,,ambiguous,
GSM4138161,27,1,210,0.1380952380952381,0.3380952380952381,0.15612252057080137,0.06972235363052774,0.6846373293531394,,,ambiguous,
GSM4138161,27,13,37,0.13513513513513514,0.08108108108108109,0.08764754173078991,0.07357318434738268,0.8554191308721605,,,ambiguous,
GSM4138161,27,16,33,0.15151515151515152,0.09090909090909091,0.04690388846871959,0.08305602045716244,0.864605381399579,,,ambiguous,
GSM4138161,27,18,18,0.5,0.0,-0.10314457300258174,0.19526769507256458,0.9761415453404366,,,ambiguous,
GSM4138161,27,3,30,0.3333333333333333,0.1,0.04598266984742645,0.10568202686695809,0.978059873436238,,,ambiguous,
GSM4138161,27,8,92,0.11956521739130435,0.15217391304347827,0.06309345731562586,0.09444975167112786,0.746271302659046,,,ambiguous,
GSM4138161,28,1,305,0.022950819672131147,0.29180327868852457,0.3200668925701912,0.026329578050790052,0.6742114112559605,,,ambiguous,
GSM4138161,28,2,16,0.0625,0.0625,0.08704507131293181,0.08070007369940606,0.9143650581899097,0.6918033483531927,0.2225617098367169,purer,
GSM4138161,28,4,75,0.13333333333333333,0.02666666666666667,0.05187438047002544,0.1273169661680101,0.8570262581499903,,,ambiguous,
GSM4138161,28,9,37,0.2972972972972973,0.0,-0.10096268245984806,0.2378403543432192,0.9593136586933796,,,ambiguous,
GSM4138161,29,1,147,0.2108843537414966,0.30612244897959184,0.19549581048845832,0.07339098558568156,0.6905339345793693,,,ambiguous,
GSM4138161,29,12,67,0.2835820895522388,0.0,-0.04312017152482809,0.14421334311733322,0.9311577828873848,,,ambiguous,
GSM4138161,29,13,15,0.3333333333333333,0.06666666666666667,0.020708962176709287,0.09211179813580221,1.0,,,ambiguous,
GSM4138161,29,2,38,0.13157894736842105,0.2894736842105263,0.2035553982581431,0.0628880655532305,0.860436916114564,,,ambiguous,
GSM4138161,29,3,113,0.24778761061946902,0.08849557522123894,0.07841520840991335,0.09318368575054851,0.7284418562657021,0.6918033483531927,0.0366385079125094,tie,
GSM4138161,29,8,40,0.25,0.0,0.06373035487648993,0.10378221363971314,0.8450214488231391,,,ambiguous,
GSM4138161,30,1,274,0.13503649635036497,0.39416058394160586,0.34422447480049423,0.02624591002430809,0.6803113265196452,,,ambiguous,
GSM4138161,30,15,22,0.13636363636363635,0.0,0.015026014052877124,0.12393763917786726,0.9388481304507832,,,ambiguous,
GSM4138161,30,2,28,0.25,0.25,0.30205611961754714,0.03807329198211578,0.8584255008553834,,,ambiguous,
GSM4138161,30,6,94,0.23404255319148937,0.010638297872340425,0.007405732887181885,0.15301085278648285,0.8304340667496434,,,ambiguous,
GSM4138161,31,1,35,0.17142857142857143,0.37142857142857144,0.3996880971981777,0.04700396514539553,0.8204640299179332,0.6918033483531927,0.1286606815647405,purer,
GSM4138161,31,15,32,0.25,0.0,-0.011308102054842072,0.13664006414367552,0.9407227098476127,,,ambiguous,
GSM4138161,31,2,88,0.1590909090909091,0.3977272727272727,0.3274485078487597,0.060584889342283364,0.7991953909795244,,,ambiguous,
GSM4138161,31,3,197,0.1065989847715736,0.48223350253807107,0.3816627910519826,0.035497085380370864,0.6721671800179005,,,ambiguous,
GSM4138161,31,5,71,0.18309859154929578,0.15492957746478872,0.08649557745569889,0.16621177692432623,0.7850417888373293,,,ambiguous,
GSM4138161,32,1,393,0.13231552162849872,0.25699745547073793,0.13877748026570402,0.07052487119480746,0.6629457856759278,0.8488491714550629,-0.1859033857791351,less_pure,
GSM4138161,32,16,21,0.14285714285714285,0.047619047619047616,-0.017581555606289927,0.15095106119251117,0.9793225431801807,,,ambiguous,
GSM4138161,32,18,17,0.23529411764705882,0.0,-0.03646132533440538,0.19272062057995698,0.9809907614810418,,,ambiguous,
GSM4138161,33,1,43,0.13953488372093023,0.4186046511627907,0.2837994162108137,0.048908767825296254,0.8334164721784599,,,ambiguous,
GSM4138161,33,2,288,0.09027777777777778,0.3784722222222222,0.21800640173837368,0.06441172991133615,0.6752894359296433,,,ambiguous,
GSM4138161,33,3,85,0.2235294117647059,0.15294117647058825,0.0465436049404584,0.16779981165422422,0.826060419027159,0.8488491714550629,-0.0227887524279039,tie,
GSM4138161,34,1,207,0.07729468599033816,0.3864734299516908,0.34061144117267783,0.04140406907234999,0.7182568412109859,,,ambiguous,
GSM4138161,34,2,31,0.25806451612903225,0.25806451612903225,0.3349378868555455,0.06404964490348915,0.9035956479518568,0.6918033483531927,0.211792299598664,purer,
GSM4138161,34,3,68,0.08823529411764706,0.16176470588235295,0.22671587394650633,0.048884709486178644,0.8351380412015137,0.9143416827923284,-0.0792036415908147,less_pure,
GSM4138161,34,5,105,0.19047619047619047,0.0761904761904762,0.05604149332596296,0.12924579826691024,0.7711548000335706,,,ambiguous,
GSM4138161,35,1,226,0.15486725663716813,0.23893805309734514,0.24036769329103924,0.10138642717869714,0.7593868498719195,0.8488491714550629,-0.0894623215831433,less_pure,
GSM4138161,35,11,22,0.45454545454545453,0.0,0.1382360116023812,0.09768327542172753,0.9235030931627344,,,ambiguous,
GSM4138161,35,15,36,0.3611111111111111,0.05555555555555555,0.17295425968262557,0.07924668257104119,0.926951213903297,,,ambiguous,
GSM4138161,35,18,68,0.23529411764705882,0.014705882352941176,0.09272307654817538,0.1281439294043205,0.8555395882611714,,,ambiguous,
GSM4138161,35,2,22,0.13636363636363635,0.4090909090909091,0.44475671447606097,0.04932750530146182,0.939834731180074,,,ambiguous,
GSM4138161,35,4,20,0.2,0.0,0.16246055672669454,0.06370475618764052,0.9189492095927446,,,ambiguous,
GSM4138161,35,5,24,0.25,0.375,0.37620489320012845,0.05603473281969635,0.8977533469422669,,,ambiguous,
GSM4138162,3,1,485,0.0,0.01443298969072165,0.3436129263872227,0.07675866782068848,0.8911671709487927,,,ambiguous,
GSM4138162,3,3,17,0.0,0.058823529411764705,-0.21203805344515078,0.16693618288692066,0.9897606953288196,,,ambiguous,
GSM4138162,4,1,485,0.0,0.026804123711340205,0.648372925938079,0.059622384715806234,0.8911671709487927,,,ambiguous,
GSM4138162,4,3,17,0.0,0.058823529411764705,-0.2691374248371772,0.23271992664329982,0.9897606953288196,,,ambiguous,
GSM4138162,5,1,485,0.0,0.024742268041237112,0.5162308415973154,0.06007295392806606,0.8911671709487927,,,ambiguous,
GSM4138162,5,3,17,0.0,0.058823529411764705,-0.20466450915199033,0.22657557966020478,0.9897606953288196,,,ambiguous,
GSM4138162,6,1,482,0.006224066390041493,0.022821576763485476,0.3764539018846019,0.07194097199531606,0.8969505020191236,,,ambiguous,
GSM4138162,6,5,17,0.0,0.058823529411764705,-0.1942038265684238,0.22505160567986526,0.9897606953288196,0.9897606953288196,0.0,tie,0.0
GSM4138162,7,1,467,0.008565310492505354,0.023554603854389723,0.3093075874482068,0.07715640296551379,0.9205112601574488,,,no_baseline,
GSM4138162,7,2,18,0.16666666666666666,0.3333333333333333,0.20131374061169477,0.08813762036708722,0.9902770529495832,0.9565826886013326,0.0336943643482506,tie,0.0
GSM4138162,7,6,17,0.0,0.058823529411764705,-0.14744574705708446,0.21463384485644207,0.9897606953288196,0.9897606953288196,0.0,tie,0.0
GSM4138162,8,1,467,0.008565310492505354,0.02569593147751606,0.2663197778612672,0.0787128302479753,0.9205112601574488,,,no_baseline,
GSM4138162,8,2,18,0.16666666666666666,0.3333333333333333,0.18038239694349267,0.08866630699074565,0.9902770529495832,0.9565826886013326,0.0336943643482506,tie,0.0
GSM4138162,8,6,17,0.0,0.058823529411764705,-0.09834428974628551,0.2056284152838174,0.9897606953288196,0.9897606953288196,0.0,tie,0.0
GSM4138162,9,1,466,0.008583690987124463,0.04291845493562232,0.24263656097732292,0.07801065399568052,0.9249634124596796,,,no_baseline,
GSM4138162,9,2,19,0.21052631578947367,0.3157894736842105,0.1356543180143128,0.09513425612708028,0.9909607999329996,0.9565826886013326,0.034378111331667,tie,0.0
GSM4138162,9,6,17,0.0,0.058823529411764705,-0.06740638818965262,0.19575071034824706,0.9897606953288196,0.9897606953288196,0.0,tie,0.0
GSM4138162,10,1,324,0.08641975308641975,0.14814814814814814,0.038974373880064514,0.13965328843864705,0.9676297259970954,0.9451087043263532,0.0225210216707422,tie,0.0064607938372709
GSM4138162,10,2,139,0.06474820143884892,0.1223021582733813,0.05524894185126047,0.12593773713876816,0.910952528535737,0.9689990847188696,-0.0580465561831325,less_pure,0.0580465561831325
GSM4138162,10,3,22,0.045454545454545456,0.4090909090909091,0.16824473014879618,0.08822611259774395,0.9884703085427224,0.9565826886013326,0.0318876199413898,tie,0.0
GSM4138162,10,7,17,0.0,0.058823529411764705,-0.08502490865086813,0.2015437885646796,0.9897606953288196,0.9897606953288196,0.0,tie,0.0
GSM4138162,11,1,474,0.008438818565400843,0.027426160337552744,0.18015852193708065,0.07442080019332326,0.9093887290882252,,,ambiguous,
GSM4138162,11,6,17,0.0,0.058823529411764705,-0.05886039554317053,0.184653705867683,0.9897606953288196,0.9897606953288196,0.0,tie,0.0
GSM4138162,12,1,319,0.09717868338557993,0.14733542319749215,0.03150189912715064,0.13907588418253558,0.97743673541608,0.9451087043263532,0.0323280310897268,tie,-0.0019947770993752
GSM4138162,12,2,145,0.06206896551724138,0.15862068965517243,0.08490969814406353,0.11269822202051383,0.9117051000554128,0.9689990847188696,-0.0572939846634568,less_pure,0.0572939846634568
GSM4138162,12,3,21,0.047619047619047616,0.38095238095238093,0.14384174378537143,0.08737202003935492,0.9941525776404126,0.9565826886013326,0.03756988903908,tie,0.0
GSM4138162,12,7,17,0.0,0.058823529411764705,-0.08246411924236693,0.2052951767523028,0.9897606953288196,0.9897606953288196,0.0,tie,0.0
GSM4138162,13,1,317,0.11987381703470032,0.14511041009463724,0.023568560206719116,0.14115435282363625,0.9671788597668936,0.9451087043263532,0.0220701554405403,tie,0.0076935567079826
GSM4138162,13,2,146,0.07534246575342465,0.15753424657534246,0.08031429129471146,0.11286610680006895,0.9108781535887732,0.9689990847188696,-0.0581209311300964,less_pure,0.0581209311300963
GSM4138162,13,3,22,0.09090909090909091,0.4090909090909091,0.143238411172294,0.08587362463458914,0.9884703085427224,0.9565826886013326,0.0318876199413898,tie,0.0
GSM4138162,13,6,17,0.0,0.058823529411764705,-0.06407392834433015,0.19270126680394095,0.9897606953288196,0.9897606953288196,0.0,tie,0.0
GSM4138162,14,1,303,0.1419141914191419,0.1782178217821782,0.035063005987004514,0.1306938210422507,0.9788356794841856,0.9451087043263532,0.0337269751578324,tie,-0.0088549136406433
GSM4138162,14,2,161,0.062111801242236024,0.19875776397515527,0.10881589667898339,0.10561532673398023,0.9080476821919716,0.9689990847188696,-0.060951402526898,less_pure,0.0609514025268981
GSM4138162,14,3,21,0.09523809523809523,0.47619047619047616,0.17259235194283762,0.0874386395164388,0.9885592591984004,0.9565826886013326,0.0319765705970678,tie,0.0
GSM4138162,14,7,17,0.0,0.058823529411764705,-0.04193584837987731,0.18278486856123632,0.9897606953288196,0.9897606953288196,0.0,tie,0.0
GSM4138162,15,1,373,0.045576407506702415,0.13672922252010725,0.08518863557161419,0.11735682172917265,0.9100727386934756,,,no_baseline,
GSM4138162,15,2,112,0.044642857142857144,0.15178571428571427,0.10258318930140749,0.113314277887807,0.9014988499411322,0.9689990847188696,-0.0675002347777374,less_pure,0.0675002347777374
GSM4138162,15,4,16,0.0,0.0625,0.13303231372643018,0.06440776485194673,0.9857264726261488,0.9897606953288196,-0.0040342227026708,tie,0.0
GSM4138162,16,1,485,0.088659793814433,0.15670103092783505,0.25071815680627324,0.048771271752667184,0.8911671709487927,,,ambiguous,
GSM4138162,16,2,17,0.058823529411764705,0.0,-0.04656173377758683,0.13275917427800402,0.9897606953288196,,,ambiguous,
GSM4138162,17,1,482,0.0995850622406639,0.2966804979253112,0.605292695506661,0.012534439540425919,0.8903449763710076,,,ambiguous,
GSM4138162,17,2,18,0.0,0.0,0.09872765827638598,0.05131705257060469,0.9874852193913164,0.9897606953288196,-0.0022754759375032,tie,0.0022754759375031
GSM4138162,18,1,485,0.05360824742268041,0.16082474226804125,0.48503077737037337,0.01238422564048269,0.8911671709487927,,,ambiguous,
GSM4138162,18,2,16,0.0,0.0,0.024597717425230713,0.12037180234683666,0.9857264726261488,0.9897606953288196,-0.0040342227026708,tie,0.0
GSM4138162,19,1,101,0.1188118811881188,0.26732673267326734,0.5435924694151941,0.06122458973994321,0.9372410530829182,,,no_baseline,
GSM4138162,19,2,46,0.13043478260869565,0.17391304347826086,0.335123670043797,0.09082982681133069,0.9134612538301397,0.9897606953288196,-0.0762994414986799,less_pure,0.07629944149868
GSM4138162,19,3,195,0.08717948717948718,0.4205128205128205,0.5934858848607414,0.04636757652942736,0.9111531646195644,,,ambiguous,
GSM4138162,19,4,151,0.11920529801324503,0.26490066225165565,0.5177617295531208,0.052795239453585954,0.8994211262124877,,,ambiguous,
GSM4138162,20,1,176,0.1534090909090909,0.14772727272727273,0.016595367312705254,0.13077521361195826,0.9942329086027684,0.9451087043263532,0.0491242042764151,tie,-0.0040440958642887
GSM4138162,20,2,222,0.13963963963963963,0.1981981981981982,0.051844732108114557,0.12338727644601752,0.8860914155919845,0.9565826886013326,-0.0704912730093481,less_pure,0.0725358515297428
GSM4138162,20,3,86,0.05813953488372093,0.03488372093023256,-0.03416820024477423,0.14696163596966297,0.963961719452664,0.9689990847188696,-0.0050373652662056,tie,0.0050373652662056
GSM4138162,20,8,15,0.13333333333333333,0.0,-0.1339475394768291,0.21921187085986313,0.9892661764432228,,,ambiguous,
GSM4138162,21,1,320,0.09375,0.275,0.14071065648683145,0.0887886026768451,0.8814534172440969,0.9565826886013326,-0.0751292713572356,less_pure,
GSM4138162,21,2,163,0.15950920245398773,0.1656441717791411,0.039022611988214585,0.11708869739917488,0.994022357587378,0.9451087043263532,0.0489136532610248,tie,
GSM4138162,21,5,16,0.0,0.0625,-0.06588677132343394,0.2021139663964103,0.9905076366465806,0.9897606953288196,0.0007469413177609,tie,
GSM4138162,22,1,187,0.11764705882352941,0.17647058823529413,0.027430731189402317,0.12060745774376397,0.9775352833109144,0.9451087043263532,0.0324265789845612,tie,
GSM4138162,22,2,207,0.13043478260869565,0.24154589371980675,0.08063163455298403,0.11278068109505443,0.8857825081692067,0.9565826886013326,-0.0708001804321258,less_pure,
GSM4138162,22,3,88,0.056818181818181816,0.045454545454545456,-0.02021241736431734,0.13432575834286856,0.9672559252764285,0.9689990847188696,-0.0017431594424411,tie,
GSM4138162,22,6,16,0.0625,0.0625,-0.050715692315958155,0.1789973431086312,0.9905076366465806,0.9897606953288196,0.0007469413177609,tie,
GSM4138162,23,1,186,0.13978494623655913,0.16666666666666666,0.017958722993822347,0.12392018979698695,0.9772570737445696,0.9451087043263532,0.0321483694182164,tie,
GSM4138162,23,2,210,0.15714285714285714,0.22380952380952382,0.06448207676361227,0.11240080130491842,0.8859613906813857,0.9565826886013326,-0.0706212979199468,less_pure,
GSM4138162,23,3,87,0.08045977011494253,0.05747126436781609,-0.021386766898737523,0.13650519994280072,0.9672628347969752,0.9689990847188696,-0.0017362499218944,tie,
GSM4138162,23,6,16,0.0625,0.0625,-0.047266282186801845,0.1781947029219082,0.9905076366465806,0.9897606953288196,0.0007469413177609,tie,
GSM4138162,24,1,483,0.028985507246376812,0.23395445134575568,0.3468046320224375,0.03202027842608745,0.8901211274799619,0.9689990847188696,-0.0788779572389077,less_pure,
GSM4138162,24,4,17,0.11764705882352941,0.058823529411764705,0.04460271163295833,0.11083319568437616,0.9897606953288196,0.9897606953288196,0.0,tie,
GSM4138162,25,1,22,0.22727272727272727,0.18181818181818182,0.26147255359096266,0.0795596501009178,1.0,,,ambiguous,
GSM4138162,25,2,78,0.24358974358974358,0.1794871794871795,0.3139495583170172,0.08091364846596441,0.9079332125871517,0.9565826886013326,-0.0486494760141809,tie,
GSM4138162,25,3,101,0.1782178217821782,0.38613861386138615,0.39060811087715147,0.06905470345392882,0.8788079806593838,,,ambiguous,
GSM4138162,25,4,253,0.17391304347826086,0.22924901185770752,0.34080034618869665,0.07502914669193098,0.931867892896006,0.9897606953288196,-0.0578928024328135,less_pure,
GSM4138162,25,6,45,0.13333333333333333,0.24444444444444444,0.3522830402032477,0.06938757576631256,0.9804033956878944,,,ambiguous,
GSM4138162,26,1,88,0.13636363636363635,0.26136363636363635,0.10062286602451617,0.08675841660235212,0.8773060104873198,,,ambiguous,
GSM4138162,26,2,260,0.16538461538461538,0.18461538461538463,0.0665413187388737,0.09270239337879266,0.9270172159616472,,,ambiguous,
GSM4138162,26,4,149,0.24161073825503357,0.11409395973154363,0.04863552796758646,0.10571249196969634,0.9472097561209278,,,ambiguous,
GSM4138162,27,1,272,0.1213235294117647,0.3161764705882353,0.12266641544676518,0.06812960346223498,0.8756564829928573,,,ambiguous,
GSM4138162,27,3,209,0.23444976076555024,0.1339712918660287,0.057950005878393614,0.09534863072941649,0.9668190347335488,,,ambiguous,
GSM4138162,28,1,486,0.00205761316872428,0.00823045267489712,0.16725717783052987,0.03892444328077434,0.8932261726908315,,,ambiguous,
GSM4138162,29,1,380,0.11315789473684211,0.3394736842105263,0.2125786594208844,0.05850695654084025,0.8825252413961329,,,ambiguous,
GSM4138162,29,2,65,0.046153846153846156,0.24615384615384617,0.2152597417649269,0.04182067659789701,0.973522404643802,,,ambiguous,
GSM4138162,29,3,26,0.19230769230769232,0.11538461538461539,0.08948530683165266,0.10105538392018756,0.986285293961846,0.9565826886013326,0.0297026053605135,tie,
GSM4138162,30,1,478,0.13179916317991633,0.24476987447698745,0.3127052236456324,0.026848303892399263,0.890604086629285,,,ambiguous,
GSM4138162,31,1,39,0.2564102564102564,0.10256410256410256,0.20878059854621397,0.0787202984883158,0.9624409330942272,0.9565826886013326,0.0058582444928946,tie,
GSM4138162,31,2,131,0.10687022900763359,0.26717557251908397,0.2823771174507158,0.043866563590702935,0.9592829957774326,,,ambiguous,
GSM4138162,31,3,227,0.15418502202643172,0.27312775330396477,0.2786965983611669,0.04472623342365635,0.870697079990042,,,ambiguous,
GSM4138162,31,5,104,0.17307692307692307,0.11538461538461539,0.19151837097460878,0.07382917146181514,0.9153354891087994,,,ambiguous,
GSM4138162,32,1,501,0.12574850299401197,0.18962075848303392,0.1444154850134896,0.0501142206131586,0.8844187646025132,0.9897606953288196,-0.1053419307263063,less_pure,
GSM4138162,33,1,39,0.28205128205128205,0.20512820512820512,0.16994124644921335,0.07231929828578075,0.9764412095563976,,,ambiguous,
GSM4138162,33,2,291,0.22336769759450173,0.19931271477663232,0.17797329901198253,0.06524371440503655,0.8756005989662472,,,ambiguous,
GSM4138162,33,3,167,0.16167664670658682,0.12574850299401197,0.1499767447876487,0.06352875942750932,0.9047915105866696,0.9897606953288196,-0.0849691847421499,less_pure,
GSM4138162,34,1,387,0.06976744186046512,0.39018087855297157,0.3577581874375704,0.036834526804018435,0.8818613393635969,,,ambiguous,
GSM4138162,34,2,35,0.22857142857142856,0.2,0.27719934531452756,0.06049311149326096,0.986963066724756,0.9565826886013326,0.0303803781234234,tie,
GSM4138162,34,5,38,0.21052631578947367,0.05263157894736842,0.1157703850103091,0.11359059790865465,0.961553736890548,,,ambiguous,
GSM4138162,34,9,37,0.24324324324324326,0.0,0.09871281888260638,0.10043896726429273,0.9651303357459222,,,ambiguous,
GSM4138162,35,1,401,0.08229426433915212,0.3541147132169576,0.38531991995657094,0.04933718926885527,0.8788663505326876,0.9897606953288196,-0.110894344796132,less_pure,
GSM4138162,35,2,37,0.13513513513513514,0.2702702702702703,0.33939840866118237,0.05600195603160699,0.982587378077404,,,ambiguous,
GSM4138162,35,3,36,0.08333333333333333,0.3055555555555556,0.3707957543488575,0.04588627110968591,0.9492751934978108,,,ambiguous,
GSM4138162,35,5,26,0.2692307692307692,0.038461538461538464,0.16651922329524863,0.0800759179470163,0.9802424440494448,,,ambiguous,
GSM4138163,3,1,424,0.0,0.007075471698113208,0.32111560110137144,0.07319209035704301,0.9072704819130132,,,ambiguous,
GSM4138163,3,3,16,0.0,0.0,-0.5658533265797612,0.21053466302308377,0.9941087355013783,,,ambiguous,
GSM4138163,4,1,424,0.0,0.01179245283018868,0.726351764654131,0.04880215532847308,0.9072704819130132,,,ambiguous,
GSM4138163,4,3,16,0.0,0.0,-0.33942836664006776,0.17443692977924416,0.9941087355013783,,,ambiguous,
GSM4138163,5,1,424,0.0,0.01179245283018868,0.5838811590499476,0.04970877618362063,0.9072704819130132,,,ambiguous,
GSM4138163,5,3,16,0.0,0.0,-0.2682593037235036,0.17148821512625181,0.9941087355013783,,,ambiguous,
GSM4138163,6,1,424,0.0,0.02358490566037736,0.440091253720212,0.055928188938143546,0.9072704819130132,,,ambiguous,
GSM4138163,6,5,16,0.0,0.0,-0.1507681923428914,0.1576175458659056,0.9941087355013783,0.9858316108356696,0.0082771246657087,tie,0.0
GSM4138163,7,1,415,0.004819277108433735,0.014457831325301205,0.3465012604040364,0.06549096496796289,0.918019092008881,,,no_baseline,
GSM4138163,7,6,16,0.0,0.0,-0.105797363154265,0.1566474951909585,0.9941087355013783,0.9858316108356696,0.0082771246657087,tie,0.0
GSM4138163,8,1,415,0.004819277108433735,0.01927710843373494,0.29514680374793156,0.06829432915155303,0.918019092008881,,,no_baseline,
GSM4138163,8,6,16,0.0,0.0,-0.1314129922981582,0.19154129248789767,0.9941087355013783,0.9858316108356696,0.0082771246657087,tie,0.0
GSM4138163,9,1,414,0.004830917874396135,0.024154589371980676,0.2498631321034635,0.07264766274355422,0.9199046183928996,,,no_baseline,
GSM4138163,9,6,16,0.0,0.0,-0.07913114398657066,0.14639737061952052,0.9941087355013783,0.9858316108356696,0.0082771246657087,tie,0.0
GSM4138163,10,1,347,0.069164265129683,0.13256484149855907,0.053427620592884625,0.1261694043932798,0.9546008630896596,0.9488582621664332,0.0057426009232264,tie,0.0076243571116649
GSM4138163,10,2,63,0.12698412698412698,0.12698412698412698,0.009735713562032039,0.12393321832502768,0.946025391960982,0.9838436758508948,-0.0378182838899128,tie,0.0378182838899128
GSM4138163,10,7,16,0.0,0.0625,-0.11611099918139198,0.19471198386967306,0.9941087355013783,0.9858316108356696,0.0082771246657087,tie,0.0
GSM4138163,11,1,421,0.007125890736342043,0.023752969121140142,0.20152458397375667,0.06716207524525009,0.9106057456052996,,,ambiguous,
GSM4138163,11,6,16,0.0,0.0625,-0.08211741065410276,0.16543153394402113,0.9941087355013783,0.9858316108356696,0.0082771246657087,tie,0.0
GSM4138163,12,1,346,0.08670520231213873,0.14450867052023122,0.04655202058611168,0.12610187330420033,0.9557540440270056,0.9488582621664332,0.0068957818605723,tie,0.006471176174319
GSM4138163,12,2,67,0.13432835820895522,0.11940298507462686,0.028420574220909586,0.1127421115333732,0.9376290798982274,0.9838436758508948,-0.0462145959526674,tie,0.0462145959526673
GSM4138163,12,7,16,0.0,0.0,-0.10193364373259584,0.1938605857560446,0.9941087355013783,0.9858316108356696,0.0082771246657087,tie,0.0
GSM4138163,13,1,345,0.1072463768115942,0.14202898550724638,0.036819707603618836,0.1291096116564478,0.9561525632636788,0.9488582621664332,0.0072943010972456,tie,0.0073349172618809
GSM4138163,13,2,67,0.14925373134328357,0.08955223880597014,0.01607465959636106,0.11707015508263897,0.9425835669701786,0.9838436758508948,-0.0412601088807161,tie,0.041260108880716
GSM4138163,13,6,16,0.0,0.0,-0.08523910358004565,0.18509166461202273,0.9941087355013783,0.9858316108356696,0.0082771246657087,tie,0.0
GSM4138163,14,1,337,0.13056379821958458,0.17210682492581603,0.044292050454024935,0.12259089162707734,0.9571660852429916,0.9488582621664332,0.0083078230765584,tie,0.0052822264087923
GSM4138163,14,2,74,0.12162162162162163,0.16216216216216217,0.055205252424605826,0.10857887751163763,0.936383200385349,0.9838436758508948,-0.0474604754655458,tie,0.0474604754655457
GSM4138163,14,7,16,0.0,0.0,-0.07796689796345777,0.17845767859202666,0.9941087355013783,0.9858316108356696,0.0082771246657087,tie,0.0
GSM4138163,15,1,378,0.047619047619047616,0.10846560846560846,0.08061412512865891,0.11636422247500881,0.9120885577001978,,,no_baseline,
GSM4138163,15,2,46,0.043478260869565216,0.06521739130434782,0.04096409527218615,0.1146215218997002,0.9542474164531164,0.9838436758508948,-0.0295962593977784,tie,0.0295962593977783
GSM4138163,15,4,16,0.0,0.0625,0.11196884368218277,0.07285313273966583,0.9941087355013783,0.9858316108356696,0.0082771246657087,tie,0.0
GSM4138163,16,1,423,0.09692671394799054,0.16312056737588654,0.24012534247020617,0.047240916518216394,0.907456430436349,,,ambiguous,
GSM4138163,16,2,17,0.0,0.0,0.023504725087561323,0.0801315106549798,0.9858316108356696,,,ambiguous,
GSM4138163,17,1,423,0.10401891252955082,0.3309692671394799,0.6179577059243405,0.013180850165092404,0.907456430436349,,,ambiguous,
GSM4138163,17,2,17,0.0,0.0,0.12402518463473138,0.03352105691505076,0.9858316108356696,0.9858316108356696,0.0,tie,0.0
GSM4138163,18,1,423,0.06619385342789598,0.16312056737588654,0.4904190377751032,0.016368088237375924,0.907456430436349,,,ambiguous,
GSM4138163,18,2,17,0.0,0.0,0.09562076784047419,0.08805319980480936,0.9858316108356696,0.9858316108356696,0.0,tie,0.0
GSM4138163,19,1,111,0.02702702702702703,0.36936936936936937,0.6033319231911672,0.051187623050551176,0.930746304371574,,,no_baseline,
GSM4138163,19,2,31,0.0,0.0967741935483871,0.30855026685635295,0.06669441821334947,0.9561041035215968,0.9858316108356696,-0.0297275073140728,tie,0.0297275073140729
GSM4138163,19,3,157,0.03821656050955414,0.554140127388535,0.6514021814907003,0.039221214019433764,0.9267878137719006,,,ambiguous,
GSM4138163,19,4,137,0.08759124087591241,0.40875912408759124,0.5929432997124324,0.04706796838669884,0.9071058524558638,,,ambiguous,
GSM4138163,20,1,188,0.16489361702127658,0.19148936170212766,0.02101796480756266,0.12581999686507436,0.9775876460883984,0.9488582621664332,0.0287293839219652,tie,0.0
GSM4138163,20,2,203,0.1921182266009852,0.1625615763546798,0.03480550478581654,0.12985857086363808,0.8944122900113026,0.9662642696443162,-0.0718519796330136,less_pure,0.0718519796330136
GSM4138163,20,3,33,0.09090909090909091,0.06060606060606061,-0.02899803911370901,0.15119119531707173,0.9880314719418812,0.9838436758508948,0.0041877960909864,tie,-0.0041877960909865
GSM4138163,20,8,16,0.1875,0.0625,-0.0639041119697707,0.15389111829339586,0.9941087355013783,,,ambiguous,
GSM4138163,21,1,239,0.15481171548117154,0.26778242677824265,0.11557112759906184,0.09802980738522045,0.8850132774568462,0.9662642696443162,-0.08125099218747,less_pure,
GSM4138163,21,2,178,0.2247191011235955,0.1797752808988764,0.0410491884555229,0.11464651951850728,0.9847079506511034,0.9488582621664332,0.0358496884846701,tie,
GSM4138163,21,5,16,0.0,0.0,-0.051166021729069644,0.15738952539443796,0.9941087355013783,0.9858316108356696,0.0082771246657087,tie,
GSM4138163,22,1,188,0.1595744680851064,0.21808510638297873,0.03193197843064038,0.11495741961386584,0.9808037859539168,0.9488582621664332,0.0319455237874836,tie,
GSM4138163,22,2,192,0.18229166666666666,0.22916666666666666,0.06391467169277758,0.11993208835633855,0.8917320044900314,0.9662642696443162,-0.0745322651542848,less_pure,
GSM4138163,22,3,34,0.11764705882352941,0.058823529411764705,-0.031669314846611264,0.14009215146490264,0.9879187882261146,0.9838436758508948,0.0040751123752197,tie,
GSM4138163,22,6,16,0.0,0.0625,-0.028440371022431063,0.1296664888993848,0.9941087355013783,0.9858316108356696,0.0082771246657087,tie,
GSM4138163,23,1,190,0.1631578947368421,0.19473684210526315,0.023481308855175867,0.11579065618977649,0.978309711214347,0.9488582621664332,0.0294514490479137,tie,
GSM4138163,23,2,190,0.19473684210526315,0.18947368421052632,0.04935818821479726,0.12004386509987207,0.8914822077614756,0.9662642696443162,-0.0747820618828406,less_pure,
GSM4138163,23,3,34,0.08823529411764706,0.058823529411764705,-0.03136651847839528,0.14016015198231882,0.9879187882261146,0.9838436758508948,0.0040751123752197,tie,
GSM4138163,23,6,16,0.0,0.0625,-0.026071610318036204,0.12746704317872545,0.9941087355013783,0.9858316108356696,0.0082771246657087,tie,
GSM4138163,24,1,420,0.03333333333333333,0.3261904761904762,0.3896057089320241,0.028334811531349646,0.906739625996517,0.9838436758508948,-0.0771040498543778,less_pure,
GSM4138163,24,4,16,0.0625,0.0,0.02251050295018136,0.11760325383506512,0.9941087355013783,0.9858316108356696,0.0082771246657087,tie,
GSM4138163,25,2,59,0.2711864406779661,0.2033898305084746,0.2717625381586217,0.09012353424146043,0.9432350117177144,0.9662642696443162,-0.0230292579266018,tie,
GSM4138163,25,3,56,0.125,0.30357142857142855,0.37914858683194386,0.07204966735564788,0.9010143994376798,,,ambiguous,
GSM4138163,25,4,271,0.16605166051660517,0.2656826568265683,0.3629067859217003,0.07605731801610337,0.9321575118266,0.9858316108356696,-0.0536740990090696,less_pure,
GSM4138163,25,6,46,0.15217391304347827,0.30434782608695654,0.40622928469638114,0.057353534627447016,0.9666140069305058,,,ambiguous,
GSM4138163,26,1,58,0.08620689655172414,0.39655172413793105,0.1490017003185727,0.0731913666207573,0.9021706188848866,,,ambiguous,
GSM4138163,26,2,254,0.16535433070866143,0.21653543307086615,0.07961599316692558,0.09071320470522677,0.9230467350262332,,,ambiguous,
GSM4138163,26,4,121,0.2396694214876033,0.1487603305785124,0.05274649369741582,0.10530398436331546,0.9581503213054944,,,ambiguous,
GSM4138163,27,1,219,0.1598173515981735,0.3835616438356164,0.1328277724439352,0.07210615950441879,0.8895405975520468,,,ambiguous,
GSM4138163,27,3,198,0.2676767676767677,0.13131313131313133,0.056508773585788104,0.09511909277969478,0.9601770003817056,,,ambiguous,
GSM4138163,28,1,424,0.0,0.009433962264150943,0.18390897236290468,0.03317105903890171,0.9072704819130132,,,ambiguous,
GSM4138163,29,1,327,0.10091743119266056,0.3516819571865443,0.21100874941331585,0.059994924428217015,0.8979864365545017,,,ambiguous,
GSM4138163,29,2,60,0.06666666666666667,0.48333333333333334,0.25163789567450473,0.04081404271018698,0.938536848731562,,,ambiguous,
GSM4138163,29,3,28,0.14285714285714285,0.17857142857142858,0.1068133960920974,0.0878214248524115,0.974600005346562,0.9662642696443162,0.0083357357022457,tie,
GSM4138163,30,1,418,0.08851674641148326,0.33253588516746413,0.3356354794998883,0.022762005830879124,0.910128527733207,,,ambiguous,
GSM4138163,31,1,36,0.2777777777777778,0.1111111111111111,0.29058819913428735,0.06628850259484437,0.9673533440492248,0.9662642696443162,0.0010890744049085,tie,
GSM4138163,31,2,101,0.12871287128712872,0.25742574257425743,0.27411631758597,0.05166813733734521,0.9566364125399436,,,ambiguous,
GSM4138163,31,3,200,0.165,0.29,0.2765500352022025,0.04762154866429999,0.8787563866256438,,,ambiguous,
GSM4138163,31,5,97,0.17525773195876287,0.061855670103092786,0.17357865180514476,0.06993949286264815,0.9411008669193722,,,ambiguous,
GSM4138163,32,1,440,0.12954545454545455,0.22727272727272727,0.14881030096909517,0.05075276966696603,0.8955276855752983,0.9858316108356696,-0.0903039252603713,less_pure,
GSM4138163,33,1,35,0.3142857142857143,0.11428571428571428,0.15543981599127576,0.06803683068838635,0.975856118514362,,,ambiguous,
GSM4138163,33,2,261,0.15708812260536398,0.26053639846743293,0.19747606919510155,0.05370847706908013,0.8809296111956888,,,ambiguous,
GSM4138163,33,3,136,0.13970588235294118,0.21323529411764705,0.15168544127865835,0.06875537419959232,0.9178670175002744,0.9858316108356696,-0.0679645933353951,less_pure,
GSM4138163,34,1,345,0.04057971014492753,0.46956521739130436,0.39327171670267225,0.03202930223049871,0.8984242708500905,,,ambiguous,
GSM4138163,34,2,27,0.07407407407407407,0.18518518518518517,0.25886371150650145,0.051134810000177416,0.9753051827561302,0.9662642696443162,0.0090409131118139,tie,
GSM4138163,34,5,19,0.42105263157894735,0.0,-0.01161800255864442,0.1843210923782312,0.9838916107152972,,,ambiguous,
GSM4138163,34,9,40,0.25,0.0,0.10545819218184962,0.10968146625334332,0.9785441042164122,,,ambiguous,
GSM4138163,35,1,360,0.06388888888888888,0.4583333333333333,0.4147060330773498,0.04337361205388775,0.8864569882574447,0.9858316108356696,-0.0993746225782249,less_pure,
GSM4138163,35,2,28,0.07142857142857142,0.25,0.29554052448535334,0.05373987485242512,0.9820486212103878,,,ambiguous,
GSM4138163,35,3,34,0.11764705882352941,0.4117647058823529,0.4108960993543449,0.0473312131549996,0.988672622639377,,,ambiguous,
GSM4138164,3,1,155,0.0,0.0064516129032258064,0.43737729346492266,0.049600681304942024,0.841996642698004,,,ambiguous,
GSM4138164,4,1,155,0.0064516129032258064,0.03870967741935484,0.4729960175151345,0.06438299705927154,0.841996642698004,,,ambiguous,
GSM4138164,5,1,155,0.0064516129032258064,0.03870967741935484,0.37438689684308335,0.06539112307691045,0.841996642698004,,,ambiguous,
GSM4138164,6,1,155,0.0064516129032258064,0.05161290322580645,0.27425674456083304,0.08470443620062894,0.841996642698004,,,ambiguous,
GSM4138164,7,1,149,0.020134228187919462,0.020134228187919462,0.1874546001086756,0.09135430430440404,0.8614121220574006,,,no_baseline,
GSM4138164,8,1,149,0.013422818791946308,0.020134228187919462,0.16245917033274654,0.09276112633501757,0.8614121220574006,,,no_baseline,
GSM4138164,9,1,148,0.013513513513513514,0.04054054054054054,0.1395979827393645,0.10135125040660346,0.8722884946036187,,,no_baseline,
GSM4138164,10,1,91,0.01098901098901099,0.0989010989010989,-0.08759273326988894,0.17421592854219425,0.9662427418924304,0.916765653544756,0.0494770883476743,tie,0.013898553852106
GSM4138164,10,2,55,0.03636363636363636,0.16363636363636364,0.06744529618853946,0.12093403581974886,0.9396523208726992,0.9829393430119404,-0.0432870221392411,tie,0.0432870221392411
GSM4138164,11,1,152,0.019736842105263157,0.039473684210526314,0.10661585703658825,0.08912979185513051,0.8500933962410103,,,ambiguous,
GSM4138164,12,1,90,0.022222222222222223,0.08888888888888889,-0.07083150855124618,0.17034107571490525,0.9723886827775337,0.916765653544756,0.0556230292327776,purer,0.0077526129670028
GSM4138164,12,2,57,0.03508771929824561,0.17543859649122806,0.08674533775721814,0.11238287207102318,0.9231836927110376,0.9829393430119404,-0.0597556503009027,less_pure,0.0597556503009026
GSM4138164,13,1,90,0.022222222222222223,0.08888888888888889,-0.060076388406792906,0.16691454711871148,0.9723886827775337,0.916765653544756,0.0556230292327776,purer,0.0077526129670028
GSM4138164,13,2,56,0.03571428571428571,0.16071428571428573,0.07812374827418893,0.1123441971601435,0.9330072362559444,0.9829393430119404,-0.049932106755996,tie,0.049932106755996
GSM4138164,14,1,90,0.022222222222222223,0.08888888888888889,-0.06046152155358657,0.1701973970920695,0.9723886827775337,0.916765653544756,0.0556230292327776,purer,0.0077526129670028
GSM4138164,14,2,56,0.05357142857142857,0.19642857142857142,0.06950714720305581,0.11495026633703664,0.936552979153023,0.9829393430119404,-0.0463863638589173,tie,0.0463863638589172
GSM4138164,15,1,106,0.009433962264150943,0.14150943396226415,0.058373698514448784,0.14011439618889193,0.875974869429078,,,no_baseline,
GSM4138164,15,2,49,0.08163265306122448,0.2653061224489796,0.10752381113560856,0.11390726299650483,0.914007349006592,0.9829393430119404,-0.0689319940053484,less_pure,0.0689319940053484
GSM4138164,16,1,155,0.06451612903225806,0.25161290322580643,0.30433695614857376,0.037567953879551155,0.8395625379771497,,,ambiguous,
GSM4138164,17,1,154,0.09090909090909091,0.33766233766233766,0.6081383311683413,0.01172270604840904,0.8405758277504751,,,ambiguous,
GSM4138164,18,1,155,0.03225806451612903,0.17419354838709677,0.5014504208786003,0.010236628124580434,0.8395625379771497,,,ambiguous,
GSM4138164,19,1,48,0.041666666666666664,0.2916666666666667,0.5104617602262361,0.057009564501706106,0.9408330926585272,,,no_baseline,
GSM4138164,19,3,76,0.10526315789473684,0.35526315789473684,0.5384696216386039,0.045904038137942575,0.8724362201514824,,,ambiguous,
GSM4138164,19,4,18,0.2222222222222222,0.2222222222222222,0.3772523141069681,0.06335425857906611,0.9734034088010556,,,ambiguous,
GSM4138164,20,1,75,0.13333333333333333,0.05333333333333334,-0.027193762103114208,0.14025028952861893,0.9841315454969644,0.916765653544756,0.0673658919522083,purer,0.0
GSM4138164,20,2,50,0.08,0.12,0.06531040775548402,0.10988434007843453,0.8837405024252789,0.968907012725462,-0.085166510300183,less_pure,0.0851665103001831
GSM4138164,20,3,30,0.1,0.06666666666666667,-0.045416875450324114,0.1457585691545337,0.9603152608349528,0.9829393430119404,-0.0226240821769876,tie,0.0226240821769875
GSM4138164,21,1,82,0.06097560975609756,0.24390243902439024,0.13222264426287458,0.08817186074527351,0.8442100819795632,0.968907012725462,-0.1246969307458988,less_pure,
GSM4138164,21,2,74,0.14864864864864866,0.08108108108108109,-0.007737158412699111,0.13402964614906662,0.9837946304448634,0.916765653544756,0.0670289769001073,purer,
GSM4138164,22,1,75,0.24,0.06666666666666667,-0.02106586683448356,0.13546851641344088,0.9841315454969644,0.916765653544756,0.0673658919522083,purer,
GSM4138164,22,2,49,0.061224489795918366,0.20408163265306123,0.08380857114089836,0.10594654733302883,0.8822112443017269,0.968907012725462,-0.086695768423735,less_pure,
GSM4138164,22,3,31,0.0967741935483871,0.0967741935483871,-0.03456984278807298,0.14012016645513561,0.9818710024214108,0.9829393430119404,-0.0010683405905296,tie,
GSM4138164,23,1,75,0.2,0.06666666666666667,-0.02085387061204042,0.13338240632821038,0.9841315454969644,0.916765653544756,0.0673658919522083,purer,
GSM4138164,23,2,51,0.058823529411764705,0.21568627450980393,0.07924894457514264,0.1028342330318634,0.8849728282858583,0.968907012725462,-0.0839341844396036,less_pure,
GSM4138164,23,3,29,0.06896551724137931,0.06896551724137931,-0.04378926020932577,0.14384857916168856,0.9672767518746166,0.9829393430119404,-0.0156625911373238,tie,
GSM4138164,24,1,155,0.025806451612903226,0.15483870967741936,0.30355780730247606,0.03614130800214636,0.841996642698004,0.9829393430119404,-0.1409427003139364,less_pure,
GSM4138164,25,2,22,0.18181818181818182,0.045454545454545456,0.24053818779548156,0.07336827490789112,0.9518043063797682,0.9668452013182968,-0.0150408949385285,tie,
GSM4138164,25,3,83,0.10843373493975904,0.3132530120481928,0.3719380885669233,0.0640590053443514,0.8212031044233475,,,ambiguous,
GSM4138164,25,4,38,0.23684210526315788,0.18421052631578946,0.25672645964494406,0.08723993052136347,0.9730069769449872,,,no_baseline,
GSM4138164,26,1,53,0.1320754716981132,0.3584905660377358,0.11326390189469945,0.08629444453949224,0.8900642799234231,,,ambiguous,
GSM4138164,26,2,87,0.11494252873563218,0.27586206896551724,0.09892793684280551,0.0712764285385467,0.9523407596707278,,,ambiguous,
GSM4138164,26,4,16,0.375,0.0,0.008821489090194513,0.1316978629977796,1.0,,,ambiguous,
GSM4138164,27,1,65,0.26153846153846155,0.12307692307692308,0.07165774277585789,0.10347791775151026,0.8682540184615097,,,ambiguous,
GSM4138164,27,3,81,0.25925925925925924,0.08641975308641975,0.04868465609009718,0.09979748155397322,0.9546621614836446,,,ambiguous,
GSM4138164,28,1,156,0.0,0.01282051282051282,0.13344472092000695,0.044364654774393886,0.8359159780743531,,,ambiguous,
GSM4138164,29,1,128,0.0390625,0.375,0.21954994102812825,0.05601169907515727,0.8398903508851117,,,ambiguous,
GSM4138164,29,2,17,0.0,0.35294117647058826,0.19819575897423997,0.04589097419610029,1.0,,,ambiguous,
GSM4138164,30,1,148,0.11486486486486487,0.22297297297297297,0.2984054817823751,0.02383280207529682,0.8443590989389579,,,ambiguous,
GSM4138164,31,2,52,0.2692307692307692,0.17307692307692307,0.2158732389546595,0.06675493395993055,0.9218669455787676,,,ambiguous,
GSM4138164,31,3,50,0.18,0.2,0.25882286313165076,0.05188087361025682,0.8649475204673865,,,ambiguous,
GSM4138164,31,5,45,0.2222222222222222,0.2,0.21080951498546985,0.05861919301089662,0.9437604622554115,,,ambiguous,
GSM4138164,32,1,160,0.15,0.16875,0.15264880102288653,0.04689572893569377,0.8359879957592602,,,no_baseline,
GSM4138164,33,2,52,0.15384615384615385,0.15384615384615385,0.18008539064177354,0.05762241799054751,0.866753988384279,,,ambiguous,
GSM4138164,33,3,97,0.13402061855670103,0.27835051546391754,0.1809118528762345,0.056215412627871886,0.893334492727525,,,no_baseline,
GSM4138164,34,1,118,0.1016949152542373,0.3220338983050847,0.3250725572058792,0.04708269499925136,0.8205442768446658,,,ambiguous,
GSM4138164,34,2,15,0.2,0.06666666666666667,0.20871600401921764,0.05116310347314087,1.0,0.9668452013182968,0.0331547986817032,tie,
GSM4138164,35,1,128,0.0546875,0.3359375,0.3769571317579859,0.042941105373471476,0.8419667472575267,,,no_baseline,
GSM4138165,3,1,437,0.0,0.004576659038901602,0.3901494717955313,0.04562156371040471,0.8949850658164404,,,ambiguous,
GSM4138165,4,1,437,0.0,0.013729977116704805,0.38274178777857704,0.06458770802182451,0.8949850658164404,,,ambiguous,
GSM4138165,5,1,437,0.0,0.011441647597254004,0.2990848866248033,0.07217834153814151,0.8949850658164404,,,ambiguous,
GSM4138165,6,1,436,0.0,0.013761467889908258,0.24475484202557152,0.08368341737636432,0.9010838514971068,,,ambiguous,
GSM4138165,7,1,433,0.0,0.009237875288683603,0.19469162127821368,0.09117653430952298,0.911111095348856,,,no_baseline,
GSM4138165,8,1,433,0.0,0.009237875288683603,0.1764239978433094,0.08925601468031123,0.911111095348856,,,no_baseline,
GSM4138165,9,1,431,0.002320185614849188,0.013921113689095127,0.1491698129087049,0.0918176357141945,0.911071660473076,,,no_baseline,
GSM4138165,10,1,268,0.026119402985074626,0.05970149253731343,-0.06201284873969315,0.15872781512815093,0.951540610453507,0.9330548693882358,0.0184857410652712,tie,0.0286822201859605
GSM4138165,10,2,161,0.024844720496894408,0.08695652173913043,0.026902001556274494,0.11605927706607069,0.9019502812707813,0.9446544771791544,-0.0427041959083731,tie,0.0427041959083732
GSM4138165,11,1,434,0.0,0.009216589861751152,0.09102251417884799,0.09244568693092672,0.9064512272842952,,,ambiguous,
GSM4138165,12,1,264,0.03787878787878788,0.056818181818181816,-0.040387704178704964,0.15203627524910215,0.95257593493002,0.9330548693882358,0.0195210655417842,tie,0.026159999270629
GSM4138165,12,2,166,0.030120481927710843,0.0963855421686747,0.04546987768753349,0.10889956697684747,0.9000884783998548,0.9446544771791544,-0.0445659987792995,tie,0.0445659987792995
GSM4138165,13,1,267,0.03745318352059925,0.0599250936329588,-0.03281167342707458,0.15063719461793462,0.9526684012866888,0.9330548693882358,0.019613531898453,tie,0.0275544293527788
GSM4138165,13,2,162,0.030864197530864196,0.08641975308641975,0.04391483159416218,0.10801135342356764,0.8988516692762344,0.9446544771791544,-0.04580280790292,tie,0.04580280790292
GSM4138165,14,1,268,0.04477611940298507,0.055970149253731345,-0.03312982048249262,0.1500941051938982,0.95044229109636,0.9330548693882358,0.0173874217081242,tie,0.0297805395431074
GSM4138165,14,2,160,0.0375,0.075,0.039967722160087704,0.10806617860001302,0.929626038168877,0.9446544771791544,-0.0150284390102773,tie,0.0150284390102773
GSM4138165,15,1,294,0.023809523809523808,0.08163265306122448,0.035724658500973096,0.12059833942272737,0.9353646750205756,,,no_baseline,
GSM4138165,15,2,143,0.04895104895104895,0.1048951048951049,0.06751024414485401,0.1144055384934015,0.8900637008697604,0.9446544771791544,-0.054590776309394,less_pure,0.054590776309394
GSM4138165,16,1,435,0.052873563218390804,0.19080459770114944,0.2791158971281244,0.04072367904116607,0.8958809475913463,,,ambiguous,
GSM4138165,17,1,434,0.09216589861751152,0.21658986175115208,0.5812818089588032,0.014474563191778434,0.8958687442704026,,,ambiguous,
GSM4138165,18,1,437,0.038901601830663615,0.17391304347826086,0.48840461146722075,0.009583011850247927,0.8949850658164404,,,ambiguous,
GSM4138165,19,1,87,0.06896551724137931,0.2988505747126437,0.504344048420529,0.054513621434666856,0.9484244653268166,,,no_baseline,
GSM4138165,19,2,25,0.04,0.16,0.3624519802828107,0.07702780623146639,0.97696685936051,,,no_baseline,
GSM4138165,19,3,244,0.07377049180327869,0.3483606557377049,0.5334296456418591,0.0434751394175527,0.905898958078048,,,ambiguous,
GSM4138165,19,4,79,0.17721518987341772,0.16455696202531644,0.3550078761732621,0.07233193247882795,0.9188328817877542,,,ambiguous,
GSM4138165,20,1,229,0.11790393013100436,0.08296943231441048,0.012775649484940225,0.1270132798980489,0.97866280875213,0.9330548693882358,0.0456079393638941,tie,0.0008056573935668
GSM4138165,20,2,76,0.09210526315789473,0.18421052631578946,0.0678085366390824,0.11167794812842367,0.8666585330276435,0.9656538084529618,-0.0989952754253182,less_pure,0.0981545493717331
GSM4138165,20,3,132,0.05303030303030303,0.030303030303030304,-0.015521040348123079,0.1260781381508587,0.9472110887829036,0.9446544771791544,0.0025566116037492,tie,-0.0025566116037492
GSM4138165,21,1,213,0.09859154929577464,0.2863849765258216,0.14256414157640152,0.08988324116303387,0.8663606664821867,0.9656538084529618,-0.0992931419707751,less_pure,
GSM4138165,21,2,223,0.14798206278026907,0.10762331838565023,0.027095307942744968,0.1210424838545901,0.977996699443035,0.9330548693882358,0.0449418300547992,tie,
GSM4138165,22,1,231,0.1341991341991342,0.09956709956709957,0.010846523918418218,0.12440808002947838,0.9783967898470188,0.9330548693882358,0.045341920458783,tie,
GSM4138165,22,2,74,0.12162162162162163,0.24324324324324326,0.08277241447248557,0.11030161295664342,0.8769666996593152,0.9656538084529618,-0.0886871087936466,less_pure,
GSM4138165,22,3,131,0.07633587786259542,0.022900763358778626,-0.012826451256983602,0.125394346252167,0.9471781457635358,0.9446544771791544,0.0025236685843813,tie,
GSM4138165,23,1,234,0.14957264957264957,0.09829059829059829,0.005948884301506301,0.125400675887452,0.9789306871180786,0.9330548693882358,0.0458758177298428,tie,
GSM4138165,23,2,72,0.1111111111111111,0.25,0.08104097199056998,0.10915791546262782,0.876068059947402,0.9656538084529618,-0.0895857485055597,less_pure,
GSM4138165,23,3,130,0.07692307692307693,0.015384615384615385,-0.011435111563984409,0.12363530422457726,0.9499883889292196,0.9446544771791544,0.0053339117500651,tie,
GSM4138165,24,1,436,0.013761467889908258,0.11238532110091744,0.27210389637560617,0.040904610971265486,0.8950278170839294,0.9446544771791544,-0.0496266600952249,tie,
GSM4138165,25,1,21,0.19047619047619047,0.19047619047619047,0.23650318353073485,0.08612094782011841,1.0,,,ambiguous,
GSM4138165,25,2,58,0.10344827586206896,0.1206896551724138,0.3062185700015671,0.06574964733037814,0.942474245061678,0.9656538084529618,-0.0231795633912837,tie,
GSM4138165,25,3,227,0.15418502202643172,0.20704845814977973,0.32579985664798133,0.07289372111492094,0.8785836745155309,,,ambiguous,
GSM4138165,25,4,104,0.125,0.1346153846153846,0.29284971469775994,0.07531532381238382,0.96286551532699,,,no_baseline,
GSM4138165,25,6,31,0.2903225806451613,0.0967741935483871,0.1944539050430591,0.09769424838409116,0.9672306376322356,,,ambiguous,
GSM4138165,26,1,130,0.18461538461538463,0.25384615384615383,0.08819924334878912,0.08705399059818791,0.8759622340259103,,,ambiguous,
GSM4138165,26,2,238,0.1638655462184874,0.18067226890756302,0.08111986818373686,0.08573046936003785,0.9474115909775404,,,ambiguous,
GSM4138165,26,4,65,0.24615384615384617,0.07692307692307693,0.03370042654123124,0.11004595922450747,0.9368890303143996,,,ambiguous,
GSM4138165,27,1,209,0.20574162679425836,0.1722488038277512,0.08788767924223191,0.08712994618399522,0.8875580655532783,,,ambiguous,
GSM4138165,27,11,15,0.3333333333333333,0.06666666666666667,-0.019174682744548165,0.13090285726811254,0.9737787056536752,,,ambiguous,
GSM4138165,27,3,208,0.21153846153846154,0.14903846153846154,0.057016150558188934,0.09946216177273065,0.94884099013057,,,ambiguous,
GSM4138165,28,1,437,0.0,0.009153318077803204,0.12098164660043886,0.048972613011648465,0.8949850658164404,,,ambiguous,
GSM4138165,29,1,326,0.0950920245398773,0.3496932515337423,0.21675331355711075,0.05594938896110418,0.8891093448506181,,,ambiguous,
GSM4138165,29,10,15,0.2,0.0,-0.019589175530755832,0.12459497206938634,0.9831274966266512,,,ambiguous,
GSM4138165,29,2,61,0.03278688524590164,0.2786885245901639,0.18555668432028136,0.0459314979780366,0.9757331790689616,,,ambiguous,
GSM4138165,29,3,18,0.2777777777777778,0.0,0.04085275877699704,0.11405449580297483,1.0,0.9656538084529618,0.0343461915470382,tie,
GSM4138165,30,1,419,0.11694510739856802,0.18615751789976134,0.30197847266473,0.02383152761939972,0.895256407135067,,,ambiguous,
GSM4138165,31,1,27,0.18518518518518517,0.0,0.18298329049945675,0.07778338572273548,0.9675415318409144,0.9656538084529618,0.0018877233879526,tie,
GSM4138165,31,2,171,0.17543859649122806,0.15789473684210525,0.23014553756398773,0.05792261931853725,0.9275712999650289,,,ambiguous,
GSM4138165,31,3,95,0.06315789473684211,0.21052631578947367,0.2615723791556278,0.045597964744625616,0.8702461170680712,,,ambiguous,
GSM4138165,31,5,148,0.21621621621621623,0.0945945945945946,0.1886375790041947,0.06468150066991123,0.8867166982159482,,,ambiguous,
GSM4138165,32,1,443,0.12189616252821671,0.1873589164785553,0.14002753008851268,0.05471331162951071,0.8982065784364345,,,no_baseline,
GSM4138165,33,1,26,0.23076923076923078,0.11538461538461539,0.15667166395006252,0.07590878690111393,1.0,,,ambiguous,
GSM4138165,33,2,128,0.2265625,0.1953125,0.1763412621123671,0.06934856615286641,0.8556291508715226,,,ambiguous,
GSM4138165,33,3,287,0.10452961672473868,0.18466898954703834,0.17934633587176066,0.048149122285977175,0.9238467679233908,,,no_baseline,
GSM4138165,34,1,286,0.08741258741258741,0.34965034965034963,0.3278123082603938,0.04090200520477352,0.8823383277425632,,,ambiguous,
GSM4138165,34,15,17,0.11764705882352941,0.0,0.050853743834621656,0.07362570678224063,0.9824322755636348,,,ambiguous,
GSM4138165,34,2,42,0.21428571428571427,0.023809523809523808,0.1813389700484648,0.077229262246425,0.9711819509287818,0.9656538084529618,0.00552814247582,tie,
GSM4138165,34,5,44,0.2727272727272727,0.0,0.09812581530183442,0.09591377951216891,0.9580192045482444,,,ambiguous,
GSM4138165,34,9,51,0.13725490196078433,0.0,0.0933050505972441,0.09284229265843517,0.9667008825355138,,,ambiguous,
GSM4138165,35,1,317,0.06309148264984227,0.3280757097791798,0.37172918198637456,0.0468037656543259,0.8865063127721117,,,no_baseline,
GSM4138165,35,2,34,0.08823529411764706,0.20588235294117646,0.28826861541278304,0.05930549035058713,0.9660175673616328,,,ambiguous,
GSM4138165,35,3,31,0.06451612903225806,0.0967741935483871,0.2849098831808734,0.04976568292514975,0.9702923182567222,,,ambiguous,
GSM4138165,35,5,59,0.1864406779661017,0.03389830508474576,0.14442244515058122,0.08075506735191405,0.9469310723927512,,,ambiguous,
GSM4138166,3,1,468,0.0,0.004273504273504274,0.41158126543803397,0.049150494425022985,0.8867922994795233,,,ambiguous,
GSM4138166,4,1,467,0.0,0.019271948608137045,0.5347491937787402,0.051560578807299855,0.8913964012848505,,,ambiguous,
GSM4138166,5,1,467,0.0,0.019271948608137045,0.41548774085495865,0.056695699830415454,0.8913964012848505,,,ambiguous,
GSM4138166,6,1,465,0.0,0.034408602150537634,0.34715015747930833,0.06389880475554209,0.8961901068450987,,,ambiguous,
GSM4138166,7,1,458,0.002183406113537118,0.03711790393013101,0.29175839673756243,0.06911628712850874,0.9007023458285124,,,no_baseline,
GSM4138166,8,1,458,0.002183406113537118,0.039301310043668124,0.24753507057683663,0.07219646571324716,0.9007023458285124,,,no_baseline,
GSM4138166,9,1,456,0.0021929824561403508,0.05043859649122807,0.21479520737067545,0.07919538643132364,0.9164362635171576,,,no_baseline,
GSM4138166,10,1,252,0.027777777777777776,0.04365079365079365,-0.05140085973682745,0.14405243900219472,0.9610237781309164,0.934676558303836,0.0263472198270804,tie,0.0196554560202102
GSM4138166,10,2,200,0.05,0.1,0.0791778407942496,0.11399007646028067,0.9016888023477582,0.9621941145544404,-0.0605053122066822,less_pure,0.0605053122066822
GSM4138166,11,1,461,0.0,0.03470715835140998,0.13034112294851302,0.08089035444879251,0.9072470159221634,,,ambiguous,
GSM4138166,12,1,250,0.024,0.04,-0.038348467869085856,0.14230195824216815,0.96088189915593,0.934676558303836,0.026205340852094,tie,0.0197918403121442
GSM4138166,12,2,204,0.05392156862745098,0.12254901960784313,0.09213173721536172,0.10413321621637721,0.9236322539734074,0.9621941145544404,-0.0385618605810329,tie,0.0385618605810329
GSM4138166,13,1,249,0.028112449799196786,0.03614457831325301,-0.03485198837160851,0.14262747161746142,0.9606912844772856,0.934676558303836,0.0260147261734495,tie,0.0199822220574674
GSM4138166,13,2,203,0.054187192118226604,0.11330049261083744,0.07849228212225091,0.1075149438656481,0.9254198895181686,0.9621941145544404,-0.0367742250362718,tie,0.0367742250362718
GSM4138166,14,1,247,0.03643724696356275,0.03643724696356275,-0.03334019899205563,0.1401709274853287,0.9612724454077196,0.934676558303836,0.0265958871038836,tie,0.0195592030078631
GSM4138166,14,2,206,0.043689320388349516,0.1262135922330097,0.09123721745127075,0.10119105979218787,0.9189527776117754,0.9621941145544404,-0.0432413369426649,tie,0.0432413369426649
GSM4138166,15,1,299,0.026755852842809364,0.09698996655518395,0.0537844706045147,0.11807890776450886,0.9002122607952161,,,no_baseline,
GSM4138166,15,2,169,0.03550295857988166,0.11242603550295859,0.0648871861503106,0.1214410917091511,0.9208146694753636,0.9621941145544404,-0.0413794450790767,tie,0.0413794450790768
GSM4138166,16,1,465,0.10967741935483871,0.15053763440860216,0.2471604326091617,0.05186458653945938,0.8932971678375266,,,ambiguous,
GSM4138166,17,1,462,0.09740259740259741,0.2077922077922078,0.572433688925388,0.015620556946126815,0.8930343452393907,,,ambiguous,
GSM4138166,18,1,466,0.03648068669527897,0.1630901287553648,0.4752055616705819,0.012981401567682745,0.8925608836740853,,,ambiguous,
GSM4138166,19,1,152,0.05921052631578947,0.2565789473684211,0.519596205902196,0.04857649277383608,0.896077871835219,,,no_baseline,
GSM4138166,19,2,39,0.10256410256410256,0.20512820512820512,0.4348778132536637,0.0737597551183741,0.9116767708471312,,,no_baseline,
GSM4138166,19,3,184,0.05434782608695652,0.2826086956521739,0.5259112377898214,0.04263940613027452,0.905819647138178,,,ambiguous,
GSM4138166,19,4,92,0.10869565217391304,0.2391304347826087,0.46668271488935237,0.05227855194596751,0.885443156109645,,,ambiguous,
GSM4138166,20,1,164,0.09146341463414634,0.09146341463414634,0.023817746719892913,0.11248913330891669,0.98507454916296,0.934676558303836,0.050397990859124,purer,0.0
GSM4138166,20,2,160,0.125,0.1125,0.03747479964028386,0.12779406069759794,0.8867951398436754,0.9526519052078192,-0.0658567653641437,less_pure,0.0658567653641438
GSM4138166,20,3,143,0.06293706293706294,0.07692307692307693,-0.018465099594672355,0.14923585481344487,0.9595534542825264,0.9621941145544404,-0.002640660271914,tie,0.0059753954685705
GSM4138166,21,1,296,0.06418918918918919,0.16891891891891891,0.11978659540681501,0.09035780962959296,0.8904224572890526,0.9526519052078192,-0.0622294479187666,less_pure,
GSM4138166,21,2,163,0.10429447852760736,0.1165644171779141,0.030471293919489308,0.1096335633271901,0.9849425154292746,0.934676558303836,0.0502659571254385,purer,
GSM4138166,22,1,168,0.10119047619047619,0.14285714285714285,0.025296711196775606,0.11209099332295047,0.98553751011467,0.934676558303836,0.0508609518108339,purer,
GSM4138166,22,2,152,0.15789473684210525,0.10526315789473684,0.036547982994410616,0.12644285487633833,0.8818519938108637,0.9526519052078192,-0.0707999113969555,less_pure,
GSM4138166,22,3,141,0.07092198581560284,0.07801418439716312,-0.014624187928134157,0.14131817684998518,0.9625531013456536,0.9621941145544404,0.0003589867912132,tie,
GSM4138166,23,1,167,0.09580838323353294,0.1377245508982036,0.019729674604094402,0.11430121184403128,0.9854863692391864,0.934676558303836,0.0508098109353504,purer,
GSM4138166,23,2,153,0.16339869281045752,0.12418300653594772,0.0319861868176195,0.12604748688128797,0.8819786580673606,0.9526519052078192,-0.0706732471404585,less_pure,
GSM4138166,23,3,140,0.07142857142857142,0.07142857142857142,-0.01459509285654282,0.14211776634442605,0.9609998917954992,0.9621941145544404,-0.0011942227589412,tie,
GSM4138166,24,1,463,0.02591792656587473,0.10151187904967603,0.24795636166956392,0.045549296647224555,0.8861880890058719,0.9621941145544404,-0.0760060255485685,less_pure,
GSM4138166,25,2,51,0.1568627450980392,0.17647058823529413,0.2988954019569875,0.07684425372082698,0.9325285105111782,0.9432683195432392,-0.0107398090320609,tie,
GSM4138166,25,3,138,0.1956521739130435,0.2753623188405797,0.3263124772746009,0.08181055955471753,0.855731234149199,,,ambiguous,
GSM4138166,25,4,173,0.09826589595375723,0.16184971098265896,0.32235377542483756,0.06292256664604531,0.959510832147932,,,no_baseline,
GSM4138166,25,6,94,0.20212765957446807,0.10638297872340426,0.23489927336038371,0.07865581633684081,0.941347931986015,,,ambiguous,
GSM4138166,26,1,133,0.21804511278195488,0.21052631578947367,0.06935483771190734,0.09140003261999989,0.8384613998406845,,,ambiguous,
GSM4138166,26,2,190,0.1368421052631579,0.1368421052631579,0.0810682668594037,0.08732760935300397,0.9452764029840152,,,ambiguous,
GSM4138166,26,4,138,0.3188405797101449,0.06521739130434782,0.03295896935737552,0.11238928753244194,0.9476527805205444,,,ambiguous,
GSM4138166,27,1,282,0.14184397163120568,0.16666666666666666,0.08522103578931711,0.08262285476185868,0.8817949170688834,,,ambiguous,
GSM4138166,27,3,169,0.17751479289940827,0.10650887573964497,0.057858904074012514,0.09123019570184697,0.948803924466766,,,ambiguous,
GSM4138166,28,1,468,0.0,0.01282051282051282,0.11813796847882381,0.0467926901172089,0.8867922994795233,,,ambiguous,
GSM4138166,29,1,284,0.12323943661971831,0.25704225352112675,0.19009766709225825,0.06277828747783488,0.878892080461114,,,ambiguous,
GSM4138166,29,2,85,0.09411764705882353,0.24705882352941178,0.17149715887142264,0.05566399303111629,0.941529837271,,,ambiguous,
GSM4138166,29,3,59,0.2542372881355932,0.0847457627118644,0.03767818390558519,0.11166975891093883,0.9167743449977824,0.9432683195432392,-0.0264939745454567,tie,
GSM4138166,29,8,18,0.16666666666666666,0.0,0.07188657880048477,0.08629948584722626,1.0,,,ambiguous,
GSM4138166,30,1,444,0.1463963963963964,0.14414414414414414,0.28098344617762105,0.028506984054475173,0.8924107832111816,,,ambiguous,
GSM4138166,31,1,23,0.21739130434782608,0.13043478260869565,0.26393471193163276,0.0498673906867914,0.9843613080454616,0.9432683195432392,0.0410929885022224,tie,
GSM4138166,31,2,173,0.1791907514450867,0.1329479768786127,0.21629303669165,0.055780831475352594,0.9323181576933818,,,ambiguous,
GSM4138166,31,3,167,0.17964071856287425,0.16766467065868262,0.23683513067909917,0.055506363773050064,0.8480580144758665,,,ambiguous,
GSM4138166,31,5,106,0.12264150943396226,0.09433962264150944,0.21100126653680973,0.05209888515786762,0.9609859390996351,,,ambiguous,
GSM4138166,32,1,473,0.13953488372093023,0.1416490486257928,0.12613103543670615,0.05809833135259041,0.891772609344667,,,no_baseline,
GSM4138166,33,1,34,0.14705882352941177,0.029411764705882353,0.14858746062069783,0.07080707180763156,0.977872565633772,,,ambiguous,
GSM4138166,33,2,207,0.178743961352657,0.1497584541062802,0.1644733216532726,0.06546397700653757,0.8561051435485243,,,ambiguous,
GSM4138166,33,3,226,0.19911504424778761,0.12831858407079647,0.1301407867980729,0.07041920466035052,0.934976790379015,,,no_baseline,
GSM4138166,34,1,331,0.0755287009063444,0.24471299093655588,0.30022418090994574,0.04473915381079968,0.8791624719159101,,,ambiguous,
GSM4138166,34,2,45,0.2,0.08888888888888889,0.219800210205205,0.06607587277648225,0.9737256510529868,0.9432683195432392,0.0304573315097476,tie,
GSM4138166,34,5,25,0.4,0.0,0.0775449447186778,0.11532060118048974,0.9700675430800316,,,ambiguous,
GSM4138166,34,9,59,0.1694915254237288,0.05084745762711865,0.11956299082698915,0.07484196407981099,0.96796919797272,,,ambiguous,
GSM4138166,35,1,352,0.09375,0.23863636363636365,0.3394370865443315,0.052453570830568626,0.8854082106831078,,,no_baseline,
GSM4138166,35,2,36,0.05555555555555555,0.16666666666666666,0.27841916209454365,0.061370361238906934,0.9691687930702896,,,ambiguous,
GSM4138166,35,3,39,0.07692307692307693,0.2564102564102564,0.32088228353348835,0.05303358533871011,0.961169140390016,,,ambiguous,
GSM4138166,35,5,37,0.2972972972972973,0.02702702702702703,0.11175525437680446,0.09358181106965692,0.9837062038012746,,,ambiguous,
GSM4138167,3,1,340,0.0,0.008823529411764706,0.46516339282953967,0.06942887591865739,0.8808930053659563,,,ambiguous,
GSM4138167,4,1,340,0.0,0.01764705882352941,0.4352191812579318,0.07619128667940668,0.8808930053659563,,,ambiguous,
GSM4138167,5,1,340,0.0,0.020588235294117647,0.3404432854688024,0.0825527295295474,0.8808930053659563,,,ambiguous,
GSM4138167,6,1,339,0.0,0.04424778761061947,0.2490872430980408,0.09102163246362523,0.889034732585736,,,ambiguous,
GSM4138167,7,1,336,0.011904761904761904,0.050595238095238096,0.22070185561725278,0.09362891486781358,0.8982685146912551,,,no_baseline,
GSM4138167,8,1,336,0.011904761904761904,0.0625,0.19669767295239207,0.09178475501518982,0.8982685146912551,,,no_baseline,
GSM4138167,9,1,333,0.012012012012012012,0.08108108108108109,0.18342210423643693,0.09133554161607242,0.9004975272835627,,,no_baseline,
GSM4138167,10,1,215,0.07906976744186046,0.09767441860465116,-0.0025111514013148838,0.13607513119382478,0.9697774706090806,0.945732763205749,0.0240447074033316,tie,0.0152019782157518
GSM4138167,10,2,112,0.0625,0.20535714285714285,0.15724923583455588,0.09753635692668948,0.8903326652121378,0.9625303423920476,-0.0721976771799097,less_pure,0.0721976771799096
GSM4138167,11,1,337,0.008902077151335312,0.050445103857566766,0.1438979810975698,0.0833018493477541,0.8934830859956312,,,ambiguous,
GSM4138167,12,1,210,0.09047619047619047,0.09047619047619047,-0.0034171816878205167,0.1359706792761214,0.9823820954320386,0.945732763205749,0.0366493322262896,tie,0.0034728502901837
GSM4138167,12,2,120,0.041666666666666664,0.25,0.1626013906523188,0.08991226064887449,0.9149475725474278,0.9625303423920476,-0.0475827698446198,tie,0.0475827698446197
GSM4138167,13,1,211,0.09004739336492891,0.0947867298578199,0.0036876541736790593,0.1331717162050463,0.9824092598299118,0.945732763205749,0.0366764966241628,tie,0.0033943883911117
GSM4138167,13,2,116,0.0603448275862069,0.23275862068965517,0.1358004822141554,0.09364668586721417,0.909430464801309,0.9625303423920476,-0.0530998775907386,less_pure,0.0530998775907385
GSM4138167,14,1,210,0.08571428571428572,0.1,0.012119102689678826,0.1304882298430147,0.9708891768906728,0.945732763205749,0.0251564136849238,tie,0.0142657988032909
GSM4138167,14,2,117,0.05982905982905983,0.21367521367521367,0.12283059614657119,0.0946851730973024,0.8952626691010649,0.9625303423920476,-0.0672676732909827,less_pure,0.0672676732909826
GSM4138167,15,1,260,0.05384615384615385,0.13846153846153847,0.07811756662142362,0.11054977198334417,0.9094057514345204,,,no_baseline,
GSM4138167,15,2,80,0.05,0.1875,0.17319185619762117,0.07282671218746498,0.9003609108051976,0.9625303423920476,-0.0621694315868499,less_pure,0.0621694315868498
GSM4138167,16,1,339,0.038348082595870206,0.1976401179941003,0.2784944437522379,0.03934667062335314,0.8860657128214239,,,ambiguous,
GSM4138167,17,1,339,0.06489675516224189,0.2448377581120944,0.5866322190120388,0.013450991777095016,0.8860657128214239,,,ambiguous,
GSM4138167,18,1,339,0.05309734513274336,0.20353982300884957,0.48353887311885835,0.010886183624279157,0.8860657128214239,,,ambiguous,
GSM4138167,19,1,75,0.13333333333333333,0.32,0.5630303834856052,0.04930837939364152,0.965398677329892,,,no_baseline,
GSM4138167,19,2,24,0.125,0.16666666666666666,0.35243751934199824,0.06547277993939012,1.0,,,no_baseline,
GSM4138167,19,3,191,0.03664921465968586,0.3193717277486911,0.5734111351069581,0.03991940977160689,0.9001423141806674,,,ambiguous,
GSM4138167,19,4,57,0.14035087719298245,0.12280701754385964,0.3385226765807379,0.06791009298133172,0.882861007280929,,,ambiguous,
GSM4138167,20,1,111,0.09009009009009009,0.13513513513513514,0.028933975401451782,0.12568306825565748,0.9901767171184492,0.945732763205749,0.0444439539127002,tie,0.0
GSM4138167,20,2,164,0.0975609756097561,0.15853658536585366,0.05479565590625455,0.12339375068128379,0.866967186843999,0.979166416141774,-0.112199229297775,less_pure,0.1121992292977749
GSM4138167,20,3,64,0.078125,0.078125,0.013317358969782093,0.12347072681663336,0.9613678480935792,0.9625303423920476,-0.0011624942984683,tie,0.0011624942984683
GSM4138167,21,1,224,0.09375,0.22767857142857142,0.12276461921655164,0.10010282799795948,0.8844979527914313,0.979166416141774,-0.0946684633503427,less_pure,
GSM4138167,21,2,106,0.11320754716981132,0.1320754716981132,0.048369242486610176,0.11808170806170652,0.9904849161512108,0.945732763205749,0.0447521529454618,tie,
GSM4138167,22,1,114,0.09649122807017543,0.14035087719298245,0.029423963396527884,0.11946268950154783,0.9906665850523256,0.945732763205749,0.0449338218465766,tie,
GSM4138167,22,2,150,0.09333333333333334,0.15333333333333332,0.06258342365656097,0.12314541114599294,0.8645565422405181,0.979166416141774,-0.1146098739012558,less_pure,
GSM4138167,22,3,65,0.07692307692307693,0.1076923076923077,0.019033108072892223,0.11718523137554157,0.9614150985313406,0.9625303423920476,-0.001115243860707,tie,
GSM4138167,23,1,116,0.09482758620689655,0.1206896551724138,0.027018097029990994,0.11856302852223849,0.9908662244853386,0.945732763205749,0.0451334612795896,tie,
GSM4138167,23,2,148,0.08783783783783784,0.16216216216216217,0.05264355830968154,0.12269484264153493,0.8646903854414679,0.979166416141774,-0.1144760307003061,less_pure,
GSM4138167,23,3,65,0.06153846153846154,0.1076923076923077,0.019445674344362875,0.11599872039762617,0.9614150985313406,0.9625303423920476,-0.001115243860707,tie,
GSM4138167,24,1,332,0.03313253012048193,0.20180722891566266,0.332455184369808,0.029015524283957077,0.8823583799227014,0.9625303423920476,-0.0801719624693462,less_pure,
GSM4138167,25,2,38,0.05263157894736842,0.05263157894736842,0.24223833084574872,0.08639618024862046,0.9658541389788304,0.979166416141774,-0.0133122771629435,tie,
GSM4138167,25,3,161,0.14285714285714285,0.2670807453416149,0.3597885760441703,0.06494019543078658,0.8875324516378585,,,ambiguous,
GSM4138167,25,4,95,0.08421052631578947,0.08421052631578947,0.2730669057979812,0.07784225409729836,0.978170656269729,,,no_baseline,
GSM4138167,25,6,34,0.08823529411764706,0.08823529411764706,0.27964157623518987,0.07091518156114711,0.993545897911954,,,ambiguous,
GSM4138167,26,1,105,0.1523809523809524,0.21904761904761905,0.10773466645057776,0.08383340001078073,0.888293145758221,,,ambiguous,
GSM4138167,26,2,179,0.0782122905027933,0.1340782122905028,0.08862857841737953,0.0756131792171464,0.9675055180017822,,,ambiguous,
GSM4138167,26,4,54,0.2037037037037037,0.07407407407407407,0.041719684369275395,0.09594906772712483,0.9765948590071574,,,ambiguous,
GSM4138167,27,1,152,0.125,0.2236842105263158,0.10587884440444384,0.0738119439216825,0.8732203704539389,,,ambiguous,
GSM4138167,27,3,176,0.1534090909090909,0.07954545454545454,0.05267948048208387,0.09798208505906768,0.9613732735348512,,,ambiguous,
GSM4138167,28,1,339,0.0,0.0,0.15996244008893912,0.03208359751804318,0.8860657128214239,,,ambiguous,
GSM4138167,29,1,254,0.09448818897637795,0.2795275590551181,0.21963755780195787,0.05337433982672769,0.8803662881259162,,,ambiguous,
GSM4138167,29,2,40,0.05,0.3,0.19702364221899799,0.04937037543553477,0.9882209054869776,,,ambiguous,
GSM4138167,29,3,21,0.23809523809523808,0.047619047619047616,0.06302158197238567,0.09640111981663817,1.0,0.979166416141774,0.0208335838582259,tie,
GSM4138167,30,1,324,0.08950617283950617,0.17901234567901234,0.2991362538296736,0.023529651639250845,0.8848792073969893,,,ambiguous,
GSM4138167,31,1,23,0.17391304347826086,0.13043478260869565,0.2787935760140516,0.06022452391272889,0.965103932417332,0.979166416141774,-0.0140624837244419,tie,
GSM4138167,31,2,135,0.1259259259259259,0.14814814814814814,0.2300430607372769,0.04828513722728241,0.9297067614118222,,,ambiguous,
GSM4138167,31,3,88,0.125,0.17045454545454544,0.25642152222290177,0.048015738496197585,0.8725428154918606,,,ambiguous,
GSM4138167,31,5,96,0.11458333333333333,0.08333333333333333,0.19299939052251536,0.06190136088255072,0.9603846824524012,,,ambiguous,
GSM4138167,32,1,346,0.10115606936416185,0.19653179190751446,0.14600194137004366,0.04776851190462235,0.8915477402793682,,,no_baseline,
GSM4138167,33,1,35,0.11428571428571428,0.08571428571428572,0.16860640305808333,0.06876274742027047,0.9584415793248444,,,ambiguous,
GSM4138167,33,2,103,0.17475728155339806,0.17475728155339806,0.1705991142144625,0.06752733879455983,0.8644242657357729,,,ambiguous,
GSM4138167,33,3,201,0.1044776119402985,0.13930348258706468,0.1611855329394761,0.051581148260128405,0.9394990573102334,,,no_baseline,
GSM4138167,34,1,238,0.037815126050420166,0.31512605042016806,0.33267057113389925,0.04127622794728532,0.874020236429412,,,ambiguous,
GSM4138167,34,2,38,0.10526315789473684,0.18421052631578946,0.2368468170141585,0.05965906234796251,0.972351716256317,0.979166416141774,-0.006814699885457,tie,
GSM4138167,34,5,24,0.16666666666666666,0.0,0.12803757901941973,0.07255436798999633,0.9936394368755324,,,ambiguous,
GSM4138167,34,9,33,0.15151515151515152,0.0,0.10779888777737896,0.07829207088658682,0.9807882854685708,,,ambiguous,
GSM4138167,35,1,235,0.059574468085106386,0.3148936170212766,0.37636601724436175,0.041557547102582075,0.8783225955532625,,,no_baseline,
GSM4138167,35,2,38,0.10526315789473684,0.18421052631578946,0.32994856380594667,0.051016676378569416,0.9718073863047324,,,ambiguous,
GSM4138167,35,3,31,0.03225806451612903,0.16129032258064516,0.33464123457159545,0.04670383757217497,0.9863213782862308,,,ambiguous,
GSM4138167,35,5,33,0.06060606060606061,0.0,0.15597933727783428,0.076592518963869,0.9937472855376834,,,ambiguous,
GSM4138168,3,3,20,0.0,0.0,-0.00131884135980591,0.005062423136470351,0.9457890908624,,,ambiguous,
GSM4138168,4,3,20,0.0,0.0,0.1357731447003131,0.05466257885915886,0.9457890908624,,,ambiguous,
GSM4138168,5,3,20,0.0,0.0,0.09791321264890364,0.05970785101634033,0.9457890908624,,,ambiguous,
GSM4138168,6,5,20,0.0,0.0,0.3199269540123856,0.03642439637330268,0.9457890908624,0.9457890908624,0.0,tie,0.0
GSM4138168,7,6,20,0.0,0.0,0.2518571118698686,0.04531945409969466,0.9457890908624,0.9457890908624,0.0,tie,0.0
GSM4138168,8,6,20,0.0,0.0,0.20895336521654642,0.050918334578508216,0.9457890908624,0.9457890908624,0.0,tie,0.0
GSM4138168,9,6,20,0.0,0.0,0.1983220150120651,0.039341759040638295,0.9457890908624,0.9457890908624,0.0,tie,0.0
GSM4138168,10,7,20,0.0,0.05,0.19068173272566885,0.039313297078163376,0.9457890908624,0.9457890908624,0.0,tie,0.0
GSM4138168,11,6,20,0.0,0.05,0.20254321181568677,0.0299370364209982,0.9457890908624,0.9457890908624,0.0,tie,0.0
GSM4138168,12,7,20,0.0,0.05,0.1816534154581056,0.031426622687770786,0.9457890908624,0.9457890908624,0.0,tie,0.0
GSM4138168,13,6,20,0.0,0.0,0.11652038716631549,0.06421598867231915,0.9457890908624,0.9457890908624,0.0,tie,0.0
GSM4138168,14,7,20,0.0,0.05,0.12247976303399373,0.0745746451534448,0.9457890908624,0.9457890908624,0.0,tie,0.0
GSM4138168,15,4,16,0.0625,0.125,0.05870324745714238,0.1104626861589944,0.9608080387668018,0.9457890908624,0.0150189479044017,tie,0.0
GSM4138168,16,4,16,0.0,0.0,0.06171613147769576,0.05444693344331976,0.984965936378603,,,ambiguous,
GSM4138168,19,2,23,0.0,0.043478260869565216,0.1171376576203363,0.061474536526457665,0.963554581697097,0.9457890908624,0.0177654908346969,tie,-0.017765490834697
GSM4138168,20,8,18,0.1111111111111111,0.05555555555555555,-0.04810126056308673,0.15808312538275485,0.9572137196041712,,,ambiguous,
GSM4138168,21,5,20,0.0,0.05,0.10105427985952697,0.06312776750923943,0.9457890908624,0.9457890908624,0.0,tie,
GSM4138168,22,6,20,0.0,0.05,0.0961079490155791,0.06517016846375709,0.9457890908624,0.9457890908624,0.0,tie,
GSM4138168,23,6,20,0.0,0.05,0.09388456684921757,0.06379311184112965,0.9457890908624,0.9457890908624,0.0,tie,
GSM4138168,24,4,20,0.1,0.0,0.052112845226917226,0.08156551548596871,0.9457890908624,0.9457890908624,0.0,tie,
GSM4138168,26,2,17,0.23529411764705882,0.0,0.00024323972450954515,0.09811671617979426,0.9590053689438348,,,ambiguous,
GSM4138168,28,9,19,0.21052631578947367,0.0,-0.04334188928321866,0.16256125804645408,0.943031656274648,,,ambiguous,
GSM4138168,32,1,20,0.1,0.2,0.09249223429742351,0.09901913719783645,0.979453437731254,0.9457890908624,0.033664346868854,tie,
GSM4138168,34,9,18,0.1111111111111111,0.0,-0.034984945752831065,0.17647166138550685,0.9672001370875604,,,ambiguous,
GSM4138168,35,1,26,0.15384615384615385,0.038461538461538464,0.12489077184251783,0.07439955424944127,0.9490526045744624,0.9457890908624,0.0032635137120623,tie,
GSM4138169,10,3,15,0.06666666666666667,0.13333333333333333,-0.037794198722161415,0.15932489080736129,1.0,0.987992121191529,0.0120078788084709,tie,
GSM4138169,16,1,17,0.058823529411764705,0.29411764705882354,0.3331824256498357,0.052229306023345475,0.9803894539291542,,,ambiguous,
GSM4138169,17,1,16,0.0,0.25,0.6347313399603338,0.007355037614446118,0.9861086279777734,,,ambiguous,
GSM4138169,18,1,17,0.11764705882352941,0.23529411764705882,0.3927928788309283,0.03611828594356111,0.9803894539291542,,,ambiguous,
GSM4138169,28,1,15,0.06666666666666667,0.26666666666666666,0.32460306033894365,0.040294570993331384,0.9822528438343128,,,ambiguous,
GSM4138169,32,1,19,0.10526315789473684,0.10526315789473684,0.13316880342308024,0.06765169157158683,0.9816188142445328,,,no_baseline,
GSM4138169,33,2,15,0.13333333333333333,0.3333333333333333,0.21674493508580145,0.07236252653397306,0.9663499452621837,,,ambiguous,
GSM4138170,3,2,19,0.0,0.2631578947368421,2.23675529094217,0.03851444305389853,1.0,,,ambiguous,
GSM4138170,4,2,20,0.0,0.1,1.408103660589191,0.04592848589632147,1.0,,,ambiguous,
GSM4138170,5,2,17,0.0,0.23529411764705882,1.3634635805159183,0.03891841153020652,1.0,,,ambiguous,
GSM4138170,6,2,16,0.0625,0.125,0.40018378740279703,0.07716796271448464,0.967132556190899,0.9514630440883376,0.0156695121025614,tie,0.0
GSM4138170,16,1,22,0.18181818181818182,0.22727272727272727,0.19240667273336387,0.09192418869403837,0.9554491799751692,,,ambiguous,
GSM4138170,17,1,22,0.09090909090909091,0.3181818181818182,0.5618812824478621,0.01072141433450635,0.9554491799751692,,,ambiguous,
GSM4138170,18,1,22,0.09090909090909091,0.18181818181818182,0.4286078129921686,0.03205957344758418,0.9554491799751692,,,ambiguous,
GSM4138170,26,1,16,0.25,0.1875,0.06724203633396122,0.11324878258414407,0.962763195056076,,,ambiguous,
GSM4138170,28,1,16,0.0625,0.625,0.4068926661833493,0.017865303794746473,0.949307866861418,,,ambiguous,
GSM4138170,32,1,25,0.2,0.24,0.14863600973723956,0.06015321399644677,0.9280163729777796,,,no_baseline,
GSM4138170,33,2,17,0.058823529411764705,0.6470588235294118,0.27422735234579054,0.07547988869724777,0.9650865963035912,,,ambiguous,
GSM4138171,4,2,18,0.16666666666666666,0.2777777777777778,1.3116011858418062,0.07253191187738085,0.9708881861822778,,,ambiguous,
GSM4138171,5,2,17,0.11764705882352941,0.35294117647058826,1.251181562032099,0.05035043928485625,1.0,,,ambiguous,
GSM4138171,6,2,21,0.14285714285714285,0.09523809523809523,0.2566729250180273,0.08805266227704858,0.9866339541778586,0.985688027513448,0.0009459266644106,tie,-0.0007063481583533
GSM4138171,7,2,18,0.2222222222222222,0.1111111111111111,-0.06101463488334945,0.18325470272137767,1.0,0.985688027513448,0.014311972486552,tie,0.0
GSM4138171,8,2,18,0.2222222222222222,0.16666666666666666,-0.07765396842599043,0.19602431165173786,1.0,0.985688027513448,0.014311972486552,tie,0.0
GSM4138171,9,2,18,0.2222222222222222,0.16666666666666666,-0.044818986880058795,0.1955519880612158,1.0,0.985688027513448,0.014311972486552,tie,0.0
GSM4138171,10,3,18,0.05555555555555555,0.2777777777777778,0.10323783865578812,0.14582396958776933,1.0,0.985688027513448,0.014311972486552,tie,0.0
GSM4138171,11,2,18,0.1111111111111111,0.16666666666666666,-0.03611444829884157,0.1838809156488139,1.0,0.985688027513448,0.014311972486552,tie,0.0
GSM4138171,12,3,18,0.05555555555555555,0.2777777777777778,0.08820366019242885,0.14342857473030826,1.0,0.985688027513448,0.014311972486552,tie,0.0
GSM4138171,13,3,18,0.05555555555555555,0.2222222222222222,0.07957159426695067,0.14664744844774089,1.0,0.985688027513448,0.014311972486552,tie,0.0
GSM4138171,14,3,16,0.0625,0.25,0.10965217083611954,0.1377557357149668,1.0,0.985688027513448,0.014311972486552,tie,0.0
GSM4138171,16,1,24,0.125,0.5416666666666666,0.41744376038226205,0.040512533926236736,0.9869510290006211,,,ambiguous,
GSM4138171,17,1,24,0.08333333333333333,0.4166666666666667,0.7186214678063267,0.010889730998480838,0.9869510290006211,,,ambiguous,
GSM4138171,18,1,25,0.16,0.32,0.5065860381455549,0.02065124626379008,0.9760712496646808,,,ambiguous,
GSM4138171,24,1,18,0.2222222222222222,0.3888888888888889,0.38995534381087293,0.054674934857894444,0.9872520061291516,,,no_baseline,
GSM4138171,26,1,17,0.058823529411764705,0.6470588235294118,0.24401576548441592,0.0577927775315428,1.0,,,ambiguous,
GSM4138171,27,1,16,0.0625,0.3125,0.16414828595088995,0.06085442521739144,1.0,,,ambiguous,
GSM4138171,28,1,21,0.0,0.5238095238095238,0.3354156871765127,0.023565656582824588,0.987163830122953,,,ambiguous,
GSM4138171,30,6,16,0.5,0.0,0.05260149362394141,0.12102333898183397,0.9878199368794852,,,ambiguous,
GSM4138171,32,1,32,0.0625,0.21875,0.15240709750501502,0.061684527840943325,0.9752929584185732,,,no_baseline,
GSM4138171,33,2,16,0.0625,0.4375,0.3020537727280266,0.031156103372104206,0.9689658832426856,,,ambiguous,
GSM4138171,33,3,15,0.2,0.13333333333333333,0.09054170473597262,0.08738324525703602,0.9866303251307884,,,no_baseline,
GSM4138171,34,1,16,0.0,0.4375,0.3737918642217388,0.027866837925479136,0.9703615332033068,,,ambiguous,
GSM4138172,3,1,17,0.17647058823529413,0.23529411764705882,0.8839923312508543,0.07454568875225895,1.0,,,ambiguous,
GSM4138172,3,2,16,0.0625,0.3125,1.5944955733667223,0.05808463316360364,0.9608929789244194,,,ambiguous,
GSM4138172,4,1,15,0.06666666666666667,0.2,1.2018582013257155,0.03282117480759124,0.9732120765697936,,,ambiguous,
GSM4138172,4,2,18,0.16666666666666666,0.2222222222222222,0.8072752071993788,0.10587181146252476,0.9589225144173786,,,ambiguous,
GSM4138172,5,1,16,0.125,0.1875,0.7725292032534504,0.06737685302760528,0.97421260071075,,,ambiguous,
GSM4138172,5,2,15,0.13333333333333333,0.26666666666666666,0.7717140553524264,0.09416527042039115,0.9604836431532564,,,ambiguous,
GSM4138172,7,2,18,0.16666666666666666,0.05555555555555555,0.026367391355993006,0.13867620158768088,0.9754958122373676,0.9751510210975683,0.0003447911397992,tie,0.0108233767069528
GSM4138172,8,2,18,0.16666666666666666,0.05555555555555555,0.06066478930847832,0.1346587752964757,0.9754958122373676,0.9751510210975683,0.0003447911397992,tie,0.0108233767069528
GSM4138172,9,2,18,0.16666666666666666,0.05555555555555555,0.05641940961354652,0.13061343956881838,0.9754958122373676,0.9751510210975683,0.0003447911397992,tie,0.0108233767069528
GSM4138172,10,3,17,0.11764705882352941,0.11764705882352941,0.04880627186384688,0.12142047965184379,0.9746524486080248,0.9751510210975683,-0.0004985724895435,tie,0.0111770069408415
GSM4138172,11,2,17,0.11764705882352941,0.11764705882352941,-0.0006578708458881618,0.13513588949267888,0.9746524486080248,0.9751510210975683,-0.0004985724895435,tie,0.0111770069408415
GSM4138172,12,3,17,0.11764705882352941,0.11764705882352941,0.04979066554966251,0.11988236253802309,0.9746524486080248,0.9751510210975683,-0.0004985724895435,tie,0.0111770069408415
GSM4138172,13,3,18,0.1111111111111111,0.16666666666666666,0.06671581862135942,0.11736782544822805,0.97561770550087,0.9751510210975683,0.0004666844033016,tie,0.0102117500479963
GSM4138172,14,3,15,0.13333333333333333,0.26666666666666666,0.12164126494947752,0.09696796381595137,0.9858294555488664,0.9751510210975683,0.010678434451298,tie,0.0
GSM4138172,15,1,18,0.0,0.2777777777777778,0.36194102355769825,0.07500747990950864,1.0,,,no_baseline,
GSM4138172,16,1,29,0.13793103448275862,0.13793103448275862,0.2653183217840729,0.033454690665537995,0.9250675073025704,,,ambiguous,
GSM4138172,17,1,29,0.10344827586206896,0.3448275862068966,0.5710204042272293,0.01890695692426266,0.9250675073025704,,,ambiguous,
GSM4138172,18,1,29,0.10344827586206896,0.20689655172413793,0.4714810467204232,0.012352917156491686,0.9250675073025704,,,ambiguous,
GSM4138172,19,4,16,0.3125,0.125,0.30598638210496165,0.08228262797907955,0.9554133350121752,,,ambiguous,
GSM4138172,24,1,24,0.125,0.5,0.4371291043177814,0.04235242003200296,0.9294041706670207,,,no_baseline,
GSM4138172,25,3,15,0.2,0.5333333333333333,0.43295442909251675,0.08034551972149549,1.0,,,ambiguous,
GSM4138172,26,1,19,0.21052631578947367,0.21052631578947367,0.12600067060051057,0.09895230181506359,0.9659891498075722,,,ambiguous,
GSM4138172,27,1,20,0.05,0.35,0.17383265659711208,0.04765871311200012,0.9415470672245998,,,ambiguous,
GSM4138172,28,1,29,0.0,0.3448275862068966,0.35569867729856414,0.017035044648104417,0.9294873274117093,,,ambiguous,
GSM4138172,29,1,18,0.1111111111111111,0.4444444444444444,0.23921942012533826,0.060923061539397465,0.9470482399615456,,,ambiguous,
GSM4138172,30,1,19,0.3157894736842105,0.3684210526315789,0.33882198487047344,0.04123433325595961,0.930074997282765,,,ambiguous,
GSM4138172,31,3,17,0.0,0.35294117647058826,0.35710001743720704,0.025622586225114225,0.9656252322190636,,,ambiguous,
GSM4138172,32,1,35,0.17142857142857143,0.14285714285714285,0.13749580840372255,0.07763439960007171,0.9124123358316192,,,no_baseline,
GSM4138172,33,2,22,0.045454545454545456,0.36363636363636365,0.2245161237264921,0.057686992393224966,0.9382990201980096,,,ambiguous,
GSM4138172,34,1,23,0.13043478260869565,0.30434782608695654,0.33997744697643667,0.04333020521641011,0.944631135886411,,,ambiguous,
GSM4138172,35,1,21,0.14285714285714285,0.23809523809523808,0.30881170748274744,0.071807107211545,0.9694384067031598,,,no_baseline,
